ISO-10303-21;
HEADER;
/* Generated by software containing ST-Developer
 * from STEP Tools, Inc. (www.steptools.com) 
 */
/* OPTION: strings as raw bytes, not using required /X/ escapes */

FILE_DESCRIPTION(
/* description */ ('Unknown'),
/* implementation_level */ '2;1');

FILE_NAME(
/* name */ 'ESP32-S3-WROOM-1U-N8R8',
/* time_stamp */ '2025-03-25T14:06:21+02:00',
/* author */ ('Unknown'),
/* organization */ ('Unknown'),
/* preprocessor_version */ 'ST-DEVELOPER v18.102',
/* originating_system */ 'Solid Edge',
/* authorisation */ 'Unknown');

FILE_SCHEMA (('AUTOMOTIVE_DESIGN {1 0 10303 214 3 1 1}'));
ENDSEC;

DATA;
#10=PROPERTY_DEFINITION_REPRESENTATION(#14,#12);
#11=PROPERTY_DEFINITION_REPRESENTATION(#15,#13);
#12=REPRESENTATION('',(#16),#21561);
#13=REPRESENTATION('',(#17),#21561);
#14=PROPERTY_DEFINITION('pmi validation property','',#21566);
#15=PROPERTY_DEFINITION('pmi validation property','',#21566);
#16=VALUE_REPRESENTATION_ITEM('number of annotations',COUNT_MEASURE(0.));
#17=VALUE_REPRESENTATION_ITEM('number of views',COUNT_MEASURE(0.));
#18=SHAPE_REPRESENTATION_RELATIONSHIP('','',#14882,#19);
#19=ADVANCED_BREP_SHAPE_REPRESENTATION('',(#14879,#14880),#21561);
#20=TOROIDAL_SURFACE('',#15496,1.054,0.0539999999999996);
#21=B_SPLINE_CURVE_WITH_KNOTS('',3,(#21258,#21259,#21260,#21261),
 .UNSPECIFIED.,.F.,.F.,(4,4),(0.,8.62801689291235E-5),.UNSPECIFIED.);
#22=B_SPLINE_CURVE_WITH_KNOTS('',3,(#21264,#21265,#21266,#21267),
 .UNSPECIFIED.,.F.,.F.,(4,4),(0.,8.62784010812729E-5),.UNSPECIFIED.);
#23=B_SPLINE_CURVE_WITH_KNOTS('',3,(#21397,#21398,#21399,#21400),
 .UNSPECIFIED.,.F.,.F.,(4,4),(0.,2.6541328456581E-6),.UNSPECIFIED.);
#24=CONICAL_SURFACE('',#14944,0.97,0.78539816339745);
#25=CONICAL_SURFACE('',#14945,1.01016702527765,0.792805435328614);
#26=CONICAL_SURFACE('',#14947,0.934787217485866,0.777990891466283);
#27=CONICAL_SURFACE('',#15485,1.,0.785398163397444);
#28=DEGENERATE_TOROIDAL_SURFACE('',#14943,0.0100000000000002,0.24,.T.);
#29=CYLINDRICAL_SURFACE('',#14891,0.85);
#30=CYLINDRICAL_SURFACE('',#14908,1.);
#31=CYLINDRICAL_SURFACE('',#14911,1.);
#32=CYLINDRICAL_SURFACE('',#14914,0.525);
#33=CYLINDRICAL_SURFACE('',#14916,0.525);
#34=CYLINDRICAL_SURFACE('',#14923,0.1);
#35=CYLINDRICAL_SURFACE('',#14925,0.1);
#36=CYLINDRICAL_SURFACE('',#14931,0.1);
#37=CYLINDRICAL_SURFACE('',#14933,0.1);
#38=CYLINDRICAL_SURFACE('',#14939,0.25);
#39=CYLINDRICAL_SURFACE('',#14949,0.934787217485866);
#40=CYLINDRICAL_SURFACE('',#14959,0.275);
#41=CYLINDRICAL_SURFACE('',#14962,0.275);
#42=CYLINDRICAL_SURFACE('',#14965,0.275);
#43=CYLINDRICAL_SURFACE('',#14968,0.275);
#44=CYLINDRICAL_SURFACE('',#14971,0.275);
#45=CYLINDRICAL_SURFACE('',#14974,0.275);
#46=CYLINDRICAL_SURFACE('',#14977,0.275);
#47=CYLINDRICAL_SURFACE('',#14980,0.275);
#48=CYLINDRICAL_SURFACE('',#14983,0.275);
#49=CYLINDRICAL_SURFACE('',#14986,0.275);
#50=CYLINDRICAL_SURFACE('',#14989,0.275);
#51=CYLINDRICAL_SURFACE('',#14992,0.275);
#52=CYLINDRICAL_SURFACE('',#14995,0.275);
#53=CYLINDRICAL_SURFACE('',#14998,0.275);
#54=CYLINDRICAL_SURFACE('',#15001,0.275);
#55=CYLINDRICAL_SURFACE('',#15004,0.275);
#56=CYLINDRICAL_SURFACE('',#15007,0.275);
#57=CYLINDRICAL_SURFACE('',#15010,0.275);
#58=CYLINDRICAL_SURFACE('',#15013,0.275);
#59=CYLINDRICAL_SURFACE('',#15016,0.275);
#60=CYLINDRICAL_SURFACE('',#15019,0.275);
#61=CYLINDRICAL_SURFACE('',#15022,0.275);
#62=CYLINDRICAL_SURFACE('',#15025,0.275);
#63=CYLINDRICAL_SURFACE('',#15028,0.275);
#64=CYLINDRICAL_SURFACE('',#15031,0.275);
#65=CYLINDRICAL_SURFACE('',#15034,0.275);
#66=CYLINDRICAL_SURFACE('',#15037,0.275);
#67=CYLINDRICAL_SURFACE('',#15040,0.275);
#68=CYLINDRICAL_SURFACE('',#15043,0.275);
#69=CYLINDRICAL_SURFACE('',#15046,0.275);
#70=CYLINDRICAL_SURFACE('',#15049,0.275);
#71=CYLINDRICAL_SURFACE('',#15052,0.275);
#72=CYLINDRICAL_SURFACE('',#15055,0.275);
#73=CYLINDRICAL_SURFACE('',#15058,0.275);
#74=CYLINDRICAL_SURFACE('',#15061,0.275);
#75=CYLINDRICAL_SURFACE('',#15064,0.275);
#76=CYLINDRICAL_SURFACE('',#15067,0.275);
#77=CYLINDRICAL_SURFACE('',#15070,0.275);
#78=CYLINDRICAL_SURFACE('',#15073,0.275);
#79=CYLINDRICAL_SURFACE('',#15076,0.275);
#80=CYLINDRICAL_SURFACE('',#15480,0.27);
#81=CYLINDRICAL_SURFACE('',#15482,0.27);
#82=CYLINDRICAL_SURFACE('',#15483,0.27);
#83=CYLINDRICAL_SURFACE('',#15484,0.27);
#84=CYLINDRICAL_SURFACE('',#15517,0.08);
#85=CYLINDRICAL_SURFACE('',#15521,0.08);
#86=CYLINDRICAL_SURFACE('',#15525,0.08);
#87=CYLINDRICAL_SURFACE('',#15561,0.25);
#88=CYLINDRICAL_SURFACE('',#15564,0.23);
#89=CYLINDRICAL_SURFACE('',#15565,0.23);
#90=CYLINDRICAL_SURFACE('',#15566,0.23);
#91=CYLINDRICAL_SURFACE('',#15567,0.23);
#92=CYLINDRICAL_SURFACE('',#15568,0.23);
#93=CYLINDRICAL_SURFACE('',#15569,0.23);
#94=COLOUR_RGB('',0.800000011920929,0.666434764862061,0.319999992847443);
#95=COLOUR_RGB('',0.200000002980232,0.200000002980232,0.200000002980232);
#96=COLOUR_RGB('',0.699999988079071,0.699999988079071,0.699999988079071);
#97=CIRCLE('',#14887,0.85);
#98=CIRCLE('',#14888,0.1);
#99=CIRCLE('',#14889,0.525);
#100=CIRCLE('',#14890,0.1);
#101=CIRCLE('',#14892,0.85);
#102=CIRCLE('',#14893,0.85);
#103=CIRCLE('',#14894,0.85);
#104=CIRCLE('',#14895,0.85);
#105=CIRCLE('',#14897,0.27);
#106=CIRCLE('',#14898,0.27);
#107=CIRCLE('',#14899,0.27);
#108=CIRCLE('',#14900,0.27);
#109=CIRCLE('',#14903,1.);
#110=CIRCLE('',#14904,0.27);
#111=CIRCLE('',#14905,0.27);
#112=CIRCLE('',#14906,0.27);
#113=CIRCLE('',#14907,0.27);
#114=CIRCLE('',#14909,1.);
#115=CIRCLE('',#14910,1.);
#116=CIRCLE('',#14912,1.);
#117=CIRCLE('',#14913,1.);
#118=CIRCLE('',#14915,0.525);
#119=CIRCLE('',#14917,0.525);
#120=CIRCLE('',#14918,0.525);
#121=CIRCLE('',#14920,0.976);
#122=CIRCLE('',#14921,0.97);
#123=CIRCLE('',#14924,0.1);
#124=CIRCLE('',#14926,0.1);
#125=CIRCLE('',#14929,0.1);
#126=CIRCLE('',#14930,0.1);
#127=CIRCLE('',#14932,0.1);
#128=CIRCLE('',#14934,0.1);
#129=CIRCLE('',#14938,0.25);
#130=CIRCLE('',#14940,0.25);
#131=CIRCLE('',#14942,0.0100000000000002);
#132=CIRCLE('',#14946,0.934787217485866);
#133=CIRCLE('',#14948,0.934787217485866);
#134=CIRCLE('',#14960,0.275);
#135=CIRCLE('',#14961,0.275);
#136=CIRCLE('',#14963,0.275);
#137=CIRCLE('',#14964,0.275);
#138=CIRCLE('',#14966,0.275);
#139=CIRCLE('',#14967,0.275);
#140=CIRCLE('',#14969,0.275);
#141=CIRCLE('',#14970,0.275);
#142=CIRCLE('',#14972,0.275);
#143=CIRCLE('',#14973,0.275);
#144=CIRCLE('',#14975,0.275);
#145=CIRCLE('',#14976,0.275);
#146=CIRCLE('',#14978,0.275);
#147=CIRCLE('',#14979,0.275);
#148=CIRCLE('',#14981,0.275);
#149=CIRCLE('',#14982,0.275);
#150=CIRCLE('',#14984,0.275);
#151=CIRCLE('',#14985,0.275);
#152=CIRCLE('',#14987,0.275);
#153=CIRCLE('',#14988,0.275);
#154=CIRCLE('',#14990,0.275);
#155=CIRCLE('',#14991,0.275);
#156=CIRCLE('',#14993,0.275);
#157=CIRCLE('',#14994,0.275);
#158=CIRCLE('',#14996,0.275);
#159=CIRCLE('',#14997,0.275);
#160=CIRCLE('',#14999,0.275);
#161=CIRCLE('',#15000,0.275);
#162=CIRCLE('',#15002,0.275);
#163=CIRCLE('',#15003,0.275);
#164=CIRCLE('',#15005,0.275);
#165=CIRCLE('',#15006,0.275);
#166=CIRCLE('',#15008,0.275);
#167=CIRCLE('',#15009,0.275);
#168=CIRCLE('',#15011,0.275);
#169=CIRCLE('',#15012,0.275);
#170=CIRCLE('',#15014,0.275);
#171=CIRCLE('',#15015,0.275);
#172=CIRCLE('',#15017,0.275);
#173=CIRCLE('',#15018,0.275);
#174=CIRCLE('',#15020,0.275);
#175=CIRCLE('',#15021,0.275);
#176=CIRCLE('',#15023,0.275);
#177=CIRCLE('',#15024,0.275);
#178=CIRCLE('',#15026,0.275);
#179=CIRCLE('',#15027,0.275);
#180=CIRCLE('',#15029,0.275);
#181=CIRCLE('',#15030,0.275);
#182=CIRCLE('',#15032,0.275);
#183=CIRCLE('',#15033,0.275);
#184=CIRCLE('',#15035,0.275);
#185=CIRCLE('',#15036,0.275);
#186=CIRCLE('',#15038,0.275);
#187=CIRCLE('',#15039,0.275);
#188=CIRCLE('',#15041,0.275);
#189=CIRCLE('',#15042,0.275);
#190=CIRCLE('',#15044,0.275);
#191=CIRCLE('',#15045,0.275);
#192=CIRCLE('',#15047,0.275);
#193=CIRCLE('',#15048,0.275);
#194=CIRCLE('',#15050,0.275);
#195=CIRCLE('',#15051,0.275);
#196=CIRCLE('',#15053,0.275);
#197=CIRCLE('',#15054,0.275);
#198=CIRCLE('',#15056,0.275);
#199=CIRCLE('',#15057,0.275);
#200=CIRCLE('',#15059,0.275);
#201=CIRCLE('',#15060,0.275);
#202=CIRCLE('',#15062,0.275);
#203=CIRCLE('',#15063,0.275);
#204=CIRCLE('',#15065,0.275);
#205=CIRCLE('',#15066,0.275);
#206=CIRCLE('',#15068,0.275);
#207=CIRCLE('',#15069,0.275);
#208=CIRCLE('',#15071,0.275);
#209=CIRCLE('',#15072,0.275);
#210=CIRCLE('',#15074,0.275);
#211=CIRCLE('',#15075,0.275);
#212=CIRCLE('',#15077,0.275);
#213=CIRCLE('',#15078,0.275);
#214=CIRCLE('',#15487,1.054);
#215=CIRCLE('',#15506,0.23);
#216=CIRCLE('',#15508,0.23);
#217=CIRCLE('',#15510,0.23);
#218=CIRCLE('',#15512,0.23);
#219=CIRCLE('',#15514,0.23);
#220=CIRCLE('',#15516,0.23);
#221=CIRCLE('',#15518,0.08);
#222=CIRCLE('',#15519,0.08);
#223=CIRCLE('',#15522,0.08);
#224=CIRCLE('',#15523,0.08);
#225=CIRCLE('',#15526,0.08);
#226=CIRCLE('',#15527,0.08);
#227=CIRCLE('',#15529,0.23);
#228=CIRCLE('',#15531,0.23);
#229=CIRCLE('',#15533,0.23);
#230=CIRCLE('',#15535,0.23);
#231=CIRCLE('',#15537,0.23);
#232=CIRCLE('',#15539,0.23);
#233=CIRCLE('',#15553,0.25);
#234=CIRCLE('',#15562,0.25);
#235=ORIENTED_EDGE('',*,*,#3381,.F.);
#236=ORIENTED_EDGE('',*,*,#3382,.T.);
#237=ORIENTED_EDGE('',*,*,#3383,.T.);
#238=ORIENTED_EDGE('',*,*,#3384,.F.);
#239=ORIENTED_EDGE('',*,*,#3385,.T.);
#240=ORIENTED_EDGE('',*,*,#3386,.T.);
#241=ORIENTED_EDGE('',*,*,#3387,.F.);
#242=ORIENTED_EDGE('',*,*,#3388,.T.);
#243=ORIENTED_EDGE('',*,*,#3389,.F.);
#244=ORIENTED_EDGE('',*,*,#3390,.T.);
#245=ORIENTED_EDGE('',*,*,#3391,.F.);
#246=ORIENTED_EDGE('',*,*,#3392,.T.);
#247=ORIENTED_EDGE('',*,*,#3393,.T.);
#248=ORIENTED_EDGE('',*,*,#3394,.F.);
#249=ORIENTED_EDGE('',*,*,#3395,.T.);
#250=ORIENTED_EDGE('',*,*,#3396,.T.);
#251=ORIENTED_EDGE('',*,*,#3397,.F.);
#252=ORIENTED_EDGE('',*,*,#3398,.F.);
#253=ORIENTED_EDGE('',*,*,#3399,.F.);
#254=ORIENTED_EDGE('',*,*,#3400,.F.);
#255=ORIENTED_EDGE('',*,*,#3401,.F.);
#256=ORIENTED_EDGE('',*,*,#3402,.F.);
#257=ORIENTED_EDGE('',*,*,#3398,.T.);
#258=ORIENTED_EDGE('',*,*,#3403,.T.);
#259=ORIENTED_EDGE('',*,*,#3404,.T.);
#260=ORIENTED_EDGE('',*,*,#3405,.F.);
#261=ORIENTED_EDGE('',*,*,#3406,.T.);
#262=ORIENTED_EDGE('',*,*,#3407,.T.);
#263=ORIENTED_EDGE('',*,*,#3408,.T.);
#264=ORIENTED_EDGE('',*,*,#3409,.F.);
#265=ORIENTED_EDGE('',*,*,#3410,.T.);
#266=ORIENTED_EDGE('',*,*,#3411,.F.);
#267=ORIENTED_EDGE('',*,*,#3412,.F.);
#268=ORIENTED_EDGE('',*,*,#3413,.F.);
#269=ORIENTED_EDGE('',*,*,#3386,.F.);
#270=ORIENTED_EDGE('',*,*,#3414,.T.);
#271=ORIENTED_EDGE('',*,*,#3415,.F.);
#272=ORIENTED_EDGE('',*,*,#3416,.T.);
#273=ORIENTED_EDGE('',*,*,#3392,.F.);
#274=ORIENTED_EDGE('',*,*,#3417,.F.);
#275=ORIENTED_EDGE('',*,*,#3418,.F.);
#276=ORIENTED_EDGE('',*,*,#3419,.F.);
#277=ORIENTED_EDGE('',*,*,#3396,.F.);
#278=ORIENTED_EDGE('',*,*,#3420,.T.);
#279=ORIENTED_EDGE('',*,*,#3421,.F.);
#280=ORIENTED_EDGE('',*,*,#3422,.T.);
#281=ORIENTED_EDGE('',*,*,#3423,.F.);
#282=ORIENTED_EDGE('',*,*,#3424,.F.);
#283=ORIENTED_EDGE('',*,*,#3425,.F.);
#284=ORIENTED_EDGE('',*,*,#3426,.T.);
#285=ORIENTED_EDGE('',*,*,#3382,.F.);
#286=ORIENTED_EDGE('',*,*,#3427,.T.);
#287=ORIENTED_EDGE('',*,*,#3428,.T.);
#288=ORIENTED_EDGE('',*,*,#3429,.T.);
#289=ORIENTED_EDGE('',*,*,#3430,.T.);
#290=ORIENTED_EDGE('',*,*,#3431,.T.);
#291=ORIENTED_EDGE('',*,*,#3432,.T.);
#292=ORIENTED_EDGE('',*,*,#3433,.T.);
#293=ORIENTED_EDGE('',*,*,#3434,.T.);
#294=ORIENTED_EDGE('',*,*,#3435,.T.);
#295=ORIENTED_EDGE('',*,*,#3436,.T.);
#296=ORIENTED_EDGE('',*,*,#3437,.T.);
#297=ORIENTED_EDGE('',*,*,#3438,.T.);
#298=ORIENTED_EDGE('',*,*,#3439,.T.);
#299=ORIENTED_EDGE('',*,*,#3440,.T.);
#300=ORIENTED_EDGE('',*,*,#3441,.T.);
#301=ORIENTED_EDGE('',*,*,#3442,.T.);
#302=ORIENTED_EDGE('',*,*,#3443,.T.);
#303=ORIENTED_EDGE('',*,*,#3444,.T.);
#304=ORIENTED_EDGE('',*,*,#3445,.T.);
#305=ORIENTED_EDGE('',*,*,#3446,.T.);
#306=ORIENTED_EDGE('',*,*,#3447,.T.);
#307=ORIENTED_EDGE('',*,*,#3448,.T.);
#308=ORIENTED_EDGE('',*,*,#3449,.T.);
#309=ORIENTED_EDGE('',*,*,#3450,.T.);
#310=ORIENTED_EDGE('',*,*,#3451,.T.);
#311=ORIENTED_EDGE('',*,*,#3452,.T.);
#312=ORIENTED_EDGE('',*,*,#3453,.T.);
#313=ORIENTED_EDGE('',*,*,#3454,.T.);
#314=ORIENTED_EDGE('',*,*,#3455,.T.);
#315=ORIENTED_EDGE('',*,*,#3456,.T.);
#316=ORIENTED_EDGE('',*,*,#3457,.T.);
#317=ORIENTED_EDGE('',*,*,#3458,.T.);
#318=ORIENTED_EDGE('',*,*,#3459,.T.);
#319=ORIENTED_EDGE('',*,*,#3460,.T.);
#320=ORIENTED_EDGE('',*,*,#3461,.T.);
#321=ORIENTED_EDGE('',*,*,#3462,.T.);
#322=ORIENTED_EDGE('',*,*,#3463,.T.);
#323=ORIENTED_EDGE('',*,*,#3464,.T.);
#324=ORIENTED_EDGE('',*,*,#3465,.T.);
#325=ORIENTED_EDGE('',*,*,#3466,.T.);
#326=ORIENTED_EDGE('',*,*,#3467,.T.);
#327=ORIENTED_EDGE('',*,*,#3468,.T.);
#328=ORIENTED_EDGE('',*,*,#3469,.T.);
#329=ORIENTED_EDGE('',*,*,#3470,.T.);
#330=ORIENTED_EDGE('',*,*,#3471,.T.);
#331=ORIENTED_EDGE('',*,*,#3472,.T.);
#332=ORIENTED_EDGE('',*,*,#3473,.T.);
#333=ORIENTED_EDGE('',*,*,#3474,.T.);
#334=ORIENTED_EDGE('',*,*,#3475,.T.);
#335=ORIENTED_EDGE('',*,*,#3476,.T.);
#336=ORIENTED_EDGE('',*,*,#3477,.F.);
#337=ORIENTED_EDGE('',*,*,#3478,.F.);
#338=ORIENTED_EDGE('',*,*,#3479,.F.);
#339=ORIENTED_EDGE('',*,*,#3480,.T.);
#340=ORIENTED_EDGE('',*,*,#3481,.F.);
#341=ORIENTED_EDGE('',*,*,#3482,.F.);
#342=ORIENTED_EDGE('',*,*,#3483,.F.);
#343=ORIENTED_EDGE('',*,*,#3484,.T.);
#344=ORIENTED_EDGE('',*,*,#3485,.F.);
#345=ORIENTED_EDGE('',*,*,#3486,.F.);
#346=ORIENTED_EDGE('',*,*,#3487,.F.);
#347=ORIENTED_EDGE('',*,*,#3488,.T.);
#348=ORIENTED_EDGE('',*,*,#3489,.F.);
#349=ORIENTED_EDGE('',*,*,#3490,.F.);
#350=ORIENTED_EDGE('',*,*,#3491,.F.);
#351=ORIENTED_EDGE('',*,*,#3492,.T.);
#352=ORIENTED_EDGE('',*,*,#3493,.F.);
#353=ORIENTED_EDGE('',*,*,#3494,.F.);
#354=ORIENTED_EDGE('',*,*,#3495,.F.);
#355=ORIENTED_EDGE('',*,*,#3496,.T.);
#356=ORIENTED_EDGE('',*,*,#3497,.F.);
#357=ORIENTED_EDGE('',*,*,#3498,.F.);
#358=ORIENTED_EDGE('',*,*,#3499,.F.);
#359=ORIENTED_EDGE('',*,*,#3500,.T.);
#360=ORIENTED_EDGE('',*,*,#3501,.F.);
#361=ORIENTED_EDGE('',*,*,#3502,.F.);
#362=ORIENTED_EDGE('',*,*,#3503,.F.);
#363=ORIENTED_EDGE('',*,*,#3504,.T.);
#364=ORIENTED_EDGE('',*,*,#3505,.F.);
#365=ORIENTED_EDGE('',*,*,#3506,.F.);
#366=ORIENTED_EDGE('',*,*,#3507,.F.);
#367=ORIENTED_EDGE('',*,*,#3508,.T.);
#368=ORIENTED_EDGE('',*,*,#3509,.F.);
#369=ORIENTED_EDGE('',*,*,#3510,.F.);
#370=ORIENTED_EDGE('',*,*,#3511,.F.);
#371=ORIENTED_EDGE('',*,*,#3512,.T.);
#372=ORIENTED_EDGE('',*,*,#3513,.F.);
#373=ORIENTED_EDGE('',*,*,#3514,.F.);
#374=ORIENTED_EDGE('',*,*,#3515,.F.);
#375=ORIENTED_EDGE('',*,*,#3516,.T.);
#376=ORIENTED_EDGE('',*,*,#3517,.F.);
#377=ORIENTED_EDGE('',*,*,#3518,.F.);
#378=ORIENTED_EDGE('',*,*,#3519,.F.);
#379=ORIENTED_EDGE('',*,*,#3520,.T.);
#380=ORIENTED_EDGE('',*,*,#3521,.F.);
#381=ORIENTED_EDGE('',*,*,#3522,.F.);
#382=ORIENTED_EDGE('',*,*,#3523,.F.);
#383=ORIENTED_EDGE('',*,*,#3524,.T.);
#384=ORIENTED_EDGE('',*,*,#3525,.F.);
#385=ORIENTED_EDGE('',*,*,#3526,.F.);
#386=ORIENTED_EDGE('',*,*,#3527,.F.);
#387=ORIENTED_EDGE('',*,*,#3528,.T.);
#388=ORIENTED_EDGE('',*,*,#3529,.F.);
#389=ORIENTED_EDGE('',*,*,#3530,.F.);
#390=ORIENTED_EDGE('',*,*,#3531,.F.);
#391=ORIENTED_EDGE('',*,*,#3532,.T.);
#392=ORIENTED_EDGE('',*,*,#3533,.T.);
#393=ORIENTED_EDGE('',*,*,#3534,.T.);
#394=ORIENTED_EDGE('',*,*,#3535,.F.);
#395=ORIENTED_EDGE('',*,*,#3536,.F.);
#396=ORIENTED_EDGE('',*,*,#3537,.F.);
#397=ORIENTED_EDGE('',*,*,#3538,.T.);
#398=ORIENTED_EDGE('',*,*,#3539,.F.);
#399=ORIENTED_EDGE('',*,*,#3540,.F.);
#400=ORIENTED_EDGE('',*,*,#3541,.F.);
#401=ORIENTED_EDGE('',*,*,#3542,.T.);
#402=ORIENTED_EDGE('',*,*,#3543,.F.);
#403=ORIENTED_EDGE('',*,*,#3544,.F.);
#404=ORIENTED_EDGE('',*,*,#3545,.F.);
#405=ORIENTED_EDGE('',*,*,#3546,.T.);
#406=ORIENTED_EDGE('',*,*,#3547,.F.);
#407=ORIENTED_EDGE('',*,*,#3548,.F.);
#408=ORIENTED_EDGE('',*,*,#3549,.F.);
#409=ORIENTED_EDGE('',*,*,#3550,.T.);
#410=ORIENTED_EDGE('',*,*,#3551,.F.);
#411=ORIENTED_EDGE('',*,*,#3552,.F.);
#412=ORIENTED_EDGE('',*,*,#3553,.F.);
#413=ORIENTED_EDGE('',*,*,#3554,.T.);
#414=ORIENTED_EDGE('',*,*,#3555,.F.);
#415=ORIENTED_EDGE('',*,*,#3556,.F.);
#416=ORIENTED_EDGE('',*,*,#3557,.F.);
#417=ORIENTED_EDGE('',*,*,#3558,.T.);
#418=ORIENTED_EDGE('',*,*,#3559,.F.);
#419=ORIENTED_EDGE('',*,*,#3560,.F.);
#420=ORIENTED_EDGE('',*,*,#3561,.F.);
#421=ORIENTED_EDGE('',*,*,#3562,.T.);
#422=ORIENTED_EDGE('',*,*,#3563,.F.);
#423=ORIENTED_EDGE('',*,*,#3564,.F.);
#424=ORIENTED_EDGE('',*,*,#3565,.F.);
#425=ORIENTED_EDGE('',*,*,#3566,.T.);
#426=ORIENTED_EDGE('',*,*,#3567,.F.);
#427=ORIENTED_EDGE('',*,*,#3568,.F.);
#428=ORIENTED_EDGE('',*,*,#3569,.F.);
#429=ORIENTED_EDGE('',*,*,#3570,.T.);
#430=ORIENTED_EDGE('',*,*,#3571,.F.);
#431=ORIENTED_EDGE('',*,*,#3572,.F.);
#432=ORIENTED_EDGE('',*,*,#3573,.F.);
#433=ORIENTED_EDGE('',*,*,#3574,.T.);
#434=ORIENTED_EDGE('',*,*,#3575,.F.);
#435=ORIENTED_EDGE('',*,*,#3576,.F.);
#436=ORIENTED_EDGE('',*,*,#3577,.F.);
#437=ORIENTED_EDGE('',*,*,#3578,.T.);
#438=ORIENTED_EDGE('',*,*,#3579,.F.);
#439=ORIENTED_EDGE('',*,*,#3580,.F.);
#440=ORIENTED_EDGE('',*,*,#3581,.F.);
#441=ORIENTED_EDGE('',*,*,#3582,.T.);
#442=ORIENTED_EDGE('',*,*,#3583,.F.);
#443=ORIENTED_EDGE('',*,*,#3584,.F.);
#444=ORIENTED_EDGE('',*,*,#3585,.F.);
#445=ORIENTED_EDGE('',*,*,#3586,.T.);
#446=ORIENTED_EDGE('',*,*,#3587,.F.);
#447=ORIENTED_EDGE('',*,*,#3588,.F.);
#448=ORIENTED_EDGE('',*,*,#3589,.F.);
#449=ORIENTED_EDGE('',*,*,#3590,.T.);
#450=ORIENTED_EDGE('',*,*,#3591,.F.);
#451=ORIENTED_EDGE('',*,*,#3592,.T.);
#452=ORIENTED_EDGE('',*,*,#3593,.T.);
#453=ORIENTED_EDGE('',*,*,#3594,.F.);
#454=ORIENTED_EDGE('',*,*,#3595,.T.);
#455=ORIENTED_EDGE('',*,*,#3415,.T.);
#456=ORIENTED_EDGE('',*,*,#3596,.T.);
#457=ORIENTED_EDGE('',*,*,#3597,.F.);
#458=ORIENTED_EDGE('',*,*,#3598,.T.);
#459=ORIENTED_EDGE('',*,*,#3599,.T.);
#460=ORIENTED_EDGE('',*,*,#3597,.T.);
#461=ORIENTED_EDGE('',*,*,#3600,.T.);
#462=ORIENTED_EDGE('',*,*,#3384,.T.);
#463=ORIENTED_EDGE('',*,*,#3601,.T.);
#464=ORIENTED_EDGE('',*,*,#3602,.T.);
#465=ORIENTED_EDGE('',*,*,#3603,.T.);
#466=ORIENTED_EDGE('',*,*,#3394,.T.);
#467=ORIENTED_EDGE('',*,*,#3604,.T.);
#468=ORIENTED_EDGE('',*,*,#3594,.T.);
#469=ORIENTED_EDGE('',*,*,#3605,.F.);
#470=ORIENTED_EDGE('',*,*,#3606,.T.);
#471=ORIENTED_EDGE('',*,*,#3607,.T.);
#472=ORIENTED_EDGE('',*,*,#3608,.F.);
#473=ORIENTED_EDGE('',*,*,#3598,.F.);
#474=ORIENTED_EDGE('',*,*,#3609,.T.);
#475=ORIENTED_EDGE('',*,*,#3610,.T.);
#476=ORIENTED_EDGE('',*,*,#3611,.T.);
#477=ORIENTED_EDGE('',*,*,#3612,.T.);
#478=ORIENTED_EDGE('',*,*,#3613,.T.);
#479=ORIENTED_EDGE('',*,*,#3614,.F.);
#480=ORIENTED_EDGE('',*,*,#3401,.T.);
#481=ORIENTED_EDGE('',*,*,#3615,.T.);
#482=ORIENTED_EDGE('',*,*,#3616,.T.);
#483=ORIENTED_EDGE('',*,*,#3617,.F.);
#484=ORIENTED_EDGE('',*,*,#3618,.T.);
#485=ORIENTED_EDGE('',*,*,#3619,.T.);
#486=ORIENTED_EDGE('',*,*,#3620,.T.);
#487=ORIENTED_EDGE('',*,*,#3621,.T.);
#488=ORIENTED_EDGE('',*,*,#3403,.F.);
#489=ORIENTED_EDGE('',*,*,#3397,.T.);
#490=ORIENTED_EDGE('',*,*,#3622,.T.);
#491=ORIENTED_EDGE('',*,*,#3623,.T.);
#492=ORIENTED_EDGE('',*,*,#3622,.F.);
#493=ORIENTED_EDGE('',*,*,#3402,.T.);
#494=ORIENTED_EDGE('',*,*,#3614,.T.);
#495=ORIENTED_EDGE('',*,*,#3624,.T.);
#496=ORIENTED_EDGE('',*,*,#3612,.F.);
#497=ORIENTED_EDGE('',*,*,#3400,.T.);
#498=ORIENTED_EDGE('',*,*,#3625,.T.);
#499=ORIENTED_EDGE('',*,*,#3626,.T.);
#500=ORIENTED_EDGE('',*,*,#3625,.F.);
#501=ORIENTED_EDGE('',*,*,#3399,.T.);
#502=ORIENTED_EDGE('',*,*,#3409,.T.);
#503=ORIENTED_EDGE('',*,*,#3627,.F.);
#504=ORIENTED_EDGE('',*,*,#3406,.F.);
#505=ORIENTED_EDGE('',*,*,#3628,.F.);
#506=ORIENTED_EDGE('',*,*,#3629,.F.);
#507=ORIENTED_EDGE('',*,*,#3618,.F.);
#508=ORIENTED_EDGE('',*,*,#3630,.F.);
#509=ORIENTED_EDGE('',*,*,#3631,.T.);
#510=ORIENTED_EDGE('',*,*,#3632,.F.);
#511=ORIENTED_EDGE('',*,*,#3630,.T.);
#512=ORIENTED_EDGE('',*,*,#3617,.T.);
#513=ORIENTED_EDGE('',*,*,#3633,.T.);
#514=ORIENTED_EDGE('',*,*,#3615,.F.);
#515=ORIENTED_EDGE('',*,*,#3629,.T.);
#516=ORIENTED_EDGE('',*,*,#3634,.T.);
#517=ORIENTED_EDGE('',*,*,#3635,.T.);
#518=ORIENTED_EDGE('',*,*,#3634,.F.);
#519=ORIENTED_EDGE('',*,*,#3628,.T.);
#520=ORIENTED_EDGE('',*,*,#3405,.T.);
#521=ORIENTED_EDGE('',*,*,#3636,.T.);
#522=ORIENTED_EDGE('',*,*,#3407,.F.);
#523=ORIENTED_EDGE('',*,*,#3627,.T.);
#524=ORIENTED_EDGE('',*,*,#3632,.T.);
#525=ORIENTED_EDGE('',*,*,#3637,.T.);
#526=ORIENTED_EDGE('',*,*,#3636,.F.);
#527=ORIENTED_EDGE('',*,*,#3631,.F.);
#528=ORIENTED_EDGE('',*,*,#3616,.F.);
#529=ORIENTED_EDGE('',*,*,#3633,.F.);
#530=ORIENTED_EDGE('',*,*,#3635,.F.);
#531=ORIENTED_EDGE('',*,*,#3404,.F.);
#532=ORIENTED_EDGE('',*,*,#3621,.F.);
#533=ORIENTED_EDGE('',*,*,#3623,.F.);
#534=ORIENTED_EDGE('',*,*,#3613,.F.);
#535=ORIENTED_EDGE('',*,*,#3624,.F.);
#536=ORIENTED_EDGE('',*,*,#3626,.F.);
#537=ORIENTED_EDGE('',*,*,#3408,.F.);
#538=ORIENTED_EDGE('',*,*,#3638,.T.);
#539=ORIENTED_EDGE('',*,*,#3637,.F.);
#540=ORIENTED_EDGE('',*,*,#3639,.T.);
#541=ORIENTED_EDGE('',*,*,#3639,.F.);
#542=ORIENTED_EDGE('',*,*,#3638,.F.);
#543=ORIENTED_EDGE('',*,*,#3410,.F.);
#544=ORIENTED_EDGE('',*,*,#3620,.F.);
#545=ORIENTED_EDGE('',*,*,#3640,.F.);
#546=ORIENTED_EDGE('',*,*,#3606,.F.);
#547=ORIENTED_EDGE('',*,*,#3611,.F.);
#548=ORIENTED_EDGE('',*,*,#3641,.T.);
#549=ORIENTED_EDGE('',*,*,#3641,.F.);
#550=ORIENTED_EDGE('',*,*,#3640,.T.);
#551=ORIENTED_EDGE('',*,*,#3642,.T.);
#552=ORIENTED_EDGE('',*,*,#3643,.T.);
#553=ORIENTED_EDGE('',*,*,#3644,.T.);
#554=ORIENTED_EDGE('',*,*,#3645,.T.);
#555=ORIENTED_EDGE('',*,*,#3646,.T.);
#556=ORIENTED_EDGE('',*,*,#3647,.T.);
#557=ORIENTED_EDGE('',*,*,#3648,.T.);
#558=ORIENTED_EDGE('',*,*,#3649,.T.);
#559=ORIENTED_EDGE('',*,*,#3650,.T.);
#560=ORIENTED_EDGE('',*,*,#3651,.T.);
#561=ORIENTED_EDGE('',*,*,#3652,.T.);
#562=ORIENTED_EDGE('',*,*,#3653,.T.);
#563=ORIENTED_EDGE('',*,*,#3654,.T.);
#564=ORIENTED_EDGE('',*,*,#3655,.T.);
#565=ORIENTED_EDGE('',*,*,#3656,.T.);
#566=ORIENTED_EDGE('',*,*,#3657,.T.);
#567=ORIENTED_EDGE('',*,*,#3658,.T.);
#568=ORIENTED_EDGE('',*,*,#3659,.T.);
#569=ORIENTED_EDGE('',*,*,#3660,.T.);
#570=ORIENTED_EDGE('',*,*,#3661,.T.);
#571=ORIENTED_EDGE('',*,*,#3662,.T.);
#572=ORIENTED_EDGE('',*,*,#3663,.T.);
#573=ORIENTED_EDGE('',*,*,#3664,.T.);
#574=ORIENTED_EDGE('',*,*,#3665,.T.);
#575=ORIENTED_EDGE('',*,*,#3666,.T.);
#576=ORIENTED_EDGE('',*,*,#3667,.T.);
#577=ORIENTED_EDGE('',*,*,#3668,.T.);
#578=ORIENTED_EDGE('',*,*,#3669,.T.);
#579=ORIENTED_EDGE('',*,*,#3670,.T.);
#580=ORIENTED_EDGE('',*,*,#3671,.T.);
#581=ORIENTED_EDGE('',*,*,#3672,.T.);
#582=ORIENTED_EDGE('',*,*,#3673,.T.);
#583=ORIENTED_EDGE('',*,*,#3674,.T.);
#584=ORIENTED_EDGE('',*,*,#3675,.T.);
#585=ORIENTED_EDGE('',*,*,#3676,.T.);
#586=ORIENTED_EDGE('',*,*,#3677,.T.);
#587=ORIENTED_EDGE('',*,*,#3678,.T.);
#588=ORIENTED_EDGE('',*,*,#3679,.F.);
#589=ORIENTED_EDGE('',*,*,#3680,.T.);
#590=ORIENTED_EDGE('',*,*,#3681,.F.);
#591=ORIENTED_EDGE('',*,*,#3682,.T.);
#592=ORIENTED_EDGE('',*,*,#3683,.F.);
#593=ORIENTED_EDGE('',*,*,#3684,.T.);
#594=ORIENTED_EDGE('',*,*,#3685,.F.);
#595=ORIENTED_EDGE('',*,*,#3686,.T.);
#596=ORIENTED_EDGE('',*,*,#3687,.F.);
#597=ORIENTED_EDGE('',*,*,#3688,.T.);
#598=ORIENTED_EDGE('',*,*,#3689,.F.);
#599=ORIENTED_EDGE('',*,*,#3690,.T.);
#600=ORIENTED_EDGE('',*,*,#3691,.F.);
#601=ORIENTED_EDGE('',*,*,#3692,.T.);
#602=ORIENTED_EDGE('',*,*,#3693,.F.);
#603=ORIENTED_EDGE('',*,*,#3694,.T.);
#604=ORIENTED_EDGE('',*,*,#3695,.F.);
#605=ORIENTED_EDGE('',*,*,#3696,.T.);
#606=ORIENTED_EDGE('',*,*,#3697,.F.);
#607=ORIENTED_EDGE('',*,*,#3698,.T.);
#608=ORIENTED_EDGE('',*,*,#3699,.F.);
#609=ORIENTED_EDGE('',*,*,#3700,.T.);
#610=ORIENTED_EDGE('',*,*,#3701,.F.);
#611=ORIENTED_EDGE('',*,*,#3702,.T.);
#612=ORIENTED_EDGE('',*,*,#3703,.F.);
#613=ORIENTED_EDGE('',*,*,#3704,.T.);
#614=ORIENTED_EDGE('',*,*,#3705,.F.);
#615=ORIENTED_EDGE('',*,*,#3706,.T.);
#616=ORIENTED_EDGE('',*,*,#3707,.F.);
#617=ORIENTED_EDGE('',*,*,#3708,.T.);
#618=ORIENTED_EDGE('',*,*,#3709,.F.);
#619=ORIENTED_EDGE('',*,*,#3710,.T.);
#620=ORIENTED_EDGE('',*,*,#3711,.F.);
#621=ORIENTED_EDGE('',*,*,#3712,.T.);
#622=ORIENTED_EDGE('',*,*,#3713,.F.);
#623=ORIENTED_EDGE('',*,*,#3714,.T.);
#624=ORIENTED_EDGE('',*,*,#3715,.F.);
#625=ORIENTED_EDGE('',*,*,#3716,.T.);
#626=ORIENTED_EDGE('',*,*,#3717,.F.);
#627=ORIENTED_EDGE('',*,*,#3718,.T.);
#628=ORIENTED_EDGE('',*,*,#3719,.F.);
#629=ORIENTED_EDGE('',*,*,#3720,.T.);
#630=ORIENTED_EDGE('',*,*,#3721,.F.);
#631=ORIENTED_EDGE('',*,*,#3722,.T.);
#632=ORIENTED_EDGE('',*,*,#3723,.F.);
#633=ORIENTED_EDGE('',*,*,#3724,.T.);
#634=ORIENTED_EDGE('',*,*,#3725,.F.);
#635=ORIENTED_EDGE('',*,*,#3726,.T.);
#636=ORIENTED_EDGE('',*,*,#3727,.F.);
#637=ORIENTED_EDGE('',*,*,#3728,.T.);
#638=ORIENTED_EDGE('',*,*,#3729,.F.);
#639=ORIENTED_EDGE('',*,*,#3730,.T.);
#640=ORIENTED_EDGE('',*,*,#3731,.F.);
#641=ORIENTED_EDGE('',*,*,#3732,.T.);
#642=ORIENTED_EDGE('',*,*,#3733,.F.);
#643=ORIENTED_EDGE('',*,*,#3734,.T.);
#644=ORIENTED_EDGE('',*,*,#3735,.T.);
#645=ORIENTED_EDGE('',*,*,#3736,.T.);
#646=ORIENTED_EDGE('',*,*,#3737,.F.);
#647=ORIENTED_EDGE('',*,*,#3738,.T.);
#648=ORIENTED_EDGE('',*,*,#3739,.T.);
#649=ORIENTED_EDGE('',*,*,#3740,.T.);
#650=ORIENTED_EDGE('',*,*,#3741,.F.);
#651=ORIENTED_EDGE('',*,*,#3742,.T.);
#652=ORIENTED_EDGE('',*,*,#3743,.T.);
#653=ORIENTED_EDGE('',*,*,#3744,.T.);
#654=ORIENTED_EDGE('',*,*,#3745,.F.);
#655=ORIENTED_EDGE('',*,*,#3746,.T.);
#656=ORIENTED_EDGE('',*,*,#3747,.T.);
#657=ORIENTED_EDGE('',*,*,#3748,.T.);
#658=ORIENTED_EDGE('',*,*,#3749,.F.);
#659=ORIENTED_EDGE('',*,*,#3750,.T.);
#660=ORIENTED_EDGE('',*,*,#3751,.T.);
#661=ORIENTED_EDGE('',*,*,#3752,.T.);
#662=ORIENTED_EDGE('',*,*,#3753,.F.);
#663=ORIENTED_EDGE('',*,*,#3754,.T.);
#664=ORIENTED_EDGE('',*,*,#3755,.T.);
#665=ORIENTED_EDGE('',*,*,#3756,.T.);
#666=ORIENTED_EDGE('',*,*,#3757,.F.);
#667=ORIENTED_EDGE('',*,*,#3758,.T.);
#668=ORIENTED_EDGE('',*,*,#3759,.T.);
#669=ORIENTED_EDGE('',*,*,#3760,.T.);
#670=ORIENTED_EDGE('',*,*,#3761,.F.);
#671=ORIENTED_EDGE('',*,*,#3762,.T.);
#672=ORIENTED_EDGE('',*,*,#3763,.T.);
#673=ORIENTED_EDGE('',*,*,#3764,.T.);
#674=ORIENTED_EDGE('',*,*,#3765,.F.);
#675=ORIENTED_EDGE('',*,*,#3766,.T.);
#676=ORIENTED_EDGE('',*,*,#3767,.T.);
#677=ORIENTED_EDGE('',*,*,#3768,.T.);
#678=ORIENTED_EDGE('',*,*,#3769,.F.);
#679=ORIENTED_EDGE('',*,*,#3770,.T.);
#680=ORIENTED_EDGE('',*,*,#3771,.T.);
#681=ORIENTED_EDGE('',*,*,#3772,.T.);
#682=ORIENTED_EDGE('',*,*,#3773,.F.);
#683=ORIENTED_EDGE('',*,*,#3774,.T.);
#684=ORIENTED_EDGE('',*,*,#3775,.T.);
#685=ORIENTED_EDGE('',*,*,#3776,.T.);
#686=ORIENTED_EDGE('',*,*,#3777,.F.);
#687=ORIENTED_EDGE('',*,*,#3778,.T.);
#688=ORIENTED_EDGE('',*,*,#3779,.T.);
#689=ORIENTED_EDGE('',*,*,#3780,.T.);
#690=ORIENTED_EDGE('',*,*,#3781,.F.);
#691=ORIENTED_EDGE('',*,*,#3782,.T.);
#692=ORIENTED_EDGE('',*,*,#3783,.T.);
#693=ORIENTED_EDGE('',*,*,#3784,.T.);
#694=ORIENTED_EDGE('',*,*,#3785,.F.);
#695=ORIENTED_EDGE('',*,*,#3786,.T.);
#696=ORIENTED_EDGE('',*,*,#3787,.T.);
#697=ORIENTED_EDGE('',*,*,#3788,.T.);
#698=ORIENTED_EDGE('',*,*,#3789,.F.);
#699=ORIENTED_EDGE('',*,*,#3790,.F.);
#700=ORIENTED_EDGE('',*,*,#3791,.F.);
#701=ORIENTED_EDGE('',*,*,#3792,.T.);
#702=ORIENTED_EDGE('',*,*,#3793,.F.);
#703=ORIENTED_EDGE('',*,*,#3794,.F.);
#704=ORIENTED_EDGE('',*,*,#3795,.F.);
#705=ORIENTED_EDGE('',*,*,#3796,.T.);
#706=ORIENTED_EDGE('',*,*,#3797,.F.);
#707=ORIENTED_EDGE('',*,*,#3798,.F.);
#708=ORIENTED_EDGE('',*,*,#3799,.F.);
#709=ORIENTED_EDGE('',*,*,#3800,.T.);
#710=ORIENTED_EDGE('',*,*,#3801,.F.);
#711=ORIENTED_EDGE('',*,*,#3802,.F.);
#712=ORIENTED_EDGE('',*,*,#3803,.F.);
#713=ORIENTED_EDGE('',*,*,#3804,.T.);
#714=ORIENTED_EDGE('',*,*,#3805,.F.);
#715=ORIENTED_EDGE('',*,*,#3806,.F.);
#716=ORIENTED_EDGE('',*,*,#3807,.F.);
#717=ORIENTED_EDGE('',*,*,#3808,.T.);
#718=ORIENTED_EDGE('',*,*,#3809,.F.);
#719=ORIENTED_EDGE('',*,*,#3810,.F.);
#720=ORIENTED_EDGE('',*,*,#3811,.F.);
#721=ORIENTED_EDGE('',*,*,#3812,.T.);
#722=ORIENTED_EDGE('',*,*,#3813,.F.);
#723=ORIENTED_EDGE('',*,*,#3814,.F.);
#724=ORIENTED_EDGE('',*,*,#3815,.F.);
#725=ORIENTED_EDGE('',*,*,#3816,.T.);
#726=ORIENTED_EDGE('',*,*,#3817,.F.);
#727=ORIENTED_EDGE('',*,*,#3818,.F.);
#728=ORIENTED_EDGE('',*,*,#3819,.F.);
#729=ORIENTED_EDGE('',*,*,#3820,.T.);
#730=ORIENTED_EDGE('',*,*,#3821,.F.);
#731=ORIENTED_EDGE('',*,*,#3822,.F.);
#732=ORIENTED_EDGE('',*,*,#3823,.F.);
#733=ORIENTED_EDGE('',*,*,#3824,.T.);
#734=ORIENTED_EDGE('',*,*,#3825,.F.);
#735=ORIENTED_EDGE('',*,*,#3826,.F.);
#736=ORIENTED_EDGE('',*,*,#3827,.F.);
#737=ORIENTED_EDGE('',*,*,#3828,.T.);
#738=ORIENTED_EDGE('',*,*,#3829,.F.);
#739=ORIENTED_EDGE('',*,*,#3830,.F.);
#740=ORIENTED_EDGE('',*,*,#3831,.F.);
#741=ORIENTED_EDGE('',*,*,#3832,.T.);
#742=ORIENTED_EDGE('',*,*,#3833,.F.);
#743=ORIENTED_EDGE('',*,*,#3834,.F.);
#744=ORIENTED_EDGE('',*,*,#3835,.F.);
#745=ORIENTED_EDGE('',*,*,#3836,.T.);
#746=ORIENTED_EDGE('',*,*,#3837,.F.);
#747=ORIENTED_EDGE('',*,*,#3838,.T.);
#748=ORIENTED_EDGE('',*,*,#3839,.F.);
#749=ORIENTED_EDGE('',*,*,#3643,.F.);
#750=ORIENTED_EDGE('',*,*,#3840,.T.);
#751=ORIENTED_EDGE('',*,*,#3841,.T.);
#752=ORIENTED_EDGE('',*,*,#3842,.F.);
#753=ORIENTED_EDGE('',*,*,#3644,.F.);
#754=ORIENTED_EDGE('',*,*,#3839,.T.);
#755=ORIENTED_EDGE('',*,*,#3843,.T.);
#756=ORIENTED_EDGE('',*,*,#3844,.F.);
#757=ORIENTED_EDGE('',*,*,#3645,.F.);
#758=ORIENTED_EDGE('',*,*,#3842,.T.);
#759=ORIENTED_EDGE('',*,*,#3845,.T.);
#760=ORIENTED_EDGE('',*,*,#3840,.F.);
#761=ORIENTED_EDGE('',*,*,#3642,.F.);
#762=ORIENTED_EDGE('',*,*,#3844,.T.);
#763=ORIENTED_EDGE('',*,*,#3846,.T.);
#764=ORIENTED_EDGE('',*,*,#3847,.F.);
#765=ORIENTED_EDGE('',*,*,#3647,.F.);
#766=ORIENTED_EDGE('',*,*,#3848,.T.);
#767=ORIENTED_EDGE('',*,*,#3849,.T.);
#768=ORIENTED_EDGE('',*,*,#3850,.F.);
#769=ORIENTED_EDGE('',*,*,#3648,.F.);
#770=ORIENTED_EDGE('',*,*,#3847,.T.);
#771=ORIENTED_EDGE('',*,*,#3851,.T.);
#772=ORIENTED_EDGE('',*,*,#3852,.F.);
#773=ORIENTED_EDGE('',*,*,#3649,.F.);
#774=ORIENTED_EDGE('',*,*,#3850,.T.);
#775=ORIENTED_EDGE('',*,*,#3853,.T.);
#776=ORIENTED_EDGE('',*,*,#3848,.F.);
#777=ORIENTED_EDGE('',*,*,#3646,.F.);
#778=ORIENTED_EDGE('',*,*,#3852,.T.);
#779=ORIENTED_EDGE('',*,*,#3854,.T.);
#780=ORIENTED_EDGE('',*,*,#3855,.F.);
#781=ORIENTED_EDGE('',*,*,#3651,.F.);
#782=ORIENTED_EDGE('',*,*,#3856,.T.);
#783=ORIENTED_EDGE('',*,*,#3857,.T.);
#784=ORIENTED_EDGE('',*,*,#3858,.F.);
#785=ORIENTED_EDGE('',*,*,#3652,.F.);
#786=ORIENTED_EDGE('',*,*,#3855,.T.);
#787=ORIENTED_EDGE('',*,*,#3859,.T.);
#788=ORIENTED_EDGE('',*,*,#3860,.F.);
#789=ORIENTED_EDGE('',*,*,#3653,.F.);
#790=ORIENTED_EDGE('',*,*,#3858,.T.);
#791=ORIENTED_EDGE('',*,*,#3861,.T.);
#792=ORIENTED_EDGE('',*,*,#3856,.F.);
#793=ORIENTED_EDGE('',*,*,#3650,.F.);
#794=ORIENTED_EDGE('',*,*,#3860,.T.);
#795=ORIENTED_EDGE('',*,*,#3862,.T.);
#796=ORIENTED_EDGE('',*,*,#3863,.F.);
#797=ORIENTED_EDGE('',*,*,#3655,.F.);
#798=ORIENTED_EDGE('',*,*,#3864,.T.);
#799=ORIENTED_EDGE('',*,*,#3865,.T.);
#800=ORIENTED_EDGE('',*,*,#3866,.F.);
#801=ORIENTED_EDGE('',*,*,#3656,.F.);
#802=ORIENTED_EDGE('',*,*,#3863,.T.);
#803=ORIENTED_EDGE('',*,*,#3867,.T.);
#804=ORIENTED_EDGE('',*,*,#3868,.F.);
#805=ORIENTED_EDGE('',*,*,#3657,.F.);
#806=ORIENTED_EDGE('',*,*,#3866,.T.);
#807=ORIENTED_EDGE('',*,*,#3869,.T.);
#808=ORIENTED_EDGE('',*,*,#3864,.F.);
#809=ORIENTED_EDGE('',*,*,#3654,.F.);
#810=ORIENTED_EDGE('',*,*,#3868,.T.);
#811=ORIENTED_EDGE('',*,*,#3870,.T.);
#812=ORIENTED_EDGE('',*,*,#3871,.F.);
#813=ORIENTED_EDGE('',*,*,#3659,.F.);
#814=ORIENTED_EDGE('',*,*,#3872,.T.);
#815=ORIENTED_EDGE('',*,*,#3873,.T.);
#816=ORIENTED_EDGE('',*,*,#3874,.F.);
#817=ORIENTED_EDGE('',*,*,#3660,.F.);
#818=ORIENTED_EDGE('',*,*,#3871,.T.);
#819=ORIENTED_EDGE('',*,*,#3875,.T.);
#820=ORIENTED_EDGE('',*,*,#3876,.F.);
#821=ORIENTED_EDGE('',*,*,#3661,.F.);
#822=ORIENTED_EDGE('',*,*,#3874,.T.);
#823=ORIENTED_EDGE('',*,*,#3877,.T.);
#824=ORIENTED_EDGE('',*,*,#3872,.F.);
#825=ORIENTED_EDGE('',*,*,#3658,.F.);
#826=ORIENTED_EDGE('',*,*,#3876,.T.);
#827=ORIENTED_EDGE('',*,*,#3878,.T.);
#828=ORIENTED_EDGE('',*,*,#3879,.F.);
#829=ORIENTED_EDGE('',*,*,#3663,.F.);
#830=ORIENTED_EDGE('',*,*,#3880,.T.);
#831=ORIENTED_EDGE('',*,*,#3881,.T.);
#832=ORIENTED_EDGE('',*,*,#3882,.F.);
#833=ORIENTED_EDGE('',*,*,#3664,.F.);
#834=ORIENTED_EDGE('',*,*,#3879,.T.);
#835=ORIENTED_EDGE('',*,*,#3883,.T.);
#836=ORIENTED_EDGE('',*,*,#3884,.F.);
#837=ORIENTED_EDGE('',*,*,#3665,.F.);
#838=ORIENTED_EDGE('',*,*,#3882,.T.);
#839=ORIENTED_EDGE('',*,*,#3885,.T.);
#840=ORIENTED_EDGE('',*,*,#3880,.F.);
#841=ORIENTED_EDGE('',*,*,#3662,.F.);
#842=ORIENTED_EDGE('',*,*,#3884,.T.);
#843=ORIENTED_EDGE('',*,*,#3886,.T.);
#844=ORIENTED_EDGE('',*,*,#3887,.F.);
#845=ORIENTED_EDGE('',*,*,#3667,.F.);
#846=ORIENTED_EDGE('',*,*,#3888,.T.);
#847=ORIENTED_EDGE('',*,*,#3889,.T.);
#848=ORIENTED_EDGE('',*,*,#3890,.F.);
#849=ORIENTED_EDGE('',*,*,#3668,.F.);
#850=ORIENTED_EDGE('',*,*,#3887,.T.);
#851=ORIENTED_EDGE('',*,*,#3891,.T.);
#852=ORIENTED_EDGE('',*,*,#3892,.F.);
#853=ORIENTED_EDGE('',*,*,#3669,.F.);
#854=ORIENTED_EDGE('',*,*,#3890,.T.);
#855=ORIENTED_EDGE('',*,*,#3893,.T.);
#856=ORIENTED_EDGE('',*,*,#3888,.F.);
#857=ORIENTED_EDGE('',*,*,#3666,.F.);
#858=ORIENTED_EDGE('',*,*,#3892,.T.);
#859=ORIENTED_EDGE('',*,*,#3894,.T.);
#860=ORIENTED_EDGE('',*,*,#3895,.F.);
#861=ORIENTED_EDGE('',*,*,#3671,.F.);
#862=ORIENTED_EDGE('',*,*,#3896,.T.);
#863=ORIENTED_EDGE('',*,*,#3897,.T.);
#864=ORIENTED_EDGE('',*,*,#3898,.F.);
#865=ORIENTED_EDGE('',*,*,#3672,.F.);
#866=ORIENTED_EDGE('',*,*,#3895,.T.);
#867=ORIENTED_EDGE('',*,*,#3899,.T.);
#868=ORIENTED_EDGE('',*,*,#3900,.F.);
#869=ORIENTED_EDGE('',*,*,#3673,.F.);
#870=ORIENTED_EDGE('',*,*,#3898,.T.);
#871=ORIENTED_EDGE('',*,*,#3901,.T.);
#872=ORIENTED_EDGE('',*,*,#3896,.F.);
#873=ORIENTED_EDGE('',*,*,#3670,.F.);
#874=ORIENTED_EDGE('',*,*,#3900,.T.);
#875=ORIENTED_EDGE('',*,*,#3902,.T.);
#876=ORIENTED_EDGE('',*,*,#3903,.F.);
#877=ORIENTED_EDGE('',*,*,#3675,.F.);
#878=ORIENTED_EDGE('',*,*,#3904,.T.);
#879=ORIENTED_EDGE('',*,*,#3905,.T.);
#880=ORIENTED_EDGE('',*,*,#3906,.F.);
#881=ORIENTED_EDGE('',*,*,#3676,.F.);
#882=ORIENTED_EDGE('',*,*,#3903,.T.);
#883=ORIENTED_EDGE('',*,*,#3907,.T.);
#884=ORIENTED_EDGE('',*,*,#3908,.F.);
#885=ORIENTED_EDGE('',*,*,#3677,.F.);
#886=ORIENTED_EDGE('',*,*,#3906,.T.);
#887=ORIENTED_EDGE('',*,*,#3909,.T.);
#888=ORIENTED_EDGE('',*,*,#3904,.F.);
#889=ORIENTED_EDGE('',*,*,#3674,.F.);
#890=ORIENTED_EDGE('',*,*,#3908,.T.);
#891=ORIENTED_EDGE('',*,*,#3680,.F.);
#892=ORIENTED_EDGE('',*,*,#3910,.F.);
#893=ORIENTED_EDGE('',*,*,#3911,.T.);
#894=ORIENTED_EDGE('',*,*,#3912,.T.);
#895=ORIENTED_EDGE('',*,*,#3913,.F.);
#896=ORIENTED_EDGE('',*,*,#3681,.T.);
#897=ORIENTED_EDGE('',*,*,#3912,.F.);
#898=ORIENTED_EDGE('',*,*,#3914,.T.);
#899=ORIENTED_EDGE('',*,*,#3915,.T.);
#900=ORIENTED_EDGE('',*,*,#3916,.T.);
#901=ORIENTED_EDGE('',*,*,#3678,.F.);
#902=ORIENTED_EDGE('',*,*,#3913,.T.);
#903=ORIENTED_EDGE('',*,*,#3917,.F.);
#904=ORIENTED_EDGE('',*,*,#3918,.F.);
#905=ORIENTED_EDGE('',*,*,#3910,.T.);
#906=ORIENTED_EDGE('',*,*,#3679,.T.);
#907=ORIENTED_EDGE('',*,*,#3918,.T.);
#908=ORIENTED_EDGE('',*,*,#3919,.T.);
#909=ORIENTED_EDGE('',*,*,#3920,.T.);
#910=ORIENTED_EDGE('',*,*,#3921,.T.);
#911=ORIENTED_EDGE('',*,*,#3922,.T.);
#912=ORIENTED_EDGE('',*,*,#3923,.F.);
#913=ORIENTED_EDGE('',*,*,#3920,.F.);
#914=ORIENTED_EDGE('',*,*,#3924,.T.);
#915=ORIENTED_EDGE('',*,*,#3684,.F.);
#916=ORIENTED_EDGE('',*,*,#3925,.F.);
#917=ORIENTED_EDGE('',*,*,#3926,.T.);
#918=ORIENTED_EDGE('',*,*,#3927,.T.);
#919=ORIENTED_EDGE('',*,*,#3928,.F.);
#920=ORIENTED_EDGE('',*,*,#3685,.T.);
#921=ORIENTED_EDGE('',*,*,#3927,.F.);
#922=ORIENTED_EDGE('',*,*,#3929,.T.);
#923=ORIENTED_EDGE('',*,*,#3930,.T.);
#924=ORIENTED_EDGE('',*,*,#3931,.T.);
#925=ORIENTED_EDGE('',*,*,#3682,.F.);
#926=ORIENTED_EDGE('',*,*,#3928,.T.);
#927=ORIENTED_EDGE('',*,*,#3932,.F.);
#928=ORIENTED_EDGE('',*,*,#3933,.F.);
#929=ORIENTED_EDGE('',*,*,#3925,.T.);
#930=ORIENTED_EDGE('',*,*,#3683,.T.);
#931=ORIENTED_EDGE('',*,*,#3933,.T.);
#932=ORIENTED_EDGE('',*,*,#3934,.T.);
#933=ORIENTED_EDGE('',*,*,#3935,.T.);
#934=ORIENTED_EDGE('',*,*,#3936,.T.);
#935=ORIENTED_EDGE('',*,*,#3937,.T.);
#936=ORIENTED_EDGE('',*,*,#3938,.F.);
#937=ORIENTED_EDGE('',*,*,#3935,.F.);
#938=ORIENTED_EDGE('',*,*,#3939,.T.);
#939=ORIENTED_EDGE('',*,*,#3688,.F.);
#940=ORIENTED_EDGE('',*,*,#3940,.F.);
#941=ORIENTED_EDGE('',*,*,#3941,.T.);
#942=ORIENTED_EDGE('',*,*,#3942,.T.);
#943=ORIENTED_EDGE('',*,*,#3943,.F.);
#944=ORIENTED_EDGE('',*,*,#3689,.T.);
#945=ORIENTED_EDGE('',*,*,#3942,.F.);
#946=ORIENTED_EDGE('',*,*,#3944,.T.);
#947=ORIENTED_EDGE('',*,*,#3945,.T.);
#948=ORIENTED_EDGE('',*,*,#3946,.T.);
#949=ORIENTED_EDGE('',*,*,#3686,.F.);
#950=ORIENTED_EDGE('',*,*,#3943,.T.);
#951=ORIENTED_EDGE('',*,*,#3947,.F.);
#952=ORIENTED_EDGE('',*,*,#3948,.F.);
#953=ORIENTED_EDGE('',*,*,#3940,.T.);
#954=ORIENTED_EDGE('',*,*,#3687,.T.);
#955=ORIENTED_EDGE('',*,*,#3948,.T.);
#956=ORIENTED_EDGE('',*,*,#3949,.T.);
#957=ORIENTED_EDGE('',*,*,#3950,.T.);
#958=ORIENTED_EDGE('',*,*,#3951,.T.);
#959=ORIENTED_EDGE('',*,*,#3952,.T.);
#960=ORIENTED_EDGE('',*,*,#3953,.F.);
#961=ORIENTED_EDGE('',*,*,#3950,.F.);
#962=ORIENTED_EDGE('',*,*,#3954,.T.);
#963=ORIENTED_EDGE('',*,*,#3692,.F.);
#964=ORIENTED_EDGE('',*,*,#3955,.F.);
#965=ORIENTED_EDGE('',*,*,#3956,.T.);
#966=ORIENTED_EDGE('',*,*,#3957,.T.);
#967=ORIENTED_EDGE('',*,*,#3958,.F.);
#968=ORIENTED_EDGE('',*,*,#3693,.T.);
#969=ORIENTED_EDGE('',*,*,#3957,.F.);
#970=ORIENTED_EDGE('',*,*,#3959,.T.);
#971=ORIENTED_EDGE('',*,*,#3960,.T.);
#972=ORIENTED_EDGE('',*,*,#3961,.T.);
#973=ORIENTED_EDGE('',*,*,#3690,.F.);
#974=ORIENTED_EDGE('',*,*,#3958,.T.);
#975=ORIENTED_EDGE('',*,*,#3962,.F.);
#976=ORIENTED_EDGE('',*,*,#3963,.F.);
#977=ORIENTED_EDGE('',*,*,#3955,.T.);
#978=ORIENTED_EDGE('',*,*,#3691,.T.);
#979=ORIENTED_EDGE('',*,*,#3963,.T.);
#980=ORIENTED_EDGE('',*,*,#3964,.T.);
#981=ORIENTED_EDGE('',*,*,#3965,.T.);
#982=ORIENTED_EDGE('',*,*,#3966,.T.);
#983=ORIENTED_EDGE('',*,*,#3967,.T.);
#984=ORIENTED_EDGE('',*,*,#3968,.F.);
#985=ORIENTED_EDGE('',*,*,#3965,.F.);
#986=ORIENTED_EDGE('',*,*,#3969,.T.);
#987=ORIENTED_EDGE('',*,*,#3696,.F.);
#988=ORIENTED_EDGE('',*,*,#3970,.F.);
#989=ORIENTED_EDGE('',*,*,#3971,.T.);
#990=ORIENTED_EDGE('',*,*,#3972,.T.);
#991=ORIENTED_EDGE('',*,*,#3973,.F.);
#992=ORIENTED_EDGE('',*,*,#3697,.T.);
#993=ORIENTED_EDGE('',*,*,#3972,.F.);
#994=ORIENTED_EDGE('',*,*,#3974,.T.);
#995=ORIENTED_EDGE('',*,*,#3975,.T.);
#996=ORIENTED_EDGE('',*,*,#3976,.T.);
#997=ORIENTED_EDGE('',*,*,#3694,.F.);
#998=ORIENTED_EDGE('',*,*,#3973,.T.);
#999=ORIENTED_EDGE('',*,*,#3977,.F.);
#1000=ORIENTED_EDGE('',*,*,#3978,.F.);
#1001=ORIENTED_EDGE('',*,*,#3970,.T.);
#1002=ORIENTED_EDGE('',*,*,#3695,.T.);
#1003=ORIENTED_EDGE('',*,*,#3978,.T.);
#1004=ORIENTED_EDGE('',*,*,#3979,.T.);
#1005=ORIENTED_EDGE('',*,*,#3980,.T.);
#1006=ORIENTED_EDGE('',*,*,#3981,.T.);
#1007=ORIENTED_EDGE('',*,*,#3982,.T.);
#1008=ORIENTED_EDGE('',*,*,#3983,.F.);
#1009=ORIENTED_EDGE('',*,*,#3980,.F.);
#1010=ORIENTED_EDGE('',*,*,#3984,.T.);
#1011=ORIENTED_EDGE('',*,*,#3700,.F.);
#1012=ORIENTED_EDGE('',*,*,#3985,.F.);
#1013=ORIENTED_EDGE('',*,*,#3986,.T.);
#1014=ORIENTED_EDGE('',*,*,#3987,.T.);
#1015=ORIENTED_EDGE('',*,*,#3988,.F.);
#1016=ORIENTED_EDGE('',*,*,#3701,.T.);
#1017=ORIENTED_EDGE('',*,*,#3987,.F.);
#1018=ORIENTED_EDGE('',*,*,#3989,.T.);
#1019=ORIENTED_EDGE('',*,*,#3990,.T.);
#1020=ORIENTED_EDGE('',*,*,#3991,.T.);
#1021=ORIENTED_EDGE('',*,*,#3698,.F.);
#1022=ORIENTED_EDGE('',*,*,#3988,.T.);
#1023=ORIENTED_EDGE('',*,*,#3992,.F.);
#1024=ORIENTED_EDGE('',*,*,#3993,.F.);
#1025=ORIENTED_EDGE('',*,*,#3985,.T.);
#1026=ORIENTED_EDGE('',*,*,#3699,.T.);
#1027=ORIENTED_EDGE('',*,*,#3993,.T.);
#1028=ORIENTED_EDGE('',*,*,#3994,.T.);
#1029=ORIENTED_EDGE('',*,*,#3995,.T.);
#1030=ORIENTED_EDGE('',*,*,#3996,.T.);
#1031=ORIENTED_EDGE('',*,*,#3997,.T.);
#1032=ORIENTED_EDGE('',*,*,#3998,.F.);
#1033=ORIENTED_EDGE('',*,*,#3995,.F.);
#1034=ORIENTED_EDGE('',*,*,#3999,.T.);
#1035=ORIENTED_EDGE('',*,*,#3704,.F.);
#1036=ORIENTED_EDGE('',*,*,#4000,.F.);
#1037=ORIENTED_EDGE('',*,*,#4001,.T.);
#1038=ORIENTED_EDGE('',*,*,#4002,.T.);
#1039=ORIENTED_EDGE('',*,*,#4003,.F.);
#1040=ORIENTED_EDGE('',*,*,#3705,.T.);
#1041=ORIENTED_EDGE('',*,*,#4002,.F.);
#1042=ORIENTED_EDGE('',*,*,#4004,.T.);
#1043=ORIENTED_EDGE('',*,*,#4005,.T.);
#1044=ORIENTED_EDGE('',*,*,#4006,.T.);
#1045=ORIENTED_EDGE('',*,*,#3702,.F.);
#1046=ORIENTED_EDGE('',*,*,#4003,.T.);
#1047=ORIENTED_EDGE('',*,*,#4007,.F.);
#1048=ORIENTED_EDGE('',*,*,#4008,.F.);
#1049=ORIENTED_EDGE('',*,*,#4000,.T.);
#1050=ORIENTED_EDGE('',*,*,#3703,.T.);
#1051=ORIENTED_EDGE('',*,*,#4008,.T.);
#1052=ORIENTED_EDGE('',*,*,#4009,.T.);
#1053=ORIENTED_EDGE('',*,*,#4010,.T.);
#1054=ORIENTED_EDGE('',*,*,#4011,.T.);
#1055=ORIENTED_EDGE('',*,*,#4012,.T.);
#1056=ORIENTED_EDGE('',*,*,#4013,.F.);
#1057=ORIENTED_EDGE('',*,*,#4010,.F.);
#1058=ORIENTED_EDGE('',*,*,#4014,.T.);
#1059=ORIENTED_EDGE('',*,*,#3708,.F.);
#1060=ORIENTED_EDGE('',*,*,#4015,.F.);
#1061=ORIENTED_EDGE('',*,*,#4016,.T.);
#1062=ORIENTED_EDGE('',*,*,#4017,.T.);
#1063=ORIENTED_EDGE('',*,*,#4018,.F.);
#1064=ORIENTED_EDGE('',*,*,#3709,.T.);
#1065=ORIENTED_EDGE('',*,*,#4017,.F.);
#1066=ORIENTED_EDGE('',*,*,#4019,.T.);
#1067=ORIENTED_EDGE('',*,*,#4020,.T.);
#1068=ORIENTED_EDGE('',*,*,#4021,.T.);
#1069=ORIENTED_EDGE('',*,*,#3706,.F.);
#1070=ORIENTED_EDGE('',*,*,#4018,.T.);
#1071=ORIENTED_EDGE('',*,*,#4022,.F.);
#1072=ORIENTED_EDGE('',*,*,#4023,.F.);
#1073=ORIENTED_EDGE('',*,*,#4015,.T.);
#1074=ORIENTED_EDGE('',*,*,#3707,.T.);
#1075=ORIENTED_EDGE('',*,*,#4023,.T.);
#1076=ORIENTED_EDGE('',*,*,#4024,.T.);
#1077=ORIENTED_EDGE('',*,*,#4025,.T.);
#1078=ORIENTED_EDGE('',*,*,#4026,.T.);
#1079=ORIENTED_EDGE('',*,*,#4027,.T.);
#1080=ORIENTED_EDGE('',*,*,#4028,.F.);
#1081=ORIENTED_EDGE('',*,*,#4025,.F.);
#1082=ORIENTED_EDGE('',*,*,#4029,.T.);
#1083=ORIENTED_EDGE('',*,*,#3712,.F.);
#1084=ORIENTED_EDGE('',*,*,#4030,.F.);
#1085=ORIENTED_EDGE('',*,*,#4031,.T.);
#1086=ORIENTED_EDGE('',*,*,#4032,.T.);
#1087=ORIENTED_EDGE('',*,*,#4033,.F.);
#1088=ORIENTED_EDGE('',*,*,#3713,.T.);
#1089=ORIENTED_EDGE('',*,*,#4032,.F.);
#1090=ORIENTED_EDGE('',*,*,#4034,.T.);
#1091=ORIENTED_EDGE('',*,*,#4035,.T.);
#1092=ORIENTED_EDGE('',*,*,#4036,.T.);
#1093=ORIENTED_EDGE('',*,*,#3710,.F.);
#1094=ORIENTED_EDGE('',*,*,#4033,.T.);
#1095=ORIENTED_EDGE('',*,*,#4037,.F.);
#1096=ORIENTED_EDGE('',*,*,#4038,.F.);
#1097=ORIENTED_EDGE('',*,*,#4030,.T.);
#1098=ORIENTED_EDGE('',*,*,#3711,.T.);
#1099=ORIENTED_EDGE('',*,*,#4038,.T.);
#1100=ORIENTED_EDGE('',*,*,#4039,.T.);
#1101=ORIENTED_EDGE('',*,*,#4040,.T.);
#1102=ORIENTED_EDGE('',*,*,#4041,.T.);
#1103=ORIENTED_EDGE('',*,*,#4042,.T.);
#1104=ORIENTED_EDGE('',*,*,#4043,.F.);
#1105=ORIENTED_EDGE('',*,*,#4040,.F.);
#1106=ORIENTED_EDGE('',*,*,#4044,.T.);
#1107=ORIENTED_EDGE('',*,*,#3716,.F.);
#1108=ORIENTED_EDGE('',*,*,#4045,.F.);
#1109=ORIENTED_EDGE('',*,*,#4046,.T.);
#1110=ORIENTED_EDGE('',*,*,#4047,.T.);
#1111=ORIENTED_EDGE('',*,*,#4048,.F.);
#1112=ORIENTED_EDGE('',*,*,#3717,.T.);
#1113=ORIENTED_EDGE('',*,*,#4047,.F.);
#1114=ORIENTED_EDGE('',*,*,#4049,.T.);
#1115=ORIENTED_EDGE('',*,*,#4050,.T.);
#1116=ORIENTED_EDGE('',*,*,#4051,.T.);
#1117=ORIENTED_EDGE('',*,*,#3714,.F.);
#1118=ORIENTED_EDGE('',*,*,#4048,.T.);
#1119=ORIENTED_EDGE('',*,*,#4052,.F.);
#1120=ORIENTED_EDGE('',*,*,#4053,.F.);
#1121=ORIENTED_EDGE('',*,*,#4045,.T.);
#1122=ORIENTED_EDGE('',*,*,#3715,.T.);
#1123=ORIENTED_EDGE('',*,*,#4053,.T.);
#1124=ORIENTED_EDGE('',*,*,#4054,.T.);
#1125=ORIENTED_EDGE('',*,*,#4055,.T.);
#1126=ORIENTED_EDGE('',*,*,#4056,.T.);
#1127=ORIENTED_EDGE('',*,*,#4057,.T.);
#1128=ORIENTED_EDGE('',*,*,#4058,.F.);
#1129=ORIENTED_EDGE('',*,*,#4055,.F.);
#1130=ORIENTED_EDGE('',*,*,#4059,.T.);
#1131=ORIENTED_EDGE('',*,*,#3720,.F.);
#1132=ORIENTED_EDGE('',*,*,#4060,.F.);
#1133=ORIENTED_EDGE('',*,*,#4061,.T.);
#1134=ORIENTED_EDGE('',*,*,#4062,.T.);
#1135=ORIENTED_EDGE('',*,*,#4063,.F.);
#1136=ORIENTED_EDGE('',*,*,#3721,.T.);
#1137=ORIENTED_EDGE('',*,*,#4062,.F.);
#1138=ORIENTED_EDGE('',*,*,#4064,.T.);
#1139=ORIENTED_EDGE('',*,*,#4065,.T.);
#1140=ORIENTED_EDGE('',*,*,#4066,.T.);
#1141=ORIENTED_EDGE('',*,*,#3718,.F.);
#1142=ORIENTED_EDGE('',*,*,#4063,.T.);
#1143=ORIENTED_EDGE('',*,*,#4067,.F.);
#1144=ORIENTED_EDGE('',*,*,#4068,.F.);
#1145=ORIENTED_EDGE('',*,*,#4060,.T.);
#1146=ORIENTED_EDGE('',*,*,#3719,.T.);
#1147=ORIENTED_EDGE('',*,*,#4068,.T.);
#1148=ORIENTED_EDGE('',*,*,#4069,.T.);
#1149=ORIENTED_EDGE('',*,*,#4070,.T.);
#1150=ORIENTED_EDGE('',*,*,#4071,.T.);
#1151=ORIENTED_EDGE('',*,*,#4072,.T.);
#1152=ORIENTED_EDGE('',*,*,#4073,.F.);
#1153=ORIENTED_EDGE('',*,*,#4070,.F.);
#1154=ORIENTED_EDGE('',*,*,#4074,.T.);
#1155=ORIENTED_EDGE('',*,*,#3724,.F.);
#1156=ORIENTED_EDGE('',*,*,#4075,.F.);
#1157=ORIENTED_EDGE('',*,*,#4076,.T.);
#1158=ORIENTED_EDGE('',*,*,#4077,.T.);
#1159=ORIENTED_EDGE('',*,*,#4078,.F.);
#1160=ORIENTED_EDGE('',*,*,#3725,.T.);
#1161=ORIENTED_EDGE('',*,*,#4077,.F.);
#1162=ORIENTED_EDGE('',*,*,#4079,.T.);
#1163=ORIENTED_EDGE('',*,*,#4080,.T.);
#1164=ORIENTED_EDGE('',*,*,#4081,.T.);
#1165=ORIENTED_EDGE('',*,*,#3722,.F.);
#1166=ORIENTED_EDGE('',*,*,#4078,.T.);
#1167=ORIENTED_EDGE('',*,*,#4082,.F.);
#1168=ORIENTED_EDGE('',*,*,#4083,.F.);
#1169=ORIENTED_EDGE('',*,*,#4075,.T.);
#1170=ORIENTED_EDGE('',*,*,#3723,.T.);
#1171=ORIENTED_EDGE('',*,*,#4083,.T.);
#1172=ORIENTED_EDGE('',*,*,#4084,.T.);
#1173=ORIENTED_EDGE('',*,*,#4085,.T.);
#1174=ORIENTED_EDGE('',*,*,#4086,.T.);
#1175=ORIENTED_EDGE('',*,*,#4087,.T.);
#1176=ORIENTED_EDGE('',*,*,#4088,.F.);
#1177=ORIENTED_EDGE('',*,*,#4085,.F.);
#1178=ORIENTED_EDGE('',*,*,#4089,.T.);
#1179=ORIENTED_EDGE('',*,*,#3728,.F.);
#1180=ORIENTED_EDGE('',*,*,#4090,.F.);
#1181=ORIENTED_EDGE('',*,*,#4091,.T.);
#1182=ORIENTED_EDGE('',*,*,#4092,.T.);
#1183=ORIENTED_EDGE('',*,*,#4093,.F.);
#1184=ORIENTED_EDGE('',*,*,#3729,.T.);
#1185=ORIENTED_EDGE('',*,*,#4092,.F.);
#1186=ORIENTED_EDGE('',*,*,#4094,.T.);
#1187=ORIENTED_EDGE('',*,*,#4095,.T.);
#1188=ORIENTED_EDGE('',*,*,#4096,.T.);
#1189=ORIENTED_EDGE('',*,*,#3726,.F.);
#1190=ORIENTED_EDGE('',*,*,#4093,.T.);
#1191=ORIENTED_EDGE('',*,*,#4097,.F.);
#1192=ORIENTED_EDGE('',*,*,#4098,.F.);
#1193=ORIENTED_EDGE('',*,*,#4090,.T.);
#1194=ORIENTED_EDGE('',*,*,#3727,.T.);
#1195=ORIENTED_EDGE('',*,*,#4098,.T.);
#1196=ORIENTED_EDGE('',*,*,#4099,.T.);
#1197=ORIENTED_EDGE('',*,*,#4100,.T.);
#1198=ORIENTED_EDGE('',*,*,#4101,.T.);
#1199=ORIENTED_EDGE('',*,*,#4102,.T.);
#1200=ORIENTED_EDGE('',*,*,#4103,.F.);
#1201=ORIENTED_EDGE('',*,*,#4100,.F.);
#1202=ORIENTED_EDGE('',*,*,#4104,.T.);
#1203=ORIENTED_EDGE('',*,*,#3732,.F.);
#1204=ORIENTED_EDGE('',*,*,#4105,.F.);
#1205=ORIENTED_EDGE('',*,*,#4106,.T.);
#1206=ORIENTED_EDGE('',*,*,#4107,.T.);
#1207=ORIENTED_EDGE('',*,*,#4108,.F.);
#1208=ORIENTED_EDGE('',*,*,#3733,.T.);
#1209=ORIENTED_EDGE('',*,*,#4107,.F.);
#1210=ORIENTED_EDGE('',*,*,#4109,.T.);
#1211=ORIENTED_EDGE('',*,*,#4110,.T.);
#1212=ORIENTED_EDGE('',*,*,#4111,.T.);
#1213=ORIENTED_EDGE('',*,*,#3730,.F.);
#1214=ORIENTED_EDGE('',*,*,#4108,.T.);
#1215=ORIENTED_EDGE('',*,*,#4112,.F.);
#1216=ORIENTED_EDGE('',*,*,#4113,.F.);
#1217=ORIENTED_EDGE('',*,*,#4105,.T.);
#1218=ORIENTED_EDGE('',*,*,#3731,.T.);
#1219=ORIENTED_EDGE('',*,*,#4113,.T.);
#1220=ORIENTED_EDGE('',*,*,#4114,.T.);
#1221=ORIENTED_EDGE('',*,*,#4115,.T.);
#1222=ORIENTED_EDGE('',*,*,#4116,.T.);
#1223=ORIENTED_EDGE('',*,*,#4117,.T.);
#1224=ORIENTED_EDGE('',*,*,#4118,.F.);
#1225=ORIENTED_EDGE('',*,*,#4115,.F.);
#1226=ORIENTED_EDGE('',*,*,#4119,.T.);
#1227=ORIENTED_EDGE('',*,*,#3736,.F.);
#1228=ORIENTED_EDGE('',*,*,#4120,.F.);
#1229=ORIENTED_EDGE('',*,*,#4121,.T.);
#1230=ORIENTED_EDGE('',*,*,#4122,.T.);
#1231=ORIENTED_EDGE('',*,*,#4123,.F.);
#1232=ORIENTED_EDGE('',*,*,#3737,.T.);
#1233=ORIENTED_EDGE('',*,*,#4122,.F.);
#1234=ORIENTED_EDGE('',*,*,#4124,.T.);
#1235=ORIENTED_EDGE('',*,*,#4125,.T.);
#1236=ORIENTED_EDGE('',*,*,#4126,.T.);
#1237=ORIENTED_EDGE('',*,*,#3734,.F.);
#1238=ORIENTED_EDGE('',*,*,#4123,.T.);
#1239=ORIENTED_EDGE('',*,*,#4127,.F.);
#1240=ORIENTED_EDGE('',*,*,#4128,.F.);
#1241=ORIENTED_EDGE('',*,*,#3735,.F.);
#1242=ORIENTED_EDGE('',*,*,#4128,.T.);
#1243=ORIENTED_EDGE('',*,*,#4129,.F.);
#1244=ORIENTED_EDGE('',*,*,#4130,.F.);
#1245=ORIENTED_EDGE('',*,*,#4131,.F.);
#1246=ORIENTED_EDGE('',*,*,#4120,.T.);
#1247=ORIENTED_EDGE('',*,*,#4132,.F.);
#1248=ORIENTED_EDGE('',*,*,#4133,.F.);
#1249=ORIENTED_EDGE('',*,*,#4130,.T.);
#1250=ORIENTED_EDGE('',*,*,#4134,.T.);
#1251=ORIENTED_EDGE('',*,*,#3740,.F.);
#1252=ORIENTED_EDGE('',*,*,#4135,.F.);
#1253=ORIENTED_EDGE('',*,*,#4136,.T.);
#1254=ORIENTED_EDGE('',*,*,#4137,.T.);
#1255=ORIENTED_EDGE('',*,*,#4138,.F.);
#1256=ORIENTED_EDGE('',*,*,#3741,.T.);
#1257=ORIENTED_EDGE('',*,*,#4137,.F.);
#1258=ORIENTED_EDGE('',*,*,#4139,.T.);
#1259=ORIENTED_EDGE('',*,*,#4140,.T.);
#1260=ORIENTED_EDGE('',*,*,#4141,.T.);
#1261=ORIENTED_EDGE('',*,*,#3738,.F.);
#1262=ORIENTED_EDGE('',*,*,#4138,.T.);
#1263=ORIENTED_EDGE('',*,*,#4142,.F.);
#1264=ORIENTED_EDGE('',*,*,#4143,.F.);
#1265=ORIENTED_EDGE('',*,*,#3739,.F.);
#1266=ORIENTED_EDGE('',*,*,#4143,.T.);
#1267=ORIENTED_EDGE('',*,*,#4144,.F.);
#1268=ORIENTED_EDGE('',*,*,#4145,.F.);
#1269=ORIENTED_EDGE('',*,*,#4146,.F.);
#1270=ORIENTED_EDGE('',*,*,#4135,.T.);
#1271=ORIENTED_EDGE('',*,*,#4147,.F.);
#1272=ORIENTED_EDGE('',*,*,#4148,.F.);
#1273=ORIENTED_EDGE('',*,*,#4145,.T.);
#1274=ORIENTED_EDGE('',*,*,#4149,.T.);
#1275=ORIENTED_EDGE('',*,*,#3744,.F.);
#1276=ORIENTED_EDGE('',*,*,#4150,.F.);
#1277=ORIENTED_EDGE('',*,*,#4151,.T.);
#1278=ORIENTED_EDGE('',*,*,#4152,.T.);
#1279=ORIENTED_EDGE('',*,*,#4153,.F.);
#1280=ORIENTED_EDGE('',*,*,#3745,.T.);
#1281=ORIENTED_EDGE('',*,*,#4152,.F.);
#1282=ORIENTED_EDGE('',*,*,#4154,.T.);
#1283=ORIENTED_EDGE('',*,*,#4155,.T.);
#1284=ORIENTED_EDGE('',*,*,#4156,.T.);
#1285=ORIENTED_EDGE('',*,*,#3742,.F.);
#1286=ORIENTED_EDGE('',*,*,#4153,.T.);
#1287=ORIENTED_EDGE('',*,*,#4157,.F.);
#1288=ORIENTED_EDGE('',*,*,#4158,.F.);
#1289=ORIENTED_EDGE('',*,*,#3743,.F.);
#1290=ORIENTED_EDGE('',*,*,#4158,.T.);
#1291=ORIENTED_EDGE('',*,*,#4159,.F.);
#1292=ORIENTED_EDGE('',*,*,#4160,.F.);
#1293=ORIENTED_EDGE('',*,*,#4161,.F.);
#1294=ORIENTED_EDGE('',*,*,#4150,.T.);
#1295=ORIENTED_EDGE('',*,*,#4162,.F.);
#1296=ORIENTED_EDGE('',*,*,#4163,.F.);
#1297=ORIENTED_EDGE('',*,*,#4160,.T.);
#1298=ORIENTED_EDGE('',*,*,#4164,.T.);
#1299=ORIENTED_EDGE('',*,*,#3748,.F.);
#1300=ORIENTED_EDGE('',*,*,#4165,.F.);
#1301=ORIENTED_EDGE('',*,*,#4166,.T.);
#1302=ORIENTED_EDGE('',*,*,#4167,.T.);
#1303=ORIENTED_EDGE('',*,*,#4168,.F.);
#1304=ORIENTED_EDGE('',*,*,#3749,.T.);
#1305=ORIENTED_EDGE('',*,*,#4167,.F.);
#1306=ORIENTED_EDGE('',*,*,#4169,.T.);
#1307=ORIENTED_EDGE('',*,*,#4170,.T.);
#1308=ORIENTED_EDGE('',*,*,#4171,.T.);
#1309=ORIENTED_EDGE('',*,*,#3746,.F.);
#1310=ORIENTED_EDGE('',*,*,#4168,.T.);
#1311=ORIENTED_EDGE('',*,*,#4172,.F.);
#1312=ORIENTED_EDGE('',*,*,#4173,.F.);
#1313=ORIENTED_EDGE('',*,*,#3747,.F.);
#1314=ORIENTED_EDGE('',*,*,#4173,.T.);
#1315=ORIENTED_EDGE('',*,*,#4174,.F.);
#1316=ORIENTED_EDGE('',*,*,#4175,.F.);
#1317=ORIENTED_EDGE('',*,*,#4176,.F.);
#1318=ORIENTED_EDGE('',*,*,#4165,.T.);
#1319=ORIENTED_EDGE('',*,*,#4177,.F.);
#1320=ORIENTED_EDGE('',*,*,#4178,.F.);
#1321=ORIENTED_EDGE('',*,*,#4175,.T.);
#1322=ORIENTED_EDGE('',*,*,#4179,.T.);
#1323=ORIENTED_EDGE('',*,*,#3752,.F.);
#1324=ORIENTED_EDGE('',*,*,#4180,.F.);
#1325=ORIENTED_EDGE('',*,*,#4181,.T.);
#1326=ORIENTED_EDGE('',*,*,#4182,.T.);
#1327=ORIENTED_EDGE('',*,*,#4183,.F.);
#1328=ORIENTED_EDGE('',*,*,#3753,.T.);
#1329=ORIENTED_EDGE('',*,*,#4182,.F.);
#1330=ORIENTED_EDGE('',*,*,#4184,.T.);
#1331=ORIENTED_EDGE('',*,*,#4185,.T.);
#1332=ORIENTED_EDGE('',*,*,#4186,.T.);
#1333=ORIENTED_EDGE('',*,*,#3750,.F.);
#1334=ORIENTED_EDGE('',*,*,#4183,.T.);
#1335=ORIENTED_EDGE('',*,*,#4187,.F.);
#1336=ORIENTED_EDGE('',*,*,#4188,.F.);
#1337=ORIENTED_EDGE('',*,*,#3751,.F.);
#1338=ORIENTED_EDGE('',*,*,#4188,.T.);
#1339=ORIENTED_EDGE('',*,*,#4189,.F.);
#1340=ORIENTED_EDGE('',*,*,#4190,.F.);
#1341=ORIENTED_EDGE('',*,*,#4191,.F.);
#1342=ORIENTED_EDGE('',*,*,#4180,.T.);
#1343=ORIENTED_EDGE('',*,*,#4192,.F.);
#1344=ORIENTED_EDGE('',*,*,#4193,.F.);
#1345=ORIENTED_EDGE('',*,*,#4190,.T.);
#1346=ORIENTED_EDGE('',*,*,#4194,.T.);
#1347=ORIENTED_EDGE('',*,*,#3756,.F.);
#1348=ORIENTED_EDGE('',*,*,#4195,.F.);
#1349=ORIENTED_EDGE('',*,*,#4196,.T.);
#1350=ORIENTED_EDGE('',*,*,#4197,.T.);
#1351=ORIENTED_EDGE('',*,*,#4198,.F.);
#1352=ORIENTED_EDGE('',*,*,#3757,.T.);
#1353=ORIENTED_EDGE('',*,*,#4197,.F.);
#1354=ORIENTED_EDGE('',*,*,#4199,.T.);
#1355=ORIENTED_EDGE('',*,*,#4200,.T.);
#1356=ORIENTED_EDGE('',*,*,#4201,.T.);
#1357=ORIENTED_EDGE('',*,*,#3754,.F.);
#1358=ORIENTED_EDGE('',*,*,#4198,.T.);
#1359=ORIENTED_EDGE('',*,*,#4202,.F.);
#1360=ORIENTED_EDGE('',*,*,#4203,.F.);
#1361=ORIENTED_EDGE('',*,*,#3755,.F.);
#1362=ORIENTED_EDGE('',*,*,#4203,.T.);
#1363=ORIENTED_EDGE('',*,*,#4204,.F.);
#1364=ORIENTED_EDGE('',*,*,#4205,.F.);
#1365=ORIENTED_EDGE('',*,*,#4206,.F.);
#1366=ORIENTED_EDGE('',*,*,#4195,.T.);
#1367=ORIENTED_EDGE('',*,*,#4207,.F.);
#1368=ORIENTED_EDGE('',*,*,#4208,.F.);
#1369=ORIENTED_EDGE('',*,*,#4205,.T.);
#1370=ORIENTED_EDGE('',*,*,#4209,.T.);
#1371=ORIENTED_EDGE('',*,*,#3760,.F.);
#1372=ORIENTED_EDGE('',*,*,#4210,.F.);
#1373=ORIENTED_EDGE('',*,*,#4211,.T.);
#1374=ORIENTED_EDGE('',*,*,#4212,.T.);
#1375=ORIENTED_EDGE('',*,*,#4213,.F.);
#1376=ORIENTED_EDGE('',*,*,#3761,.T.);
#1377=ORIENTED_EDGE('',*,*,#4212,.F.);
#1378=ORIENTED_EDGE('',*,*,#4214,.T.);
#1379=ORIENTED_EDGE('',*,*,#4215,.T.);
#1380=ORIENTED_EDGE('',*,*,#4216,.T.);
#1381=ORIENTED_EDGE('',*,*,#3758,.F.);
#1382=ORIENTED_EDGE('',*,*,#4213,.T.);
#1383=ORIENTED_EDGE('',*,*,#4217,.F.);
#1384=ORIENTED_EDGE('',*,*,#4218,.F.);
#1385=ORIENTED_EDGE('',*,*,#3759,.F.);
#1386=ORIENTED_EDGE('',*,*,#4218,.T.);
#1387=ORIENTED_EDGE('',*,*,#4219,.F.);
#1388=ORIENTED_EDGE('',*,*,#4220,.F.);
#1389=ORIENTED_EDGE('',*,*,#4221,.F.);
#1390=ORIENTED_EDGE('',*,*,#4210,.T.);
#1391=ORIENTED_EDGE('',*,*,#4222,.F.);
#1392=ORIENTED_EDGE('',*,*,#4223,.F.);
#1393=ORIENTED_EDGE('',*,*,#4220,.T.);
#1394=ORIENTED_EDGE('',*,*,#4224,.T.);
#1395=ORIENTED_EDGE('',*,*,#3764,.F.);
#1396=ORIENTED_EDGE('',*,*,#4225,.F.);
#1397=ORIENTED_EDGE('',*,*,#4226,.T.);
#1398=ORIENTED_EDGE('',*,*,#4227,.T.);
#1399=ORIENTED_EDGE('',*,*,#4228,.F.);
#1400=ORIENTED_EDGE('',*,*,#3765,.T.);
#1401=ORIENTED_EDGE('',*,*,#4227,.F.);
#1402=ORIENTED_EDGE('',*,*,#4229,.T.);
#1403=ORIENTED_EDGE('',*,*,#4230,.T.);
#1404=ORIENTED_EDGE('',*,*,#4231,.T.);
#1405=ORIENTED_EDGE('',*,*,#3762,.F.);
#1406=ORIENTED_EDGE('',*,*,#4228,.T.);
#1407=ORIENTED_EDGE('',*,*,#4232,.F.);
#1408=ORIENTED_EDGE('',*,*,#4233,.F.);
#1409=ORIENTED_EDGE('',*,*,#3763,.F.);
#1410=ORIENTED_EDGE('',*,*,#4233,.T.);
#1411=ORIENTED_EDGE('',*,*,#4234,.F.);
#1412=ORIENTED_EDGE('',*,*,#4235,.F.);
#1413=ORIENTED_EDGE('',*,*,#4236,.F.);
#1414=ORIENTED_EDGE('',*,*,#4225,.T.);
#1415=ORIENTED_EDGE('',*,*,#4237,.F.);
#1416=ORIENTED_EDGE('',*,*,#4238,.F.);
#1417=ORIENTED_EDGE('',*,*,#4235,.T.);
#1418=ORIENTED_EDGE('',*,*,#4239,.T.);
#1419=ORIENTED_EDGE('',*,*,#3768,.F.);
#1420=ORIENTED_EDGE('',*,*,#4240,.F.);
#1421=ORIENTED_EDGE('',*,*,#4241,.T.);
#1422=ORIENTED_EDGE('',*,*,#4242,.T.);
#1423=ORIENTED_EDGE('',*,*,#4243,.F.);
#1424=ORIENTED_EDGE('',*,*,#3769,.T.);
#1425=ORIENTED_EDGE('',*,*,#4242,.F.);
#1426=ORIENTED_EDGE('',*,*,#4244,.T.);
#1427=ORIENTED_EDGE('',*,*,#4245,.T.);
#1428=ORIENTED_EDGE('',*,*,#4246,.T.);
#1429=ORIENTED_EDGE('',*,*,#3766,.F.);
#1430=ORIENTED_EDGE('',*,*,#4243,.T.);
#1431=ORIENTED_EDGE('',*,*,#4247,.F.);
#1432=ORIENTED_EDGE('',*,*,#4248,.F.);
#1433=ORIENTED_EDGE('',*,*,#3767,.F.);
#1434=ORIENTED_EDGE('',*,*,#4248,.T.);
#1435=ORIENTED_EDGE('',*,*,#4249,.F.);
#1436=ORIENTED_EDGE('',*,*,#4250,.F.);
#1437=ORIENTED_EDGE('',*,*,#4251,.F.);
#1438=ORIENTED_EDGE('',*,*,#4240,.T.);
#1439=ORIENTED_EDGE('',*,*,#4252,.F.);
#1440=ORIENTED_EDGE('',*,*,#4253,.F.);
#1441=ORIENTED_EDGE('',*,*,#4250,.T.);
#1442=ORIENTED_EDGE('',*,*,#4254,.T.);
#1443=ORIENTED_EDGE('',*,*,#3772,.F.);
#1444=ORIENTED_EDGE('',*,*,#4255,.F.);
#1445=ORIENTED_EDGE('',*,*,#4256,.T.);
#1446=ORIENTED_EDGE('',*,*,#4257,.T.);
#1447=ORIENTED_EDGE('',*,*,#4258,.F.);
#1448=ORIENTED_EDGE('',*,*,#3773,.T.);
#1449=ORIENTED_EDGE('',*,*,#4257,.F.);
#1450=ORIENTED_EDGE('',*,*,#4259,.T.);
#1451=ORIENTED_EDGE('',*,*,#4260,.T.);
#1452=ORIENTED_EDGE('',*,*,#4261,.T.);
#1453=ORIENTED_EDGE('',*,*,#3770,.F.);
#1454=ORIENTED_EDGE('',*,*,#4258,.T.);
#1455=ORIENTED_EDGE('',*,*,#4262,.F.);
#1456=ORIENTED_EDGE('',*,*,#4263,.F.);
#1457=ORIENTED_EDGE('',*,*,#3771,.F.);
#1458=ORIENTED_EDGE('',*,*,#4263,.T.);
#1459=ORIENTED_EDGE('',*,*,#4264,.F.);
#1460=ORIENTED_EDGE('',*,*,#4265,.F.);
#1461=ORIENTED_EDGE('',*,*,#4266,.F.);
#1462=ORIENTED_EDGE('',*,*,#4255,.T.);
#1463=ORIENTED_EDGE('',*,*,#4267,.F.);
#1464=ORIENTED_EDGE('',*,*,#4268,.F.);
#1465=ORIENTED_EDGE('',*,*,#4265,.T.);
#1466=ORIENTED_EDGE('',*,*,#4269,.T.);
#1467=ORIENTED_EDGE('',*,*,#3776,.F.);
#1468=ORIENTED_EDGE('',*,*,#4270,.F.);
#1469=ORIENTED_EDGE('',*,*,#4271,.T.);
#1470=ORIENTED_EDGE('',*,*,#4272,.T.);
#1471=ORIENTED_EDGE('',*,*,#4273,.F.);
#1472=ORIENTED_EDGE('',*,*,#3777,.T.);
#1473=ORIENTED_EDGE('',*,*,#4272,.F.);
#1474=ORIENTED_EDGE('',*,*,#4274,.T.);
#1475=ORIENTED_EDGE('',*,*,#4275,.T.);
#1476=ORIENTED_EDGE('',*,*,#4276,.T.);
#1477=ORIENTED_EDGE('',*,*,#3774,.F.);
#1478=ORIENTED_EDGE('',*,*,#4273,.T.);
#1479=ORIENTED_EDGE('',*,*,#4277,.F.);
#1480=ORIENTED_EDGE('',*,*,#4278,.F.);
#1481=ORIENTED_EDGE('',*,*,#3775,.F.);
#1482=ORIENTED_EDGE('',*,*,#4278,.T.);
#1483=ORIENTED_EDGE('',*,*,#4279,.F.);
#1484=ORIENTED_EDGE('',*,*,#4280,.F.);
#1485=ORIENTED_EDGE('',*,*,#4281,.F.);
#1486=ORIENTED_EDGE('',*,*,#4270,.T.);
#1487=ORIENTED_EDGE('',*,*,#4282,.F.);
#1488=ORIENTED_EDGE('',*,*,#4283,.F.);
#1489=ORIENTED_EDGE('',*,*,#4280,.T.);
#1490=ORIENTED_EDGE('',*,*,#4284,.T.);
#1491=ORIENTED_EDGE('',*,*,#3780,.F.);
#1492=ORIENTED_EDGE('',*,*,#4285,.F.);
#1493=ORIENTED_EDGE('',*,*,#4286,.T.);
#1494=ORIENTED_EDGE('',*,*,#4287,.T.);
#1495=ORIENTED_EDGE('',*,*,#4288,.F.);
#1496=ORIENTED_EDGE('',*,*,#3781,.T.);
#1497=ORIENTED_EDGE('',*,*,#4287,.F.);
#1498=ORIENTED_EDGE('',*,*,#4289,.T.);
#1499=ORIENTED_EDGE('',*,*,#4290,.T.);
#1500=ORIENTED_EDGE('',*,*,#4291,.T.);
#1501=ORIENTED_EDGE('',*,*,#3778,.F.);
#1502=ORIENTED_EDGE('',*,*,#4288,.T.);
#1503=ORIENTED_EDGE('',*,*,#4292,.F.);
#1504=ORIENTED_EDGE('',*,*,#4293,.F.);
#1505=ORIENTED_EDGE('',*,*,#3779,.F.);
#1506=ORIENTED_EDGE('',*,*,#4293,.T.);
#1507=ORIENTED_EDGE('',*,*,#4294,.F.);
#1508=ORIENTED_EDGE('',*,*,#4295,.F.);
#1509=ORIENTED_EDGE('',*,*,#4296,.F.);
#1510=ORIENTED_EDGE('',*,*,#4285,.T.);
#1511=ORIENTED_EDGE('',*,*,#4297,.F.);
#1512=ORIENTED_EDGE('',*,*,#4298,.F.);
#1513=ORIENTED_EDGE('',*,*,#4295,.T.);
#1514=ORIENTED_EDGE('',*,*,#4299,.T.);
#1515=ORIENTED_EDGE('',*,*,#3784,.F.);
#1516=ORIENTED_EDGE('',*,*,#4300,.F.);
#1517=ORIENTED_EDGE('',*,*,#4301,.T.);
#1518=ORIENTED_EDGE('',*,*,#4302,.T.);
#1519=ORIENTED_EDGE('',*,*,#4303,.F.);
#1520=ORIENTED_EDGE('',*,*,#3785,.T.);
#1521=ORIENTED_EDGE('',*,*,#4302,.F.);
#1522=ORIENTED_EDGE('',*,*,#4304,.T.);
#1523=ORIENTED_EDGE('',*,*,#4305,.T.);
#1524=ORIENTED_EDGE('',*,*,#4306,.T.);
#1525=ORIENTED_EDGE('',*,*,#3782,.F.);
#1526=ORIENTED_EDGE('',*,*,#4303,.T.);
#1527=ORIENTED_EDGE('',*,*,#4307,.F.);
#1528=ORIENTED_EDGE('',*,*,#4308,.F.);
#1529=ORIENTED_EDGE('',*,*,#3783,.F.);
#1530=ORIENTED_EDGE('',*,*,#4308,.T.);
#1531=ORIENTED_EDGE('',*,*,#4309,.F.);
#1532=ORIENTED_EDGE('',*,*,#4310,.F.);
#1533=ORIENTED_EDGE('',*,*,#4311,.F.);
#1534=ORIENTED_EDGE('',*,*,#4300,.T.);
#1535=ORIENTED_EDGE('',*,*,#4312,.F.);
#1536=ORIENTED_EDGE('',*,*,#4313,.F.);
#1537=ORIENTED_EDGE('',*,*,#4310,.T.);
#1538=ORIENTED_EDGE('',*,*,#4314,.T.);
#1539=ORIENTED_EDGE('',*,*,#3788,.F.);
#1540=ORIENTED_EDGE('',*,*,#4315,.F.);
#1541=ORIENTED_EDGE('',*,*,#4316,.T.);
#1542=ORIENTED_EDGE('',*,*,#4317,.T.);
#1543=ORIENTED_EDGE('',*,*,#4318,.F.);
#1544=ORIENTED_EDGE('',*,*,#3789,.T.);
#1545=ORIENTED_EDGE('',*,*,#4317,.F.);
#1546=ORIENTED_EDGE('',*,*,#4319,.T.);
#1547=ORIENTED_EDGE('',*,*,#4320,.T.);
#1548=ORIENTED_EDGE('',*,*,#4321,.T.);
#1549=ORIENTED_EDGE('',*,*,#3786,.F.);
#1550=ORIENTED_EDGE('',*,*,#4318,.T.);
#1551=ORIENTED_EDGE('',*,*,#4322,.F.);
#1552=ORIENTED_EDGE('',*,*,#4323,.F.);
#1553=ORIENTED_EDGE('',*,*,#3787,.F.);
#1554=ORIENTED_EDGE('',*,*,#4323,.T.);
#1555=ORIENTED_EDGE('',*,*,#4324,.F.);
#1556=ORIENTED_EDGE('',*,*,#4325,.F.);
#1557=ORIENTED_EDGE('',*,*,#4326,.F.);
#1558=ORIENTED_EDGE('',*,*,#4315,.T.);
#1559=ORIENTED_EDGE('',*,*,#4327,.F.);
#1560=ORIENTED_EDGE('',*,*,#4328,.F.);
#1561=ORIENTED_EDGE('',*,*,#4325,.T.);
#1562=ORIENTED_EDGE('',*,*,#4329,.T.);
#1563=ORIENTED_EDGE('',*,*,#4330,.F.);
#1564=ORIENTED_EDGE('',*,*,#3793,.T.);
#1565=ORIENTED_EDGE('',*,*,#4331,.T.);
#1566=ORIENTED_EDGE('',*,*,#4332,.T.);
#1567=ORIENTED_EDGE('',*,*,#4333,.T.);
#1568=ORIENTED_EDGE('',*,*,#3790,.T.);
#1569=ORIENTED_EDGE('',*,*,#4330,.T.);
#1570=ORIENTED_EDGE('',*,*,#4334,.F.);
#1571=ORIENTED_EDGE('',*,*,#4335,.F.);
#1572=ORIENTED_EDGE('',*,*,#4336,.F.);
#1573=ORIENTED_EDGE('',*,*,#4337,.T.);
#1574=ORIENTED_EDGE('',*,*,#3791,.T.);
#1575=ORIENTED_EDGE('',*,*,#4333,.F.);
#1576=ORIENTED_EDGE('',*,*,#4338,.F.);
#1577=ORIENTED_EDGE('',*,*,#3792,.F.);
#1578=ORIENTED_EDGE('',*,*,#4337,.F.);
#1579=ORIENTED_EDGE('',*,*,#4339,.F.);
#1580=ORIENTED_EDGE('',*,*,#4340,.F.);
#1581=ORIENTED_EDGE('',*,*,#4341,.F.);
#1582=ORIENTED_EDGE('',*,*,#4331,.F.);
#1583=ORIENTED_EDGE('',*,*,#4342,.F.);
#1584=ORIENTED_EDGE('',*,*,#4343,.F.);
#1585=ORIENTED_EDGE('',*,*,#4340,.T.);
#1586=ORIENTED_EDGE('',*,*,#4344,.T.);
#1587=ORIENTED_EDGE('',*,*,#4345,.F.);
#1588=ORIENTED_EDGE('',*,*,#3797,.T.);
#1589=ORIENTED_EDGE('',*,*,#4346,.T.);
#1590=ORIENTED_EDGE('',*,*,#4347,.T.);
#1591=ORIENTED_EDGE('',*,*,#4348,.T.);
#1592=ORIENTED_EDGE('',*,*,#3794,.T.);
#1593=ORIENTED_EDGE('',*,*,#4345,.T.);
#1594=ORIENTED_EDGE('',*,*,#4349,.F.);
#1595=ORIENTED_EDGE('',*,*,#4350,.F.);
#1596=ORIENTED_EDGE('',*,*,#4351,.F.);
#1597=ORIENTED_EDGE('',*,*,#4352,.T.);
#1598=ORIENTED_EDGE('',*,*,#3795,.T.);
#1599=ORIENTED_EDGE('',*,*,#4348,.F.);
#1600=ORIENTED_EDGE('',*,*,#4353,.F.);
#1601=ORIENTED_EDGE('',*,*,#3796,.F.);
#1602=ORIENTED_EDGE('',*,*,#4352,.F.);
#1603=ORIENTED_EDGE('',*,*,#4354,.F.);
#1604=ORIENTED_EDGE('',*,*,#4355,.F.);
#1605=ORIENTED_EDGE('',*,*,#4356,.F.);
#1606=ORIENTED_EDGE('',*,*,#4346,.F.);
#1607=ORIENTED_EDGE('',*,*,#4357,.F.);
#1608=ORIENTED_EDGE('',*,*,#4358,.F.);
#1609=ORIENTED_EDGE('',*,*,#4355,.T.);
#1610=ORIENTED_EDGE('',*,*,#4359,.T.);
#1611=ORIENTED_EDGE('',*,*,#4360,.F.);
#1612=ORIENTED_EDGE('',*,*,#3801,.T.);
#1613=ORIENTED_EDGE('',*,*,#4361,.T.);
#1614=ORIENTED_EDGE('',*,*,#4362,.T.);
#1615=ORIENTED_EDGE('',*,*,#4363,.T.);
#1616=ORIENTED_EDGE('',*,*,#3798,.T.);
#1617=ORIENTED_EDGE('',*,*,#4360,.T.);
#1618=ORIENTED_EDGE('',*,*,#4364,.F.);
#1619=ORIENTED_EDGE('',*,*,#4365,.F.);
#1620=ORIENTED_EDGE('',*,*,#4366,.F.);
#1621=ORIENTED_EDGE('',*,*,#4367,.T.);
#1622=ORIENTED_EDGE('',*,*,#3799,.T.);
#1623=ORIENTED_EDGE('',*,*,#4363,.F.);
#1624=ORIENTED_EDGE('',*,*,#4368,.F.);
#1625=ORIENTED_EDGE('',*,*,#3800,.F.);
#1626=ORIENTED_EDGE('',*,*,#4367,.F.);
#1627=ORIENTED_EDGE('',*,*,#4369,.F.);
#1628=ORIENTED_EDGE('',*,*,#4370,.F.);
#1629=ORIENTED_EDGE('',*,*,#4371,.F.);
#1630=ORIENTED_EDGE('',*,*,#4361,.F.);
#1631=ORIENTED_EDGE('',*,*,#4372,.F.);
#1632=ORIENTED_EDGE('',*,*,#4373,.F.);
#1633=ORIENTED_EDGE('',*,*,#4370,.T.);
#1634=ORIENTED_EDGE('',*,*,#4374,.T.);
#1635=ORIENTED_EDGE('',*,*,#4375,.F.);
#1636=ORIENTED_EDGE('',*,*,#3805,.T.);
#1637=ORIENTED_EDGE('',*,*,#4376,.T.);
#1638=ORIENTED_EDGE('',*,*,#4377,.T.);
#1639=ORIENTED_EDGE('',*,*,#4378,.T.);
#1640=ORIENTED_EDGE('',*,*,#3802,.T.);
#1641=ORIENTED_EDGE('',*,*,#4375,.T.);
#1642=ORIENTED_EDGE('',*,*,#4379,.F.);
#1643=ORIENTED_EDGE('',*,*,#4380,.F.);
#1644=ORIENTED_EDGE('',*,*,#4381,.F.);
#1645=ORIENTED_EDGE('',*,*,#4382,.T.);
#1646=ORIENTED_EDGE('',*,*,#3803,.T.);
#1647=ORIENTED_EDGE('',*,*,#4378,.F.);
#1648=ORIENTED_EDGE('',*,*,#4383,.F.);
#1649=ORIENTED_EDGE('',*,*,#3804,.F.);
#1650=ORIENTED_EDGE('',*,*,#4382,.F.);
#1651=ORIENTED_EDGE('',*,*,#4384,.F.);
#1652=ORIENTED_EDGE('',*,*,#4385,.F.);
#1653=ORIENTED_EDGE('',*,*,#4386,.F.);
#1654=ORIENTED_EDGE('',*,*,#4376,.F.);
#1655=ORIENTED_EDGE('',*,*,#4387,.F.);
#1656=ORIENTED_EDGE('',*,*,#4388,.F.);
#1657=ORIENTED_EDGE('',*,*,#4385,.T.);
#1658=ORIENTED_EDGE('',*,*,#4389,.T.);
#1659=ORIENTED_EDGE('',*,*,#4390,.F.);
#1660=ORIENTED_EDGE('',*,*,#3809,.T.);
#1661=ORIENTED_EDGE('',*,*,#4391,.T.);
#1662=ORIENTED_EDGE('',*,*,#4392,.T.);
#1663=ORIENTED_EDGE('',*,*,#4393,.T.);
#1664=ORIENTED_EDGE('',*,*,#3806,.T.);
#1665=ORIENTED_EDGE('',*,*,#4390,.T.);
#1666=ORIENTED_EDGE('',*,*,#4394,.F.);
#1667=ORIENTED_EDGE('',*,*,#4395,.F.);
#1668=ORIENTED_EDGE('',*,*,#4396,.F.);
#1669=ORIENTED_EDGE('',*,*,#4397,.T.);
#1670=ORIENTED_EDGE('',*,*,#3807,.T.);
#1671=ORIENTED_EDGE('',*,*,#4393,.F.);
#1672=ORIENTED_EDGE('',*,*,#4398,.F.);
#1673=ORIENTED_EDGE('',*,*,#3808,.F.);
#1674=ORIENTED_EDGE('',*,*,#4397,.F.);
#1675=ORIENTED_EDGE('',*,*,#4399,.F.);
#1676=ORIENTED_EDGE('',*,*,#4400,.F.);
#1677=ORIENTED_EDGE('',*,*,#4401,.F.);
#1678=ORIENTED_EDGE('',*,*,#4391,.F.);
#1679=ORIENTED_EDGE('',*,*,#4402,.F.);
#1680=ORIENTED_EDGE('',*,*,#4403,.F.);
#1681=ORIENTED_EDGE('',*,*,#4400,.T.);
#1682=ORIENTED_EDGE('',*,*,#4404,.T.);
#1683=ORIENTED_EDGE('',*,*,#4405,.F.);
#1684=ORIENTED_EDGE('',*,*,#3813,.T.);
#1685=ORIENTED_EDGE('',*,*,#4406,.T.);
#1686=ORIENTED_EDGE('',*,*,#4407,.T.);
#1687=ORIENTED_EDGE('',*,*,#4408,.T.);
#1688=ORIENTED_EDGE('',*,*,#3810,.T.);
#1689=ORIENTED_EDGE('',*,*,#4405,.T.);
#1690=ORIENTED_EDGE('',*,*,#4409,.F.);
#1691=ORIENTED_EDGE('',*,*,#4410,.F.);
#1692=ORIENTED_EDGE('',*,*,#4411,.F.);
#1693=ORIENTED_EDGE('',*,*,#4412,.T.);
#1694=ORIENTED_EDGE('',*,*,#3811,.T.);
#1695=ORIENTED_EDGE('',*,*,#4408,.F.);
#1696=ORIENTED_EDGE('',*,*,#4413,.F.);
#1697=ORIENTED_EDGE('',*,*,#3812,.F.);
#1698=ORIENTED_EDGE('',*,*,#4412,.F.);
#1699=ORIENTED_EDGE('',*,*,#4414,.F.);
#1700=ORIENTED_EDGE('',*,*,#4415,.F.);
#1701=ORIENTED_EDGE('',*,*,#4416,.F.);
#1702=ORIENTED_EDGE('',*,*,#4406,.F.);
#1703=ORIENTED_EDGE('',*,*,#4417,.F.);
#1704=ORIENTED_EDGE('',*,*,#4418,.F.);
#1705=ORIENTED_EDGE('',*,*,#4415,.T.);
#1706=ORIENTED_EDGE('',*,*,#4419,.T.);
#1707=ORIENTED_EDGE('',*,*,#4420,.F.);
#1708=ORIENTED_EDGE('',*,*,#3817,.T.);
#1709=ORIENTED_EDGE('',*,*,#4421,.T.);
#1710=ORIENTED_EDGE('',*,*,#4422,.T.);
#1711=ORIENTED_EDGE('',*,*,#4423,.T.);
#1712=ORIENTED_EDGE('',*,*,#3814,.T.);
#1713=ORIENTED_EDGE('',*,*,#4420,.T.);
#1714=ORIENTED_EDGE('',*,*,#4424,.F.);
#1715=ORIENTED_EDGE('',*,*,#4425,.F.);
#1716=ORIENTED_EDGE('',*,*,#4426,.F.);
#1717=ORIENTED_EDGE('',*,*,#4427,.T.);
#1718=ORIENTED_EDGE('',*,*,#3815,.T.);
#1719=ORIENTED_EDGE('',*,*,#4423,.F.);
#1720=ORIENTED_EDGE('',*,*,#4428,.F.);
#1721=ORIENTED_EDGE('',*,*,#3816,.F.);
#1722=ORIENTED_EDGE('',*,*,#4427,.F.);
#1723=ORIENTED_EDGE('',*,*,#4429,.F.);
#1724=ORIENTED_EDGE('',*,*,#4430,.F.);
#1725=ORIENTED_EDGE('',*,*,#4431,.F.);
#1726=ORIENTED_EDGE('',*,*,#4421,.F.);
#1727=ORIENTED_EDGE('',*,*,#4432,.F.);
#1728=ORIENTED_EDGE('',*,*,#4433,.F.);
#1729=ORIENTED_EDGE('',*,*,#4430,.T.);
#1730=ORIENTED_EDGE('',*,*,#4434,.T.);
#1731=ORIENTED_EDGE('',*,*,#4435,.F.);
#1732=ORIENTED_EDGE('',*,*,#3821,.T.);
#1733=ORIENTED_EDGE('',*,*,#4436,.T.);
#1734=ORIENTED_EDGE('',*,*,#4437,.T.);
#1735=ORIENTED_EDGE('',*,*,#4438,.T.);
#1736=ORIENTED_EDGE('',*,*,#3818,.T.);
#1737=ORIENTED_EDGE('',*,*,#4435,.T.);
#1738=ORIENTED_EDGE('',*,*,#4439,.F.);
#1739=ORIENTED_EDGE('',*,*,#4440,.F.);
#1740=ORIENTED_EDGE('',*,*,#4441,.F.);
#1741=ORIENTED_EDGE('',*,*,#4442,.T.);
#1742=ORIENTED_EDGE('',*,*,#3819,.T.);
#1743=ORIENTED_EDGE('',*,*,#4438,.F.);
#1744=ORIENTED_EDGE('',*,*,#4443,.F.);
#1745=ORIENTED_EDGE('',*,*,#3820,.F.);
#1746=ORIENTED_EDGE('',*,*,#4442,.F.);
#1747=ORIENTED_EDGE('',*,*,#4444,.F.);
#1748=ORIENTED_EDGE('',*,*,#4445,.F.);
#1749=ORIENTED_EDGE('',*,*,#4446,.F.);
#1750=ORIENTED_EDGE('',*,*,#4436,.F.);
#1751=ORIENTED_EDGE('',*,*,#4447,.F.);
#1752=ORIENTED_EDGE('',*,*,#4448,.F.);
#1753=ORIENTED_EDGE('',*,*,#4445,.T.);
#1754=ORIENTED_EDGE('',*,*,#4449,.T.);
#1755=ORIENTED_EDGE('',*,*,#4450,.F.);
#1756=ORIENTED_EDGE('',*,*,#3825,.T.);
#1757=ORIENTED_EDGE('',*,*,#4451,.T.);
#1758=ORIENTED_EDGE('',*,*,#4452,.T.);
#1759=ORIENTED_EDGE('',*,*,#4453,.T.);
#1760=ORIENTED_EDGE('',*,*,#3822,.T.);
#1761=ORIENTED_EDGE('',*,*,#4450,.T.);
#1762=ORIENTED_EDGE('',*,*,#4454,.F.);
#1763=ORIENTED_EDGE('',*,*,#4455,.F.);
#1764=ORIENTED_EDGE('',*,*,#4456,.F.);
#1765=ORIENTED_EDGE('',*,*,#4457,.T.);
#1766=ORIENTED_EDGE('',*,*,#3823,.T.);
#1767=ORIENTED_EDGE('',*,*,#4453,.F.);
#1768=ORIENTED_EDGE('',*,*,#4458,.F.);
#1769=ORIENTED_EDGE('',*,*,#3824,.F.);
#1770=ORIENTED_EDGE('',*,*,#4457,.F.);
#1771=ORIENTED_EDGE('',*,*,#4459,.F.);
#1772=ORIENTED_EDGE('',*,*,#4460,.F.);
#1773=ORIENTED_EDGE('',*,*,#4461,.F.);
#1774=ORIENTED_EDGE('',*,*,#4451,.F.);
#1775=ORIENTED_EDGE('',*,*,#4462,.F.);
#1776=ORIENTED_EDGE('',*,*,#4463,.F.);
#1777=ORIENTED_EDGE('',*,*,#4460,.T.);
#1778=ORIENTED_EDGE('',*,*,#4464,.T.);
#1779=ORIENTED_EDGE('',*,*,#4465,.F.);
#1780=ORIENTED_EDGE('',*,*,#3829,.T.);
#1781=ORIENTED_EDGE('',*,*,#4466,.T.);
#1782=ORIENTED_EDGE('',*,*,#4467,.T.);
#1783=ORIENTED_EDGE('',*,*,#4468,.T.);
#1784=ORIENTED_EDGE('',*,*,#3826,.T.);
#1785=ORIENTED_EDGE('',*,*,#4465,.T.);
#1786=ORIENTED_EDGE('',*,*,#4469,.F.);
#1787=ORIENTED_EDGE('',*,*,#4470,.F.);
#1788=ORIENTED_EDGE('',*,*,#4471,.F.);
#1789=ORIENTED_EDGE('',*,*,#4472,.T.);
#1790=ORIENTED_EDGE('',*,*,#3827,.T.);
#1791=ORIENTED_EDGE('',*,*,#4468,.F.);
#1792=ORIENTED_EDGE('',*,*,#4473,.F.);
#1793=ORIENTED_EDGE('',*,*,#3828,.F.);
#1794=ORIENTED_EDGE('',*,*,#4472,.F.);
#1795=ORIENTED_EDGE('',*,*,#4474,.F.);
#1796=ORIENTED_EDGE('',*,*,#4475,.F.);
#1797=ORIENTED_EDGE('',*,*,#4476,.F.);
#1798=ORIENTED_EDGE('',*,*,#4466,.F.);
#1799=ORIENTED_EDGE('',*,*,#4477,.F.);
#1800=ORIENTED_EDGE('',*,*,#4478,.F.);
#1801=ORIENTED_EDGE('',*,*,#4475,.T.);
#1802=ORIENTED_EDGE('',*,*,#4479,.T.);
#1803=ORIENTED_EDGE('',*,*,#4480,.F.);
#1804=ORIENTED_EDGE('',*,*,#3833,.T.);
#1805=ORIENTED_EDGE('',*,*,#4481,.T.);
#1806=ORIENTED_EDGE('',*,*,#4482,.T.);
#1807=ORIENTED_EDGE('',*,*,#4483,.T.);
#1808=ORIENTED_EDGE('',*,*,#3830,.T.);
#1809=ORIENTED_EDGE('',*,*,#4480,.T.);
#1810=ORIENTED_EDGE('',*,*,#4484,.F.);
#1811=ORIENTED_EDGE('',*,*,#4485,.F.);
#1812=ORIENTED_EDGE('',*,*,#4486,.F.);
#1813=ORIENTED_EDGE('',*,*,#4487,.T.);
#1814=ORIENTED_EDGE('',*,*,#3831,.T.);
#1815=ORIENTED_EDGE('',*,*,#4483,.F.);
#1816=ORIENTED_EDGE('',*,*,#4488,.F.);
#1817=ORIENTED_EDGE('',*,*,#3832,.F.);
#1818=ORIENTED_EDGE('',*,*,#4487,.F.);
#1819=ORIENTED_EDGE('',*,*,#4489,.F.);
#1820=ORIENTED_EDGE('',*,*,#4490,.F.);
#1821=ORIENTED_EDGE('',*,*,#4491,.F.);
#1822=ORIENTED_EDGE('',*,*,#4481,.F.);
#1823=ORIENTED_EDGE('',*,*,#4492,.F.);
#1824=ORIENTED_EDGE('',*,*,#4493,.F.);
#1825=ORIENTED_EDGE('',*,*,#4490,.T.);
#1826=ORIENTED_EDGE('',*,*,#4494,.T.);
#1827=ORIENTED_EDGE('',*,*,#4495,.F.);
#1828=ORIENTED_EDGE('',*,*,#3837,.T.);
#1829=ORIENTED_EDGE('',*,*,#4496,.T.);
#1830=ORIENTED_EDGE('',*,*,#4497,.T.);
#1831=ORIENTED_EDGE('',*,*,#4498,.T.);
#1832=ORIENTED_EDGE('',*,*,#3834,.T.);
#1833=ORIENTED_EDGE('',*,*,#4495,.T.);
#1834=ORIENTED_EDGE('',*,*,#4499,.F.);
#1835=ORIENTED_EDGE('',*,*,#4500,.F.);
#1836=ORIENTED_EDGE('',*,*,#4501,.F.);
#1837=ORIENTED_EDGE('',*,*,#4502,.T.);
#1838=ORIENTED_EDGE('',*,*,#3835,.T.);
#1839=ORIENTED_EDGE('',*,*,#4498,.F.);
#1840=ORIENTED_EDGE('',*,*,#4503,.F.);
#1841=ORIENTED_EDGE('',*,*,#3836,.F.);
#1842=ORIENTED_EDGE('',*,*,#4502,.F.);
#1843=ORIENTED_EDGE('',*,*,#4504,.F.);
#1844=ORIENTED_EDGE('',*,*,#4505,.F.);
#1845=ORIENTED_EDGE('',*,*,#4506,.F.);
#1846=ORIENTED_EDGE('',*,*,#4496,.F.);
#1847=ORIENTED_EDGE('',*,*,#4507,.F.);
#1848=ORIENTED_EDGE('',*,*,#4508,.F.);
#1849=ORIENTED_EDGE('',*,*,#4505,.T.);
#1850=ORIENTED_EDGE('',*,*,#4509,.T.);
#1851=ORIENTED_EDGE('',*,*,#3909,.F.);
#1852=ORIENTED_EDGE('',*,*,#3907,.F.);
#1853=ORIENTED_EDGE('',*,*,#3905,.F.);
#1854=ORIENTED_EDGE('',*,*,#3902,.F.);
#1855=ORIENTED_EDGE('',*,*,#3901,.F.);
#1856=ORIENTED_EDGE('',*,*,#3899,.F.);
#1857=ORIENTED_EDGE('',*,*,#3897,.F.);
#1858=ORIENTED_EDGE('',*,*,#3894,.F.);
#1859=ORIENTED_EDGE('',*,*,#3893,.F.);
#1860=ORIENTED_EDGE('',*,*,#3891,.F.);
#1861=ORIENTED_EDGE('',*,*,#3889,.F.);
#1862=ORIENTED_EDGE('',*,*,#3886,.F.);
#1863=ORIENTED_EDGE('',*,*,#3885,.F.);
#1864=ORIENTED_EDGE('',*,*,#3883,.F.);
#1865=ORIENTED_EDGE('',*,*,#3881,.F.);
#1866=ORIENTED_EDGE('',*,*,#3878,.F.);
#1867=ORIENTED_EDGE('',*,*,#3877,.F.);
#1868=ORIENTED_EDGE('',*,*,#3875,.F.);
#1869=ORIENTED_EDGE('',*,*,#3873,.F.);
#1870=ORIENTED_EDGE('',*,*,#3870,.F.);
#1871=ORIENTED_EDGE('',*,*,#3869,.F.);
#1872=ORIENTED_EDGE('',*,*,#3867,.F.);
#1873=ORIENTED_EDGE('',*,*,#3865,.F.);
#1874=ORIENTED_EDGE('',*,*,#3862,.F.);
#1875=ORIENTED_EDGE('',*,*,#3861,.F.);
#1876=ORIENTED_EDGE('',*,*,#3859,.F.);
#1877=ORIENTED_EDGE('',*,*,#3857,.F.);
#1878=ORIENTED_EDGE('',*,*,#3854,.F.);
#1879=ORIENTED_EDGE('',*,*,#3853,.F.);
#1880=ORIENTED_EDGE('',*,*,#3851,.F.);
#1881=ORIENTED_EDGE('',*,*,#3849,.F.);
#1882=ORIENTED_EDGE('',*,*,#3846,.F.);
#1883=ORIENTED_EDGE('',*,*,#4510,.F.);
#1884=ORIENTED_EDGE('',*,*,#4511,.F.);
#1885=ORIENTED_EDGE('',*,*,#4512,.F.);
#1886=ORIENTED_EDGE('',*,*,#3922,.F.);
#1887=ORIENTED_EDGE('',*,*,#4513,.F.);
#1888=ORIENTED_EDGE('',*,*,#4514,.F.);
#1889=ORIENTED_EDGE('',*,*,#4515,.F.);
#1890=ORIENTED_EDGE('',*,*,#3937,.F.);
#1891=ORIENTED_EDGE('',*,*,#4516,.F.);
#1892=ORIENTED_EDGE('',*,*,#4517,.F.);
#1893=ORIENTED_EDGE('',*,*,#4518,.F.);
#1894=ORIENTED_EDGE('',*,*,#3952,.F.);
#1895=ORIENTED_EDGE('',*,*,#4519,.F.);
#1896=ORIENTED_EDGE('',*,*,#4520,.F.);
#1897=ORIENTED_EDGE('',*,*,#4521,.F.);
#1898=ORIENTED_EDGE('',*,*,#3967,.F.);
#1899=ORIENTED_EDGE('',*,*,#4522,.F.);
#1900=ORIENTED_EDGE('',*,*,#4523,.F.);
#1901=ORIENTED_EDGE('',*,*,#4524,.F.);
#1902=ORIENTED_EDGE('',*,*,#3982,.F.);
#1903=ORIENTED_EDGE('',*,*,#4525,.F.);
#1904=ORIENTED_EDGE('',*,*,#4526,.F.);
#1905=ORIENTED_EDGE('',*,*,#4527,.F.);
#1906=ORIENTED_EDGE('',*,*,#3997,.F.);
#1907=ORIENTED_EDGE('',*,*,#4528,.F.);
#1908=ORIENTED_EDGE('',*,*,#4529,.F.);
#1909=ORIENTED_EDGE('',*,*,#4530,.F.);
#1910=ORIENTED_EDGE('',*,*,#4012,.F.);
#1911=ORIENTED_EDGE('',*,*,#4531,.F.);
#1912=ORIENTED_EDGE('',*,*,#4532,.F.);
#1913=ORIENTED_EDGE('',*,*,#4533,.F.);
#1914=ORIENTED_EDGE('',*,*,#4027,.F.);
#1915=ORIENTED_EDGE('',*,*,#4534,.F.);
#1916=ORIENTED_EDGE('',*,*,#4535,.F.);
#1917=ORIENTED_EDGE('',*,*,#4536,.F.);
#1918=ORIENTED_EDGE('',*,*,#4042,.F.);
#1919=ORIENTED_EDGE('',*,*,#4537,.F.);
#1920=ORIENTED_EDGE('',*,*,#4538,.F.);
#1921=ORIENTED_EDGE('',*,*,#4539,.F.);
#1922=ORIENTED_EDGE('',*,*,#4057,.F.);
#1923=ORIENTED_EDGE('',*,*,#4540,.F.);
#1924=ORIENTED_EDGE('',*,*,#4541,.F.);
#1925=ORIENTED_EDGE('',*,*,#4542,.F.);
#1926=ORIENTED_EDGE('',*,*,#4072,.F.);
#1927=ORIENTED_EDGE('',*,*,#4543,.F.);
#1928=ORIENTED_EDGE('',*,*,#4544,.F.);
#1929=ORIENTED_EDGE('',*,*,#4545,.F.);
#1930=ORIENTED_EDGE('',*,*,#4087,.F.);
#1931=ORIENTED_EDGE('',*,*,#4546,.F.);
#1932=ORIENTED_EDGE('',*,*,#4547,.F.);
#1933=ORIENTED_EDGE('',*,*,#4548,.F.);
#1934=ORIENTED_EDGE('',*,*,#4102,.F.);
#1935=ORIENTED_EDGE('',*,*,#4549,.F.);
#1936=ORIENTED_EDGE('',*,*,#4550,.F.);
#1937=ORIENTED_EDGE('',*,*,#4551,.F.);
#1938=ORIENTED_EDGE('',*,*,#4117,.F.);
#1939=ORIENTED_EDGE('',*,*,#4552,.F.);
#1940=ORIENTED_EDGE('',*,*,#4553,.F.);
#1941=ORIENTED_EDGE('',*,*,#4554,.F.);
#1942=ORIENTED_EDGE('',*,*,#4555,.F.);
#1943=ORIENTED_EDGE('',*,*,#4556,.T.);
#1944=ORIENTED_EDGE('',*,*,#4132,.T.);
#1945=ORIENTED_EDGE('',*,*,#4557,.T.);
#1946=ORIENTED_EDGE('',*,*,#4558,.F.);
#1947=ORIENTED_EDGE('',*,*,#4559,.T.);
#1948=ORIENTED_EDGE('',*,*,#4147,.T.);
#1949=ORIENTED_EDGE('',*,*,#4560,.T.);
#1950=ORIENTED_EDGE('',*,*,#4561,.F.);
#1951=ORIENTED_EDGE('',*,*,#4562,.T.);
#1952=ORIENTED_EDGE('',*,*,#4162,.T.);
#1953=ORIENTED_EDGE('',*,*,#4563,.T.);
#1954=ORIENTED_EDGE('',*,*,#4564,.F.);
#1955=ORIENTED_EDGE('',*,*,#4565,.T.);
#1956=ORIENTED_EDGE('',*,*,#4177,.T.);
#1957=ORIENTED_EDGE('',*,*,#4566,.T.);
#1958=ORIENTED_EDGE('',*,*,#4567,.F.);
#1959=ORIENTED_EDGE('',*,*,#4568,.T.);
#1960=ORIENTED_EDGE('',*,*,#4192,.T.);
#1961=ORIENTED_EDGE('',*,*,#4569,.T.);
#1962=ORIENTED_EDGE('',*,*,#4570,.F.);
#1963=ORIENTED_EDGE('',*,*,#4571,.T.);
#1964=ORIENTED_EDGE('',*,*,#4207,.T.);
#1965=ORIENTED_EDGE('',*,*,#4572,.T.);
#1966=ORIENTED_EDGE('',*,*,#4573,.F.);
#1967=ORIENTED_EDGE('',*,*,#4574,.T.);
#1968=ORIENTED_EDGE('',*,*,#4222,.T.);
#1969=ORIENTED_EDGE('',*,*,#4575,.T.);
#1970=ORIENTED_EDGE('',*,*,#4576,.F.);
#1971=ORIENTED_EDGE('',*,*,#4577,.T.);
#1972=ORIENTED_EDGE('',*,*,#4237,.T.);
#1973=ORIENTED_EDGE('',*,*,#4578,.T.);
#1974=ORIENTED_EDGE('',*,*,#4579,.F.);
#1975=ORIENTED_EDGE('',*,*,#4580,.T.);
#1976=ORIENTED_EDGE('',*,*,#4252,.T.);
#1977=ORIENTED_EDGE('',*,*,#4581,.T.);
#1978=ORIENTED_EDGE('',*,*,#4582,.F.);
#1979=ORIENTED_EDGE('',*,*,#4583,.T.);
#1980=ORIENTED_EDGE('',*,*,#4267,.T.);
#1981=ORIENTED_EDGE('',*,*,#4584,.T.);
#1982=ORIENTED_EDGE('',*,*,#4585,.F.);
#1983=ORIENTED_EDGE('',*,*,#4586,.T.);
#1984=ORIENTED_EDGE('',*,*,#4282,.T.);
#1985=ORIENTED_EDGE('',*,*,#4587,.T.);
#1986=ORIENTED_EDGE('',*,*,#4588,.F.);
#1987=ORIENTED_EDGE('',*,*,#4589,.T.);
#1988=ORIENTED_EDGE('',*,*,#4297,.T.);
#1989=ORIENTED_EDGE('',*,*,#4590,.T.);
#1990=ORIENTED_EDGE('',*,*,#4591,.F.);
#1991=ORIENTED_EDGE('',*,*,#4592,.T.);
#1992=ORIENTED_EDGE('',*,*,#4312,.T.);
#1993=ORIENTED_EDGE('',*,*,#4593,.T.);
#1994=ORIENTED_EDGE('',*,*,#4594,.F.);
#1995=ORIENTED_EDGE('',*,*,#4595,.T.);
#1996=ORIENTED_EDGE('',*,*,#4327,.T.);
#1997=ORIENTED_EDGE('',*,*,#4596,.T.);
#1998=ORIENTED_EDGE('',*,*,#4597,.F.);
#1999=ORIENTED_EDGE('',*,*,#4598,.F.);
#2000=ORIENTED_EDGE('',*,*,#4599,.T.);
#2001=ORIENTED_EDGE('',*,*,#4342,.T.);
#2002=ORIENTED_EDGE('',*,*,#4600,.T.);
#2003=ORIENTED_EDGE('',*,*,#4601,.F.);
#2004=ORIENTED_EDGE('',*,*,#4602,.T.);
#2005=ORIENTED_EDGE('',*,*,#4357,.T.);
#2006=ORIENTED_EDGE('',*,*,#4603,.T.);
#2007=ORIENTED_EDGE('',*,*,#4604,.F.);
#2008=ORIENTED_EDGE('',*,*,#4605,.T.);
#2009=ORIENTED_EDGE('',*,*,#4372,.T.);
#2010=ORIENTED_EDGE('',*,*,#4606,.T.);
#2011=ORIENTED_EDGE('',*,*,#4607,.F.);
#2012=ORIENTED_EDGE('',*,*,#4608,.T.);
#2013=ORIENTED_EDGE('',*,*,#4387,.T.);
#2014=ORIENTED_EDGE('',*,*,#4609,.T.);
#2015=ORIENTED_EDGE('',*,*,#4610,.F.);
#2016=ORIENTED_EDGE('',*,*,#4611,.T.);
#2017=ORIENTED_EDGE('',*,*,#4402,.T.);
#2018=ORIENTED_EDGE('',*,*,#4612,.T.);
#2019=ORIENTED_EDGE('',*,*,#4613,.F.);
#2020=ORIENTED_EDGE('',*,*,#4614,.T.);
#2021=ORIENTED_EDGE('',*,*,#4417,.T.);
#2022=ORIENTED_EDGE('',*,*,#4615,.T.);
#2023=ORIENTED_EDGE('',*,*,#4616,.F.);
#2024=ORIENTED_EDGE('',*,*,#4617,.T.);
#2025=ORIENTED_EDGE('',*,*,#4432,.T.);
#2026=ORIENTED_EDGE('',*,*,#4618,.T.);
#2027=ORIENTED_EDGE('',*,*,#4619,.F.);
#2028=ORIENTED_EDGE('',*,*,#4620,.T.);
#2029=ORIENTED_EDGE('',*,*,#4447,.T.);
#2030=ORIENTED_EDGE('',*,*,#4621,.T.);
#2031=ORIENTED_EDGE('',*,*,#4622,.F.);
#2032=ORIENTED_EDGE('',*,*,#4623,.T.);
#2033=ORIENTED_EDGE('',*,*,#4462,.T.);
#2034=ORIENTED_EDGE('',*,*,#4624,.T.);
#2035=ORIENTED_EDGE('',*,*,#4625,.F.);
#2036=ORIENTED_EDGE('',*,*,#4626,.T.);
#2037=ORIENTED_EDGE('',*,*,#4477,.T.);
#2038=ORIENTED_EDGE('',*,*,#4627,.T.);
#2039=ORIENTED_EDGE('',*,*,#4628,.F.);
#2040=ORIENTED_EDGE('',*,*,#4629,.T.);
#2041=ORIENTED_EDGE('',*,*,#4492,.T.);
#2042=ORIENTED_EDGE('',*,*,#4630,.T.);
#2043=ORIENTED_EDGE('',*,*,#4631,.F.);
#2044=ORIENTED_EDGE('',*,*,#4632,.T.);
#2045=ORIENTED_EDGE('',*,*,#4507,.T.);
#2046=ORIENTED_EDGE('',*,*,#4633,.T.);
#2047=ORIENTED_EDGE('',*,*,#3845,.F.);
#2048=ORIENTED_EDGE('',*,*,#3843,.F.);
#2049=ORIENTED_EDGE('',*,*,#3841,.F.);
#2050=ORIENTED_EDGE('',*,*,#3838,.F.);
#2051=ORIENTED_EDGE('',*,*,#4634,.F.);
#2052=ORIENTED_EDGE('',*,*,#4511,.T.);
#2053=ORIENTED_EDGE('',*,*,#4635,.T.);
#2054=ORIENTED_EDGE('',*,*,#3590,.F.);
#2055=ORIENTED_EDGE('',*,*,#4512,.T.);
#2056=ORIENTED_EDGE('',*,*,#4634,.T.);
#2057=ORIENTED_EDGE('',*,*,#3589,.T.);
#2058=ORIENTED_EDGE('',*,*,#4636,.F.);
#2059=ORIENTED_EDGE('',*,*,#3914,.F.);
#2060=ORIENTED_EDGE('',*,*,#3911,.F.);
#2061=ORIENTED_EDGE('',*,*,#3921,.F.);
#2062=ORIENTED_EDGE('',*,*,#3923,.T.);
#2063=ORIENTED_EDGE('',*,*,#3588,.T.);
#2064=ORIENTED_EDGE('',*,*,#4637,.F.);
#2065=ORIENTED_EDGE('',*,*,#3915,.F.);
#2066=ORIENTED_EDGE('',*,*,#4636,.T.);
#2067=ORIENTED_EDGE('',*,*,#4513,.T.);
#2068=ORIENTED_EDGE('',*,*,#3924,.F.);
#2069=ORIENTED_EDGE('',*,*,#3919,.F.);
#2070=ORIENTED_EDGE('',*,*,#3917,.T.);
#2071=ORIENTED_EDGE('',*,*,#3916,.F.);
#2072=ORIENTED_EDGE('',*,*,#4637,.T.);
#2073=ORIENTED_EDGE('',*,*,#3587,.T.);
#2074=ORIENTED_EDGE('',*,*,#4638,.F.);
#2075=ORIENTED_EDGE('',*,*,#4514,.T.);
#2076=ORIENTED_EDGE('',*,*,#4638,.T.);
#2077=ORIENTED_EDGE('',*,*,#3586,.F.);
#2078=ORIENTED_EDGE('',*,*,#4639,.F.);
#2079=ORIENTED_EDGE('',*,*,#4515,.T.);
#2080=ORIENTED_EDGE('',*,*,#4639,.T.);
#2081=ORIENTED_EDGE('',*,*,#3585,.T.);
#2082=ORIENTED_EDGE('',*,*,#4640,.F.);
#2083=ORIENTED_EDGE('',*,*,#3929,.F.);
#2084=ORIENTED_EDGE('',*,*,#3926,.F.);
#2085=ORIENTED_EDGE('',*,*,#3936,.F.);
#2086=ORIENTED_EDGE('',*,*,#3938,.T.);
#2087=ORIENTED_EDGE('',*,*,#3584,.T.);
#2088=ORIENTED_EDGE('',*,*,#4641,.F.);
#2089=ORIENTED_EDGE('',*,*,#3930,.F.);
#2090=ORIENTED_EDGE('',*,*,#4640,.T.);
#2091=ORIENTED_EDGE('',*,*,#4516,.T.);
#2092=ORIENTED_EDGE('',*,*,#3939,.F.);
#2093=ORIENTED_EDGE('',*,*,#3934,.F.);
#2094=ORIENTED_EDGE('',*,*,#3932,.T.);
#2095=ORIENTED_EDGE('',*,*,#3931,.F.);
#2096=ORIENTED_EDGE('',*,*,#4641,.T.);
#2097=ORIENTED_EDGE('',*,*,#3583,.T.);
#2098=ORIENTED_EDGE('',*,*,#4642,.F.);
#2099=ORIENTED_EDGE('',*,*,#4517,.T.);
#2100=ORIENTED_EDGE('',*,*,#4642,.T.);
#2101=ORIENTED_EDGE('',*,*,#3582,.F.);
#2102=ORIENTED_EDGE('',*,*,#4643,.F.);
#2103=ORIENTED_EDGE('',*,*,#4518,.T.);
#2104=ORIENTED_EDGE('',*,*,#4643,.T.);
#2105=ORIENTED_EDGE('',*,*,#3581,.T.);
#2106=ORIENTED_EDGE('',*,*,#4644,.F.);
#2107=ORIENTED_EDGE('',*,*,#3944,.F.);
#2108=ORIENTED_EDGE('',*,*,#3941,.F.);
#2109=ORIENTED_EDGE('',*,*,#3951,.F.);
#2110=ORIENTED_EDGE('',*,*,#3953,.T.);
#2111=ORIENTED_EDGE('',*,*,#3580,.T.);
#2112=ORIENTED_EDGE('',*,*,#4645,.F.);
#2113=ORIENTED_EDGE('',*,*,#3945,.F.);
#2114=ORIENTED_EDGE('',*,*,#4644,.T.);
#2115=ORIENTED_EDGE('',*,*,#4519,.T.);
#2116=ORIENTED_EDGE('',*,*,#3954,.F.);
#2117=ORIENTED_EDGE('',*,*,#3949,.F.);
#2118=ORIENTED_EDGE('',*,*,#3947,.T.);
#2119=ORIENTED_EDGE('',*,*,#3946,.F.);
#2120=ORIENTED_EDGE('',*,*,#4645,.T.);
#2121=ORIENTED_EDGE('',*,*,#3579,.T.);
#2122=ORIENTED_EDGE('',*,*,#4646,.F.);
#2123=ORIENTED_EDGE('',*,*,#4520,.T.);
#2124=ORIENTED_EDGE('',*,*,#4646,.T.);
#2125=ORIENTED_EDGE('',*,*,#3578,.F.);
#2126=ORIENTED_EDGE('',*,*,#4647,.F.);
#2127=ORIENTED_EDGE('',*,*,#4521,.T.);
#2128=ORIENTED_EDGE('',*,*,#4647,.T.);
#2129=ORIENTED_EDGE('',*,*,#3577,.T.);
#2130=ORIENTED_EDGE('',*,*,#4648,.F.);
#2131=ORIENTED_EDGE('',*,*,#3959,.F.);
#2132=ORIENTED_EDGE('',*,*,#3956,.F.);
#2133=ORIENTED_EDGE('',*,*,#3966,.F.);
#2134=ORIENTED_EDGE('',*,*,#3968,.T.);
#2135=ORIENTED_EDGE('',*,*,#3576,.T.);
#2136=ORIENTED_EDGE('',*,*,#4649,.F.);
#2137=ORIENTED_EDGE('',*,*,#3960,.F.);
#2138=ORIENTED_EDGE('',*,*,#4648,.T.);
#2139=ORIENTED_EDGE('',*,*,#4522,.T.);
#2140=ORIENTED_EDGE('',*,*,#3969,.F.);
#2141=ORIENTED_EDGE('',*,*,#3964,.F.);
#2142=ORIENTED_EDGE('',*,*,#3962,.T.);
#2143=ORIENTED_EDGE('',*,*,#3961,.F.);
#2144=ORIENTED_EDGE('',*,*,#4649,.T.);
#2145=ORIENTED_EDGE('',*,*,#3575,.T.);
#2146=ORIENTED_EDGE('',*,*,#4650,.F.);
#2147=ORIENTED_EDGE('',*,*,#4523,.T.);
#2148=ORIENTED_EDGE('',*,*,#4650,.T.);
#2149=ORIENTED_EDGE('',*,*,#3574,.F.);
#2150=ORIENTED_EDGE('',*,*,#4651,.F.);
#2151=ORIENTED_EDGE('',*,*,#4524,.T.);
#2152=ORIENTED_EDGE('',*,*,#4651,.T.);
#2153=ORIENTED_EDGE('',*,*,#3573,.T.);
#2154=ORIENTED_EDGE('',*,*,#4652,.F.);
#2155=ORIENTED_EDGE('',*,*,#3974,.F.);
#2156=ORIENTED_EDGE('',*,*,#3971,.F.);
#2157=ORIENTED_EDGE('',*,*,#3981,.F.);
#2158=ORIENTED_EDGE('',*,*,#3983,.T.);
#2159=ORIENTED_EDGE('',*,*,#3572,.T.);
#2160=ORIENTED_EDGE('',*,*,#4653,.F.);
#2161=ORIENTED_EDGE('',*,*,#3975,.F.);
#2162=ORIENTED_EDGE('',*,*,#4652,.T.);
#2163=ORIENTED_EDGE('',*,*,#4525,.T.);
#2164=ORIENTED_EDGE('',*,*,#3984,.F.);
#2165=ORIENTED_EDGE('',*,*,#3979,.F.);
#2166=ORIENTED_EDGE('',*,*,#3977,.T.);
#2167=ORIENTED_EDGE('',*,*,#3976,.F.);
#2168=ORIENTED_EDGE('',*,*,#4653,.T.);
#2169=ORIENTED_EDGE('',*,*,#3571,.T.);
#2170=ORIENTED_EDGE('',*,*,#4654,.F.);
#2171=ORIENTED_EDGE('',*,*,#4526,.T.);
#2172=ORIENTED_EDGE('',*,*,#4654,.T.);
#2173=ORIENTED_EDGE('',*,*,#3570,.F.);
#2174=ORIENTED_EDGE('',*,*,#4655,.F.);
#2175=ORIENTED_EDGE('',*,*,#4527,.T.);
#2176=ORIENTED_EDGE('',*,*,#4655,.T.);
#2177=ORIENTED_EDGE('',*,*,#3569,.T.);
#2178=ORIENTED_EDGE('',*,*,#4656,.F.);
#2179=ORIENTED_EDGE('',*,*,#3989,.F.);
#2180=ORIENTED_EDGE('',*,*,#3986,.F.);
#2181=ORIENTED_EDGE('',*,*,#3996,.F.);
#2182=ORIENTED_EDGE('',*,*,#3998,.T.);
#2183=ORIENTED_EDGE('',*,*,#3568,.T.);
#2184=ORIENTED_EDGE('',*,*,#4657,.F.);
#2185=ORIENTED_EDGE('',*,*,#3990,.F.);
#2186=ORIENTED_EDGE('',*,*,#4656,.T.);
#2187=ORIENTED_EDGE('',*,*,#4528,.T.);
#2188=ORIENTED_EDGE('',*,*,#3999,.F.);
#2189=ORIENTED_EDGE('',*,*,#3994,.F.);
#2190=ORIENTED_EDGE('',*,*,#3992,.T.);
#2191=ORIENTED_EDGE('',*,*,#3991,.F.);
#2192=ORIENTED_EDGE('',*,*,#4657,.T.);
#2193=ORIENTED_EDGE('',*,*,#3567,.T.);
#2194=ORIENTED_EDGE('',*,*,#4658,.F.);
#2195=ORIENTED_EDGE('',*,*,#4529,.T.);
#2196=ORIENTED_EDGE('',*,*,#4658,.T.);
#2197=ORIENTED_EDGE('',*,*,#3566,.F.);
#2198=ORIENTED_EDGE('',*,*,#4659,.F.);
#2199=ORIENTED_EDGE('',*,*,#4530,.T.);
#2200=ORIENTED_EDGE('',*,*,#4659,.T.);
#2201=ORIENTED_EDGE('',*,*,#3565,.T.);
#2202=ORIENTED_EDGE('',*,*,#4660,.F.);
#2203=ORIENTED_EDGE('',*,*,#4004,.F.);
#2204=ORIENTED_EDGE('',*,*,#4001,.F.);
#2205=ORIENTED_EDGE('',*,*,#4011,.F.);
#2206=ORIENTED_EDGE('',*,*,#4013,.T.);
#2207=ORIENTED_EDGE('',*,*,#3564,.T.);
#2208=ORIENTED_EDGE('',*,*,#4661,.F.);
#2209=ORIENTED_EDGE('',*,*,#4005,.F.);
#2210=ORIENTED_EDGE('',*,*,#4660,.T.);
#2211=ORIENTED_EDGE('',*,*,#4531,.T.);
#2212=ORIENTED_EDGE('',*,*,#4014,.F.);
#2213=ORIENTED_EDGE('',*,*,#4009,.F.);
#2214=ORIENTED_EDGE('',*,*,#4007,.T.);
#2215=ORIENTED_EDGE('',*,*,#4006,.F.);
#2216=ORIENTED_EDGE('',*,*,#4661,.T.);
#2217=ORIENTED_EDGE('',*,*,#3563,.T.);
#2218=ORIENTED_EDGE('',*,*,#4662,.F.);
#2219=ORIENTED_EDGE('',*,*,#4532,.T.);
#2220=ORIENTED_EDGE('',*,*,#4662,.T.);
#2221=ORIENTED_EDGE('',*,*,#3562,.F.);
#2222=ORIENTED_EDGE('',*,*,#4663,.F.);
#2223=ORIENTED_EDGE('',*,*,#4533,.T.);
#2224=ORIENTED_EDGE('',*,*,#4663,.T.);
#2225=ORIENTED_EDGE('',*,*,#3561,.T.);
#2226=ORIENTED_EDGE('',*,*,#4664,.F.);
#2227=ORIENTED_EDGE('',*,*,#4019,.F.);
#2228=ORIENTED_EDGE('',*,*,#4016,.F.);
#2229=ORIENTED_EDGE('',*,*,#4026,.F.);
#2230=ORIENTED_EDGE('',*,*,#4028,.T.);
#2231=ORIENTED_EDGE('',*,*,#3560,.T.);
#2232=ORIENTED_EDGE('',*,*,#4665,.F.);
#2233=ORIENTED_EDGE('',*,*,#4020,.F.);
#2234=ORIENTED_EDGE('',*,*,#4664,.T.);
#2235=ORIENTED_EDGE('',*,*,#4534,.T.);
#2236=ORIENTED_EDGE('',*,*,#4029,.F.);
#2237=ORIENTED_EDGE('',*,*,#4024,.F.);
#2238=ORIENTED_EDGE('',*,*,#4022,.T.);
#2239=ORIENTED_EDGE('',*,*,#4021,.F.);
#2240=ORIENTED_EDGE('',*,*,#4665,.T.);
#2241=ORIENTED_EDGE('',*,*,#3559,.T.);
#2242=ORIENTED_EDGE('',*,*,#4666,.F.);
#2243=ORIENTED_EDGE('',*,*,#4535,.T.);
#2244=ORIENTED_EDGE('',*,*,#4666,.T.);
#2245=ORIENTED_EDGE('',*,*,#3558,.F.);
#2246=ORIENTED_EDGE('',*,*,#4667,.F.);
#2247=ORIENTED_EDGE('',*,*,#4536,.T.);
#2248=ORIENTED_EDGE('',*,*,#4667,.T.);
#2249=ORIENTED_EDGE('',*,*,#3557,.T.);
#2250=ORIENTED_EDGE('',*,*,#4668,.F.);
#2251=ORIENTED_EDGE('',*,*,#4034,.F.);
#2252=ORIENTED_EDGE('',*,*,#4031,.F.);
#2253=ORIENTED_EDGE('',*,*,#4041,.F.);
#2254=ORIENTED_EDGE('',*,*,#4043,.T.);
#2255=ORIENTED_EDGE('',*,*,#3556,.T.);
#2256=ORIENTED_EDGE('',*,*,#4669,.F.);
#2257=ORIENTED_EDGE('',*,*,#4035,.F.);
#2258=ORIENTED_EDGE('',*,*,#4668,.T.);
#2259=ORIENTED_EDGE('',*,*,#4537,.T.);
#2260=ORIENTED_EDGE('',*,*,#4044,.F.);
#2261=ORIENTED_EDGE('',*,*,#4039,.F.);
#2262=ORIENTED_EDGE('',*,*,#4037,.T.);
#2263=ORIENTED_EDGE('',*,*,#4036,.F.);
#2264=ORIENTED_EDGE('',*,*,#4669,.T.);
#2265=ORIENTED_EDGE('',*,*,#3555,.T.);
#2266=ORIENTED_EDGE('',*,*,#4670,.F.);
#2267=ORIENTED_EDGE('',*,*,#4538,.T.);
#2268=ORIENTED_EDGE('',*,*,#4670,.T.);
#2269=ORIENTED_EDGE('',*,*,#3554,.F.);
#2270=ORIENTED_EDGE('',*,*,#4671,.F.);
#2271=ORIENTED_EDGE('',*,*,#4539,.T.);
#2272=ORIENTED_EDGE('',*,*,#4671,.T.);
#2273=ORIENTED_EDGE('',*,*,#3553,.T.);
#2274=ORIENTED_EDGE('',*,*,#4672,.F.);
#2275=ORIENTED_EDGE('',*,*,#4049,.F.);
#2276=ORIENTED_EDGE('',*,*,#4046,.F.);
#2277=ORIENTED_EDGE('',*,*,#4056,.F.);
#2278=ORIENTED_EDGE('',*,*,#4058,.T.);
#2279=ORIENTED_EDGE('',*,*,#3552,.T.);
#2280=ORIENTED_EDGE('',*,*,#4673,.F.);
#2281=ORIENTED_EDGE('',*,*,#4050,.F.);
#2282=ORIENTED_EDGE('',*,*,#4672,.T.);
#2283=ORIENTED_EDGE('',*,*,#4540,.T.);
#2284=ORIENTED_EDGE('',*,*,#4059,.F.);
#2285=ORIENTED_EDGE('',*,*,#4054,.F.);
#2286=ORIENTED_EDGE('',*,*,#4052,.T.);
#2287=ORIENTED_EDGE('',*,*,#4051,.F.);
#2288=ORIENTED_EDGE('',*,*,#4673,.T.);
#2289=ORIENTED_EDGE('',*,*,#3551,.T.);
#2290=ORIENTED_EDGE('',*,*,#4674,.F.);
#2291=ORIENTED_EDGE('',*,*,#4541,.T.);
#2292=ORIENTED_EDGE('',*,*,#4674,.T.);
#2293=ORIENTED_EDGE('',*,*,#3550,.F.);
#2294=ORIENTED_EDGE('',*,*,#4675,.F.);
#2295=ORIENTED_EDGE('',*,*,#4542,.T.);
#2296=ORIENTED_EDGE('',*,*,#4675,.T.);
#2297=ORIENTED_EDGE('',*,*,#3549,.T.);
#2298=ORIENTED_EDGE('',*,*,#4676,.F.);
#2299=ORIENTED_EDGE('',*,*,#4064,.F.);
#2300=ORIENTED_EDGE('',*,*,#4061,.F.);
#2301=ORIENTED_EDGE('',*,*,#4071,.F.);
#2302=ORIENTED_EDGE('',*,*,#4073,.T.);
#2303=ORIENTED_EDGE('',*,*,#3548,.T.);
#2304=ORIENTED_EDGE('',*,*,#4677,.F.);
#2305=ORIENTED_EDGE('',*,*,#4065,.F.);
#2306=ORIENTED_EDGE('',*,*,#4676,.T.);
#2307=ORIENTED_EDGE('',*,*,#4543,.T.);
#2308=ORIENTED_EDGE('',*,*,#4074,.F.);
#2309=ORIENTED_EDGE('',*,*,#4069,.F.);
#2310=ORIENTED_EDGE('',*,*,#4067,.T.);
#2311=ORIENTED_EDGE('',*,*,#4066,.F.);
#2312=ORIENTED_EDGE('',*,*,#4677,.T.);
#2313=ORIENTED_EDGE('',*,*,#3547,.T.);
#2314=ORIENTED_EDGE('',*,*,#4678,.F.);
#2315=ORIENTED_EDGE('',*,*,#4544,.T.);
#2316=ORIENTED_EDGE('',*,*,#4678,.T.);
#2317=ORIENTED_EDGE('',*,*,#3546,.F.);
#2318=ORIENTED_EDGE('',*,*,#4679,.F.);
#2319=ORIENTED_EDGE('',*,*,#4545,.T.);
#2320=ORIENTED_EDGE('',*,*,#4679,.T.);
#2321=ORIENTED_EDGE('',*,*,#3545,.T.);
#2322=ORIENTED_EDGE('',*,*,#4680,.F.);
#2323=ORIENTED_EDGE('',*,*,#4079,.F.);
#2324=ORIENTED_EDGE('',*,*,#4076,.F.);
#2325=ORIENTED_EDGE('',*,*,#4086,.F.);
#2326=ORIENTED_EDGE('',*,*,#4088,.T.);
#2327=ORIENTED_EDGE('',*,*,#3544,.T.);
#2328=ORIENTED_EDGE('',*,*,#4681,.F.);
#2329=ORIENTED_EDGE('',*,*,#4080,.F.);
#2330=ORIENTED_EDGE('',*,*,#4680,.T.);
#2331=ORIENTED_EDGE('',*,*,#4546,.T.);
#2332=ORIENTED_EDGE('',*,*,#4089,.F.);
#2333=ORIENTED_EDGE('',*,*,#4084,.F.);
#2334=ORIENTED_EDGE('',*,*,#4082,.T.);
#2335=ORIENTED_EDGE('',*,*,#4081,.F.);
#2336=ORIENTED_EDGE('',*,*,#4681,.T.);
#2337=ORIENTED_EDGE('',*,*,#3543,.T.);
#2338=ORIENTED_EDGE('',*,*,#4682,.F.);
#2339=ORIENTED_EDGE('',*,*,#4547,.T.);
#2340=ORIENTED_EDGE('',*,*,#4682,.T.);
#2341=ORIENTED_EDGE('',*,*,#3542,.F.);
#2342=ORIENTED_EDGE('',*,*,#4683,.F.);
#2343=ORIENTED_EDGE('',*,*,#4548,.T.);
#2344=ORIENTED_EDGE('',*,*,#4683,.T.);
#2345=ORIENTED_EDGE('',*,*,#3541,.T.);
#2346=ORIENTED_EDGE('',*,*,#4684,.F.);
#2347=ORIENTED_EDGE('',*,*,#4094,.F.);
#2348=ORIENTED_EDGE('',*,*,#4091,.F.);
#2349=ORIENTED_EDGE('',*,*,#4101,.F.);
#2350=ORIENTED_EDGE('',*,*,#4103,.T.);
#2351=ORIENTED_EDGE('',*,*,#3540,.T.);
#2352=ORIENTED_EDGE('',*,*,#4685,.F.);
#2353=ORIENTED_EDGE('',*,*,#4095,.F.);
#2354=ORIENTED_EDGE('',*,*,#4684,.T.);
#2355=ORIENTED_EDGE('',*,*,#4549,.T.);
#2356=ORIENTED_EDGE('',*,*,#4104,.F.);
#2357=ORIENTED_EDGE('',*,*,#4099,.F.);
#2358=ORIENTED_EDGE('',*,*,#4097,.T.);
#2359=ORIENTED_EDGE('',*,*,#4096,.F.);
#2360=ORIENTED_EDGE('',*,*,#4685,.T.);
#2361=ORIENTED_EDGE('',*,*,#3539,.T.);
#2362=ORIENTED_EDGE('',*,*,#4686,.F.);
#2363=ORIENTED_EDGE('',*,*,#4550,.T.);
#2364=ORIENTED_EDGE('',*,*,#4686,.T.);
#2365=ORIENTED_EDGE('',*,*,#3538,.F.);
#2366=ORIENTED_EDGE('',*,*,#4687,.F.);
#2367=ORIENTED_EDGE('',*,*,#4551,.T.);
#2368=ORIENTED_EDGE('',*,*,#4687,.T.);
#2369=ORIENTED_EDGE('',*,*,#3537,.T.);
#2370=ORIENTED_EDGE('',*,*,#4688,.F.);
#2371=ORIENTED_EDGE('',*,*,#4109,.F.);
#2372=ORIENTED_EDGE('',*,*,#4106,.F.);
#2373=ORIENTED_EDGE('',*,*,#4116,.F.);
#2374=ORIENTED_EDGE('',*,*,#4118,.T.);
#2375=ORIENTED_EDGE('',*,*,#3536,.T.);
#2376=ORIENTED_EDGE('',*,*,#4689,.F.);
#2377=ORIENTED_EDGE('',*,*,#4110,.F.);
#2378=ORIENTED_EDGE('',*,*,#4688,.T.);
#2379=ORIENTED_EDGE('',*,*,#4552,.T.);
#2380=ORIENTED_EDGE('',*,*,#4119,.F.);
#2381=ORIENTED_EDGE('',*,*,#4114,.F.);
#2382=ORIENTED_EDGE('',*,*,#4112,.T.);
#2383=ORIENTED_EDGE('',*,*,#4111,.F.);
#2384=ORIENTED_EDGE('',*,*,#4689,.T.);
#2385=ORIENTED_EDGE('',*,*,#3535,.T.);
#2386=ORIENTED_EDGE('',*,*,#4690,.F.);
#2387=ORIENTED_EDGE('',*,*,#4553,.T.);
#2388=ORIENTED_EDGE('',*,*,#4690,.T.);
#2389=ORIENTED_EDGE('',*,*,#3534,.F.);
#2390=ORIENTED_EDGE('',*,*,#4691,.F.);
#2391=ORIENTED_EDGE('',*,*,#3533,.F.);
#2392=ORIENTED_EDGE('',*,*,#4692,.F.);
#2393=ORIENTED_EDGE('',*,*,#4554,.T.);
#2394=ORIENTED_EDGE('',*,*,#4691,.T.);
#2395=ORIENTED_EDGE('',*,*,#4555,.T.);
#2396=ORIENTED_EDGE('',*,*,#4692,.T.);
#2397=ORIENTED_EDGE('',*,*,#3532,.F.);
#2398=ORIENTED_EDGE('',*,*,#4693,.F.);
#2399=ORIENTED_EDGE('',*,*,#4556,.F.);
#2400=ORIENTED_EDGE('',*,*,#4693,.T.);
#2401=ORIENTED_EDGE('',*,*,#3531,.T.);
#2402=ORIENTED_EDGE('',*,*,#4694,.F.);
#2403=ORIENTED_EDGE('',*,*,#4124,.F.);
#2404=ORIENTED_EDGE('',*,*,#4121,.F.);
#2405=ORIENTED_EDGE('',*,*,#4131,.T.);
#2406=ORIENTED_EDGE('',*,*,#4133,.T.);
#2407=ORIENTED_EDGE('',*,*,#3530,.T.);
#2408=ORIENTED_EDGE('',*,*,#4695,.F.);
#2409=ORIENTED_EDGE('',*,*,#4125,.F.);
#2410=ORIENTED_EDGE('',*,*,#4694,.T.);
#2411=ORIENTED_EDGE('',*,*,#4557,.F.);
#2412=ORIENTED_EDGE('',*,*,#4134,.F.);
#2413=ORIENTED_EDGE('',*,*,#4129,.T.);
#2414=ORIENTED_EDGE('',*,*,#4127,.T.);
#2415=ORIENTED_EDGE('',*,*,#4126,.F.);
#2416=ORIENTED_EDGE('',*,*,#4695,.T.);
#2417=ORIENTED_EDGE('',*,*,#3529,.T.);
#2418=ORIENTED_EDGE('',*,*,#4696,.F.);
#2419=ORIENTED_EDGE('',*,*,#4558,.T.);
#2420=ORIENTED_EDGE('',*,*,#4696,.T.);
#2421=ORIENTED_EDGE('',*,*,#3528,.F.);
#2422=ORIENTED_EDGE('',*,*,#4697,.F.);
#2423=ORIENTED_EDGE('',*,*,#4559,.F.);
#2424=ORIENTED_EDGE('',*,*,#4697,.T.);
#2425=ORIENTED_EDGE('',*,*,#3527,.T.);
#2426=ORIENTED_EDGE('',*,*,#4698,.F.);
#2427=ORIENTED_EDGE('',*,*,#4139,.F.);
#2428=ORIENTED_EDGE('',*,*,#4136,.F.);
#2429=ORIENTED_EDGE('',*,*,#4146,.T.);
#2430=ORIENTED_EDGE('',*,*,#4148,.T.);
#2431=ORIENTED_EDGE('',*,*,#3526,.T.);
#2432=ORIENTED_EDGE('',*,*,#4699,.F.);
#2433=ORIENTED_EDGE('',*,*,#4140,.F.);
#2434=ORIENTED_EDGE('',*,*,#4698,.T.);
#2435=ORIENTED_EDGE('',*,*,#4560,.F.);
#2436=ORIENTED_EDGE('',*,*,#4149,.F.);
#2437=ORIENTED_EDGE('',*,*,#4144,.T.);
#2438=ORIENTED_EDGE('',*,*,#4142,.T.);
#2439=ORIENTED_EDGE('',*,*,#4141,.F.);
#2440=ORIENTED_EDGE('',*,*,#4699,.T.);
#2441=ORIENTED_EDGE('',*,*,#3525,.T.);
#2442=ORIENTED_EDGE('',*,*,#4700,.F.);
#2443=ORIENTED_EDGE('',*,*,#4561,.T.);
#2444=ORIENTED_EDGE('',*,*,#4700,.T.);
#2445=ORIENTED_EDGE('',*,*,#3524,.F.);
#2446=ORIENTED_EDGE('',*,*,#4701,.F.);
#2447=ORIENTED_EDGE('',*,*,#4562,.F.);
#2448=ORIENTED_EDGE('',*,*,#4701,.T.);
#2449=ORIENTED_EDGE('',*,*,#3523,.T.);
#2450=ORIENTED_EDGE('',*,*,#4702,.F.);
#2451=ORIENTED_EDGE('',*,*,#4154,.F.);
#2452=ORIENTED_EDGE('',*,*,#4151,.F.);
#2453=ORIENTED_EDGE('',*,*,#4161,.T.);
#2454=ORIENTED_EDGE('',*,*,#4163,.T.);
#2455=ORIENTED_EDGE('',*,*,#3522,.T.);
#2456=ORIENTED_EDGE('',*,*,#4703,.F.);
#2457=ORIENTED_EDGE('',*,*,#4155,.F.);
#2458=ORIENTED_EDGE('',*,*,#4702,.T.);
#2459=ORIENTED_EDGE('',*,*,#4563,.F.);
#2460=ORIENTED_EDGE('',*,*,#4164,.F.);
#2461=ORIENTED_EDGE('',*,*,#4159,.T.);
#2462=ORIENTED_EDGE('',*,*,#4157,.T.);
#2463=ORIENTED_EDGE('',*,*,#4156,.F.);
#2464=ORIENTED_EDGE('',*,*,#4703,.T.);
#2465=ORIENTED_EDGE('',*,*,#3521,.T.);
#2466=ORIENTED_EDGE('',*,*,#4704,.F.);
#2467=ORIENTED_EDGE('',*,*,#4564,.T.);
#2468=ORIENTED_EDGE('',*,*,#4704,.T.);
#2469=ORIENTED_EDGE('',*,*,#3520,.F.);
#2470=ORIENTED_EDGE('',*,*,#4705,.F.);
#2471=ORIENTED_EDGE('',*,*,#4565,.F.);
#2472=ORIENTED_EDGE('',*,*,#4705,.T.);
#2473=ORIENTED_EDGE('',*,*,#3519,.T.);
#2474=ORIENTED_EDGE('',*,*,#4706,.F.);
#2475=ORIENTED_EDGE('',*,*,#4169,.F.);
#2476=ORIENTED_EDGE('',*,*,#4166,.F.);
#2477=ORIENTED_EDGE('',*,*,#4176,.T.);
#2478=ORIENTED_EDGE('',*,*,#4178,.T.);
#2479=ORIENTED_EDGE('',*,*,#3518,.T.);
#2480=ORIENTED_EDGE('',*,*,#4707,.F.);
#2481=ORIENTED_EDGE('',*,*,#4170,.F.);
#2482=ORIENTED_EDGE('',*,*,#4706,.T.);
#2483=ORIENTED_EDGE('',*,*,#4566,.F.);
#2484=ORIENTED_EDGE('',*,*,#4179,.F.);
#2485=ORIENTED_EDGE('',*,*,#4174,.T.);
#2486=ORIENTED_EDGE('',*,*,#4172,.T.);
#2487=ORIENTED_EDGE('',*,*,#4171,.F.);
#2488=ORIENTED_EDGE('',*,*,#4707,.T.);
#2489=ORIENTED_EDGE('',*,*,#3517,.T.);
#2490=ORIENTED_EDGE('',*,*,#4708,.F.);
#2491=ORIENTED_EDGE('',*,*,#4567,.T.);
#2492=ORIENTED_EDGE('',*,*,#4708,.T.);
#2493=ORIENTED_EDGE('',*,*,#3516,.F.);
#2494=ORIENTED_EDGE('',*,*,#4709,.F.);
#2495=ORIENTED_EDGE('',*,*,#4568,.F.);
#2496=ORIENTED_EDGE('',*,*,#4709,.T.);
#2497=ORIENTED_EDGE('',*,*,#3515,.T.);
#2498=ORIENTED_EDGE('',*,*,#4710,.F.);
#2499=ORIENTED_EDGE('',*,*,#4184,.F.);
#2500=ORIENTED_EDGE('',*,*,#4181,.F.);
#2501=ORIENTED_EDGE('',*,*,#4191,.T.);
#2502=ORIENTED_EDGE('',*,*,#4193,.T.);
#2503=ORIENTED_EDGE('',*,*,#3514,.T.);
#2504=ORIENTED_EDGE('',*,*,#4711,.F.);
#2505=ORIENTED_EDGE('',*,*,#4185,.F.);
#2506=ORIENTED_EDGE('',*,*,#4710,.T.);
#2507=ORIENTED_EDGE('',*,*,#4569,.F.);
#2508=ORIENTED_EDGE('',*,*,#4194,.F.);
#2509=ORIENTED_EDGE('',*,*,#4189,.T.);
#2510=ORIENTED_EDGE('',*,*,#4187,.T.);
#2511=ORIENTED_EDGE('',*,*,#4186,.F.);
#2512=ORIENTED_EDGE('',*,*,#4711,.T.);
#2513=ORIENTED_EDGE('',*,*,#3513,.T.);
#2514=ORIENTED_EDGE('',*,*,#4712,.F.);
#2515=ORIENTED_EDGE('',*,*,#4570,.T.);
#2516=ORIENTED_EDGE('',*,*,#4712,.T.);
#2517=ORIENTED_EDGE('',*,*,#3512,.F.);
#2518=ORIENTED_EDGE('',*,*,#4713,.F.);
#2519=ORIENTED_EDGE('',*,*,#4571,.F.);
#2520=ORIENTED_EDGE('',*,*,#4713,.T.);
#2521=ORIENTED_EDGE('',*,*,#3511,.T.);
#2522=ORIENTED_EDGE('',*,*,#4714,.F.);
#2523=ORIENTED_EDGE('',*,*,#4199,.F.);
#2524=ORIENTED_EDGE('',*,*,#4196,.F.);
#2525=ORIENTED_EDGE('',*,*,#4206,.T.);
#2526=ORIENTED_EDGE('',*,*,#4208,.T.);
#2527=ORIENTED_EDGE('',*,*,#3510,.T.);
#2528=ORIENTED_EDGE('',*,*,#4715,.F.);
#2529=ORIENTED_EDGE('',*,*,#4200,.F.);
#2530=ORIENTED_EDGE('',*,*,#4714,.T.);
#2531=ORIENTED_EDGE('',*,*,#4572,.F.);
#2532=ORIENTED_EDGE('',*,*,#4209,.F.);
#2533=ORIENTED_EDGE('',*,*,#4204,.T.);
#2534=ORIENTED_EDGE('',*,*,#4202,.T.);
#2535=ORIENTED_EDGE('',*,*,#4201,.F.);
#2536=ORIENTED_EDGE('',*,*,#4715,.T.);
#2537=ORIENTED_EDGE('',*,*,#3509,.T.);
#2538=ORIENTED_EDGE('',*,*,#4716,.F.);
#2539=ORIENTED_EDGE('',*,*,#4573,.T.);
#2540=ORIENTED_EDGE('',*,*,#4716,.T.);
#2541=ORIENTED_EDGE('',*,*,#3508,.F.);
#2542=ORIENTED_EDGE('',*,*,#4717,.F.);
#2543=ORIENTED_EDGE('',*,*,#4574,.F.);
#2544=ORIENTED_EDGE('',*,*,#4717,.T.);
#2545=ORIENTED_EDGE('',*,*,#3507,.T.);
#2546=ORIENTED_EDGE('',*,*,#4718,.F.);
#2547=ORIENTED_EDGE('',*,*,#4214,.F.);
#2548=ORIENTED_EDGE('',*,*,#4211,.F.);
#2549=ORIENTED_EDGE('',*,*,#4221,.T.);
#2550=ORIENTED_EDGE('',*,*,#4223,.T.);
#2551=ORIENTED_EDGE('',*,*,#3506,.T.);
#2552=ORIENTED_EDGE('',*,*,#4719,.F.);
#2553=ORIENTED_EDGE('',*,*,#4215,.F.);
#2554=ORIENTED_EDGE('',*,*,#4718,.T.);
#2555=ORIENTED_EDGE('',*,*,#4575,.F.);
#2556=ORIENTED_EDGE('',*,*,#4224,.F.);
#2557=ORIENTED_EDGE('',*,*,#4219,.T.);
#2558=ORIENTED_EDGE('',*,*,#4217,.T.);
#2559=ORIENTED_EDGE('',*,*,#4216,.F.);
#2560=ORIENTED_EDGE('',*,*,#4719,.T.);
#2561=ORIENTED_EDGE('',*,*,#3505,.T.);
#2562=ORIENTED_EDGE('',*,*,#4720,.F.);
#2563=ORIENTED_EDGE('',*,*,#4576,.T.);
#2564=ORIENTED_EDGE('',*,*,#4720,.T.);
#2565=ORIENTED_EDGE('',*,*,#3504,.F.);
#2566=ORIENTED_EDGE('',*,*,#4721,.F.);
#2567=ORIENTED_EDGE('',*,*,#4577,.F.);
#2568=ORIENTED_EDGE('',*,*,#4721,.T.);
#2569=ORIENTED_EDGE('',*,*,#3503,.T.);
#2570=ORIENTED_EDGE('',*,*,#4722,.F.);
#2571=ORIENTED_EDGE('',*,*,#4229,.F.);
#2572=ORIENTED_EDGE('',*,*,#4226,.F.);
#2573=ORIENTED_EDGE('',*,*,#4236,.T.);
#2574=ORIENTED_EDGE('',*,*,#4238,.T.);
#2575=ORIENTED_EDGE('',*,*,#3502,.T.);
#2576=ORIENTED_EDGE('',*,*,#4723,.F.);
#2577=ORIENTED_EDGE('',*,*,#4230,.F.);
#2578=ORIENTED_EDGE('',*,*,#4722,.T.);
#2579=ORIENTED_EDGE('',*,*,#4578,.F.);
#2580=ORIENTED_EDGE('',*,*,#4239,.F.);
#2581=ORIENTED_EDGE('',*,*,#4234,.T.);
#2582=ORIENTED_EDGE('',*,*,#4232,.T.);
#2583=ORIENTED_EDGE('',*,*,#4231,.F.);
#2584=ORIENTED_EDGE('',*,*,#4723,.T.);
#2585=ORIENTED_EDGE('',*,*,#3501,.T.);
#2586=ORIENTED_EDGE('',*,*,#4724,.F.);
#2587=ORIENTED_EDGE('',*,*,#4579,.T.);
#2588=ORIENTED_EDGE('',*,*,#4724,.T.);
#2589=ORIENTED_EDGE('',*,*,#3500,.F.);
#2590=ORIENTED_EDGE('',*,*,#4725,.F.);
#2591=ORIENTED_EDGE('',*,*,#4580,.F.);
#2592=ORIENTED_EDGE('',*,*,#4725,.T.);
#2593=ORIENTED_EDGE('',*,*,#3499,.T.);
#2594=ORIENTED_EDGE('',*,*,#4726,.F.);
#2595=ORIENTED_EDGE('',*,*,#4244,.F.);
#2596=ORIENTED_EDGE('',*,*,#4241,.F.);
#2597=ORIENTED_EDGE('',*,*,#4251,.T.);
#2598=ORIENTED_EDGE('',*,*,#4253,.T.);
#2599=ORIENTED_EDGE('',*,*,#3498,.T.);
#2600=ORIENTED_EDGE('',*,*,#4727,.F.);
#2601=ORIENTED_EDGE('',*,*,#4245,.F.);
#2602=ORIENTED_EDGE('',*,*,#4726,.T.);
#2603=ORIENTED_EDGE('',*,*,#4581,.F.);
#2604=ORIENTED_EDGE('',*,*,#4254,.F.);
#2605=ORIENTED_EDGE('',*,*,#4249,.T.);
#2606=ORIENTED_EDGE('',*,*,#4247,.T.);
#2607=ORIENTED_EDGE('',*,*,#4246,.F.);
#2608=ORIENTED_EDGE('',*,*,#4727,.T.);
#2609=ORIENTED_EDGE('',*,*,#3497,.T.);
#2610=ORIENTED_EDGE('',*,*,#4728,.F.);
#2611=ORIENTED_EDGE('',*,*,#4582,.T.);
#2612=ORIENTED_EDGE('',*,*,#4728,.T.);
#2613=ORIENTED_EDGE('',*,*,#3496,.F.);
#2614=ORIENTED_EDGE('',*,*,#4729,.F.);
#2615=ORIENTED_EDGE('',*,*,#4583,.F.);
#2616=ORIENTED_EDGE('',*,*,#4729,.T.);
#2617=ORIENTED_EDGE('',*,*,#3495,.T.);
#2618=ORIENTED_EDGE('',*,*,#4730,.F.);
#2619=ORIENTED_EDGE('',*,*,#4259,.F.);
#2620=ORIENTED_EDGE('',*,*,#4256,.F.);
#2621=ORIENTED_EDGE('',*,*,#4266,.T.);
#2622=ORIENTED_EDGE('',*,*,#4268,.T.);
#2623=ORIENTED_EDGE('',*,*,#3494,.T.);
#2624=ORIENTED_EDGE('',*,*,#4731,.F.);
#2625=ORIENTED_EDGE('',*,*,#4260,.F.);
#2626=ORIENTED_EDGE('',*,*,#4730,.T.);
#2627=ORIENTED_EDGE('',*,*,#4584,.F.);
#2628=ORIENTED_EDGE('',*,*,#4269,.F.);
#2629=ORIENTED_EDGE('',*,*,#4264,.T.);
#2630=ORIENTED_EDGE('',*,*,#4262,.T.);
#2631=ORIENTED_EDGE('',*,*,#4261,.F.);
#2632=ORIENTED_EDGE('',*,*,#4731,.T.);
#2633=ORIENTED_EDGE('',*,*,#3493,.T.);
#2634=ORIENTED_EDGE('',*,*,#4732,.F.);
#2635=ORIENTED_EDGE('',*,*,#4585,.T.);
#2636=ORIENTED_EDGE('',*,*,#4732,.T.);
#2637=ORIENTED_EDGE('',*,*,#3492,.F.);
#2638=ORIENTED_EDGE('',*,*,#4733,.F.);
#2639=ORIENTED_EDGE('',*,*,#4586,.F.);
#2640=ORIENTED_EDGE('',*,*,#4733,.T.);
#2641=ORIENTED_EDGE('',*,*,#3491,.T.);
#2642=ORIENTED_EDGE('',*,*,#4734,.F.);
#2643=ORIENTED_EDGE('',*,*,#4274,.F.);
#2644=ORIENTED_EDGE('',*,*,#4271,.F.);
#2645=ORIENTED_EDGE('',*,*,#4281,.T.);
#2646=ORIENTED_EDGE('',*,*,#4283,.T.);
#2647=ORIENTED_EDGE('',*,*,#3490,.T.);
#2648=ORIENTED_EDGE('',*,*,#4735,.F.);
#2649=ORIENTED_EDGE('',*,*,#4275,.F.);
#2650=ORIENTED_EDGE('',*,*,#4734,.T.);
#2651=ORIENTED_EDGE('',*,*,#4587,.F.);
#2652=ORIENTED_EDGE('',*,*,#4284,.F.);
#2653=ORIENTED_EDGE('',*,*,#4279,.T.);
#2654=ORIENTED_EDGE('',*,*,#4277,.T.);
#2655=ORIENTED_EDGE('',*,*,#4276,.F.);
#2656=ORIENTED_EDGE('',*,*,#4735,.T.);
#2657=ORIENTED_EDGE('',*,*,#3489,.T.);
#2658=ORIENTED_EDGE('',*,*,#4736,.F.);
#2659=ORIENTED_EDGE('',*,*,#4588,.T.);
#2660=ORIENTED_EDGE('',*,*,#4736,.T.);
#2661=ORIENTED_EDGE('',*,*,#3488,.F.);
#2662=ORIENTED_EDGE('',*,*,#4737,.F.);
#2663=ORIENTED_EDGE('',*,*,#4589,.F.);
#2664=ORIENTED_EDGE('',*,*,#4737,.T.);
#2665=ORIENTED_EDGE('',*,*,#3487,.T.);
#2666=ORIENTED_EDGE('',*,*,#4738,.F.);
#2667=ORIENTED_EDGE('',*,*,#4289,.F.);
#2668=ORIENTED_EDGE('',*,*,#4286,.F.);
#2669=ORIENTED_EDGE('',*,*,#4296,.T.);
#2670=ORIENTED_EDGE('',*,*,#4298,.T.);
#2671=ORIENTED_EDGE('',*,*,#3486,.T.);
#2672=ORIENTED_EDGE('',*,*,#4739,.F.);
#2673=ORIENTED_EDGE('',*,*,#4290,.F.);
#2674=ORIENTED_EDGE('',*,*,#4738,.T.);
#2675=ORIENTED_EDGE('',*,*,#4590,.F.);
#2676=ORIENTED_EDGE('',*,*,#4299,.F.);
#2677=ORIENTED_EDGE('',*,*,#4294,.T.);
#2678=ORIENTED_EDGE('',*,*,#4292,.T.);
#2679=ORIENTED_EDGE('',*,*,#4291,.F.);
#2680=ORIENTED_EDGE('',*,*,#4739,.T.);
#2681=ORIENTED_EDGE('',*,*,#3485,.T.);
#2682=ORIENTED_EDGE('',*,*,#4740,.F.);
#2683=ORIENTED_EDGE('',*,*,#4591,.T.);
#2684=ORIENTED_EDGE('',*,*,#4740,.T.);
#2685=ORIENTED_EDGE('',*,*,#3484,.F.);
#2686=ORIENTED_EDGE('',*,*,#4741,.F.);
#2687=ORIENTED_EDGE('',*,*,#4592,.F.);
#2688=ORIENTED_EDGE('',*,*,#4741,.T.);
#2689=ORIENTED_EDGE('',*,*,#3483,.T.);
#2690=ORIENTED_EDGE('',*,*,#4742,.F.);
#2691=ORIENTED_EDGE('',*,*,#4304,.F.);
#2692=ORIENTED_EDGE('',*,*,#4301,.F.);
#2693=ORIENTED_EDGE('',*,*,#4311,.T.);
#2694=ORIENTED_EDGE('',*,*,#4313,.T.);
#2695=ORIENTED_EDGE('',*,*,#3482,.T.);
#2696=ORIENTED_EDGE('',*,*,#4743,.F.);
#2697=ORIENTED_EDGE('',*,*,#4305,.F.);
#2698=ORIENTED_EDGE('',*,*,#4742,.T.);
#2699=ORIENTED_EDGE('',*,*,#4593,.F.);
#2700=ORIENTED_EDGE('',*,*,#4314,.F.);
#2701=ORIENTED_EDGE('',*,*,#4309,.T.);
#2702=ORIENTED_EDGE('',*,*,#4307,.T.);
#2703=ORIENTED_EDGE('',*,*,#4306,.F.);
#2704=ORIENTED_EDGE('',*,*,#4743,.T.);
#2705=ORIENTED_EDGE('',*,*,#3481,.T.);
#2706=ORIENTED_EDGE('',*,*,#4744,.F.);
#2707=ORIENTED_EDGE('',*,*,#4594,.T.);
#2708=ORIENTED_EDGE('',*,*,#4744,.T.);
#2709=ORIENTED_EDGE('',*,*,#3480,.F.);
#2710=ORIENTED_EDGE('',*,*,#4745,.F.);
#2711=ORIENTED_EDGE('',*,*,#4595,.F.);
#2712=ORIENTED_EDGE('',*,*,#4745,.T.);
#2713=ORIENTED_EDGE('',*,*,#3479,.T.);
#2714=ORIENTED_EDGE('',*,*,#4746,.F.);
#2715=ORIENTED_EDGE('',*,*,#4319,.F.);
#2716=ORIENTED_EDGE('',*,*,#4316,.F.);
#2717=ORIENTED_EDGE('',*,*,#4326,.T.);
#2718=ORIENTED_EDGE('',*,*,#4328,.T.);
#2719=ORIENTED_EDGE('',*,*,#3478,.T.);
#2720=ORIENTED_EDGE('',*,*,#4747,.F.);
#2721=ORIENTED_EDGE('',*,*,#4320,.F.);
#2722=ORIENTED_EDGE('',*,*,#4746,.T.);
#2723=ORIENTED_EDGE('',*,*,#4596,.F.);
#2724=ORIENTED_EDGE('',*,*,#4329,.F.);
#2725=ORIENTED_EDGE('',*,*,#4324,.T.);
#2726=ORIENTED_EDGE('',*,*,#4322,.T.);
#2727=ORIENTED_EDGE('',*,*,#4321,.F.);
#2728=ORIENTED_EDGE('',*,*,#4747,.T.);
#2729=ORIENTED_EDGE('',*,*,#3477,.T.);
#2730=ORIENTED_EDGE('',*,*,#4748,.F.);
#2731=ORIENTED_EDGE('',*,*,#4597,.T.);
#2732=ORIENTED_EDGE('',*,*,#4748,.T.);
#2733=ORIENTED_EDGE('',*,*,#3476,.F.);
#2734=ORIENTED_EDGE('',*,*,#4749,.F.);
#2735=ORIENTED_EDGE('',*,*,#4750,.F.);
#2736=ORIENTED_EDGE('',*,*,#4598,.T.);
#2737=ORIENTED_EDGE('',*,*,#4749,.T.);
#2738=ORIENTED_EDGE('',*,*,#3475,.F.);
#2739=ORIENTED_EDGE('',*,*,#4599,.F.);
#2740=ORIENTED_EDGE('',*,*,#4750,.T.);
#2741=ORIENTED_EDGE('',*,*,#3474,.F.);
#2742=ORIENTED_EDGE('',*,*,#4751,.F.);
#2743=ORIENTED_EDGE('',*,*,#4334,.T.);
#2744=ORIENTED_EDGE('',*,*,#4332,.F.);
#2745=ORIENTED_EDGE('',*,*,#4341,.T.);
#2746=ORIENTED_EDGE('',*,*,#4343,.T.);
#2747=ORIENTED_EDGE('',*,*,#3473,.F.);
#2748=ORIENTED_EDGE('',*,*,#4752,.F.);
#2749=ORIENTED_EDGE('',*,*,#4335,.T.);
#2750=ORIENTED_EDGE('',*,*,#4751,.T.);
#2751=ORIENTED_EDGE('',*,*,#4600,.F.);
#2752=ORIENTED_EDGE('',*,*,#4344,.F.);
#2753=ORIENTED_EDGE('',*,*,#4339,.T.);
#2754=ORIENTED_EDGE('',*,*,#4338,.T.);
#2755=ORIENTED_EDGE('',*,*,#4336,.T.);
#2756=ORIENTED_EDGE('',*,*,#4752,.T.);
#2757=ORIENTED_EDGE('',*,*,#3472,.F.);
#2758=ORIENTED_EDGE('',*,*,#4753,.F.);
#2759=ORIENTED_EDGE('',*,*,#3471,.F.);
#2760=ORIENTED_EDGE('',*,*,#4754,.F.);
#2761=ORIENTED_EDGE('',*,*,#4601,.T.);
#2762=ORIENTED_EDGE('',*,*,#4753,.T.);
#2763=ORIENTED_EDGE('',*,*,#4602,.F.);
#2764=ORIENTED_EDGE('',*,*,#4754,.T.);
#2765=ORIENTED_EDGE('',*,*,#3470,.F.);
#2766=ORIENTED_EDGE('',*,*,#4755,.F.);
#2767=ORIENTED_EDGE('',*,*,#4349,.T.);
#2768=ORIENTED_EDGE('',*,*,#4347,.F.);
#2769=ORIENTED_EDGE('',*,*,#4356,.T.);
#2770=ORIENTED_EDGE('',*,*,#4358,.T.);
#2771=ORIENTED_EDGE('',*,*,#3469,.F.);
#2772=ORIENTED_EDGE('',*,*,#4756,.F.);
#2773=ORIENTED_EDGE('',*,*,#4350,.T.);
#2774=ORIENTED_EDGE('',*,*,#4755,.T.);
#2775=ORIENTED_EDGE('',*,*,#4603,.F.);
#2776=ORIENTED_EDGE('',*,*,#4359,.F.);
#2777=ORIENTED_EDGE('',*,*,#4354,.T.);
#2778=ORIENTED_EDGE('',*,*,#4353,.T.);
#2779=ORIENTED_EDGE('',*,*,#4351,.T.);
#2780=ORIENTED_EDGE('',*,*,#4756,.T.);
#2781=ORIENTED_EDGE('',*,*,#3468,.F.);
#2782=ORIENTED_EDGE('',*,*,#4757,.F.);
#2783=ORIENTED_EDGE('',*,*,#3467,.F.);
#2784=ORIENTED_EDGE('',*,*,#4758,.F.);
#2785=ORIENTED_EDGE('',*,*,#4604,.T.);
#2786=ORIENTED_EDGE('',*,*,#4757,.T.);
#2787=ORIENTED_EDGE('',*,*,#4605,.F.);
#2788=ORIENTED_EDGE('',*,*,#4758,.T.);
#2789=ORIENTED_EDGE('',*,*,#3466,.F.);
#2790=ORIENTED_EDGE('',*,*,#4759,.F.);
#2791=ORIENTED_EDGE('',*,*,#4364,.T.);
#2792=ORIENTED_EDGE('',*,*,#4362,.F.);
#2793=ORIENTED_EDGE('',*,*,#4371,.T.);
#2794=ORIENTED_EDGE('',*,*,#4373,.T.);
#2795=ORIENTED_EDGE('',*,*,#3465,.F.);
#2796=ORIENTED_EDGE('',*,*,#4760,.F.);
#2797=ORIENTED_EDGE('',*,*,#4365,.T.);
#2798=ORIENTED_EDGE('',*,*,#4759,.T.);
#2799=ORIENTED_EDGE('',*,*,#4606,.F.);
#2800=ORIENTED_EDGE('',*,*,#4374,.F.);
#2801=ORIENTED_EDGE('',*,*,#4369,.T.);
#2802=ORIENTED_EDGE('',*,*,#4368,.T.);
#2803=ORIENTED_EDGE('',*,*,#4366,.T.);
#2804=ORIENTED_EDGE('',*,*,#4760,.T.);
#2805=ORIENTED_EDGE('',*,*,#3464,.F.);
#2806=ORIENTED_EDGE('',*,*,#4761,.F.);
#2807=ORIENTED_EDGE('',*,*,#3463,.F.);
#2808=ORIENTED_EDGE('',*,*,#4762,.F.);
#2809=ORIENTED_EDGE('',*,*,#4607,.T.);
#2810=ORIENTED_EDGE('',*,*,#4761,.T.);
#2811=ORIENTED_EDGE('',*,*,#4608,.F.);
#2812=ORIENTED_EDGE('',*,*,#4762,.T.);
#2813=ORIENTED_EDGE('',*,*,#3462,.F.);
#2814=ORIENTED_EDGE('',*,*,#4763,.F.);
#2815=ORIENTED_EDGE('',*,*,#4379,.T.);
#2816=ORIENTED_EDGE('',*,*,#4377,.F.);
#2817=ORIENTED_EDGE('',*,*,#4386,.T.);
#2818=ORIENTED_EDGE('',*,*,#4388,.T.);
#2819=ORIENTED_EDGE('',*,*,#3461,.F.);
#2820=ORIENTED_EDGE('',*,*,#4764,.F.);
#2821=ORIENTED_EDGE('',*,*,#4380,.T.);
#2822=ORIENTED_EDGE('',*,*,#4763,.T.);
#2823=ORIENTED_EDGE('',*,*,#4609,.F.);
#2824=ORIENTED_EDGE('',*,*,#4389,.F.);
#2825=ORIENTED_EDGE('',*,*,#4384,.T.);
#2826=ORIENTED_EDGE('',*,*,#4383,.T.);
#2827=ORIENTED_EDGE('',*,*,#4381,.T.);
#2828=ORIENTED_EDGE('',*,*,#4764,.T.);
#2829=ORIENTED_EDGE('',*,*,#3460,.F.);
#2830=ORIENTED_EDGE('',*,*,#4765,.F.);
#2831=ORIENTED_EDGE('',*,*,#3459,.F.);
#2832=ORIENTED_EDGE('',*,*,#4766,.F.);
#2833=ORIENTED_EDGE('',*,*,#4610,.T.);
#2834=ORIENTED_EDGE('',*,*,#4765,.T.);
#2835=ORIENTED_EDGE('',*,*,#4611,.F.);
#2836=ORIENTED_EDGE('',*,*,#4766,.T.);
#2837=ORIENTED_EDGE('',*,*,#3458,.F.);
#2838=ORIENTED_EDGE('',*,*,#4767,.F.);
#2839=ORIENTED_EDGE('',*,*,#4394,.T.);
#2840=ORIENTED_EDGE('',*,*,#4392,.F.);
#2841=ORIENTED_EDGE('',*,*,#4401,.T.);
#2842=ORIENTED_EDGE('',*,*,#4403,.T.);
#2843=ORIENTED_EDGE('',*,*,#3457,.F.);
#2844=ORIENTED_EDGE('',*,*,#4768,.F.);
#2845=ORIENTED_EDGE('',*,*,#4395,.T.);
#2846=ORIENTED_EDGE('',*,*,#4767,.T.);
#2847=ORIENTED_EDGE('',*,*,#4612,.F.);
#2848=ORIENTED_EDGE('',*,*,#4404,.F.);
#2849=ORIENTED_EDGE('',*,*,#4399,.T.);
#2850=ORIENTED_EDGE('',*,*,#4398,.T.);
#2851=ORIENTED_EDGE('',*,*,#4396,.T.);
#2852=ORIENTED_EDGE('',*,*,#4768,.T.);
#2853=ORIENTED_EDGE('',*,*,#3456,.F.);
#2854=ORIENTED_EDGE('',*,*,#4769,.F.);
#2855=ORIENTED_EDGE('',*,*,#3455,.F.);
#2856=ORIENTED_EDGE('',*,*,#4770,.F.);
#2857=ORIENTED_EDGE('',*,*,#4613,.T.);
#2858=ORIENTED_EDGE('',*,*,#4769,.T.);
#2859=ORIENTED_EDGE('',*,*,#4614,.F.);
#2860=ORIENTED_EDGE('',*,*,#4770,.T.);
#2861=ORIENTED_EDGE('',*,*,#3454,.F.);
#2862=ORIENTED_EDGE('',*,*,#4771,.F.);
#2863=ORIENTED_EDGE('',*,*,#4409,.T.);
#2864=ORIENTED_EDGE('',*,*,#4407,.F.);
#2865=ORIENTED_EDGE('',*,*,#4416,.T.);
#2866=ORIENTED_EDGE('',*,*,#4418,.T.);
#2867=ORIENTED_EDGE('',*,*,#3453,.F.);
#2868=ORIENTED_EDGE('',*,*,#4772,.F.);
#2869=ORIENTED_EDGE('',*,*,#4410,.T.);
#2870=ORIENTED_EDGE('',*,*,#4771,.T.);
#2871=ORIENTED_EDGE('',*,*,#4615,.F.);
#2872=ORIENTED_EDGE('',*,*,#4419,.F.);
#2873=ORIENTED_EDGE('',*,*,#4414,.T.);
#2874=ORIENTED_EDGE('',*,*,#4413,.T.);
#2875=ORIENTED_EDGE('',*,*,#4411,.T.);
#2876=ORIENTED_EDGE('',*,*,#4772,.T.);
#2877=ORIENTED_EDGE('',*,*,#3452,.F.);
#2878=ORIENTED_EDGE('',*,*,#4773,.F.);
#2879=ORIENTED_EDGE('',*,*,#3451,.F.);
#2880=ORIENTED_EDGE('',*,*,#4774,.F.);
#2881=ORIENTED_EDGE('',*,*,#4616,.T.);
#2882=ORIENTED_EDGE('',*,*,#4773,.T.);
#2883=ORIENTED_EDGE('',*,*,#4617,.F.);
#2884=ORIENTED_EDGE('',*,*,#4774,.T.);
#2885=ORIENTED_EDGE('',*,*,#3450,.F.);
#2886=ORIENTED_EDGE('',*,*,#4775,.F.);
#2887=ORIENTED_EDGE('',*,*,#4424,.T.);
#2888=ORIENTED_EDGE('',*,*,#4422,.F.);
#2889=ORIENTED_EDGE('',*,*,#4431,.T.);
#2890=ORIENTED_EDGE('',*,*,#4433,.T.);
#2891=ORIENTED_EDGE('',*,*,#3449,.F.);
#2892=ORIENTED_EDGE('',*,*,#4776,.F.);
#2893=ORIENTED_EDGE('',*,*,#4425,.T.);
#2894=ORIENTED_EDGE('',*,*,#4775,.T.);
#2895=ORIENTED_EDGE('',*,*,#4618,.F.);
#2896=ORIENTED_EDGE('',*,*,#4434,.F.);
#2897=ORIENTED_EDGE('',*,*,#4429,.T.);
#2898=ORIENTED_EDGE('',*,*,#4428,.T.);
#2899=ORIENTED_EDGE('',*,*,#4426,.T.);
#2900=ORIENTED_EDGE('',*,*,#4776,.T.);
#2901=ORIENTED_EDGE('',*,*,#3448,.F.);
#2902=ORIENTED_EDGE('',*,*,#4777,.F.);
#2903=ORIENTED_EDGE('',*,*,#3447,.F.);
#2904=ORIENTED_EDGE('',*,*,#4778,.F.);
#2905=ORIENTED_EDGE('',*,*,#4619,.T.);
#2906=ORIENTED_EDGE('',*,*,#4777,.T.);
#2907=ORIENTED_EDGE('',*,*,#4620,.F.);
#2908=ORIENTED_EDGE('',*,*,#4778,.T.);
#2909=ORIENTED_EDGE('',*,*,#3446,.F.);
#2910=ORIENTED_EDGE('',*,*,#4779,.F.);
#2911=ORIENTED_EDGE('',*,*,#4439,.T.);
#2912=ORIENTED_EDGE('',*,*,#4437,.F.);
#2913=ORIENTED_EDGE('',*,*,#4446,.T.);
#2914=ORIENTED_EDGE('',*,*,#4448,.T.);
#2915=ORIENTED_EDGE('',*,*,#3445,.F.);
#2916=ORIENTED_EDGE('',*,*,#4780,.F.);
#2917=ORIENTED_EDGE('',*,*,#4440,.T.);
#2918=ORIENTED_EDGE('',*,*,#4779,.T.);
#2919=ORIENTED_EDGE('',*,*,#4621,.F.);
#2920=ORIENTED_EDGE('',*,*,#4449,.F.);
#2921=ORIENTED_EDGE('',*,*,#4444,.T.);
#2922=ORIENTED_EDGE('',*,*,#4443,.T.);
#2923=ORIENTED_EDGE('',*,*,#4441,.T.);
#2924=ORIENTED_EDGE('',*,*,#4780,.T.);
#2925=ORIENTED_EDGE('',*,*,#3444,.F.);
#2926=ORIENTED_EDGE('',*,*,#4781,.F.);
#2927=ORIENTED_EDGE('',*,*,#3443,.F.);
#2928=ORIENTED_EDGE('',*,*,#4782,.F.);
#2929=ORIENTED_EDGE('',*,*,#4622,.T.);
#2930=ORIENTED_EDGE('',*,*,#4781,.T.);
#2931=ORIENTED_EDGE('',*,*,#4623,.F.);
#2932=ORIENTED_EDGE('',*,*,#4782,.T.);
#2933=ORIENTED_EDGE('',*,*,#3442,.F.);
#2934=ORIENTED_EDGE('',*,*,#4783,.F.);
#2935=ORIENTED_EDGE('',*,*,#4454,.T.);
#2936=ORIENTED_EDGE('',*,*,#4452,.F.);
#2937=ORIENTED_EDGE('',*,*,#4461,.T.);
#2938=ORIENTED_EDGE('',*,*,#4463,.T.);
#2939=ORIENTED_EDGE('',*,*,#3441,.F.);
#2940=ORIENTED_EDGE('',*,*,#4784,.F.);
#2941=ORIENTED_EDGE('',*,*,#4455,.T.);
#2942=ORIENTED_EDGE('',*,*,#4783,.T.);
#2943=ORIENTED_EDGE('',*,*,#4624,.F.);
#2944=ORIENTED_EDGE('',*,*,#4464,.F.);
#2945=ORIENTED_EDGE('',*,*,#4459,.T.);
#2946=ORIENTED_EDGE('',*,*,#4458,.T.);
#2947=ORIENTED_EDGE('',*,*,#4456,.T.);
#2948=ORIENTED_EDGE('',*,*,#4784,.T.);
#2949=ORIENTED_EDGE('',*,*,#3440,.F.);
#2950=ORIENTED_EDGE('',*,*,#4785,.F.);
#2951=ORIENTED_EDGE('',*,*,#3439,.F.);
#2952=ORIENTED_EDGE('',*,*,#4786,.F.);
#2953=ORIENTED_EDGE('',*,*,#4625,.T.);
#2954=ORIENTED_EDGE('',*,*,#4785,.T.);
#2955=ORIENTED_EDGE('',*,*,#4626,.F.);
#2956=ORIENTED_EDGE('',*,*,#4786,.T.);
#2957=ORIENTED_EDGE('',*,*,#3438,.F.);
#2958=ORIENTED_EDGE('',*,*,#4787,.F.);
#2959=ORIENTED_EDGE('',*,*,#4469,.T.);
#2960=ORIENTED_EDGE('',*,*,#4467,.F.);
#2961=ORIENTED_EDGE('',*,*,#4476,.T.);
#2962=ORIENTED_EDGE('',*,*,#4478,.T.);
#2963=ORIENTED_EDGE('',*,*,#3437,.F.);
#2964=ORIENTED_EDGE('',*,*,#4788,.F.);
#2965=ORIENTED_EDGE('',*,*,#4470,.T.);
#2966=ORIENTED_EDGE('',*,*,#4787,.T.);
#2967=ORIENTED_EDGE('',*,*,#4627,.F.);
#2968=ORIENTED_EDGE('',*,*,#4479,.F.);
#2969=ORIENTED_EDGE('',*,*,#4474,.T.);
#2970=ORIENTED_EDGE('',*,*,#4473,.T.);
#2971=ORIENTED_EDGE('',*,*,#4471,.T.);
#2972=ORIENTED_EDGE('',*,*,#4788,.T.);
#2973=ORIENTED_EDGE('',*,*,#3436,.F.);
#2974=ORIENTED_EDGE('',*,*,#4789,.F.);
#2975=ORIENTED_EDGE('',*,*,#3435,.F.);
#2976=ORIENTED_EDGE('',*,*,#4790,.F.);
#2977=ORIENTED_EDGE('',*,*,#4628,.T.);
#2978=ORIENTED_EDGE('',*,*,#4789,.T.);
#2979=ORIENTED_EDGE('',*,*,#4629,.F.);
#2980=ORIENTED_EDGE('',*,*,#4790,.T.);
#2981=ORIENTED_EDGE('',*,*,#3434,.F.);
#2982=ORIENTED_EDGE('',*,*,#4791,.F.);
#2983=ORIENTED_EDGE('',*,*,#4484,.T.);
#2984=ORIENTED_EDGE('',*,*,#4482,.F.);
#2985=ORIENTED_EDGE('',*,*,#4491,.T.);
#2986=ORIENTED_EDGE('',*,*,#4493,.T.);
#2987=ORIENTED_EDGE('',*,*,#3433,.F.);
#2988=ORIENTED_EDGE('',*,*,#4792,.F.);
#2989=ORIENTED_EDGE('',*,*,#4485,.T.);
#2990=ORIENTED_EDGE('',*,*,#4791,.T.);
#2991=ORIENTED_EDGE('',*,*,#4630,.F.);
#2992=ORIENTED_EDGE('',*,*,#4494,.F.);
#2993=ORIENTED_EDGE('',*,*,#4489,.T.);
#2994=ORIENTED_EDGE('',*,*,#4488,.T.);
#2995=ORIENTED_EDGE('',*,*,#4486,.T.);
#2996=ORIENTED_EDGE('',*,*,#4792,.T.);
#2997=ORIENTED_EDGE('',*,*,#3432,.F.);
#2998=ORIENTED_EDGE('',*,*,#4793,.F.);
#2999=ORIENTED_EDGE('',*,*,#3431,.F.);
#3000=ORIENTED_EDGE('',*,*,#4794,.F.);
#3001=ORIENTED_EDGE('',*,*,#4631,.T.);
#3002=ORIENTED_EDGE('',*,*,#4793,.T.);
#3003=ORIENTED_EDGE('',*,*,#4632,.F.);
#3004=ORIENTED_EDGE('',*,*,#4794,.T.);
#3005=ORIENTED_EDGE('',*,*,#3430,.F.);
#3006=ORIENTED_EDGE('',*,*,#4795,.F.);
#3007=ORIENTED_EDGE('',*,*,#4499,.T.);
#3008=ORIENTED_EDGE('',*,*,#4497,.F.);
#3009=ORIENTED_EDGE('',*,*,#4506,.T.);
#3010=ORIENTED_EDGE('',*,*,#4508,.T.);
#3011=ORIENTED_EDGE('',*,*,#3429,.F.);
#3012=ORIENTED_EDGE('',*,*,#4796,.F.);
#3013=ORIENTED_EDGE('',*,*,#4500,.T.);
#3014=ORIENTED_EDGE('',*,*,#4795,.T.);
#3015=ORIENTED_EDGE('',*,*,#4633,.F.);
#3016=ORIENTED_EDGE('',*,*,#4509,.F.);
#3017=ORIENTED_EDGE('',*,*,#4504,.T.);
#3018=ORIENTED_EDGE('',*,*,#4503,.T.);
#3019=ORIENTED_EDGE('',*,*,#4501,.T.);
#3020=ORIENTED_EDGE('',*,*,#4796,.T.);
#3021=ORIENTED_EDGE('',*,*,#3428,.F.);
#3022=ORIENTED_EDGE('',*,*,#4797,.F.);
#3023=ORIENTED_EDGE('',*,*,#3427,.F.);
#3024=ORIENTED_EDGE('',*,*,#4635,.F.);
#3025=ORIENTED_EDGE('',*,*,#4510,.T.);
#3026=ORIENTED_EDGE('',*,*,#4797,.T.);
#3027=ORIENTED_EDGE('',*,*,#3603,.F.);
#3028=ORIENTED_EDGE('',*,*,#4798,.F.);
#3029=ORIENTED_EDGE('',*,*,#3420,.F.);
#3030=ORIENTED_EDGE('',*,*,#3395,.F.);
#3031=ORIENTED_EDGE('',*,*,#3425,.T.);
#3032=ORIENTED_EDGE('',*,*,#4799,.T.);
#3033=ORIENTED_EDGE('',*,*,#4800,.F.);
#3034=ORIENTED_EDGE('',*,*,#4801,.F.);
#3035=ORIENTED_EDGE('',*,*,#3421,.T.);
#3036=ORIENTED_EDGE('',*,*,#4798,.T.);
#3037=ORIENTED_EDGE('',*,*,#3602,.F.);
#3038=ORIENTED_EDGE('',*,*,#4802,.T.);
#3039=ORIENTED_EDGE('',*,*,#3601,.F.);
#3040=ORIENTED_EDGE('',*,*,#3383,.F.);
#3041=ORIENTED_EDGE('',*,*,#3426,.F.);
#3042=ORIENTED_EDGE('',*,*,#4802,.F.);
#3043=ORIENTED_EDGE('',*,*,#3600,.F.);
#3044=ORIENTED_EDGE('',*,*,#3596,.F.);
#3045=ORIENTED_EDGE('',*,*,#3414,.F.);
#3046=ORIENTED_EDGE('',*,*,#3385,.F.);
#3047=ORIENTED_EDGE('',*,*,#3604,.F.);
#3048=ORIENTED_EDGE('',*,*,#3393,.F.);
#3049=ORIENTED_EDGE('',*,*,#3416,.F.);
#3050=ORIENTED_EDGE('',*,*,#3595,.F.);
#3051=ORIENTED_EDGE('',*,*,#3619,.F.);
#3052=ORIENTED_EDGE('',*,*,#3610,.F.);
#3053=ORIENTED_EDGE('',*,*,#4803,.T.);
#3054=ORIENTED_EDGE('',*,*,#4804,.T.);
#3055=ORIENTED_EDGE('',*,*,#4805,.F.);
#3056=ORIENTED_EDGE('',*,*,#4806,.F.);
#3057=ORIENTED_EDGE('',*,*,#4807,.F.);
#3058=ORIENTED_EDGE('',*,*,#4808,.F.);
#3059=ORIENTED_EDGE('',*,*,#4809,.T.);
#3060=ORIENTED_EDGE('',*,*,#4806,.T.);
#3061=ORIENTED_EDGE('',*,*,#3593,.F.);
#3062=ORIENTED_EDGE('',*,*,#4810,.T.);
#3063=ORIENTED_EDGE('',*,*,#4807,.T.);
#3064=ORIENTED_EDGE('',*,*,#4805,.T.);
#3065=ORIENTED_EDGE('',*,*,#4811,.T.);
#3066=ORIENTED_EDGE('',*,*,#3609,.F.);
#3067=ORIENTED_EDGE('',*,*,#3605,.T.);
#3068=ORIENTED_EDGE('',*,*,#4812,.F.);
#3069=ORIENTED_EDGE('',*,*,#3591,.T.);
#3070=ORIENTED_EDGE('',*,*,#3599,.F.);
#3071=ORIENTED_EDGE('',*,*,#3608,.T.);
#3072=ORIENTED_EDGE('',*,*,#4813,.T.);
#3073=ORIENTED_EDGE('',*,*,#4803,.F.);
#3074=ORIENTED_EDGE('',*,*,#4809,.F.);
#3075=ORIENTED_EDGE('',*,*,#3592,.F.);
#3076=ORIENTED_EDGE('',*,*,#4812,.T.);
#3077=ORIENTED_EDGE('',*,*,#4808,.T.);
#3078=ORIENTED_EDGE('',*,*,#4810,.F.);
#3079=ORIENTED_EDGE('',*,*,#4799,.F.);
#3080=ORIENTED_EDGE('',*,*,#3424,.T.);
#3081=ORIENTED_EDGE('',*,*,#4814,.T.);
#3082=ORIENTED_EDGE('',*,*,#4815,.T.);
#3083=ORIENTED_EDGE('',*,*,#3422,.F.);
#3084=ORIENTED_EDGE('',*,*,#4801,.T.);
#3085=ORIENTED_EDGE('',*,*,#4816,.F.);
#3086=ORIENTED_EDGE('',*,*,#4817,.F.);
#3087=ORIENTED_EDGE('',*,*,#4816,.T.);
#3088=ORIENTED_EDGE('',*,*,#4800,.T.);
#3089=ORIENTED_EDGE('',*,*,#4815,.F.);
#3090=ORIENTED_EDGE('',*,*,#4818,.T.);
#3091=ORIENTED_EDGE('',*,*,#4817,.T.);
#3092=ORIENTED_EDGE('',*,*,#4818,.F.);
#3093=ORIENTED_EDGE('',*,*,#4814,.F.);
#3094=ORIENTED_EDGE('',*,*,#3423,.T.);
#3095=ORIENTED_EDGE('',*,*,#4811,.F.);
#3096=ORIENTED_EDGE('',*,*,#4804,.F.);
#3097=ORIENTED_EDGE('',*,*,#4813,.F.);
#3098=ORIENTED_EDGE('',*,*,#3607,.F.);
#3099=ORIENTED_EDGE('',*,*,#3390,.F.);
#3100=ORIENTED_EDGE('',*,*,#4819,.T.);
#3101=ORIENTED_EDGE('',*,*,#4820,.T.);
#3102=ORIENTED_EDGE('',*,*,#4821,.T.);
#3103=ORIENTED_EDGE('',*,*,#3417,.T.);
#3104=ORIENTED_EDGE('',*,*,#3391,.T.);
#3105=ORIENTED_EDGE('',*,*,#4821,.F.);
#3106=ORIENTED_EDGE('',*,*,#4822,.T.);
#3107=ORIENTED_EDGE('',*,*,#4819,.F.);
#3108=ORIENTED_EDGE('',*,*,#3389,.T.);
#3109=ORIENTED_EDGE('',*,*,#3419,.T.);
#3110=ORIENTED_EDGE('',*,*,#4823,.F.);
#3111=ORIENTED_EDGE('',*,*,#3418,.T.);
#3112=ORIENTED_EDGE('',*,*,#4822,.F.);
#3113=ORIENTED_EDGE('',*,*,#4820,.F.);
#3114=ORIENTED_EDGE('',*,*,#4823,.T.);
#3115=ORIENTED_EDGE('',*,*,#3411,.T.);
#3116=ORIENTED_EDGE('',*,*,#3381,.T.);
#3117=ORIENTED_EDGE('',*,*,#4824,.F.);
#3118=ORIENTED_EDGE('',*,*,#4825,.T.);
#3119=ORIENTED_EDGE('',*,*,#4826,.F.);
#3120=ORIENTED_EDGE('',*,*,#3387,.T.);
#3121=ORIENTED_EDGE('',*,*,#3413,.T.);
#3122=ORIENTED_EDGE('',*,*,#4827,.F.);
#3123=ORIENTED_EDGE('',*,*,#3388,.F.);
#3124=ORIENTED_EDGE('',*,*,#4826,.T.);
#3125=ORIENTED_EDGE('',*,*,#4828,.T.);
#3126=ORIENTED_EDGE('',*,*,#4824,.T.);
#3127=ORIENTED_EDGE('',*,*,#3412,.T.);
#3128=ORIENTED_EDGE('',*,*,#4825,.F.);
#3129=ORIENTED_EDGE('',*,*,#4828,.F.);
#3130=ORIENTED_EDGE('',*,*,#4827,.T.);
#3131=ORIENTED_EDGE('',*,*,#4829,.T.);
#3132=ORIENTED_EDGE('',*,*,#4830,.T.);
#3133=ORIENTED_EDGE('',*,*,#4831,.F.);
#3134=ORIENTED_EDGE('',*,*,#4832,.F.);
#3135=ORIENTED_EDGE('',*,*,#4833,.F.);
#3136=ORIENTED_EDGE('',*,*,#4834,.T.);
#3137=ORIENTED_EDGE('',*,*,#4835,.T.);
#3138=ORIENTED_EDGE('',*,*,#4836,.T.);
#3139=ORIENTED_EDGE('',*,*,#4837,.T.);
#3140=ORIENTED_EDGE('',*,*,#4838,.F.);
#3141=ORIENTED_EDGE('',*,*,#4839,.F.);
#3142=ORIENTED_EDGE('',*,*,#4840,.F.);
#3143=ORIENTED_EDGE('',*,*,#4841,.T.);
#3144=ORIENTED_EDGE('',*,*,#4842,.T.);
#3145=ORIENTED_EDGE('',*,*,#4843,.T.);
#3146=ORIENTED_EDGE('',*,*,#4844,.T.);
#3147=ORIENTED_EDGE('',*,*,#4845,.F.);
#3148=ORIENTED_EDGE('',*,*,#4846,.F.);
#3149=ORIENTED_EDGE('',*,*,#4847,.F.);
#3150=ORIENTED_EDGE('',*,*,#4848,.T.);
#3151=ORIENTED_EDGE('',*,*,#4849,.T.);
#3152=ORIENTED_EDGE('',*,*,#4850,.T.);
#3153=ORIENTED_EDGE('',*,*,#4851,.T.);
#3154=ORIENTED_EDGE('',*,*,#4852,.F.);
#3155=ORIENTED_EDGE('',*,*,#4853,.F.);
#3156=ORIENTED_EDGE('',*,*,#4854,.F.);
#3157=ORIENTED_EDGE('',*,*,#4855,.T.);
#3158=ORIENTED_EDGE('',*,*,#4856,.T.);
#3159=ORIENTED_EDGE('',*,*,#4857,.T.);
#3160=ORIENTED_EDGE('',*,*,#4858,.T.);
#3161=ORIENTED_EDGE('',*,*,#4859,.F.);
#3162=ORIENTED_EDGE('',*,*,#4860,.F.);
#3163=ORIENTED_EDGE('',*,*,#4861,.F.);
#3164=ORIENTED_EDGE('',*,*,#4862,.T.);
#3165=ORIENTED_EDGE('',*,*,#4863,.T.);
#3166=ORIENTED_EDGE('',*,*,#4864,.T.);
#3167=ORIENTED_EDGE('',*,*,#4865,.T.);
#3168=ORIENTED_EDGE('',*,*,#4866,.F.);
#3169=ORIENTED_EDGE('',*,*,#4867,.F.);
#3170=ORIENTED_EDGE('',*,*,#4868,.F.);
#3171=ORIENTED_EDGE('',*,*,#4869,.T.);
#3172=ORIENTED_EDGE('',*,*,#4870,.T.);
#3173=ORIENTED_EDGE('',*,*,#4871,.T.);
#3174=ORIENTED_EDGE('',*,*,#4872,.T.);
#3175=ORIENTED_EDGE('',*,*,#4873,.T.);
#3176=ORIENTED_EDGE('',*,*,#4874,.F.);
#3177=ORIENTED_EDGE('',*,*,#4875,.T.);
#3178=ORIENTED_EDGE('',*,*,#4876,.T.);
#3179=ORIENTED_EDGE('',*,*,#4874,.T.);
#3180=ORIENTED_EDGE('',*,*,#4877,.T.);
#3181=ORIENTED_EDGE('',*,*,#4878,.F.);
#3182=ORIENTED_EDGE('',*,*,#4879,.T.);
#3183=ORIENTED_EDGE('',*,*,#4878,.T.);
#3184=ORIENTED_EDGE('',*,*,#4880,.T.);
#3185=ORIENTED_EDGE('',*,*,#4881,.F.);
#3186=ORIENTED_EDGE('',*,*,#4882,.T.);
#3187=ORIENTED_EDGE('',*,*,#4881,.T.);
#3188=ORIENTED_EDGE('',*,*,#4883,.T.);
#3189=ORIENTED_EDGE('',*,*,#4884,.F.);
#3190=ORIENTED_EDGE('',*,*,#4885,.T.);
#3191=ORIENTED_EDGE('',*,*,#4884,.T.);
#3192=ORIENTED_EDGE('',*,*,#4886,.T.);
#3193=ORIENTED_EDGE('',*,*,#4842,.F.);
#3194=ORIENTED_EDGE('',*,*,#4887,.T.);
#3195=ORIENTED_EDGE('',*,*,#4888,.T.);
#3196=ORIENTED_EDGE('',*,*,#4889,.T.);
#3197=ORIENTED_EDGE('',*,*,#4835,.F.);
#3198=ORIENTED_EDGE('',*,*,#4890,.T.);
#3199=ORIENTED_EDGE('',*,*,#4891,.F.);
#3200=ORIENTED_EDGE('',*,*,#4892,.F.);
#3201=ORIENTED_EDGE('',*,*,#4893,.T.);
#3202=ORIENTED_EDGE('',*,*,#4894,.T.);
#3203=ORIENTED_EDGE('',*,*,#4871,.F.);
#3204=ORIENTED_EDGE('',*,*,#4895,.T.);
#3205=ORIENTED_EDGE('',*,*,#4896,.F.);
#3206=ORIENTED_EDGE('',*,*,#4897,.F.);
#3207=ORIENTED_EDGE('',*,*,#4898,.T.);
#3208=ORIENTED_EDGE('',*,*,#4899,.T.);
#3209=ORIENTED_EDGE('',*,*,#4900,.T.);
#3210=ORIENTED_EDGE('',*,*,#4849,.F.);
#3211=ORIENTED_EDGE('',*,*,#4901,.T.);
#3212=ORIENTED_EDGE('',*,*,#4902,.F.);
#3213=ORIENTED_EDGE('',*,*,#4903,.F.);
#3214=ORIENTED_EDGE('',*,*,#4904,.T.);
#3215=ORIENTED_EDGE('',*,*,#4905,.T.);
#3216=ORIENTED_EDGE('',*,*,#4906,.T.);
#3217=ORIENTED_EDGE('',*,*,#4856,.F.);
#3218=ORIENTED_EDGE('',*,*,#4907,.T.);
#3219=ORIENTED_EDGE('',*,*,#4908,.F.);
#3220=ORIENTED_EDGE('',*,*,#4909,.F.);
#3221=ORIENTED_EDGE('',*,*,#4910,.T.);
#3222=ORIENTED_EDGE('',*,*,#4911,.T.);
#3223=ORIENTED_EDGE('',*,*,#4912,.T.);
#3224=ORIENTED_EDGE('',*,*,#4863,.F.);
#3225=ORIENTED_EDGE('',*,*,#4913,.T.);
#3226=ORIENTED_EDGE('',*,*,#4914,.F.);
#3227=ORIENTED_EDGE('',*,*,#4915,.F.);
#3228=ORIENTED_EDGE('',*,*,#4916,.T.);
#3229=ORIENTED_EDGE('',*,*,#4917,.T.);
#3230=ORIENTED_EDGE('',*,*,#4918,.T.);
#3231=ORIENTED_EDGE('',*,*,#4870,.F.);
#3232=ORIENTED_EDGE('',*,*,#4919,.T.);
#3233=ORIENTED_EDGE('',*,*,#4920,.F.);
#3234=ORIENTED_EDGE('',*,*,#4921,.F.);
#3235=ORIENTED_EDGE('',*,*,#4922,.F.);
#3236=ORIENTED_EDGE('',*,*,#4846,.T.);
#3237=ORIENTED_EDGE('',*,*,#4923,.T.);
#3238=ORIENTED_EDGE('',*,*,#4909,.T.);
#3239=ORIENTED_EDGE('',*,*,#4924,.F.);
#3240=ORIENTED_EDGE('',*,*,#4839,.T.);
#3241=ORIENTED_EDGE('',*,*,#4925,.T.);
#3242=ORIENTED_EDGE('',*,*,#4903,.T.);
#3243=ORIENTED_EDGE('',*,*,#4926,.F.);
#3244=ORIENTED_EDGE('',*,*,#4832,.T.);
#3245=ORIENTED_EDGE('',*,*,#4927,.T.);
#3246=ORIENTED_EDGE('',*,*,#4897,.T.);
#3247=ORIENTED_EDGE('',*,*,#4928,.F.);
#3248=ORIENTED_EDGE('',*,*,#4867,.T.);
#3249=ORIENTED_EDGE('',*,*,#4929,.T.);
#3250=ORIENTED_EDGE('',*,*,#4892,.T.);
#3251=ORIENTED_EDGE('',*,*,#4930,.F.);
#3252=ORIENTED_EDGE('',*,*,#4860,.T.);
#3253=ORIENTED_EDGE('',*,*,#4931,.T.);
#3254=ORIENTED_EDGE('',*,*,#4921,.T.);
#3255=ORIENTED_EDGE('',*,*,#4932,.F.);
#3256=ORIENTED_EDGE('',*,*,#4853,.T.);
#3257=ORIENTED_EDGE('',*,*,#4933,.T.);
#3258=ORIENTED_EDGE('',*,*,#4915,.T.);
#3259=ORIENTED_EDGE('',*,*,#4866,.T.);
#3260=ORIENTED_EDGE('',*,*,#4934,.T.);
#3261=ORIENTED_EDGE('',*,*,#4887,.F.);
#3262=ORIENTED_EDGE('',*,*,#4929,.F.);
#3263=ORIENTED_EDGE('',*,*,#4831,.T.);
#3264=ORIENTED_EDGE('',*,*,#4935,.T.);
#3265=ORIENTED_EDGE('',*,*,#4893,.F.);
#3266=ORIENTED_EDGE('',*,*,#4927,.F.);
#3267=ORIENTED_EDGE('',*,*,#4838,.T.);
#3268=ORIENTED_EDGE('',*,*,#4936,.T.);
#3269=ORIENTED_EDGE('',*,*,#4898,.F.);
#3270=ORIENTED_EDGE('',*,*,#4925,.F.);
#3271=ORIENTED_EDGE('',*,*,#4845,.T.);
#3272=ORIENTED_EDGE('',*,*,#4937,.T.);
#3273=ORIENTED_EDGE('',*,*,#4904,.F.);
#3274=ORIENTED_EDGE('',*,*,#4923,.F.);
#3275=ORIENTED_EDGE('',*,*,#4852,.T.);
#3276=ORIENTED_EDGE('',*,*,#4938,.T.);
#3277=ORIENTED_EDGE('',*,*,#4910,.F.);
#3278=ORIENTED_EDGE('',*,*,#4933,.F.);
#3279=ORIENTED_EDGE('',*,*,#4859,.T.);
#3280=ORIENTED_EDGE('',*,*,#4939,.T.);
#3281=ORIENTED_EDGE('',*,*,#4916,.F.);
#3282=ORIENTED_EDGE('',*,*,#4931,.F.);
#3283=ORIENTED_EDGE('',*,*,#4940,.T.);
#3284=ORIENTED_EDGE('',*,*,#4906,.F.);
#3285=ORIENTED_EDGE('',*,*,#4941,.T.);
#3286=ORIENTED_EDGE('',*,*,#4843,.F.);
#3287=ORIENTED_EDGE('',*,*,#4900,.F.);
#3288=ORIENTED_EDGE('',*,*,#4942,.T.);
#3289=ORIENTED_EDGE('',*,*,#4836,.F.);
#3290=ORIENTED_EDGE('',*,*,#4886,.F.);
#3291=ORIENTED_EDGE('',*,*,#4883,.F.);
#3292=ORIENTED_EDGE('',*,*,#4880,.F.);
#3293=ORIENTED_EDGE('',*,*,#4877,.F.);
#3294=ORIENTED_EDGE('',*,*,#4873,.F.);
#3295=ORIENTED_EDGE('',*,*,#4943,.T.);
#3296=ORIENTED_EDGE('',*,*,#4829,.F.);
#3297=ORIENTED_EDGE('',*,*,#4889,.F.);
#3298=ORIENTED_EDGE('',*,*,#4944,.T.);
#3299=ORIENTED_EDGE('',*,*,#4864,.F.);
#3300=ORIENTED_EDGE('',*,*,#4918,.F.);
#3301=ORIENTED_EDGE('',*,*,#4945,.T.);
#3302=ORIENTED_EDGE('',*,*,#4857,.F.);
#3303=ORIENTED_EDGE('',*,*,#4912,.F.);
#3304=ORIENTED_EDGE('',*,*,#4946,.T.);
#3305=ORIENTED_EDGE('',*,*,#4850,.F.);
#3306=ORIENTED_EDGE('',*,*,#4847,.T.);
#3307=ORIENTED_EDGE('',*,*,#4922,.T.);
#3308=ORIENTED_EDGE('',*,*,#4908,.T.);
#3309=ORIENTED_EDGE('',*,*,#4947,.T.);
#3310=ORIENTED_EDGE('',*,*,#4840,.T.);
#3311=ORIENTED_EDGE('',*,*,#4924,.T.);
#3312=ORIENTED_EDGE('',*,*,#4902,.T.);
#3313=ORIENTED_EDGE('',*,*,#4948,.T.);
#3314=ORIENTED_EDGE('',*,*,#4833,.T.);
#3315=ORIENTED_EDGE('',*,*,#4926,.T.);
#3316=ORIENTED_EDGE('',*,*,#4896,.T.);
#3317=ORIENTED_EDGE('',*,*,#4949,.T.);
#3318=ORIENTED_EDGE('',*,*,#4891,.T.);
#3319=ORIENTED_EDGE('',*,*,#4950,.T.);
#3320=ORIENTED_EDGE('',*,*,#4868,.T.);
#3321=ORIENTED_EDGE('',*,*,#4928,.T.);
#3322=ORIENTED_EDGE('',*,*,#4861,.T.);
#3323=ORIENTED_EDGE('',*,*,#4930,.T.);
#3324=ORIENTED_EDGE('',*,*,#4920,.T.);
#3325=ORIENTED_EDGE('',*,*,#4951,.T.);
#3326=ORIENTED_EDGE('',*,*,#4854,.T.);
#3327=ORIENTED_EDGE('',*,*,#4932,.T.);
#3328=ORIENTED_EDGE('',*,*,#4914,.T.);
#3329=ORIENTED_EDGE('',*,*,#4952,.T.);
#3330=ORIENTED_EDGE('',*,*,#4949,.F.);
#3331=ORIENTED_EDGE('',*,*,#4895,.F.);
#3332=ORIENTED_EDGE('',*,*,#4875,.F.);
#3333=ORIENTED_EDGE('',*,*,#4876,.F.);
#3334=ORIENTED_EDGE('',*,*,#4879,.F.);
#3335=ORIENTED_EDGE('',*,*,#4882,.F.);
#3336=ORIENTED_EDGE('',*,*,#4885,.F.);
#3337=ORIENTED_EDGE('',*,*,#4841,.F.);
#3338=ORIENTED_EDGE('',*,*,#4948,.F.);
#3339=ORIENTED_EDGE('',*,*,#4901,.F.);
#3340=ORIENTED_EDGE('',*,*,#4848,.F.);
#3341=ORIENTED_EDGE('',*,*,#4947,.F.);
#3342=ORIENTED_EDGE('',*,*,#4907,.F.);
#3343=ORIENTED_EDGE('',*,*,#4855,.F.);
#3344=ORIENTED_EDGE('',*,*,#4952,.F.);
#3345=ORIENTED_EDGE('',*,*,#4913,.F.);
#3346=ORIENTED_EDGE('',*,*,#4862,.F.);
#3347=ORIENTED_EDGE('',*,*,#4951,.F.);
#3348=ORIENTED_EDGE('',*,*,#4919,.F.);
#3349=ORIENTED_EDGE('',*,*,#4869,.F.);
#3350=ORIENTED_EDGE('',*,*,#4950,.F.);
#3351=ORIENTED_EDGE('',*,*,#4890,.F.);
#3352=ORIENTED_EDGE('',*,*,#4834,.F.);
#3353=ORIENTED_EDGE('',*,*,#4953,.T.);
#3354=ORIENTED_EDGE('',*,*,#4940,.F.);
#3355=ORIENTED_EDGE('',*,*,#4953,.F.);
#3356=ORIENTED_EDGE('',*,*,#4837,.F.);
#3357=ORIENTED_EDGE('',*,*,#4942,.F.);
#3358=ORIENTED_EDGE('',*,*,#4899,.F.);
#3359=ORIENTED_EDGE('',*,*,#4936,.F.);
#3360=ORIENTED_EDGE('',*,*,#4851,.F.);
#3361=ORIENTED_EDGE('',*,*,#4946,.F.);
#3362=ORIENTED_EDGE('',*,*,#4911,.F.);
#3363=ORIENTED_EDGE('',*,*,#4938,.F.);
#3364=ORIENTED_EDGE('',*,*,#4858,.F.);
#3365=ORIENTED_EDGE('',*,*,#4945,.F.);
#3366=ORIENTED_EDGE('',*,*,#4917,.F.);
#3367=ORIENTED_EDGE('',*,*,#4939,.F.);
#3368=ORIENTED_EDGE('',*,*,#4830,.F.);
#3369=ORIENTED_EDGE('',*,*,#4943,.F.);
#3370=ORIENTED_EDGE('',*,*,#4872,.F.);
#3371=ORIENTED_EDGE('',*,*,#4894,.F.);
#3372=ORIENTED_EDGE('',*,*,#4935,.F.);
#3373=ORIENTED_EDGE('',*,*,#4865,.F.);
#3374=ORIENTED_EDGE('',*,*,#4944,.F.);
#3375=ORIENTED_EDGE('',*,*,#4888,.F.);
#3376=ORIENTED_EDGE('',*,*,#4934,.F.);
#3377=ORIENTED_EDGE('',*,*,#4844,.F.);
#3378=ORIENTED_EDGE('',*,*,#4941,.F.);
#3379=ORIENTED_EDGE('',*,*,#4905,.F.);
#3380=ORIENTED_EDGE('',*,*,#4937,.F.);
#3381=EDGE_CURVE('',#4954,#4955,#6007,.T.);
#3382=EDGE_CURVE('',#4954,#4956,#6008,.T.);
#3383=EDGE_CURVE('',#4956,#4957,#6009,.F.);
#3384=EDGE_CURVE('',#4958,#4957,#6010,.T.);
#3385=EDGE_CURVE('',#4958,#4959,#6011,.T.);
#3386=EDGE_CURVE('',#4959,#4960,#6012,.T.);
#3387=EDGE_CURVE('',#4961,#4960,#6013,.T.);
#3388=EDGE_CURVE('',#4961,#4955,#6014,.T.);
#3389=EDGE_CURVE('',#4962,#4963,#6015,.T.);
#3390=EDGE_CURVE('',#4962,#4964,#6016,.T.);
#3391=EDGE_CURVE('',#4965,#4964,#6017,.T.);
#3392=EDGE_CURVE('',#4965,#4966,#6018,.T.);
#3393=EDGE_CURVE('',#4966,#4967,#6019,.F.);
#3394=EDGE_CURVE('',#4968,#4967,#6020,.T.);
#3395=EDGE_CURVE('',#4968,#4969,#6021,.T.);
#3396=EDGE_CURVE('',#4969,#4963,#6022,.T.);
#3397=EDGE_CURVE('',#4970,#4971,#6023,.T.);
#3398=EDGE_CURVE('',#4972,#4970,#97,.T.);
#3399=EDGE_CURVE('',#4973,#4972,#6024,.T.);
#3400=EDGE_CURVE('',#4974,#4973,#98,.T.);
#3401=EDGE_CURVE('',#4975,#4974,#99,.T.);
#3402=EDGE_CURVE('',#4971,#4975,#100,.T.);
#3403=EDGE_CURVE('',#4970,#4976,#6025,.T.);
#3404=EDGE_CURVE('',#4976,#4977,#101,.T.);
#3405=EDGE_CURVE('',#4978,#4977,#6026,.T.);
#3406=EDGE_CURVE('',#4978,#4979,#102,.T.);
#3407=EDGE_CURVE('',#4979,#4980,#6027,.T.);
#3408=EDGE_CURVE('',#4980,#4981,#103,.T.);
#3409=EDGE_CURVE('',#4972,#4981,#6028,.T.);
#3410=EDGE_CURVE('',#4982,#4982,#104,.T.);
#3411=EDGE_CURVE('',#4983,#4954,#6029,.T.);
#3412=EDGE_CURVE('',#4984,#4983,#6030,.T.);
#3413=EDGE_CURVE('',#4960,#4984,#6031,.T.);
#3414=EDGE_CURVE('',#4959,#4985,#105,.F.);
#3415=EDGE_CURVE('',#4986,#4985,#6032,.T.);
#3416=EDGE_CURVE('',#4986,#4966,#106,.F.);
#3417=EDGE_CURVE('',#4987,#4965,#6033,.T.);
#3418=EDGE_CURVE('',#4988,#4987,#6034,.T.);
#3419=EDGE_CURVE('',#4963,#4988,#6035,.T.);
#3420=EDGE_CURVE('',#4969,#4989,#107,.F.);
#3421=EDGE_CURVE('',#4990,#4989,#6036,.T.);
#3422=EDGE_CURVE('',#4990,#4991,#6037,.T.);
#3423=EDGE_CURVE('',#4992,#4991,#6038,.T.);
#3424=EDGE_CURVE('',#4993,#4992,#6039,.T.);
#3425=EDGE_CURVE('',#4994,#4993,#6040,.T.);
#3426=EDGE_CURVE('',#4994,#4956,#108,.F.);
#3427=EDGE_CURVE('',#4995,#4996,#6041,.T.);
#3428=EDGE_CURVE('',#4996,#4997,#6042,.T.);
#3429=EDGE_CURVE('',#4997,#4998,#6043,.T.);
#3430=EDGE_CURVE('',#4998,#4999,#6044,.T.);
#3431=EDGE_CURVE('',#4999,#5000,#6045,.T.);
#3432=EDGE_CURVE('',#5000,#5001,#6046,.T.);
#3433=EDGE_CURVE('',#5001,#5002,#6047,.T.);
#3434=EDGE_CURVE('',#5002,#5003,#6048,.T.);
#3435=EDGE_CURVE('',#5003,#5004,#6049,.T.);
#3436=EDGE_CURVE('',#5004,#5005,#6050,.T.);
#3437=EDGE_CURVE('',#5005,#5006,#6051,.T.);
#3438=EDGE_CURVE('',#5006,#5007,#6052,.T.);
#3439=EDGE_CURVE('',#5007,#5008,#6053,.T.);
#3440=EDGE_CURVE('',#5008,#5009,#6054,.T.);
#3441=EDGE_CURVE('',#5009,#5010,#6055,.T.);
#3442=EDGE_CURVE('',#5010,#5011,#6056,.T.);
#3443=EDGE_CURVE('',#5011,#5012,#6057,.T.);
#3444=EDGE_CURVE('',#5012,#5013,#6058,.T.);
#3445=EDGE_CURVE('',#5013,#5014,#6059,.T.);
#3446=EDGE_CURVE('',#5014,#5015,#6060,.T.);
#3447=EDGE_CURVE('',#5015,#5016,#6061,.T.);
#3448=EDGE_CURVE('',#5016,#5017,#6062,.T.);
#3449=EDGE_CURVE('',#5017,#5018,#6063,.T.);
#3450=EDGE_CURVE('',#5018,#5019,#6064,.T.);
#3451=EDGE_CURVE('',#5019,#5020,#6065,.T.);
#3452=EDGE_CURVE('',#5020,#5021,#6066,.T.);
#3453=EDGE_CURVE('',#5021,#5022,#6067,.T.);
#3454=EDGE_CURVE('',#5022,#5023,#6068,.T.);
#3455=EDGE_CURVE('',#5023,#5024,#6069,.T.);
#3456=EDGE_CURVE('',#5024,#5025,#6070,.T.);
#3457=EDGE_CURVE('',#5025,#5026,#6071,.T.);
#3458=EDGE_CURVE('',#5026,#5027,#6072,.T.);
#3459=EDGE_CURVE('',#5027,#5028,#6073,.T.);
#3460=EDGE_CURVE('',#5028,#5029,#6074,.T.);
#3461=EDGE_CURVE('',#5029,#5030,#6075,.T.);
#3462=EDGE_CURVE('',#5030,#5031,#6076,.T.);
#3463=EDGE_CURVE('',#5031,#5032,#6077,.T.);
#3464=EDGE_CURVE('',#5032,#5033,#6078,.T.);
#3465=EDGE_CURVE('',#5033,#5034,#6079,.T.);
#3466=EDGE_CURVE('',#5034,#5035,#6080,.T.);
#3467=EDGE_CURVE('',#5035,#5036,#6081,.T.);
#3468=EDGE_CURVE('',#5036,#5037,#6082,.T.);
#3469=EDGE_CURVE('',#5037,#5038,#6083,.T.);
#3470=EDGE_CURVE('',#5038,#5039,#6084,.T.);
#3471=EDGE_CURVE('',#5039,#5040,#6085,.T.);
#3472=EDGE_CURVE('',#5040,#5041,#6086,.T.);
#3473=EDGE_CURVE('',#5041,#5042,#6087,.T.);
#3474=EDGE_CURVE('',#5042,#5043,#6088,.T.);
#3475=EDGE_CURVE('',#5043,#5044,#6089,.T.);
#3476=EDGE_CURVE('',#5044,#5045,#6090,.T.);
#3477=EDGE_CURVE('',#5046,#5045,#6091,.T.);
#3478=EDGE_CURVE('',#5047,#5046,#6092,.T.);
#3479=EDGE_CURVE('',#5048,#5047,#6093,.T.);
#3480=EDGE_CURVE('',#5048,#5049,#6094,.T.);
#3481=EDGE_CURVE('',#5050,#5049,#6095,.T.);
#3482=EDGE_CURVE('',#5051,#5050,#6096,.T.);
#3483=EDGE_CURVE('',#5052,#5051,#6097,.T.);
#3484=EDGE_CURVE('',#5052,#5053,#6098,.T.);
#3485=EDGE_CURVE('',#5054,#5053,#6099,.T.);
#3486=EDGE_CURVE('',#5055,#5054,#6100,.T.);
#3487=EDGE_CURVE('',#5056,#5055,#6101,.T.);
#3488=EDGE_CURVE('',#5056,#5057,#6102,.T.);
#3489=EDGE_CURVE('',#5058,#5057,#6103,.T.);
#3490=EDGE_CURVE('',#5059,#5058,#6104,.T.);
#3491=EDGE_CURVE('',#5060,#5059,#6105,.T.);
#3492=EDGE_CURVE('',#5060,#5061,#6106,.T.);
#3493=EDGE_CURVE('',#5062,#5061,#6107,.T.);
#3494=EDGE_CURVE('',#5063,#5062,#6108,.T.);
#3495=EDGE_CURVE('',#5064,#5063,#6109,.T.);
#3496=EDGE_CURVE('',#5064,#5065,#6110,.T.);
#3497=EDGE_CURVE('',#5066,#5065,#6111,.T.);
#3498=EDGE_CURVE('',#5067,#5066,#6112,.T.);
#3499=EDGE_CURVE('',#5068,#5067,#6113,.T.);
#3500=EDGE_CURVE('',#5068,#5069,#6114,.T.);
#3501=EDGE_CURVE('',#5070,#5069,#6115,.T.);
#3502=EDGE_CURVE('',#5071,#5070,#6116,.T.);
#3503=EDGE_CURVE('',#5072,#5071,#6117,.T.);
#3504=EDGE_CURVE('',#5072,#5073,#6118,.T.);
#3505=EDGE_CURVE('',#5074,#5073,#6119,.T.);
#3506=EDGE_CURVE('',#5075,#5074,#6120,.T.);
#3507=EDGE_CURVE('',#5076,#5075,#6121,.T.);
#3508=EDGE_CURVE('',#5076,#5077,#6122,.T.);
#3509=EDGE_CURVE('',#5078,#5077,#6123,.T.);
#3510=EDGE_CURVE('',#5079,#5078,#6124,.T.);
#3511=EDGE_CURVE('',#5080,#5079,#6125,.T.);
#3512=EDGE_CURVE('',#5080,#5081,#6126,.T.);
#3513=EDGE_CURVE('',#5082,#5081,#6127,.T.);
#3514=EDGE_CURVE('',#5083,#5082,#6128,.T.);
#3515=EDGE_CURVE('',#5084,#5083,#6129,.T.);
#3516=EDGE_CURVE('',#5084,#5085,#6130,.T.);
#3517=EDGE_CURVE('',#5086,#5085,#6131,.T.);
#3518=EDGE_CURVE('',#5087,#5086,#6132,.T.);
#3519=EDGE_CURVE('',#5088,#5087,#6133,.T.);
#3520=EDGE_CURVE('',#5088,#5089,#6134,.T.);
#3521=EDGE_CURVE('',#5090,#5089,#6135,.T.);
#3522=EDGE_CURVE('',#5091,#5090,#6136,.T.);
#3523=EDGE_CURVE('',#5092,#5091,#6137,.T.);
#3524=EDGE_CURVE('',#5092,#5093,#6138,.T.);
#3525=EDGE_CURVE('',#5094,#5093,#6139,.T.);
#3526=EDGE_CURVE('',#5095,#5094,#6140,.T.);
#3527=EDGE_CURVE('',#5096,#5095,#6141,.T.);
#3528=EDGE_CURVE('',#5096,#5097,#6142,.T.);
#3529=EDGE_CURVE('',#5098,#5097,#6143,.T.);
#3530=EDGE_CURVE('',#5099,#5098,#6144,.T.);
#3531=EDGE_CURVE('',#5100,#5099,#6145,.T.);
#3532=EDGE_CURVE('',#5100,#5101,#6146,.T.);
#3533=EDGE_CURVE('',#5101,#5102,#6147,.T.);
#3534=EDGE_CURVE('',#5102,#5103,#6148,.T.);
#3535=EDGE_CURVE('',#5104,#5103,#6149,.T.);
#3536=EDGE_CURVE('',#5105,#5104,#6150,.T.);
#3537=EDGE_CURVE('',#5106,#5105,#6151,.T.);
#3538=EDGE_CURVE('',#5106,#5107,#6152,.T.);
#3539=EDGE_CURVE('',#5108,#5107,#6153,.T.);
#3540=EDGE_CURVE('',#5109,#5108,#6154,.T.);
#3541=EDGE_CURVE('',#5110,#5109,#6155,.T.);
#3542=EDGE_CURVE('',#5110,#5111,#6156,.T.);
#3543=EDGE_CURVE('',#5112,#5111,#6157,.T.);
#3544=EDGE_CURVE('',#5113,#5112,#6158,.T.);
#3545=EDGE_CURVE('',#5114,#5113,#6159,.T.);
#3546=EDGE_CURVE('',#5114,#5115,#6160,.T.);
#3547=EDGE_CURVE('',#5116,#5115,#6161,.T.);
#3548=EDGE_CURVE('',#5117,#5116,#6162,.T.);
#3549=EDGE_CURVE('',#5118,#5117,#6163,.T.);
#3550=EDGE_CURVE('',#5118,#5119,#6164,.T.);
#3551=EDGE_CURVE('',#5120,#5119,#6165,.T.);
#3552=EDGE_CURVE('',#5121,#5120,#6166,.T.);
#3553=EDGE_CURVE('',#5122,#5121,#6167,.T.);
#3554=EDGE_CURVE('',#5122,#5123,#6168,.T.);
#3555=EDGE_CURVE('',#5124,#5123,#6169,.T.);
#3556=EDGE_CURVE('',#5125,#5124,#6170,.T.);
#3557=EDGE_CURVE('',#5126,#5125,#6171,.T.);
#3558=EDGE_CURVE('',#5126,#5127,#6172,.T.);
#3559=EDGE_CURVE('',#5128,#5127,#6173,.T.);
#3560=EDGE_CURVE('',#5129,#5128,#6174,.T.);
#3561=EDGE_CURVE('',#5130,#5129,#6175,.T.);
#3562=EDGE_CURVE('',#5130,#5131,#6176,.T.);
#3563=EDGE_CURVE('',#5132,#5131,#6177,.T.);
#3564=EDGE_CURVE('',#5133,#5132,#6178,.T.);
#3565=EDGE_CURVE('',#5134,#5133,#6179,.T.);
#3566=EDGE_CURVE('',#5134,#5135,#6180,.T.);
#3567=EDGE_CURVE('',#5136,#5135,#6181,.T.);
#3568=EDGE_CURVE('',#5137,#5136,#6182,.T.);
#3569=EDGE_CURVE('',#5138,#5137,#6183,.T.);
#3570=EDGE_CURVE('',#5138,#5139,#6184,.T.);
#3571=EDGE_CURVE('',#5140,#5139,#6185,.T.);
#3572=EDGE_CURVE('',#5141,#5140,#6186,.T.);
#3573=EDGE_CURVE('',#5142,#5141,#6187,.T.);
#3574=EDGE_CURVE('',#5142,#5143,#6188,.T.);
#3575=EDGE_CURVE('',#5144,#5143,#6189,.T.);
#3576=EDGE_CURVE('',#5145,#5144,#6190,.T.);
#3577=EDGE_CURVE('',#5146,#5145,#6191,.T.);
#3578=EDGE_CURVE('',#5146,#5147,#6192,.T.);
#3579=EDGE_CURVE('',#5148,#5147,#6193,.T.);
#3580=EDGE_CURVE('',#5149,#5148,#6194,.T.);
#3581=EDGE_CURVE('',#5150,#5149,#6195,.T.);
#3582=EDGE_CURVE('',#5150,#5151,#6196,.T.);
#3583=EDGE_CURVE('',#5152,#5151,#6197,.T.);
#3584=EDGE_CURVE('',#5153,#5152,#6198,.T.);
#3585=EDGE_CURVE('',#5154,#5153,#6199,.T.);
#3586=EDGE_CURVE('',#5154,#5155,#6200,.T.);
#3587=EDGE_CURVE('',#5156,#5155,#6201,.T.);
#3588=EDGE_CURVE('',#5157,#5156,#6202,.T.);
#3589=EDGE_CURVE('',#5158,#5157,#6203,.T.);
#3590=EDGE_CURVE('',#5158,#4995,#6204,.T.);
#3591=EDGE_CURVE('',#5159,#5160,#6205,.T.);
#3592=EDGE_CURVE('',#5159,#5161,#6206,.T.);
#3593=EDGE_CURVE('',#5161,#5162,#6207,.T.);
#3594=EDGE_CURVE('',#5163,#5162,#6208,.T.);
#3595=EDGE_CURVE('',#5163,#4986,#6209,.T.);
#3596=EDGE_CURVE('',#4985,#5164,#6210,.F.);
#3597=EDGE_CURVE('',#5160,#5164,#6211,.T.);
#3598=EDGE_CURVE('',#5165,#5166,#109,.T.);
#3599=EDGE_CURVE('',#5166,#5160,#6212,.T.);
#3600=EDGE_CURVE('',#5164,#4958,#110,.T.);
#3601=EDGE_CURVE('',#4957,#5167,#111,.T.);
#3602=EDGE_CURVE('',#5167,#5168,#6213,.T.);
#3603=EDGE_CURVE('',#5168,#4968,#112,.T.);
#3604=EDGE_CURVE('',#4967,#5163,#113,.T.);
#3605=EDGE_CURVE('',#5165,#5162,#6214,.T.);
#3606=EDGE_CURVE('',#5169,#5169,#114,.T.);
#3607=EDGE_CURVE('',#5170,#5171,#115,.T.);
#3608=EDGE_CURVE('',#5166,#5171,#6215,.T.);
#3609=EDGE_CURVE('',#5165,#5170,#6216,.T.);
#3610=EDGE_CURVE('',#5172,#5172,#116,.F.);
#3611=EDGE_CURVE('',#5173,#5173,#117,.T.);
#3612=EDGE_CURVE('',#4974,#5174,#6217,.T.);
#3613=EDGE_CURVE('',#5174,#5175,#118,.T.);
#3614=EDGE_CURVE('',#4975,#5175,#6218,.T.);
#3615=EDGE_CURVE('',#5176,#5177,#6219,.T.);
#3616=EDGE_CURVE('',#5177,#5178,#119,.T.);
#3617=EDGE_CURVE('',#5179,#5178,#6220,.T.);
#3618=EDGE_CURVE('',#5179,#5176,#120,.T.);
#3619=EDGE_CURVE('',#5180,#5180,#121,.T.);
#3620=EDGE_CURVE('',#5181,#5181,#122,.F.);
#3621=EDGE_CURVE('',#5182,#4976,#6221,.T.);
#3622=EDGE_CURVE('',#4971,#5182,#6222,.T.);
#3623=EDGE_CURVE('',#5175,#5182,#123,.T.);
#3624=EDGE_CURVE('',#5183,#5174,#124,.T.);
#3625=EDGE_CURVE('',#4973,#5183,#6223,.T.);
#3626=EDGE_CURVE('',#4981,#5183,#6224,.T.);
#3627=EDGE_CURVE('',#4979,#5184,#6225,.T.);
#3628=EDGE_CURVE('',#5185,#4978,#6226,.T.);
#3629=EDGE_CURVE('',#5176,#5185,#125,.T.);
#3630=EDGE_CURVE('',#5184,#5179,#126,.T.);
#3631=EDGE_CURVE('',#5178,#5186,#127,.T.);
#3632=EDGE_CURVE('',#5184,#5186,#6227,.T.);
#3633=EDGE_CURVE('',#5187,#5177,#128,.T.);
#3634=EDGE_CURVE('',#5185,#5187,#6228,.T.);
#3635=EDGE_CURVE('',#4977,#5187,#6229,.T.);
#3636=EDGE_CURVE('',#5186,#4980,#6230,.T.);
#3637=EDGE_CURVE('',#5188,#5188,#129,.T.);
#3638=EDGE_CURVE('',#5189,#5189,#130,.T.);
#3639=EDGE_CURVE('',#5190,#5190,#131,.F.);
#3640=EDGE_CURVE('',#5191,#5191,#132,.T.);
#3641=EDGE_CURVE('',#5192,#5192,#133,.T.);
#3642=EDGE_CURVE('',#5193,#5194,#6231,.T.);
#3643=EDGE_CURVE('',#5194,#5195,#6232,.T.);
#3644=EDGE_CURVE('',#5195,#5196,#6233,.T.);
#3645=EDGE_CURVE('',#5196,#5193,#6234,.T.);
#3646=EDGE_CURVE('',#5197,#5198,#6235,.T.);
#3647=EDGE_CURVE('',#5198,#5199,#6236,.T.);
#3648=EDGE_CURVE('',#5199,#5200,#6237,.T.);
#3649=EDGE_CURVE('',#5200,#5197,#6238,.T.);
#3650=EDGE_CURVE('',#5201,#5202,#6239,.T.);
#3651=EDGE_CURVE('',#5202,#5203,#6240,.T.);
#3652=EDGE_CURVE('',#5203,#5204,#6241,.T.);
#3653=EDGE_CURVE('',#5204,#5201,#6242,.T.);
#3654=EDGE_CURVE('',#5205,#5206,#6243,.T.);
#3655=EDGE_CURVE('',#5206,#5207,#6244,.T.);
#3656=EDGE_CURVE('',#5207,#5208,#6245,.T.);
#3657=EDGE_CURVE('',#5208,#5205,#6246,.T.);
#3658=EDGE_CURVE('',#5209,#5210,#6247,.T.);
#3659=EDGE_CURVE('',#5210,#5211,#6248,.T.);
#3660=EDGE_CURVE('',#5211,#5212,#6249,.T.);
#3661=EDGE_CURVE('',#5212,#5209,#6250,.T.);
#3662=EDGE_CURVE('',#5213,#5214,#6251,.T.);
#3663=EDGE_CURVE('',#5214,#5215,#6252,.T.);
#3664=EDGE_CURVE('',#5215,#5216,#6253,.T.);
#3665=EDGE_CURVE('',#5216,#5213,#6254,.T.);
#3666=EDGE_CURVE('',#5217,#5218,#6255,.T.);
#3667=EDGE_CURVE('',#5218,#5219,#6256,.T.);
#3668=EDGE_CURVE('',#5219,#5220,#6257,.T.);
#3669=EDGE_CURVE('',#5220,#5217,#6258,.T.);
#3670=EDGE_CURVE('',#5221,#5222,#6259,.T.);
#3671=EDGE_CURVE('',#5222,#5223,#6260,.T.);
#3672=EDGE_CURVE('',#5223,#5224,#6261,.T.);
#3673=EDGE_CURVE('',#5224,#5221,#6262,.T.);
#3674=EDGE_CURVE('',#5225,#5226,#6263,.T.);
#3675=EDGE_CURVE('',#5226,#5227,#6264,.T.);
#3676=EDGE_CURVE('',#5227,#5228,#6265,.T.);
#3677=EDGE_CURVE('',#5228,#5225,#6266,.T.);
#3678=EDGE_CURVE('',#5229,#5230,#6267,.F.);
#3679=EDGE_CURVE('',#5231,#5230,#134,.F.);
#3680=EDGE_CURVE('',#5231,#5232,#6268,.T.);
#3681=EDGE_CURVE('',#5229,#5232,#135,.T.);
#3682=EDGE_CURVE('',#5233,#5234,#6269,.F.);
#3683=EDGE_CURVE('',#5235,#5234,#136,.F.);
#3684=EDGE_CURVE('',#5235,#5236,#6270,.T.);
#3685=EDGE_CURVE('',#5233,#5236,#137,.T.);
#3686=EDGE_CURVE('',#5237,#5238,#6271,.F.);
#3687=EDGE_CURVE('',#5239,#5238,#138,.F.);
#3688=EDGE_CURVE('',#5239,#5240,#6272,.T.);
#3689=EDGE_CURVE('',#5237,#5240,#139,.T.);
#3690=EDGE_CURVE('',#5241,#5242,#6273,.F.);
#3691=EDGE_CURVE('',#5243,#5242,#140,.F.);
#3692=EDGE_CURVE('',#5243,#5244,#6274,.T.);
#3693=EDGE_CURVE('',#5241,#5244,#141,.T.);
#3694=EDGE_CURVE('',#5245,#5246,#6275,.F.);
#3695=EDGE_CURVE('',#5247,#5246,#142,.F.);
#3696=EDGE_CURVE('',#5247,#5248,#6276,.T.);
#3697=EDGE_CURVE('',#5245,#5248,#143,.T.);
#3698=EDGE_CURVE('',#5249,#5250,#6277,.F.);
#3699=EDGE_CURVE('',#5251,#5250,#144,.F.);
#3700=EDGE_CURVE('',#5251,#5252,#6278,.T.);
#3701=EDGE_CURVE('',#5249,#5252,#145,.T.);
#3702=EDGE_CURVE('',#5253,#5254,#6279,.F.);
#3703=EDGE_CURVE('',#5255,#5254,#146,.F.);
#3704=EDGE_CURVE('',#5255,#5256,#6280,.T.);
#3705=EDGE_CURVE('',#5253,#5256,#147,.T.);
#3706=EDGE_CURVE('',#5257,#5258,#6281,.F.);
#3707=EDGE_CURVE('',#5259,#5258,#148,.F.);
#3708=EDGE_CURVE('',#5259,#5260,#6282,.T.);
#3709=EDGE_CURVE('',#5257,#5260,#149,.T.);
#3710=EDGE_CURVE('',#5261,#5262,#6283,.F.);
#3711=EDGE_CURVE('',#5263,#5262,#150,.F.);
#3712=EDGE_CURVE('',#5263,#5264,#6284,.T.);
#3713=EDGE_CURVE('',#5261,#5264,#151,.T.);
#3714=EDGE_CURVE('',#5265,#5266,#6285,.F.);
#3715=EDGE_CURVE('',#5267,#5266,#152,.F.);
#3716=EDGE_CURVE('',#5267,#5268,#6286,.T.);
#3717=EDGE_CURVE('',#5265,#5268,#153,.T.);
#3718=EDGE_CURVE('',#5269,#5270,#6287,.F.);
#3719=EDGE_CURVE('',#5271,#5270,#154,.F.);
#3720=EDGE_CURVE('',#5271,#5272,#6288,.T.);
#3721=EDGE_CURVE('',#5269,#5272,#155,.T.);
#3722=EDGE_CURVE('',#5273,#5274,#6289,.F.);
#3723=EDGE_CURVE('',#5275,#5274,#156,.F.);
#3724=EDGE_CURVE('',#5275,#5276,#6290,.T.);
#3725=EDGE_CURVE('',#5273,#5276,#157,.T.);
#3726=EDGE_CURVE('',#5277,#5278,#6291,.F.);
#3727=EDGE_CURVE('',#5279,#5278,#158,.F.);
#3728=EDGE_CURVE('',#5279,#5280,#6292,.T.);
#3729=EDGE_CURVE('',#5277,#5280,#159,.T.);
#3730=EDGE_CURVE('',#5281,#5282,#6293,.F.);
#3731=EDGE_CURVE('',#5283,#5282,#160,.F.);
#3732=EDGE_CURVE('',#5283,#5284,#6294,.T.);
#3733=EDGE_CURVE('',#5281,#5284,#161,.T.);
#3734=EDGE_CURVE('',#5285,#5286,#6295,.F.);
#3735=EDGE_CURVE('',#5286,#5287,#162,.F.);
#3736=EDGE_CURVE('',#5287,#5288,#6296,.T.);
#3737=EDGE_CURVE('',#5285,#5288,#163,.T.);
#3738=EDGE_CURVE('',#5289,#5290,#6297,.F.);
#3739=EDGE_CURVE('',#5290,#5291,#164,.F.);
#3740=EDGE_CURVE('',#5291,#5292,#6298,.T.);
#3741=EDGE_CURVE('',#5289,#5292,#165,.T.);
#3742=EDGE_CURVE('',#5293,#5294,#6299,.F.);
#3743=EDGE_CURVE('',#5294,#5295,#166,.F.);
#3744=EDGE_CURVE('',#5295,#5296,#6300,.T.);
#3745=EDGE_CURVE('',#5293,#5296,#167,.T.);
#3746=EDGE_CURVE('',#5297,#5298,#6301,.F.);
#3747=EDGE_CURVE('',#5298,#5299,#168,.F.);
#3748=EDGE_CURVE('',#5299,#5300,#6302,.T.);
#3749=EDGE_CURVE('',#5297,#5300,#169,.T.);
#3750=EDGE_CURVE('',#5301,#5302,#6303,.F.);
#3751=EDGE_CURVE('',#5302,#5303,#170,.F.);
#3752=EDGE_CURVE('',#5303,#5304,#6304,.T.);
#3753=EDGE_CURVE('',#5301,#5304,#171,.T.);
#3754=EDGE_CURVE('',#5305,#5306,#6305,.F.);
#3755=EDGE_CURVE('',#5306,#5307,#172,.F.);
#3756=EDGE_CURVE('',#5307,#5308,#6306,.T.);
#3757=EDGE_CURVE('',#5305,#5308,#173,.T.);
#3758=EDGE_CURVE('',#5309,#5310,#6307,.F.);
#3759=EDGE_CURVE('',#5310,#5311,#174,.F.);
#3760=EDGE_CURVE('',#5311,#5312,#6308,.T.);
#3761=EDGE_CURVE('',#5309,#5312,#175,.T.);
#3762=EDGE_CURVE('',#5313,#5314,#6309,.F.);
#3763=EDGE_CURVE('',#5314,#5315,#176,.F.);
#3764=EDGE_CURVE('',#5315,#5316,#6310,.T.);
#3765=EDGE_CURVE('',#5313,#5316,#177,.T.);
#3766=EDGE_CURVE('',#5317,#5318,#6311,.F.);
#3767=EDGE_CURVE('',#5318,#5319,#178,.F.);
#3768=EDGE_CURVE('',#5319,#5320,#6312,.T.);
#3769=EDGE_CURVE('',#5317,#5320,#179,.T.);
#3770=EDGE_CURVE('',#5321,#5322,#6313,.F.);
#3771=EDGE_CURVE('',#5322,#5323,#180,.F.);
#3772=EDGE_CURVE('',#5323,#5324,#6314,.T.);
#3773=EDGE_CURVE('',#5321,#5324,#181,.T.);
#3774=EDGE_CURVE('',#5325,#5326,#6315,.F.);
#3775=EDGE_CURVE('',#5326,#5327,#182,.F.);
#3776=EDGE_CURVE('',#5327,#5328,#6316,.T.);
#3777=EDGE_CURVE('',#5325,#5328,#183,.T.);
#3778=EDGE_CURVE('',#5329,#5330,#6317,.F.);
#3779=EDGE_CURVE('',#5330,#5331,#184,.F.);
#3780=EDGE_CURVE('',#5331,#5332,#6318,.T.);
#3781=EDGE_CURVE('',#5329,#5332,#185,.T.);
#3782=EDGE_CURVE('',#5333,#5334,#6319,.F.);
#3783=EDGE_CURVE('',#5334,#5335,#186,.F.);
#3784=EDGE_CURVE('',#5335,#5336,#6320,.T.);
#3785=EDGE_CURVE('',#5333,#5336,#187,.T.);
#3786=EDGE_CURVE('',#5337,#5338,#6321,.F.);
#3787=EDGE_CURVE('',#5338,#5339,#188,.F.);
#3788=EDGE_CURVE('',#5339,#5340,#6322,.T.);
#3789=EDGE_CURVE('',#5337,#5340,#189,.T.);
#3790=EDGE_CURVE('',#5341,#5342,#190,.T.);
#3791=EDGE_CURVE('',#5343,#5341,#6323,.T.);
#3792=EDGE_CURVE('',#5343,#5344,#191,.F.);
#3793=EDGE_CURVE('',#5342,#5344,#6324,.F.);
#3794=EDGE_CURVE('',#5345,#5346,#192,.T.);
#3795=EDGE_CURVE('',#5347,#5345,#6325,.T.);
#3796=EDGE_CURVE('',#5347,#5348,#193,.F.);
#3797=EDGE_CURVE('',#5346,#5348,#6326,.F.);
#3798=EDGE_CURVE('',#5349,#5350,#194,.T.);
#3799=EDGE_CURVE('',#5351,#5349,#6327,.T.);
#3800=EDGE_CURVE('',#5351,#5352,#195,.F.);
#3801=EDGE_CURVE('',#5350,#5352,#6328,.F.);
#3802=EDGE_CURVE('',#5353,#5354,#196,.T.);
#3803=EDGE_CURVE('',#5355,#5353,#6329,.T.);
#3804=EDGE_CURVE('',#5355,#5356,#197,.F.);
#3805=EDGE_CURVE('',#5354,#5356,#6330,.F.);
#3806=EDGE_CURVE('',#5357,#5358,#198,.T.);
#3807=EDGE_CURVE('',#5359,#5357,#6331,.T.);
#3808=EDGE_CURVE('',#5359,#5360,#199,.F.);
#3809=EDGE_CURVE('',#5358,#5360,#6332,.F.);
#3810=EDGE_CURVE('',#5361,#5362,#200,.T.);
#3811=EDGE_CURVE('',#5363,#5361,#6333,.T.);
#3812=EDGE_CURVE('',#5363,#5364,#201,.F.);
#3813=EDGE_CURVE('',#5362,#5364,#6334,.F.);
#3814=EDGE_CURVE('',#5365,#5366,#202,.T.);
#3815=EDGE_CURVE('',#5367,#5365,#6335,.T.);
#3816=EDGE_CURVE('',#5367,#5368,#203,.F.);
#3817=EDGE_CURVE('',#5366,#5368,#6336,.F.);
#3818=EDGE_CURVE('',#5369,#5370,#204,.T.);
#3819=EDGE_CURVE('',#5371,#5369,#6337,.T.);
#3820=EDGE_CURVE('',#5371,#5372,#205,.F.);
#3821=EDGE_CURVE('',#5370,#5372,#6338,.F.);
#3822=EDGE_CURVE('',#5373,#5374,#206,.T.);
#3823=EDGE_CURVE('',#5375,#5373,#6339,.T.);
#3824=EDGE_CURVE('',#5375,#5376,#207,.F.);
#3825=EDGE_CURVE('',#5374,#5376,#6340,.F.);
#3826=EDGE_CURVE('',#5377,#5378,#208,.T.);
#3827=EDGE_CURVE('',#5379,#5377,#6341,.T.);
#3828=EDGE_CURVE('',#5379,#5380,#209,.F.);
#3829=EDGE_CURVE('',#5378,#5380,#6342,.F.);
#3830=EDGE_CURVE('',#5381,#5382,#210,.T.);
#3831=EDGE_CURVE('',#5383,#5381,#6343,.T.);
#3832=EDGE_CURVE('',#5383,#5384,#211,.F.);
#3833=EDGE_CURVE('',#5382,#5384,#6344,.F.);
#3834=EDGE_CURVE('',#5385,#5386,#212,.T.);
#3835=EDGE_CURVE('',#5387,#5385,#6345,.T.);
#3836=EDGE_CURVE('',#5387,#5388,#213,.F.);
#3837=EDGE_CURVE('',#5386,#5388,#6346,.F.);
#3838=EDGE_CURVE('',#5389,#5390,#6347,.T.);
#3839=EDGE_CURVE('',#5195,#5390,#6348,.T.);
#3840=EDGE_CURVE('',#5194,#5389,#6349,.T.);
#3841=EDGE_CURVE('',#5390,#5391,#6350,.T.);
#3842=EDGE_CURVE('',#5196,#5391,#6351,.T.);
#3843=EDGE_CURVE('',#5391,#5392,#6352,.T.);
#3844=EDGE_CURVE('',#5193,#5392,#6353,.T.);
#3845=EDGE_CURVE('',#5392,#5389,#6354,.T.);
#3846=EDGE_CURVE('',#5393,#5394,#6355,.T.);
#3847=EDGE_CURVE('',#5199,#5394,#6356,.T.);
#3848=EDGE_CURVE('',#5198,#5393,#6357,.T.);
#3849=EDGE_CURVE('',#5394,#5395,#6358,.T.);
#3850=EDGE_CURVE('',#5200,#5395,#6359,.T.);
#3851=EDGE_CURVE('',#5395,#5396,#6360,.T.);
#3852=EDGE_CURVE('',#5197,#5396,#6361,.T.);
#3853=EDGE_CURVE('',#5396,#5393,#6362,.T.);
#3854=EDGE_CURVE('',#5397,#5398,#6363,.T.);
#3855=EDGE_CURVE('',#5203,#5398,#6364,.T.);
#3856=EDGE_CURVE('',#5202,#5397,#6365,.T.);
#3857=EDGE_CURVE('',#5398,#5399,#6366,.T.);
#3858=EDGE_CURVE('',#5204,#5399,#6367,.T.);
#3859=EDGE_CURVE('',#5399,#5400,#6368,.T.);
#3860=EDGE_CURVE('',#5201,#5400,#6369,.T.);
#3861=EDGE_CURVE('',#5400,#5397,#6370,.T.);
#3862=EDGE_CURVE('',#5401,#5402,#6371,.T.);
#3863=EDGE_CURVE('',#5207,#5402,#6372,.T.);
#3864=EDGE_CURVE('',#5206,#5401,#6373,.T.);
#3865=EDGE_CURVE('',#5402,#5403,#6374,.T.);
#3866=EDGE_CURVE('',#5208,#5403,#6375,.T.);
#3867=EDGE_CURVE('',#5403,#5404,#6376,.T.);
#3868=EDGE_CURVE('',#5205,#5404,#6377,.T.);
#3869=EDGE_CURVE('',#5404,#5401,#6378,.T.);
#3870=EDGE_CURVE('',#5405,#5406,#6379,.T.);
#3871=EDGE_CURVE('',#5211,#5406,#6380,.T.);
#3872=EDGE_CURVE('',#5210,#5405,#6381,.T.);
#3873=EDGE_CURVE('',#5406,#5407,#6382,.T.);
#3874=EDGE_CURVE('',#5212,#5407,#6383,.T.);
#3875=EDGE_CURVE('',#5407,#5408,#6384,.T.);
#3876=EDGE_CURVE('',#5209,#5408,#6385,.T.);
#3877=EDGE_CURVE('',#5408,#5405,#6386,.T.);
#3878=EDGE_CURVE('',#5409,#5410,#6387,.T.);
#3879=EDGE_CURVE('',#5215,#5410,#6388,.T.);
#3880=EDGE_CURVE('',#5214,#5409,#6389,.T.);
#3881=EDGE_CURVE('',#5410,#5411,#6390,.T.);
#3882=EDGE_CURVE('',#5216,#5411,#6391,.T.);
#3883=EDGE_CURVE('',#5411,#5412,#6392,.T.);
#3884=EDGE_CURVE('',#5213,#5412,#6393,.T.);
#3885=EDGE_CURVE('',#5412,#5409,#6394,.T.);
#3886=EDGE_CURVE('',#5413,#5414,#6395,.T.);
#3887=EDGE_CURVE('',#5219,#5414,#6396,.T.);
#3888=EDGE_CURVE('',#5218,#5413,#6397,.T.);
#3889=EDGE_CURVE('',#5414,#5415,#6398,.T.);
#3890=EDGE_CURVE('',#5220,#5415,#6399,.T.);
#3891=EDGE_CURVE('',#5415,#5416,#6400,.T.);
#3892=EDGE_CURVE('',#5217,#5416,#6401,.T.);
#3893=EDGE_CURVE('',#5416,#5413,#6402,.T.);
#3894=EDGE_CURVE('',#5417,#5418,#6403,.T.);
#3895=EDGE_CURVE('',#5223,#5418,#6404,.T.);
#3896=EDGE_CURVE('',#5222,#5417,#6405,.T.);
#3897=EDGE_CURVE('',#5418,#5419,#6406,.T.);
#3898=EDGE_CURVE('',#5224,#5419,#6407,.T.);
#3899=EDGE_CURVE('',#5419,#5420,#6408,.T.);
#3900=EDGE_CURVE('',#5221,#5420,#6409,.T.);
#3901=EDGE_CURVE('',#5420,#5417,#6410,.T.);
#3902=EDGE_CURVE('',#5421,#5422,#6411,.T.);
#3903=EDGE_CURVE('',#5227,#5422,#6412,.T.);
#3904=EDGE_CURVE('',#5226,#5421,#6413,.T.);
#3905=EDGE_CURVE('',#5422,#5423,#6414,.T.);
#3906=EDGE_CURVE('',#5228,#5423,#6415,.T.);
#3907=EDGE_CURVE('',#5423,#5424,#6416,.T.);
#3908=EDGE_CURVE('',#5225,#5424,#6417,.T.);
#3909=EDGE_CURVE('',#5424,#5421,#6418,.T.);
#3910=EDGE_CURVE('',#5425,#5231,#6419,.T.);
#3911=EDGE_CURVE('',#5425,#5426,#6420,.T.);
#3912=EDGE_CURVE('',#5426,#5232,#6421,.T.);
#3913=EDGE_CURVE('',#5229,#5427,#6422,.T.);
#3914=EDGE_CURVE('',#5426,#5428,#6423,.T.);
#3915=EDGE_CURVE('',#5428,#5429,#6424,.T.);
#3916=EDGE_CURVE('',#5429,#5427,#6425,.T.);
#3917=EDGE_CURVE('',#5430,#5427,#6426,.T.);
#3918=EDGE_CURVE('',#5230,#5430,#6427,.T.);
#3919=EDGE_CURVE('',#5430,#5431,#6428,.T.);
#3920=EDGE_CURVE('',#5431,#5432,#6429,.T.);
#3921=EDGE_CURVE('',#5432,#5425,#6430,.T.);
#3922=EDGE_CURVE('',#5433,#5434,#6431,.T.);
#3923=EDGE_CURVE('',#5432,#5434,#6432,.T.);
#3924=EDGE_CURVE('',#5431,#5433,#6433,.T.);
#3925=EDGE_CURVE('',#5435,#5235,#6434,.T.);
#3926=EDGE_CURVE('',#5435,#5436,#6435,.T.);
#3927=EDGE_CURVE('',#5436,#5236,#6436,.T.);
#3928=EDGE_CURVE('',#5233,#5437,#6437,.T.);
#3929=EDGE_CURVE('',#5436,#5438,#6438,.T.);
#3930=EDGE_CURVE('',#5438,#5439,#6439,.T.);
#3931=EDGE_CURVE('',#5439,#5437,#6440,.T.);
#3932=EDGE_CURVE('',#5440,#5437,#6441,.T.);
#3933=EDGE_CURVE('',#5234,#5440,#6442,.T.);
#3934=EDGE_CURVE('',#5440,#5441,#6443,.T.);
#3935=EDGE_CURVE('',#5441,#5442,#6444,.T.);
#3936=EDGE_CURVE('',#5442,#5435,#6445,.T.);
#3937=EDGE_CURVE('',#5443,#5444,#6446,.T.);
#3938=EDGE_CURVE('',#5442,#5444,#6447,.T.);
#3939=EDGE_CURVE('',#5441,#5443,#6448,.T.);
#3940=EDGE_CURVE('',#5445,#5239,#6449,.T.);
#3941=EDGE_CURVE('',#5445,#5446,#6450,.T.);
#3942=EDGE_CURVE('',#5446,#5240,#6451,.T.);
#3943=EDGE_CURVE('',#5237,#5447,#6452,.T.);
#3944=EDGE_CURVE('',#5446,#5448,#6453,.T.);
#3945=EDGE_CURVE('',#5448,#5449,#6454,.T.);
#3946=EDGE_CURVE('',#5449,#5447,#6455,.T.);
#3947=EDGE_CURVE('',#5450,#5447,#6456,.T.);
#3948=EDGE_CURVE('',#5238,#5450,#6457,.T.);
#3949=EDGE_CURVE('',#5450,#5451,#6458,.T.);
#3950=EDGE_CURVE('',#5451,#5452,#6459,.T.);
#3951=EDGE_CURVE('',#5452,#5445,#6460,.T.);
#3952=EDGE_CURVE('',#5453,#5454,#6461,.T.);
#3953=EDGE_CURVE('',#5452,#5454,#6462,.T.);
#3954=EDGE_CURVE('',#5451,#5453,#6463,.T.);
#3955=EDGE_CURVE('',#5455,#5243,#6464,.T.);
#3956=EDGE_CURVE('',#5455,#5456,#6465,.T.);
#3957=EDGE_CURVE('',#5456,#5244,#6466,.T.);
#3958=EDGE_CURVE('',#5241,#5457,#6467,.T.);
#3959=EDGE_CURVE('',#5456,#5458,#6468,.T.);
#3960=EDGE_CURVE('',#5458,#5459,#6469,.T.);
#3961=EDGE_CURVE('',#5459,#5457,#6470,.T.);
#3962=EDGE_CURVE('',#5460,#5457,#6471,.T.);
#3963=EDGE_CURVE('',#5242,#5460,#6472,.T.);
#3964=EDGE_CURVE('',#5460,#5461,#6473,.T.);
#3965=EDGE_CURVE('',#5461,#5462,#6474,.T.);
#3966=EDGE_CURVE('',#5462,#5455,#6475,.T.);
#3967=EDGE_CURVE('',#5463,#5464,#6476,.T.);
#3968=EDGE_CURVE('',#5462,#5464,#6477,.T.);
#3969=EDGE_CURVE('',#5461,#5463,#6478,.T.);
#3970=EDGE_CURVE('',#5465,#5247,#6479,.T.);
#3971=EDGE_CURVE('',#5465,#5466,#6480,.T.);
#3972=EDGE_CURVE('',#5466,#5248,#6481,.T.);
#3973=EDGE_CURVE('',#5245,#5467,#6482,.T.);
#3974=EDGE_CURVE('',#5466,#5468,#6483,.T.);
#3975=EDGE_CURVE('',#5468,#5469,#6484,.T.);
#3976=EDGE_CURVE('',#5469,#5467,#6485,.T.);
#3977=EDGE_CURVE('',#5470,#5467,#6486,.T.);
#3978=EDGE_CURVE('',#5246,#5470,#6487,.T.);
#3979=EDGE_CURVE('',#5470,#5471,#6488,.T.);
#3980=EDGE_CURVE('',#5471,#5472,#6489,.T.);
#3981=EDGE_CURVE('',#5472,#5465,#6490,.T.);
#3982=EDGE_CURVE('',#5473,#5474,#6491,.T.);
#3983=EDGE_CURVE('',#5472,#5474,#6492,.T.);
#3984=EDGE_CURVE('',#5471,#5473,#6493,.T.);
#3985=EDGE_CURVE('',#5475,#5251,#6494,.T.);
#3986=EDGE_CURVE('',#5475,#5476,#6495,.T.);
#3987=EDGE_CURVE('',#5476,#5252,#6496,.T.);
#3988=EDGE_CURVE('',#5249,#5477,#6497,.T.);
#3989=EDGE_CURVE('',#5476,#5478,#6498,.T.);
#3990=EDGE_CURVE('',#5478,#5479,#6499,.T.);
#3991=EDGE_CURVE('',#5479,#5477,#6500,.T.);
#3992=EDGE_CURVE('',#5480,#5477,#6501,.T.);
#3993=EDGE_CURVE('',#5250,#5480,#6502,.T.);
#3994=EDGE_CURVE('',#5480,#5481,#6503,.T.);
#3995=EDGE_CURVE('',#5481,#5482,#6504,.T.);
#3996=EDGE_CURVE('',#5482,#5475,#6505,.T.);
#3997=EDGE_CURVE('',#5483,#5484,#6506,.T.);
#3998=EDGE_CURVE('',#5482,#5484,#6507,.T.);
#3999=EDGE_CURVE('',#5481,#5483,#6508,.T.);
#4000=EDGE_CURVE('',#5485,#5255,#6509,.T.);
#4001=EDGE_CURVE('',#5485,#5486,#6510,.T.);
#4002=EDGE_CURVE('',#5486,#5256,#6511,.T.);
#4003=EDGE_CURVE('',#5253,#5487,#6512,.T.);
#4004=EDGE_CURVE('',#5486,#5488,#6513,.T.);
#4005=EDGE_CURVE('',#5488,#5489,#6514,.T.);
#4006=EDGE_CURVE('',#5489,#5487,#6515,.T.);
#4007=EDGE_CURVE('',#5490,#5487,#6516,.T.);
#4008=EDGE_CURVE('',#5254,#5490,#6517,.T.);
#4009=EDGE_CURVE('',#5490,#5491,#6518,.T.);
#4010=EDGE_CURVE('',#5491,#5492,#6519,.T.);
#4011=EDGE_CURVE('',#5492,#5485,#6520,.T.);
#4012=EDGE_CURVE('',#5493,#5494,#6521,.T.);
#4013=EDGE_CURVE('',#5492,#5494,#6522,.T.);
#4014=EDGE_CURVE('',#5491,#5493,#6523,.T.);
#4015=EDGE_CURVE('',#5495,#5259,#6524,.T.);
#4016=EDGE_CURVE('',#5495,#5496,#6525,.T.);
#4017=EDGE_CURVE('',#5496,#5260,#6526,.T.);
#4018=EDGE_CURVE('',#5257,#5497,#6527,.T.);
#4019=EDGE_CURVE('',#5496,#5498,#6528,.T.);
#4020=EDGE_CURVE('',#5498,#5499,#6529,.T.);
#4021=EDGE_CURVE('',#5499,#5497,#6530,.T.);
#4022=EDGE_CURVE('',#5500,#5497,#6531,.T.);
#4023=EDGE_CURVE('',#5258,#5500,#6532,.T.);
#4024=EDGE_CURVE('',#5500,#5501,#6533,.T.);
#4025=EDGE_CURVE('',#5501,#5502,#6534,.T.);
#4026=EDGE_CURVE('',#5502,#5495,#6535,.T.);
#4027=EDGE_CURVE('',#5503,#5504,#6536,.T.);
#4028=EDGE_CURVE('',#5502,#5504,#6537,.T.);
#4029=EDGE_CURVE('',#5501,#5503,#6538,.T.);
#4030=EDGE_CURVE('',#5505,#5263,#6539,.T.);
#4031=EDGE_CURVE('',#5505,#5506,#6540,.T.);
#4032=EDGE_CURVE('',#5506,#5264,#6541,.T.);
#4033=EDGE_CURVE('',#5261,#5507,#6542,.T.);
#4034=EDGE_CURVE('',#5506,#5508,#6543,.T.);
#4035=EDGE_CURVE('',#5508,#5509,#6544,.T.);
#4036=EDGE_CURVE('',#5509,#5507,#6545,.T.);
#4037=EDGE_CURVE('',#5510,#5507,#6546,.T.);
#4038=EDGE_CURVE('',#5262,#5510,#6547,.T.);
#4039=EDGE_CURVE('',#5510,#5511,#6548,.T.);
#4040=EDGE_CURVE('',#5511,#5512,#6549,.T.);
#4041=EDGE_CURVE('',#5512,#5505,#6550,.T.);
#4042=EDGE_CURVE('',#5513,#5514,#6551,.T.);
#4043=EDGE_CURVE('',#5512,#5514,#6552,.T.);
#4044=EDGE_CURVE('',#5511,#5513,#6553,.T.);
#4045=EDGE_CURVE('',#5515,#5267,#6554,.T.);
#4046=EDGE_CURVE('',#5515,#5516,#6555,.T.);
#4047=EDGE_CURVE('',#5516,#5268,#6556,.T.);
#4048=EDGE_CURVE('',#5265,#5517,#6557,.T.);
#4049=EDGE_CURVE('',#5516,#5518,#6558,.T.);
#4050=EDGE_CURVE('',#5518,#5519,#6559,.T.);
#4051=EDGE_CURVE('',#5519,#5517,#6560,.T.);
#4052=EDGE_CURVE('',#5520,#5517,#6561,.T.);
#4053=EDGE_CURVE('',#5266,#5520,#6562,.T.);
#4054=EDGE_CURVE('',#5520,#5521,#6563,.T.);
#4055=EDGE_CURVE('',#5521,#5522,#6564,.T.);
#4056=EDGE_CURVE('',#5522,#5515,#6565,.T.);
#4057=EDGE_CURVE('',#5523,#5524,#6566,.T.);
#4058=EDGE_CURVE('',#5522,#5524,#6567,.T.);
#4059=EDGE_CURVE('',#5521,#5523,#6568,.T.);
#4060=EDGE_CURVE('',#5525,#5271,#6569,.T.);
#4061=EDGE_CURVE('',#5525,#5526,#6570,.T.);
#4062=EDGE_CURVE('',#5526,#5272,#6571,.T.);
#4063=EDGE_CURVE('',#5269,#5527,#6572,.T.);
#4064=EDGE_CURVE('',#5526,#5528,#6573,.T.);
#4065=EDGE_CURVE('',#5528,#5529,#6574,.T.);
#4066=EDGE_CURVE('',#5529,#5527,#6575,.T.);
#4067=EDGE_CURVE('',#5530,#5527,#6576,.T.);
#4068=EDGE_CURVE('',#5270,#5530,#6577,.T.);
#4069=EDGE_CURVE('',#5530,#5531,#6578,.T.);
#4070=EDGE_CURVE('',#5531,#5532,#6579,.T.);
#4071=EDGE_CURVE('',#5532,#5525,#6580,.T.);
#4072=EDGE_CURVE('',#5533,#5534,#6581,.T.);
#4073=EDGE_CURVE('',#5532,#5534,#6582,.T.);
#4074=EDGE_CURVE('',#5531,#5533,#6583,.T.);
#4075=EDGE_CURVE('',#5535,#5275,#6584,.T.);
#4076=EDGE_CURVE('',#5535,#5536,#6585,.T.);
#4077=EDGE_CURVE('',#5536,#5276,#6586,.T.);
#4078=EDGE_CURVE('',#5273,#5537,#6587,.T.);
#4079=EDGE_CURVE('',#5536,#5538,#6588,.T.);
#4080=EDGE_CURVE('',#5538,#5539,#6589,.T.);
#4081=EDGE_CURVE('',#5539,#5537,#6590,.T.);
#4082=EDGE_CURVE('',#5540,#5537,#6591,.T.);
#4083=EDGE_CURVE('',#5274,#5540,#6592,.T.);
#4084=EDGE_CURVE('',#5540,#5541,#6593,.T.);
#4085=EDGE_CURVE('',#5541,#5542,#6594,.T.);
#4086=EDGE_CURVE('',#5542,#5535,#6595,.T.);
#4087=EDGE_CURVE('',#5543,#5544,#6596,.T.);
#4088=EDGE_CURVE('',#5542,#5544,#6597,.T.);
#4089=EDGE_CURVE('',#5541,#5543,#6598,.T.);
#4090=EDGE_CURVE('',#5545,#5279,#6599,.T.);
#4091=EDGE_CURVE('',#5545,#5546,#6600,.T.);
#4092=EDGE_CURVE('',#5546,#5280,#6601,.T.);
#4093=EDGE_CURVE('',#5277,#5547,#6602,.T.);
#4094=EDGE_CURVE('',#5546,#5548,#6603,.T.);
#4095=EDGE_CURVE('',#5548,#5549,#6604,.T.);
#4096=EDGE_CURVE('',#5549,#5547,#6605,.T.);
#4097=EDGE_CURVE('',#5550,#5547,#6606,.T.);
#4098=EDGE_CURVE('',#5278,#5550,#6607,.T.);
#4099=EDGE_CURVE('',#5550,#5551,#6608,.T.);
#4100=EDGE_CURVE('',#5551,#5552,#6609,.T.);
#4101=EDGE_CURVE('',#5552,#5545,#6610,.T.);
#4102=EDGE_CURVE('',#5553,#5554,#6611,.T.);
#4103=EDGE_CURVE('',#5552,#5554,#6612,.T.);
#4104=EDGE_CURVE('',#5551,#5553,#6613,.T.);
#4105=EDGE_CURVE('',#5555,#5283,#6614,.T.);
#4106=EDGE_CURVE('',#5555,#5556,#6615,.T.);
#4107=EDGE_CURVE('',#5556,#5284,#6616,.T.);
#4108=EDGE_CURVE('',#5281,#5557,#6617,.T.);
#4109=EDGE_CURVE('',#5556,#5558,#6618,.T.);
#4110=EDGE_CURVE('',#5558,#5559,#6619,.T.);
#4111=EDGE_CURVE('',#5559,#5557,#6620,.T.);
#4112=EDGE_CURVE('',#5560,#5557,#6621,.T.);
#4113=EDGE_CURVE('',#5282,#5560,#6622,.T.);
#4114=EDGE_CURVE('',#5560,#5561,#6623,.T.);
#4115=EDGE_CURVE('',#5561,#5562,#6624,.T.);
#4116=EDGE_CURVE('',#5562,#5555,#6625,.T.);
#4117=EDGE_CURVE('',#5563,#5564,#6626,.T.);
#4118=EDGE_CURVE('',#5562,#5564,#6627,.T.);
#4119=EDGE_CURVE('',#5561,#5563,#6628,.T.);
#4120=EDGE_CURVE('',#5565,#5287,#6629,.T.);
#4121=EDGE_CURVE('',#5565,#5566,#6630,.T.);
#4122=EDGE_CURVE('',#5566,#5288,#6631,.T.);
#4123=EDGE_CURVE('',#5285,#5567,#6632,.T.);
#4124=EDGE_CURVE('',#5566,#5568,#6633,.T.);
#4125=EDGE_CURVE('',#5568,#5569,#6634,.T.);
#4126=EDGE_CURVE('',#5569,#5567,#6635,.T.);
#4127=EDGE_CURVE('',#5570,#5567,#6636,.T.);
#4128=EDGE_CURVE('',#5286,#5570,#6637,.T.);
#4129=EDGE_CURVE('',#5571,#5570,#6638,.T.);
#4130=EDGE_CURVE('',#5572,#5571,#6639,.T.);
#4131=EDGE_CURVE('',#5565,#5572,#6640,.T.);
#4132=EDGE_CURVE('',#5573,#5574,#6641,.T.);
#4133=EDGE_CURVE('',#5572,#5573,#6642,.T.);
#4134=EDGE_CURVE('',#5571,#5574,#6643,.T.);
#4135=EDGE_CURVE('',#5575,#5291,#6644,.T.);
#4136=EDGE_CURVE('',#5575,#5576,#6645,.T.);
#4137=EDGE_CURVE('',#5576,#5292,#6646,.T.);
#4138=EDGE_CURVE('',#5289,#5577,#6647,.T.);
#4139=EDGE_CURVE('',#5576,#5578,#6648,.T.);
#4140=EDGE_CURVE('',#5578,#5579,#6649,.T.);
#4141=EDGE_CURVE('',#5579,#5577,#6650,.T.);
#4142=EDGE_CURVE('',#5580,#5577,#6651,.T.);
#4143=EDGE_CURVE('',#5290,#5580,#6652,.T.);
#4144=EDGE_CURVE('',#5581,#5580,#6653,.T.);
#4145=EDGE_CURVE('',#5582,#5581,#6654,.T.);
#4146=EDGE_CURVE('',#5575,#5582,#6655,.T.);
#4147=EDGE_CURVE('',#5583,#5584,#6656,.T.);
#4148=EDGE_CURVE('',#5582,#5583,#6657,.T.);
#4149=EDGE_CURVE('',#5581,#5584,#6658,.T.);
#4150=EDGE_CURVE('',#5585,#5295,#6659,.T.);
#4151=EDGE_CURVE('',#5585,#5586,#6660,.T.);
#4152=EDGE_CURVE('',#5586,#5296,#6661,.T.);
#4153=EDGE_CURVE('',#5293,#5587,#6662,.T.);
#4154=EDGE_CURVE('',#5586,#5588,#6663,.T.);
#4155=EDGE_CURVE('',#5588,#5589,#6664,.T.);
#4156=EDGE_CURVE('',#5589,#5587,#6665,.T.);
#4157=EDGE_CURVE('',#5590,#5587,#6666,.T.);
#4158=EDGE_CURVE('',#5294,#5590,#6667,.T.);
#4159=EDGE_CURVE('',#5591,#5590,#6668,.T.);
#4160=EDGE_CURVE('',#5592,#5591,#6669,.T.);
#4161=EDGE_CURVE('',#5585,#5592,#6670,.T.);
#4162=EDGE_CURVE('',#5593,#5594,#6671,.T.);
#4163=EDGE_CURVE('',#5592,#5593,#6672,.T.);
#4164=EDGE_CURVE('',#5591,#5594,#6673,.T.);
#4165=EDGE_CURVE('',#5595,#5299,#6674,.T.);
#4166=EDGE_CURVE('',#5595,#5596,#6675,.T.);
#4167=EDGE_CURVE('',#5596,#5300,#6676,.T.);
#4168=EDGE_CURVE('',#5297,#5597,#6677,.T.);
#4169=EDGE_CURVE('',#5596,#5598,#6678,.T.);
#4170=EDGE_CURVE('',#5598,#5599,#6679,.T.);
#4171=EDGE_CURVE('',#5599,#5597,#6680,.T.);
#4172=EDGE_CURVE('',#5600,#5597,#6681,.T.);
#4173=EDGE_CURVE('',#5298,#5600,#6682,.T.);
#4174=EDGE_CURVE('',#5601,#5600,#6683,.T.);
#4175=EDGE_CURVE('',#5602,#5601,#6684,.T.);
#4176=EDGE_CURVE('',#5595,#5602,#6685,.T.);
#4177=EDGE_CURVE('',#5603,#5604,#6686,.T.);
#4178=EDGE_CURVE('',#5602,#5603,#6687,.T.);
#4179=EDGE_CURVE('',#5601,#5604,#6688,.T.);
#4180=EDGE_CURVE('',#5605,#5303,#6689,.T.);
#4181=EDGE_CURVE('',#5605,#5606,#6690,.T.);
#4182=EDGE_CURVE('',#5606,#5304,#6691,.T.);
#4183=EDGE_CURVE('',#5301,#5607,#6692,.T.);
#4184=EDGE_CURVE('',#5606,#5608,#6693,.T.);
#4185=EDGE_CURVE('',#5608,#5609,#6694,.T.);
#4186=EDGE_CURVE('',#5609,#5607,#6695,.T.);
#4187=EDGE_CURVE('',#5610,#5607,#6696,.T.);
#4188=EDGE_CURVE('',#5302,#5610,#6697,.T.);
#4189=EDGE_CURVE('',#5611,#5610,#6698,.T.);
#4190=EDGE_CURVE('',#5612,#5611,#6699,.T.);
#4191=EDGE_CURVE('',#5605,#5612,#6700,.T.);
#4192=EDGE_CURVE('',#5613,#5614,#6701,.T.);
#4193=EDGE_CURVE('',#5612,#5613,#6702,.T.);
#4194=EDGE_CURVE('',#5611,#5614,#6703,.T.);
#4195=EDGE_CURVE('',#5615,#5307,#6704,.T.);
#4196=EDGE_CURVE('',#5615,#5616,#6705,.T.);
#4197=EDGE_CURVE('',#5616,#5308,#6706,.T.);
#4198=EDGE_CURVE('',#5305,#5617,#6707,.T.);
#4199=EDGE_CURVE('',#5616,#5618,#6708,.T.);
#4200=EDGE_CURVE('',#5618,#5619,#6709,.T.);
#4201=EDGE_CURVE('',#5619,#5617,#6710,.T.);
#4202=EDGE_CURVE('',#5620,#5617,#6711,.T.);
#4203=EDGE_CURVE('',#5306,#5620,#6712,.T.);
#4204=EDGE_CURVE('',#5621,#5620,#6713,.T.);
#4205=EDGE_CURVE('',#5622,#5621,#6714,.T.);
#4206=EDGE_CURVE('',#5615,#5622,#6715,.T.);
#4207=EDGE_CURVE('',#5623,#5624,#6716,.T.);
#4208=EDGE_CURVE('',#5622,#5623,#6717,.T.);
#4209=EDGE_CURVE('',#5621,#5624,#6718,.T.);
#4210=EDGE_CURVE('',#5625,#5311,#6719,.T.);
#4211=EDGE_CURVE('',#5625,#5626,#6720,.T.);
#4212=EDGE_CURVE('',#5626,#5312,#6721,.T.);
#4213=EDGE_CURVE('',#5309,#5627,#6722,.T.);
#4214=EDGE_CURVE('',#5626,#5628,#6723,.T.);
#4215=EDGE_CURVE('',#5628,#5629,#6724,.T.);
#4216=EDGE_CURVE('',#5629,#5627,#6725,.T.);
#4217=EDGE_CURVE('',#5630,#5627,#6726,.T.);
#4218=EDGE_CURVE('',#5310,#5630,#6727,.T.);
#4219=EDGE_CURVE('',#5631,#5630,#6728,.T.);
#4220=EDGE_CURVE('',#5632,#5631,#6729,.T.);
#4221=EDGE_CURVE('',#5625,#5632,#6730,.T.);
#4222=EDGE_CURVE('',#5633,#5634,#6731,.T.);
#4223=EDGE_CURVE('',#5632,#5633,#6732,.T.);
#4224=EDGE_CURVE('',#5631,#5634,#6733,.T.);
#4225=EDGE_CURVE('',#5635,#5315,#6734,.T.);
#4226=EDGE_CURVE('',#5635,#5636,#6735,.T.);
#4227=EDGE_CURVE('',#5636,#5316,#6736,.T.);
#4228=EDGE_CURVE('',#5313,#5637,#6737,.T.);
#4229=EDGE_CURVE('',#5636,#5638,#6738,.T.);
#4230=EDGE_CURVE('',#5638,#5639,#6739,.T.);
#4231=EDGE_CURVE('',#5639,#5637,#6740,.T.);
#4232=EDGE_CURVE('',#5640,#5637,#6741,.T.);
#4233=EDGE_CURVE('',#5314,#5640,#6742,.T.);
#4234=EDGE_CURVE('',#5641,#5640,#6743,.T.);
#4235=EDGE_CURVE('',#5642,#5641,#6744,.T.);
#4236=EDGE_CURVE('',#5635,#5642,#6745,.T.);
#4237=EDGE_CURVE('',#5643,#5644,#6746,.T.);
#4238=EDGE_CURVE('',#5642,#5643,#6747,.T.);
#4239=EDGE_CURVE('',#5641,#5644,#6748,.T.);
#4240=EDGE_CURVE('',#5645,#5319,#6749,.T.);
#4241=EDGE_CURVE('',#5645,#5646,#6750,.T.);
#4242=EDGE_CURVE('',#5646,#5320,#6751,.T.);
#4243=EDGE_CURVE('',#5317,#5647,#6752,.T.);
#4244=EDGE_CURVE('',#5646,#5648,#6753,.T.);
#4245=EDGE_CURVE('',#5648,#5649,#6754,.T.);
#4246=EDGE_CURVE('',#5649,#5647,#6755,.T.);
#4247=EDGE_CURVE('',#5650,#5647,#6756,.T.);
#4248=EDGE_CURVE('',#5318,#5650,#6757,.T.);
#4249=EDGE_CURVE('',#5651,#5650,#6758,.T.);
#4250=EDGE_CURVE('',#5652,#5651,#6759,.T.);
#4251=EDGE_CURVE('',#5645,#5652,#6760,.T.);
#4252=EDGE_CURVE('',#5653,#5654,#6761,.T.);
#4253=EDGE_CURVE('',#5652,#5653,#6762,.T.);
#4254=EDGE_CURVE('',#5651,#5654,#6763,.T.);
#4255=EDGE_CURVE('',#5655,#5323,#6764,.T.);
#4256=EDGE_CURVE('',#5655,#5656,#6765,.T.);
#4257=EDGE_CURVE('',#5656,#5324,#6766,.T.);
#4258=EDGE_CURVE('',#5321,#5657,#6767,.T.);
#4259=EDGE_CURVE('',#5656,#5658,#6768,.T.);
#4260=EDGE_CURVE('',#5658,#5659,#6769,.T.);
#4261=EDGE_CURVE('',#5659,#5657,#6770,.T.);
#4262=EDGE_CURVE('',#5660,#5657,#6771,.T.);
#4263=EDGE_CURVE('',#5322,#5660,#6772,.T.);
#4264=EDGE_CURVE('',#5661,#5660,#6773,.T.);
#4265=EDGE_CURVE('',#5662,#5661,#6774,.T.);
#4266=EDGE_CURVE('',#5655,#5662,#6775,.T.);
#4267=EDGE_CURVE('',#5663,#5664,#6776,.T.);
#4268=EDGE_CURVE('',#5662,#5663,#6777,.T.);
#4269=EDGE_CURVE('',#5661,#5664,#6778,.T.);
#4270=EDGE_CURVE('',#5665,#5327,#6779,.T.);
#4271=EDGE_CURVE('',#5665,#5666,#6780,.T.);
#4272=EDGE_CURVE('',#5666,#5328,#6781,.T.);
#4273=EDGE_CURVE('',#5325,#5667,#6782,.T.);
#4274=EDGE_CURVE('',#5666,#5668,#6783,.T.);
#4275=EDGE_CURVE('',#5668,#5669,#6784,.T.);
#4276=EDGE_CURVE('',#5669,#5667,#6785,.T.);
#4277=EDGE_CURVE('',#5670,#5667,#6786,.T.);
#4278=EDGE_CURVE('',#5326,#5670,#6787,.T.);
#4279=EDGE_CURVE('',#5671,#5670,#6788,.T.);
#4280=EDGE_CURVE('',#5672,#5671,#6789,.T.);
#4281=EDGE_CURVE('',#5665,#5672,#6790,.T.);
#4282=EDGE_CURVE('',#5673,#5674,#6791,.T.);
#4283=EDGE_CURVE('',#5672,#5673,#6792,.T.);
#4284=EDGE_CURVE('',#5671,#5674,#6793,.T.);
#4285=EDGE_CURVE('',#5675,#5331,#6794,.T.);
#4286=EDGE_CURVE('',#5675,#5676,#6795,.T.);
#4287=EDGE_CURVE('',#5676,#5332,#6796,.T.);
#4288=EDGE_CURVE('',#5329,#5677,#6797,.T.);
#4289=EDGE_CURVE('',#5676,#5678,#6798,.T.);
#4290=EDGE_CURVE('',#5678,#5679,#6799,.T.);
#4291=EDGE_CURVE('',#5679,#5677,#6800,.T.);
#4292=EDGE_CURVE('',#5680,#5677,#6801,.T.);
#4293=EDGE_CURVE('',#5330,#5680,#6802,.T.);
#4294=EDGE_CURVE('',#5681,#5680,#6803,.T.);
#4295=EDGE_CURVE('',#5682,#5681,#6804,.T.);
#4296=EDGE_CURVE('',#5675,#5682,#6805,.T.);
#4297=EDGE_CURVE('',#5683,#5684,#6806,.T.);
#4298=EDGE_CURVE('',#5682,#5683,#6807,.T.);
#4299=EDGE_CURVE('',#5681,#5684,#6808,.T.);
#4300=EDGE_CURVE('',#5685,#5335,#6809,.T.);
#4301=EDGE_CURVE('',#5685,#5686,#6810,.T.);
#4302=EDGE_CURVE('',#5686,#5336,#6811,.T.);
#4303=EDGE_CURVE('',#5333,#5687,#6812,.T.);
#4304=EDGE_CURVE('',#5686,#5688,#6813,.T.);
#4305=EDGE_CURVE('',#5688,#5689,#6814,.T.);
#4306=EDGE_CURVE('',#5689,#5687,#6815,.T.);
#4307=EDGE_CURVE('',#5690,#5687,#6816,.T.);
#4308=EDGE_CURVE('',#5334,#5690,#6817,.T.);
#4309=EDGE_CURVE('',#5691,#5690,#6818,.T.);
#4310=EDGE_CURVE('',#5692,#5691,#6819,.T.);
#4311=EDGE_CURVE('',#5685,#5692,#6820,.T.);
#4312=EDGE_CURVE('',#5693,#5694,#6821,.T.);
#4313=EDGE_CURVE('',#5692,#5693,#6822,.T.);
#4314=EDGE_CURVE('',#5691,#5694,#6823,.T.);
#4315=EDGE_CURVE('',#5695,#5339,#6824,.T.);
#4316=EDGE_CURVE('',#5695,#5696,#6825,.T.);
#4317=EDGE_CURVE('',#5696,#5340,#6826,.T.);
#4318=EDGE_CURVE('',#5337,#5697,#6827,.T.);
#4319=EDGE_CURVE('',#5696,#5698,#6828,.T.);
#4320=EDGE_CURVE('',#5698,#5699,#6829,.T.);
#4321=EDGE_CURVE('',#5699,#5697,#6830,.T.);
#4322=EDGE_CURVE('',#5700,#5697,#6831,.T.);
#4323=EDGE_CURVE('',#5338,#5700,#6832,.T.);
#4324=EDGE_CURVE('',#5701,#5700,#6833,.T.);
#4325=EDGE_CURVE('',#5702,#5701,#6834,.T.);
#4326=EDGE_CURVE('',#5695,#5702,#6835,.T.);
#4327=EDGE_CURVE('',#5703,#5704,#6836,.T.);
#4328=EDGE_CURVE('',#5702,#5703,#6837,.T.);
#4329=EDGE_CURVE('',#5701,#5704,#6838,.T.);
#4330=EDGE_CURVE('',#5342,#5705,#6839,.T.);
#4331=EDGE_CURVE('',#5344,#5706,#6840,.T.);
#4332=EDGE_CURVE('',#5706,#5705,#6841,.T.);
#4333=EDGE_CURVE('',#5707,#5341,#6842,.T.);
#4334=EDGE_CURVE('',#5708,#5705,#6843,.T.);
#4335=EDGE_CURVE('',#5709,#5708,#6844,.T.);
#4336=EDGE_CURVE('',#5707,#5709,#6845,.T.);
#4337=EDGE_CURVE('',#5710,#5343,#6846,.T.);
#4338=EDGE_CURVE('',#5710,#5707,#6847,.T.);
#4339=EDGE_CURVE('',#5711,#5710,#6848,.T.);
#4340=EDGE_CURVE('',#5712,#5711,#6849,.T.);
#4341=EDGE_CURVE('',#5706,#5712,#6850,.T.);
#4342=EDGE_CURVE('',#5713,#5714,#6851,.T.);
#4343=EDGE_CURVE('',#5712,#5713,#6852,.T.);
#4344=EDGE_CURVE('',#5711,#5714,#6853,.T.);
#4345=EDGE_CURVE('',#5346,#5715,#6854,.T.);
#4346=EDGE_CURVE('',#5348,#5716,#6855,.T.);
#4347=EDGE_CURVE('',#5716,#5715,#6856,.T.);
#4348=EDGE_CURVE('',#5717,#5345,#6857,.T.);
#4349=EDGE_CURVE('',#5718,#5715,#6858,.T.);
#4350=EDGE_CURVE('',#5719,#5718,#6859,.T.);
#4351=EDGE_CURVE('',#5717,#5719,#6860,.T.);
#4352=EDGE_CURVE('',#5720,#5347,#6861,.T.);
#4353=EDGE_CURVE('',#5720,#5717,#6862,.T.);
#4354=EDGE_CURVE('',#5721,#5720,#6863,.T.);
#4355=EDGE_CURVE('',#5722,#5721,#6864,.T.);
#4356=EDGE_CURVE('',#5716,#5722,#6865,.T.);
#4357=EDGE_CURVE('',#5723,#5724,#6866,.T.);
#4358=EDGE_CURVE('',#5722,#5723,#6867,.T.);
#4359=EDGE_CURVE('',#5721,#5724,#6868,.T.);
#4360=EDGE_CURVE('',#5350,#5725,#6869,.T.);
#4361=EDGE_CURVE('',#5352,#5726,#6870,.T.);
#4362=EDGE_CURVE('',#5726,#5725,#6871,.T.);
#4363=EDGE_CURVE('',#5727,#5349,#6872,.T.);
#4364=EDGE_CURVE('',#5728,#5725,#6873,.T.);
#4365=EDGE_CURVE('',#5729,#5728,#6874,.T.);
#4366=EDGE_CURVE('',#5727,#5729,#6875,.T.);
#4367=EDGE_CURVE('',#5730,#5351,#6876,.T.);
#4368=EDGE_CURVE('',#5730,#5727,#6877,.T.);
#4369=EDGE_CURVE('',#5731,#5730,#6878,.T.);
#4370=EDGE_CURVE('',#5732,#5731,#6879,.T.);
#4371=EDGE_CURVE('',#5726,#5732,#6880,.T.);
#4372=EDGE_CURVE('',#5733,#5734,#6881,.T.);
#4373=EDGE_CURVE('',#5732,#5733,#6882,.T.);
#4374=EDGE_CURVE('',#5731,#5734,#6883,.T.);
#4375=EDGE_CURVE('',#5354,#5735,#6884,.T.);
#4376=EDGE_CURVE('',#5356,#5736,#6885,.T.);
#4377=EDGE_CURVE('',#5736,#5735,#6886,.T.);
#4378=EDGE_CURVE('',#5737,#5353,#6887,.T.);
#4379=EDGE_CURVE('',#5738,#5735,#6888,.T.);
#4380=EDGE_CURVE('',#5739,#5738,#6889,.T.);
#4381=EDGE_CURVE('',#5737,#5739,#6890,.T.);
#4382=EDGE_CURVE('',#5740,#5355,#6891,.T.);
#4383=EDGE_CURVE('',#5740,#5737,#6892,.T.);
#4384=EDGE_CURVE('',#5741,#5740,#6893,.T.);
#4385=EDGE_CURVE('',#5742,#5741,#6894,.T.);
#4386=EDGE_CURVE('',#5736,#5742,#6895,.T.);
#4387=EDGE_CURVE('',#5743,#5744,#6896,.T.);
#4388=EDGE_CURVE('',#5742,#5743,#6897,.T.);
#4389=EDGE_CURVE('',#5741,#5744,#6898,.T.);
#4390=EDGE_CURVE('',#5358,#5745,#6899,.T.);
#4391=EDGE_CURVE('',#5360,#5746,#6900,.T.);
#4392=EDGE_CURVE('',#5746,#5745,#6901,.T.);
#4393=EDGE_CURVE('',#5747,#5357,#6902,.T.);
#4394=EDGE_CURVE('',#5748,#5745,#6903,.T.);
#4395=EDGE_CURVE('',#5749,#5748,#6904,.T.);
#4396=EDGE_CURVE('',#5747,#5749,#6905,.T.);
#4397=EDGE_CURVE('',#5750,#5359,#6906,.T.);
#4398=EDGE_CURVE('',#5750,#5747,#6907,.T.);
#4399=EDGE_CURVE('',#5751,#5750,#6908,.T.);
#4400=EDGE_CURVE('',#5752,#5751,#6909,.T.);
#4401=EDGE_CURVE('',#5746,#5752,#6910,.T.);
#4402=EDGE_CURVE('',#5753,#5754,#6911,.T.);
#4403=EDGE_CURVE('',#5752,#5753,#6912,.T.);
#4404=EDGE_CURVE('',#5751,#5754,#6913,.T.);
#4405=EDGE_CURVE('',#5362,#5755,#6914,.T.);
#4406=EDGE_CURVE('',#5364,#5756,#6915,.T.);
#4407=EDGE_CURVE('',#5756,#5755,#6916,.T.);
#4408=EDGE_CURVE('',#5757,#5361,#6917,.T.);
#4409=EDGE_CURVE('',#5758,#5755,#6918,.T.);
#4410=EDGE_CURVE('',#5759,#5758,#6919,.T.);
#4411=EDGE_CURVE('',#5757,#5759,#6920,.T.);
#4412=EDGE_CURVE('',#5760,#5363,#6921,.T.);
#4413=EDGE_CURVE('',#5760,#5757,#6922,.T.);
#4414=EDGE_CURVE('',#5761,#5760,#6923,.T.);
#4415=EDGE_CURVE('',#5762,#5761,#6924,.T.);
#4416=EDGE_CURVE('',#5756,#5762,#6925,.T.);
#4417=EDGE_CURVE('',#5763,#5764,#6926,.T.);
#4418=EDGE_CURVE('',#5762,#5763,#6927,.T.);
#4419=EDGE_CURVE('',#5761,#5764,#6928,.T.);
#4420=EDGE_CURVE('',#5366,#5765,#6929,.T.);
#4421=EDGE_CURVE('',#5368,#5766,#6930,.T.);
#4422=EDGE_CURVE('',#5766,#5765,#6931,.T.);
#4423=EDGE_CURVE('',#5767,#5365,#6932,.T.);
#4424=EDGE_CURVE('',#5768,#5765,#6933,.T.);
#4425=EDGE_CURVE('',#5769,#5768,#6934,.T.);
#4426=EDGE_CURVE('',#5767,#5769,#6935,.T.);
#4427=EDGE_CURVE('',#5770,#5367,#6936,.T.);
#4428=EDGE_CURVE('',#5770,#5767,#6937,.T.);
#4429=EDGE_CURVE('',#5771,#5770,#6938,.T.);
#4430=EDGE_CURVE('',#5772,#5771,#6939,.T.);
#4431=EDGE_CURVE('',#5766,#5772,#6940,.T.);
#4432=EDGE_CURVE('',#5773,#5774,#6941,.T.);
#4433=EDGE_CURVE('',#5772,#5773,#6942,.T.);
#4434=EDGE_CURVE('',#5771,#5774,#6943,.T.);
#4435=EDGE_CURVE('',#5370,#5775,#6944,.T.);
#4436=EDGE_CURVE('',#5372,#5776,#6945,.T.);
#4437=EDGE_CURVE('',#5776,#5775,#6946,.T.);
#4438=EDGE_CURVE('',#5777,#5369,#6947,.T.);
#4439=EDGE_CURVE('',#5778,#5775,#6948,.T.);
#4440=EDGE_CURVE('',#5779,#5778,#6949,.T.);
#4441=EDGE_CURVE('',#5777,#5779,#6950,.T.);
#4442=EDGE_CURVE('',#5780,#5371,#6951,.T.);
#4443=EDGE_CURVE('',#5780,#5777,#6952,.T.);
#4444=EDGE_CURVE('',#5781,#5780,#6953,.T.);
#4445=EDGE_CURVE('',#5782,#5781,#6954,.T.);
#4446=EDGE_CURVE('',#5776,#5782,#6955,.T.);
#4447=EDGE_CURVE('',#5783,#5784,#6956,.T.);
#4448=EDGE_CURVE('',#5782,#5783,#6957,.T.);
#4449=EDGE_CURVE('',#5781,#5784,#6958,.T.);
#4450=EDGE_CURVE('',#5374,#5785,#6959,.T.);
#4451=EDGE_CURVE('',#5376,#5786,#6960,.T.);
#4452=EDGE_CURVE('',#5786,#5785,#6961,.T.);
#4453=EDGE_CURVE('',#5787,#5373,#6962,.T.);
#4454=EDGE_CURVE('',#5788,#5785,#6963,.T.);
#4455=EDGE_CURVE('',#5789,#5788,#6964,.T.);
#4456=EDGE_CURVE('',#5787,#5789,#6965,.T.);
#4457=EDGE_CURVE('',#5790,#5375,#6966,.T.);
#4458=EDGE_CURVE('',#5790,#5787,#6967,.T.);
#4459=EDGE_CURVE('',#5791,#5790,#6968,.T.);
#4460=EDGE_CURVE('',#5792,#5791,#6969,.T.);
#4461=EDGE_CURVE('',#5786,#5792,#6970,.T.);
#4462=EDGE_CURVE('',#5793,#5794,#6971,.T.);
#4463=EDGE_CURVE('',#5792,#5793,#6972,.T.);
#4464=EDGE_CURVE('',#5791,#5794,#6973,.T.);
#4465=EDGE_CURVE('',#5378,#5795,#6974,.T.);
#4466=EDGE_CURVE('',#5380,#5796,#6975,.T.);
#4467=EDGE_CURVE('',#5796,#5795,#6976,.T.);
#4468=EDGE_CURVE('',#5797,#5377,#6977,.T.);
#4469=EDGE_CURVE('',#5798,#5795,#6978,.T.);
#4470=EDGE_CURVE('',#5799,#5798,#6979,.T.);
#4471=EDGE_CURVE('',#5797,#5799,#6980,.T.);
#4472=EDGE_CURVE('',#5800,#5379,#6981,.T.);
#4473=EDGE_CURVE('',#5800,#5797,#6982,.T.);
#4474=EDGE_CURVE('',#5801,#5800,#6983,.T.);
#4475=EDGE_CURVE('',#5802,#5801,#6984,.T.);
#4476=EDGE_CURVE('',#5796,#5802,#6985,.T.);
#4477=EDGE_CURVE('',#5803,#5804,#6986,.T.);
#4478=EDGE_CURVE('',#5802,#5803,#6987,.T.);
#4479=EDGE_CURVE('',#5801,#5804,#6988,.T.);
#4480=EDGE_CURVE('',#5382,#5805,#6989,.T.);
#4481=EDGE_CURVE('',#5384,#5806,#6990,.T.);
#4482=EDGE_CURVE('',#5806,#5805,#6991,.T.);
#4483=EDGE_CURVE('',#5807,#5381,#6992,.T.);
#4484=EDGE_CURVE('',#5808,#5805,#6993,.T.);
#4485=EDGE_CURVE('',#5809,#5808,#6994,.T.);
#4486=EDGE_CURVE('',#5807,#5809,#6995,.T.);
#4487=EDGE_CURVE('',#5810,#5383,#6996,.T.);
#4488=EDGE_CURVE('',#5810,#5807,#6997,.T.);
#4489=EDGE_CURVE('',#5811,#5810,#6998,.T.);
#4490=EDGE_CURVE('',#5812,#5811,#6999,.T.);
#4491=EDGE_CURVE('',#5806,#5812,#7000,.T.);
#4492=EDGE_CURVE('',#5813,#5814,#7001,.T.);
#4493=EDGE_CURVE('',#5812,#5813,#7002,.T.);
#4494=EDGE_CURVE('',#5811,#5814,#7003,.T.);
#4495=EDGE_CURVE('',#5386,#5815,#7004,.T.);
#4496=EDGE_CURVE('',#5388,#5816,#7005,.T.);
#4497=EDGE_CURVE('',#5816,#5815,#7006,.T.);
#4498=EDGE_CURVE('',#5817,#5385,#7007,.T.);
#4499=EDGE_CURVE('',#5818,#5815,#7008,.T.);
#4500=EDGE_CURVE('',#5819,#5818,#7009,.T.);
#4501=EDGE_CURVE('',#5817,#5819,#7010,.T.);
#4502=EDGE_CURVE('',#5820,#5387,#7011,.T.);
#4503=EDGE_CURVE('',#5820,#5817,#7012,.T.);
#4504=EDGE_CURVE('',#5821,#5820,#7013,.T.);
#4505=EDGE_CURVE('',#5822,#5821,#7014,.T.);
#4506=EDGE_CURVE('',#5816,#5822,#7015,.T.);
#4507=EDGE_CURVE('',#5823,#5824,#7016,.T.);
#4508=EDGE_CURVE('',#5822,#5823,#7017,.T.);
#4509=EDGE_CURVE('',#5821,#5824,#7018,.T.);
#4510=EDGE_CURVE('',#5825,#5826,#7019,.T.);
#4511=EDGE_CURVE('',#5827,#5825,#7020,.T.);
#4512=EDGE_CURVE('',#5434,#5827,#7021,.T.);
#4513=EDGE_CURVE('',#5828,#5433,#7022,.T.);
#4514=EDGE_CURVE('',#5829,#5828,#7023,.T.);
#4515=EDGE_CURVE('',#5444,#5829,#7024,.T.);
#4516=EDGE_CURVE('',#5830,#5443,#7025,.T.);
#4517=EDGE_CURVE('',#5831,#5830,#7026,.T.);
#4518=EDGE_CURVE('',#5454,#5831,#7027,.T.);
#4519=EDGE_CURVE('',#5832,#5453,#7028,.T.);
#4520=EDGE_CURVE('',#5833,#5832,#7029,.T.);
#4521=EDGE_CURVE('',#5464,#5833,#7030,.T.);
#4522=EDGE_CURVE('',#5834,#5463,#7031,.T.);
#4523=EDGE_CURVE('',#5835,#5834,#7032,.T.);
#4524=EDGE_CURVE('',#5474,#5835,#7033,.T.);
#4525=EDGE_CURVE('',#5836,#5473,#7034,.T.);
#4526=EDGE_CURVE('',#5837,#5836,#7035,.T.);
#4527=EDGE_CURVE('',#5484,#5837,#7036,.T.);
#4528=EDGE_CURVE('',#5838,#5483,#7037,.T.);
#4529=EDGE_CURVE('',#5839,#5838,#7038,.T.);
#4530=EDGE_CURVE('',#5494,#5839,#7039,.T.);
#4531=EDGE_CURVE('',#5840,#5493,#7040,.T.);
#4532=EDGE_CURVE('',#5841,#5840,#7041,.T.);
#4533=EDGE_CURVE('',#5504,#5841,#7042,.T.);
#4534=EDGE_CURVE('',#5842,#5503,#7043,.T.);
#4535=EDGE_CURVE('',#5843,#5842,#7044,.T.);
#4536=EDGE_CURVE('',#5514,#5843,#7045,.T.);
#4537=EDGE_CURVE('',#5844,#5513,#7046,.T.);
#4538=EDGE_CURVE('',#5845,#5844,#7047,.T.);
#4539=EDGE_CURVE('',#5524,#5845,#7048,.T.);
#4540=EDGE_CURVE('',#5846,#5523,#7049,.T.);
#4541=EDGE_CURVE('',#5847,#5846,#7050,.T.);
#4542=EDGE_CURVE('',#5534,#5847,#7051,.T.);
#4543=EDGE_CURVE('',#5848,#5533,#7052,.T.);
#4544=EDGE_CURVE('',#5849,#5848,#7053,.T.);
#4545=EDGE_CURVE('',#5544,#5849,#7054,.T.);
#4546=EDGE_CURVE('',#5850,#5543,#7055,.T.);
#4547=EDGE_CURVE('',#5851,#5850,#7056,.T.);
#4548=EDGE_CURVE('',#5554,#5851,#7057,.T.);
#4549=EDGE_CURVE('',#5852,#5553,#7058,.T.);
#4550=EDGE_CURVE('',#5853,#5852,#7059,.T.);
#4551=EDGE_CURVE('',#5564,#5853,#7060,.T.);
#4552=EDGE_CURVE('',#5854,#5563,#7061,.T.);
#4553=EDGE_CURVE('',#5855,#5854,#7062,.T.);
#4554=EDGE_CURVE('',#5856,#5855,#7063,.T.);
#4555=EDGE_CURVE('',#5857,#5856,#7064,.T.);
#4556=EDGE_CURVE('',#5857,#5573,#7065,.T.);
#4557=EDGE_CURVE('',#5574,#5858,#7066,.T.);
#4558=EDGE_CURVE('',#5859,#5858,#7067,.T.);
#4559=EDGE_CURVE('',#5859,#5583,#7068,.T.);
#4560=EDGE_CURVE('',#5584,#5860,#7069,.T.);
#4561=EDGE_CURVE('',#5861,#5860,#7070,.T.);
#4562=EDGE_CURVE('',#5861,#5593,#7071,.T.);
#4563=EDGE_CURVE('',#5594,#5862,#7072,.T.);
#4564=EDGE_CURVE('',#5863,#5862,#7073,.T.);
#4565=EDGE_CURVE('',#5863,#5603,#7074,.T.);
#4566=EDGE_CURVE('',#5604,#5864,#7075,.T.);
#4567=EDGE_CURVE('',#5865,#5864,#7076,.T.);
#4568=EDGE_CURVE('',#5865,#5613,#7077,.T.);
#4569=EDGE_CURVE('',#5614,#5866,#7078,.T.);
#4570=EDGE_CURVE('',#5867,#5866,#7079,.T.);
#4571=EDGE_CURVE('',#5867,#5623,#7080,.T.);
#4572=EDGE_CURVE('',#5624,#5868,#7081,.T.);
#4573=EDGE_CURVE('',#5869,#5868,#7082,.T.);
#4574=EDGE_CURVE('',#5869,#5633,#7083,.T.);
#4575=EDGE_CURVE('',#5634,#5870,#7084,.T.);
#4576=EDGE_CURVE('',#5871,#5870,#7085,.T.);
#4577=EDGE_CURVE('',#5871,#5643,#7086,.T.);
#4578=EDGE_CURVE('',#5644,#5872,#7087,.T.);
#4579=EDGE_CURVE('',#5873,#5872,#7088,.T.);
#4580=EDGE_CURVE('',#5873,#5653,#7089,.T.);
#4581=EDGE_CURVE('',#5654,#5874,#7090,.T.);
#4582=EDGE_CURVE('',#5875,#5874,#7091,.T.);
#4583=EDGE_CURVE('',#5875,#5663,#7092,.T.);
#4584=EDGE_CURVE('',#5664,#5876,#7093,.T.);
#4585=EDGE_CURVE('',#5877,#5876,#7094,.T.);
#4586=EDGE_CURVE('',#5877,#5673,#7095,.T.);
#4587=EDGE_CURVE('',#5674,#5878,#7096,.T.);
#4588=EDGE_CURVE('',#5879,#5878,#7097,.T.);
#4589=EDGE_CURVE('',#5879,#5683,#7098,.T.);
#4590=EDGE_CURVE('',#5684,#5880,#7099,.T.);
#4591=EDGE_CURVE('',#5881,#5880,#7100,.T.);
#4592=EDGE_CURVE('',#5881,#5693,#7101,.T.);
#4593=EDGE_CURVE('',#5694,#5882,#7102,.T.);
#4594=EDGE_CURVE('',#5883,#5882,#7103,.T.);
#4595=EDGE_CURVE('',#5883,#5703,#7104,.T.);
#4596=EDGE_CURVE('',#5704,#5884,#7105,.T.);
#4597=EDGE_CURVE('',#5885,#5884,#7106,.T.);
#4598=EDGE_CURVE('',#5886,#5885,#7107,.T.);
#4599=EDGE_CURVE('',#5886,#5713,#7108,.T.);
#4600=EDGE_CURVE('',#5714,#5887,#7109,.T.);
#4601=EDGE_CURVE('',#5888,#5887,#7110,.T.);
#4602=EDGE_CURVE('',#5888,#5723,#7111,.T.);
#4603=EDGE_CURVE('',#5724,#5889,#7112,.T.);
#4604=EDGE_CURVE('',#5890,#5889,#7113,.T.);
#4605=EDGE_CURVE('',#5890,#5733,#7114,.T.);
#4606=EDGE_CURVE('',#5734,#5891,#7115,.T.);
#4607=EDGE_CURVE('',#5892,#5891,#7116,.T.);
#4608=EDGE_CURVE('',#5892,#5743,#7117,.T.);
#4609=EDGE_CURVE('',#5744,#5893,#7118,.T.);
#4610=EDGE_CURVE('',#5894,#5893,#7119,.T.);
#4611=EDGE_CURVE('',#5894,#5753,#7120,.T.);
#4612=EDGE_CURVE('',#5754,#5895,#7121,.T.);
#4613=EDGE_CURVE('',#5896,#5895,#7122,.T.);
#4614=EDGE_CURVE('',#5896,#5763,#7123,.T.);
#4615=EDGE_CURVE('',#5764,#5897,#7124,.T.);
#4616=EDGE_CURVE('',#5898,#5897,#7125,.T.);
#4617=EDGE_CURVE('',#5898,#5773,#7126,.T.);
#4618=EDGE_CURVE('',#5774,#5899,#7127,.T.);
#4619=EDGE_CURVE('',#5900,#5899,#7128,.T.);
#4620=EDGE_CURVE('',#5900,#5783,#7129,.T.);
#4621=EDGE_CURVE('',#5784,#5901,#7130,.T.);
#4622=EDGE_CURVE('',#5902,#5901,#7131,.T.);
#4623=EDGE_CURVE('',#5902,#5793,#7132,.T.);
#4624=EDGE_CURVE('',#5794,#5903,#7133,.T.);
#4625=EDGE_CURVE('',#5904,#5903,#7134,.T.);
#4626=EDGE_CURVE('',#5904,#5803,#7135,.T.);
#4627=EDGE_CURVE('',#5804,#5905,#7136,.T.);
#4628=EDGE_CURVE('',#5906,#5905,#7137,.T.);
#4629=EDGE_CURVE('',#5906,#5813,#7138,.T.);
#4630=EDGE_CURVE('',#5814,#5907,#7139,.T.);
#4631=EDGE_CURVE('',#5908,#5907,#7140,.T.);
#4632=EDGE_CURVE('',#5908,#5823,#7141,.T.);
#4633=EDGE_CURVE('',#5824,#5826,#7142,.T.);
#4634=EDGE_CURVE('',#5827,#5158,#7143,.T.);
#4635=EDGE_CURVE('',#5825,#4995,#7144,.T.);
#4636=EDGE_CURVE('',#5428,#5157,#7145,.T.);
#4637=EDGE_CURVE('',#5429,#5156,#7146,.T.);
#4638=EDGE_CURVE('',#5828,#5155,#7147,.T.);
#4639=EDGE_CURVE('',#5829,#5154,#7148,.T.);
#4640=EDGE_CURVE('',#5438,#5153,#7149,.T.);
#4641=EDGE_CURVE('',#5439,#5152,#7150,.T.);
#4642=EDGE_CURVE('',#5830,#5151,#7151,.T.);
#4643=EDGE_CURVE('',#5831,#5150,#7152,.T.);
#4644=EDGE_CURVE('',#5448,#5149,#7153,.T.);
#4645=EDGE_CURVE('',#5449,#5148,#7154,.T.);
#4646=EDGE_CURVE('',#5832,#5147,#7155,.T.);
#4647=EDGE_CURVE('',#5833,#5146,#7156,.T.);
#4648=EDGE_CURVE('',#5458,#5145,#7157,.T.);
#4649=EDGE_CURVE('',#5459,#5144,#7158,.T.);
#4650=EDGE_CURVE('',#5834,#5143,#7159,.T.);
#4651=EDGE_CURVE('',#5835,#5142,#7160,.T.);
#4652=EDGE_CURVE('',#5468,#5141,#7161,.T.);
#4653=EDGE_CURVE('',#5469,#5140,#7162,.T.);
#4654=EDGE_CURVE('',#5836,#5139,#7163,.T.);
#4655=EDGE_CURVE('',#5837,#5138,#7164,.T.);
#4656=EDGE_CURVE('',#5478,#5137,#7165,.T.);
#4657=EDGE_CURVE('',#5479,#5136,#7166,.T.);
#4658=EDGE_CURVE('',#5838,#5135,#7167,.T.);
#4659=EDGE_CURVE('',#5839,#5134,#7168,.T.);
#4660=EDGE_CURVE('',#5488,#5133,#7169,.T.);
#4661=EDGE_CURVE('',#5489,#5132,#7170,.T.);
#4662=EDGE_CURVE('',#5840,#5131,#7171,.T.);
#4663=EDGE_CURVE('',#5841,#5130,#7172,.T.);
#4664=EDGE_CURVE('',#5498,#5129,#7173,.T.);
#4665=EDGE_CURVE('',#5499,#5128,#7174,.T.);
#4666=EDGE_CURVE('',#5842,#5127,#7175,.T.);
#4667=EDGE_CURVE('',#5843,#5126,#7176,.T.);
#4668=EDGE_CURVE('',#5508,#5125,#7177,.T.);
#4669=EDGE_CURVE('',#5509,#5124,#7178,.T.);
#4670=EDGE_CURVE('',#5844,#5123,#7179,.T.);
#4671=EDGE_CURVE('',#5845,#5122,#7180,.T.);
#4672=EDGE_CURVE('',#5518,#5121,#7181,.T.);
#4673=EDGE_CURVE('',#5519,#5120,#7182,.T.);
#4674=EDGE_CURVE('',#5846,#5119,#7183,.T.);
#4675=EDGE_CURVE('',#5847,#5118,#7184,.T.);
#4676=EDGE_CURVE('',#5528,#5117,#7185,.T.);
#4677=EDGE_CURVE('',#5529,#5116,#7186,.T.);
#4678=EDGE_CURVE('',#5848,#5115,#7187,.T.);
#4679=EDGE_CURVE('',#5849,#5114,#7188,.T.);
#4680=EDGE_CURVE('',#5538,#5113,#7189,.T.);
#4681=EDGE_CURVE('',#5539,#5112,#7190,.T.);
#4682=EDGE_CURVE('',#5850,#5111,#7191,.T.);
#4683=EDGE_CURVE('',#5851,#5110,#7192,.T.);
#4684=EDGE_CURVE('',#5548,#5109,#7193,.T.);
#4685=EDGE_CURVE('',#5549,#5108,#7194,.T.);
#4686=EDGE_CURVE('',#5852,#5107,#7195,.T.);
#4687=EDGE_CURVE('',#5853,#5106,#7196,.T.);
#4688=EDGE_CURVE('',#5558,#5105,#7197,.T.);
#4689=EDGE_CURVE('',#5559,#5104,#7198,.T.);
#4690=EDGE_CURVE('',#5854,#5103,#7199,.T.);
#4691=EDGE_CURVE('',#5855,#5102,#7200,.T.);
#4692=EDGE_CURVE('',#5856,#5101,#7201,.T.);
#4693=EDGE_CURVE('',#5857,#5100,#7202,.T.);
#4694=EDGE_CURVE('',#5568,#5099,#7203,.T.);
#4695=EDGE_CURVE('',#5569,#5098,#7204,.T.);
#4696=EDGE_CURVE('',#5858,#5097,#7205,.T.);
#4697=EDGE_CURVE('',#5859,#5096,#7206,.T.);
#4698=EDGE_CURVE('',#5578,#5095,#7207,.T.);
#4699=EDGE_CURVE('',#5579,#5094,#7208,.T.);
#4700=EDGE_CURVE('',#5860,#5093,#7209,.T.);
#4701=EDGE_CURVE('',#5861,#5092,#7210,.T.);
#4702=EDGE_CURVE('',#5588,#5091,#7211,.T.);
#4703=EDGE_CURVE('',#5589,#5090,#7212,.T.);
#4704=EDGE_CURVE('',#5862,#5089,#7213,.T.);
#4705=EDGE_CURVE('',#5863,#5088,#7214,.T.);
#4706=EDGE_CURVE('',#5598,#5087,#7215,.T.);
#4707=EDGE_CURVE('',#5599,#5086,#7216,.T.);
#4708=EDGE_CURVE('',#5864,#5085,#7217,.T.);
#4709=EDGE_CURVE('',#5865,#5084,#7218,.T.);
#4710=EDGE_CURVE('',#5608,#5083,#7219,.T.);
#4711=EDGE_CURVE('',#5609,#5082,#7220,.T.);
#4712=EDGE_CURVE('',#5866,#5081,#7221,.T.);
#4713=EDGE_CURVE('',#5867,#5080,#7222,.T.);
#4714=EDGE_CURVE('',#5618,#5079,#7223,.T.);
#4715=EDGE_CURVE('',#5619,#5078,#7224,.T.);
#4716=EDGE_CURVE('',#5868,#5077,#7225,.T.);
#4717=EDGE_CURVE('',#5869,#5076,#7226,.T.);
#4718=EDGE_CURVE('',#5628,#5075,#7227,.T.);
#4719=EDGE_CURVE('',#5629,#5074,#7228,.T.);
#4720=EDGE_CURVE('',#5870,#5073,#7229,.T.);
#4721=EDGE_CURVE('',#5871,#5072,#7230,.T.);
#4722=EDGE_CURVE('',#5638,#5071,#7231,.T.);
#4723=EDGE_CURVE('',#5639,#5070,#7232,.T.);
#4724=EDGE_CURVE('',#5872,#5069,#7233,.T.);
#4725=EDGE_CURVE('',#5873,#5068,#7234,.T.);
#4726=EDGE_CURVE('',#5648,#5067,#7235,.T.);
#4727=EDGE_CURVE('',#5649,#5066,#7236,.T.);
#4728=EDGE_CURVE('',#5874,#5065,#7237,.T.);
#4729=EDGE_CURVE('',#5875,#5064,#7238,.T.);
#4730=EDGE_CURVE('',#5658,#5063,#7239,.T.);
#4731=EDGE_CURVE('',#5659,#5062,#7240,.T.);
#4732=EDGE_CURVE('',#5876,#5061,#7241,.T.);
#4733=EDGE_CURVE('',#5877,#5060,#7242,.T.);
#4734=EDGE_CURVE('',#5668,#5059,#7243,.T.);
#4735=EDGE_CURVE('',#5669,#5058,#7244,.T.);
#4736=EDGE_CURVE('',#5878,#5057,#7245,.T.);
#4737=EDGE_CURVE('',#5879,#5056,#7246,.T.);
#4738=EDGE_CURVE('',#5678,#5055,#7247,.T.);
#4739=EDGE_CURVE('',#5679,#5054,#7248,.T.);
#4740=EDGE_CURVE('',#5880,#5053,#7249,.T.);
#4741=EDGE_CURVE('',#5881,#5052,#7250,.T.);
#4742=EDGE_CURVE('',#5688,#5051,#7251,.T.);
#4743=EDGE_CURVE('',#5689,#5050,#7252,.T.);
#4744=EDGE_CURVE('',#5882,#5049,#7253,.T.);
#4745=EDGE_CURVE('',#5883,#5048,#7254,.T.);
#4746=EDGE_CURVE('',#5698,#5047,#7255,.T.);
#4747=EDGE_CURVE('',#5699,#5046,#7256,.T.);
#4748=EDGE_CURVE('',#5884,#5045,#7257,.T.);
#4749=EDGE_CURVE('',#5885,#5044,#7258,.T.);
#4750=EDGE_CURVE('',#5886,#5043,#7259,.T.);
#4751=EDGE_CURVE('',#5708,#5042,#7260,.T.);
#4752=EDGE_CURVE('',#5709,#5041,#7261,.T.);
#4753=EDGE_CURVE('',#5887,#5040,#7262,.T.);
#4754=EDGE_CURVE('',#5888,#5039,#7263,.T.);
#4755=EDGE_CURVE('',#5718,#5038,#7264,.T.);
#4756=EDGE_CURVE('',#5719,#5037,#7265,.T.);
#4757=EDGE_CURVE('',#5889,#5036,#7266,.T.);
#4758=EDGE_CURVE('',#5890,#5035,#7267,.T.);
#4759=EDGE_CURVE('',#5728,#5034,#7268,.T.);
#4760=EDGE_CURVE('',#5729,#5033,#7269,.T.);
#4761=EDGE_CURVE('',#5891,#5032,#7270,.T.);
#4762=EDGE_CURVE('',#5892,#5031,#7271,.T.);
#4763=EDGE_CURVE('',#5738,#5030,#7272,.T.);
#4764=EDGE_CURVE('',#5739,#5029,#7273,.T.);
#4765=EDGE_CURVE('',#5893,#5028,#7274,.T.);
#4766=EDGE_CURVE('',#5894,#5027,#7275,.T.);
#4767=EDGE_CURVE('',#5748,#5026,#7276,.T.);
#4768=EDGE_CURVE('',#5749,#5025,#7277,.T.);
#4769=EDGE_CURVE('',#5895,#5024,#7278,.T.);
#4770=EDGE_CURVE('',#5896,#5023,#7279,.T.);
#4771=EDGE_CURVE('',#5758,#5022,#7280,.T.);
#4772=EDGE_CURVE('',#5759,#5021,#7281,.T.);
#4773=EDGE_CURVE('',#5897,#5020,#7282,.T.);
#4774=EDGE_CURVE('',#5898,#5019,#7283,.T.);
#4775=EDGE_CURVE('',#5768,#5018,#7284,.T.);
#4776=EDGE_CURVE('',#5769,#5017,#7285,.T.);
#4777=EDGE_CURVE('',#5899,#5016,#7286,.T.);
#4778=EDGE_CURVE('',#5900,#5015,#7287,.T.);
#4779=EDGE_CURVE('',#5778,#5014,#7288,.T.);
#4780=EDGE_CURVE('',#5779,#5013,#7289,.T.);
#4781=EDGE_CURVE('',#5901,#5012,#7290,.T.);
#4782=EDGE_CURVE('',#5902,#5011,#7291,.T.);
#4783=EDGE_CURVE('',#5788,#5010,#7292,.T.);
#4784=EDGE_CURVE('',#5789,#5009,#7293,.T.);
#4785=EDGE_CURVE('',#5903,#5008,#7294,.T.);
#4786=EDGE_CURVE('',#5904,#5007,#7295,.T.);
#4787=EDGE_CURVE('',#5798,#5006,#7296,.T.);
#4788=EDGE_CURVE('',#5799,#5005,#7297,.T.);
#4789=EDGE_CURVE('',#5905,#5004,#7298,.T.);
#4790=EDGE_CURVE('',#5906,#5003,#7299,.T.);
#4791=EDGE_CURVE('',#5808,#5002,#7300,.T.);
#4792=EDGE_CURVE('',#5809,#5001,#7301,.T.);
#4793=EDGE_CURVE('',#5907,#5000,#7302,.T.);
#4794=EDGE_CURVE('',#5908,#4999,#7303,.T.);
#4795=EDGE_CURVE('',#5818,#4998,#7304,.T.);
#4796=EDGE_CURVE('',#5819,#4997,#7305,.T.);
#4797=EDGE_CURVE('',#5826,#4996,#7306,.T.);
#4798=EDGE_CURVE('',#4989,#5168,#7307,.F.);
#4799=EDGE_CURVE('',#4993,#5909,#7308,.T.);
#4800=EDGE_CURVE('',#5910,#5909,#7309,.T.);
#4801=EDGE_CURVE('',#4990,#5910,#7310,.T.);
#4802=EDGE_CURVE('',#5167,#4994,#7311,.T.);
#4803=EDGE_CURVE('',#5911,#5912,#7312,.T.);
#4804=EDGE_CURVE('',#5912,#5913,#214,.F.);
#4805=EDGE_CURVE('',#5914,#5913,#7313,.T.);
#4806=EDGE_CURVE('',#5911,#5914,#7314,.T.);
#4807=EDGE_CURVE('',#5915,#5914,#7315,.T.);
#4808=EDGE_CURVE('',#5916,#5915,#7316,.T.);
#4809=EDGE_CURVE('',#5916,#5911,#7317,.T.);
#4810=EDGE_CURVE('',#5161,#5915,#7318,.T.);
#4811=EDGE_CURVE('',#5913,#5170,#21,.T.);
#4812=EDGE_CURVE('',#5159,#5916,#7319,.T.);
#4813=EDGE_CURVE('',#5171,#5912,#22,.T.);
#4814=EDGE_CURVE('',#4992,#5917,#7320,.T.);
#4815=EDGE_CURVE('',#5917,#5909,#7321,.T.);
#4816=EDGE_CURVE('',#5918,#5910,#7322,.T.);
#4817=EDGE_CURVE('',#4991,#5918,#7323,.T.);
#4818=EDGE_CURVE('',#5917,#5918,#7324,.T.);
#4819=EDGE_CURVE('',#4962,#5919,#7325,.T.);
#4820=EDGE_CURVE('',#5919,#5920,#7326,.T.);
#4821=EDGE_CURVE('',#5920,#4964,#7327,.T.);
#4822=EDGE_CURVE('',#5920,#4987,#7328,.T.);
#4823=EDGE_CURVE('',#5919,#4988,#7329,.T.);
#4824=EDGE_CURVE('',#5921,#4955,#7330,.T.);
#4825=EDGE_CURVE('',#5921,#4983,#7331,.T.);
#4826=EDGE_CURVE('',#4961,#5922,#7332,.T.);
#4827=EDGE_CURVE('',#5922,#4984,#7333,.T.);
#4828=EDGE_CURVE('',#5922,#5921,#7334,.T.);
#4829=EDGE_CURVE('',#5923,#5924,#7335,.T.);
#4830=EDGE_CURVE('',#5924,#5925,#215,.F.);
#4831=EDGE_CURVE('',#5926,#5925,#7336,.T.);
#4832=EDGE_CURVE('',#5927,#5926,#7337,.T.);
#4833=EDGE_CURVE('',#5928,#5927,#7338,.T.);
#4834=EDGE_CURVE('',#5928,#5929,#7339,.T.);
#4835=EDGE_CURVE('',#5929,#5923,#7340,.T.);
#4836=EDGE_CURVE('',#5930,#5931,#7341,.T.);
#4837=EDGE_CURVE('',#5931,#5932,#216,.F.);
#4838=EDGE_CURVE('',#5933,#5932,#7342,.T.);
#4839=EDGE_CURVE('',#5934,#5933,#7343,.T.);
#4840=EDGE_CURVE('',#5935,#5934,#7344,.T.);
#4841=EDGE_CURVE('',#5935,#5936,#7345,.T.);
#4842=EDGE_CURVE('',#5936,#5930,#7346,.T.);
#4843=EDGE_CURVE('',#5937,#5938,#7347,.T.);
#4844=EDGE_CURVE('',#5938,#5939,#217,.F.);
#4845=EDGE_CURVE('',#5940,#5939,#7348,.T.);
#4846=EDGE_CURVE('',#5941,#5940,#7349,.T.);
#4847=EDGE_CURVE('',#5942,#5941,#7350,.T.);
#4848=EDGE_CURVE('',#5942,#5943,#7351,.T.);
#4849=EDGE_CURVE('',#5943,#5937,#7352,.T.);
#4850=EDGE_CURVE('',#5944,#5945,#7353,.T.);
#4851=EDGE_CURVE('',#5945,#5946,#218,.F.);
#4852=EDGE_CURVE('',#5947,#5946,#7354,.T.);
#4853=EDGE_CURVE('',#5948,#5947,#7355,.T.);
#4854=EDGE_CURVE('',#5949,#5948,#7356,.T.);
#4855=EDGE_CURVE('',#5949,#5950,#7357,.T.);
#4856=EDGE_CURVE('',#5950,#5944,#7358,.T.);
#4857=EDGE_CURVE('',#5951,#5952,#7359,.T.);
#4858=EDGE_CURVE('',#5952,#5953,#219,.F.);
#4859=EDGE_CURVE('',#5954,#5953,#7360,.T.);
#4860=EDGE_CURVE('',#5955,#5954,#7361,.T.);
#4861=EDGE_CURVE('',#5956,#5955,#7362,.T.);
#4862=EDGE_CURVE('',#5956,#5957,#7363,.T.);
#4863=EDGE_CURVE('',#5957,#5951,#7364,.T.);
#4864=EDGE_CURVE('',#5958,#5959,#7365,.T.);
#4865=EDGE_CURVE('',#5959,#5960,#220,.F.);
#4866=EDGE_CURVE('',#5961,#5960,#7366,.T.);
#4867=EDGE_CURVE('',#5962,#5961,#7367,.T.);
#4868=EDGE_CURVE('',#5963,#5962,#7368,.T.);
#4869=EDGE_CURVE('',#5963,#5964,#7369,.T.);
#4870=EDGE_CURVE('',#5964,#5958,#7370,.T.);
#4871=EDGE_CURVE('',#5965,#5966,#7371,.T.);
#4872=EDGE_CURVE('',#5966,#5967,#23,.T.);
#4873=EDGE_CURVE('',#5967,#5968,#221,.T.);
#4874=EDGE_CURVE('',#5969,#5968,#7372,.T.);
#4875=EDGE_CURVE('',#5969,#5965,#222,.T.);
#4876=EDGE_CURVE('',#5970,#5969,#7373,.T.);
#4877=EDGE_CURVE('',#5968,#5971,#7374,.T.);
#4878=EDGE_CURVE('',#5970,#5971,#7375,.T.);
#4879=EDGE_CURVE('',#5972,#5970,#223,.T.);
#4880=EDGE_CURVE('',#5971,#5973,#224,.T.);
#4881=EDGE_CURVE('',#5972,#5973,#7376,.T.);
#4882=EDGE_CURVE('',#5974,#5972,#7377,.T.);
#4883=EDGE_CURVE('',#5973,#5975,#7378,.T.);
#4884=EDGE_CURVE('',#5974,#5975,#7379,.T.);
#4885=EDGE_CURVE('',#5936,#5974,#225,.T.);
#4886=EDGE_CURVE('',#5975,#5930,#226,.T.);
#4887=EDGE_CURVE('',#5976,#5977,#7380,.T.);
#4888=EDGE_CURVE('',#5977,#5978,#227,.F.);
#4889=EDGE_CURVE('',#5978,#5923,#7381,.T.);
#4890=EDGE_CURVE('',#5929,#5979,#7382,.T.);
#4891=EDGE_CURVE('',#5980,#5979,#7383,.T.);
#4892=EDGE_CURVE('',#5976,#5980,#7384,.T.);
#4893=EDGE_CURVE('',#5981,#5982,#7385,.T.);
#4894=EDGE_CURVE('',#5982,#5966,#228,.F.);
#4895=EDGE_CURVE('',#5965,#5983,#7386,.T.);
#4896=EDGE_CURVE('',#5984,#5983,#7387,.T.);
#4897=EDGE_CURVE('',#5981,#5984,#7388,.T.);
#4898=EDGE_CURVE('',#5985,#5986,#7389,.T.);
#4899=EDGE_CURVE('',#5986,#5987,#229,.F.);
#4900=EDGE_CURVE('',#5987,#5937,#7390,.T.);
#4901=EDGE_CURVE('',#5943,#5988,#7391,.T.);
#4902=EDGE_CURVE('',#5989,#5988,#7392,.T.);
#4903=EDGE_CURVE('',#5985,#5989,#7393,.T.);
#4904=EDGE_CURVE('',#5990,#5991,#7394,.T.);
#4905=EDGE_CURVE('',#5991,#5992,#230,.F.);
#4906=EDGE_CURVE('',#5992,#5944,#7395,.T.);
#4907=EDGE_CURVE('',#5950,#5993,#7396,.T.);
#4908=EDGE_CURVE('',#5994,#5993,#7397,.T.);
#4909=EDGE_CURVE('',#5990,#5994,#7398,.T.);
#4910=EDGE_CURVE('',#5995,#5996,#7399,.T.);
#4911=EDGE_CURVE('',#5996,#5997,#231,.F.);
#4912=EDGE_CURVE('',#5997,#5951,#7400,.T.);
#4913=EDGE_CURVE('',#5957,#5998,#7401,.T.);
#4914=EDGE_CURVE('',#5999,#5998,#7402,.T.);
#4915=EDGE_CURVE('',#5995,#5999,#7403,.T.);
#4916=EDGE_CURVE('',#6000,#6001,#7404,.T.);
#4917=EDGE_CURVE('',#6001,#6002,#232,.F.);
#4918=EDGE_CURVE('',#6002,#5958,#7405,.T.);
#4919=EDGE_CURVE('',#5964,#6003,#7406,.T.);
#4920=EDGE_CURVE('',#6004,#6003,#7407,.T.);
#4921=EDGE_CURVE('',#6000,#6004,#7408,.T.);
#4922=EDGE_CURVE('',#5941,#5994,#7409,.T.);
#4923=EDGE_CURVE('',#5940,#5990,#7410,.T.);
#4924=EDGE_CURVE('',#5934,#5989,#7411,.T.);
#4925=EDGE_CURVE('',#5933,#5985,#7412,.T.);
#4926=EDGE_CURVE('',#5927,#5984,#7413,.T.);
#4927=EDGE_CURVE('',#5926,#5981,#7414,.T.);
#4928=EDGE_CURVE('',#5962,#5980,#7415,.T.);
#4929=EDGE_CURVE('',#5961,#5976,#7416,.T.);
#4930=EDGE_CURVE('',#5955,#6004,#7417,.T.);
#4931=EDGE_CURVE('',#5954,#6000,#7418,.T.);
#4932=EDGE_CURVE('',#5948,#5999,#7419,.T.);
#4933=EDGE_CURVE('',#5947,#5995,#7420,.T.);
#4934=EDGE_CURVE('',#5960,#5977,#7421,.T.);
#4935=EDGE_CURVE('',#5925,#5982,#7422,.T.);
#4936=EDGE_CURVE('',#5932,#5986,#7423,.T.);
#4937=EDGE_CURVE('',#5939,#5991,#7424,.T.);
#4938=EDGE_CURVE('',#5946,#5996,#7425,.T.);
#4939=EDGE_CURVE('',#5953,#6001,#7426,.T.);
#4940=EDGE_CURVE('',#6005,#6005,#233,.T.);
#4941=EDGE_CURVE('',#5992,#5938,#7427,.F.);
#4942=EDGE_CURVE('',#5987,#5931,#7428,.F.);
#4943=EDGE_CURVE('',#5967,#5924,#7429,.F.);
#4944=EDGE_CURVE('',#5978,#5959,#7430,.F.);
#4945=EDGE_CURVE('',#6002,#5952,#7431,.F.);
#4946=EDGE_CURVE('',#5997,#5945,#7432,.F.);
#4947=EDGE_CURVE('',#5993,#5942,#7433,.T.);
#4948=EDGE_CURVE('',#5988,#5935,#7434,.T.);
#4949=EDGE_CURVE('',#5983,#5928,#7435,.T.);
#4950=EDGE_CURVE('',#5979,#5963,#7436,.T.);
#4951=EDGE_CURVE('',#6003,#5956,#7437,.T.);
#4952=EDGE_CURVE('',#5998,#5949,#7438,.T.);
#4953=EDGE_CURVE('',#6006,#6006,#234,.T.);
#4954=VERTEX_POINT('',#18379);
#4955=VERTEX_POINT('',#18380);
#4956=VERTEX_POINT('',#18382);
#4957=VERTEX_POINT('',#18384);
#4958=VERTEX_POINT('',#18386);
#4959=VERTEX_POINT('',#18388);
#4960=VERTEX_POINT('',#18390);
#4961=VERTEX_POINT('',#18392);
#4962=VERTEX_POINT('',#18396);
#4963=VERTEX_POINT('',#18397);
#4964=VERTEX_POINT('',#18399);
#4965=VERTEX_POINT('',#18401);
#4966=VERTEX_POINT('',#18403);
#4967=VERTEX_POINT('',#18405);
#4968=VERTEX_POINT('',#18407);
#4969=VERTEX_POINT('',#18409);
#4970=VERTEX_POINT('',#18413);
#4971=VERTEX_POINT('',#18414);
#4972=VERTEX_POINT('',#18416);
#4973=VERTEX_POINT('',#18418);
#4974=VERTEX_POINT('',#18420);
#4975=VERTEX_POINT('',#18422);
#4976=VERTEX_POINT('',#18426);
#4977=VERTEX_POINT('',#18428);
#4978=VERTEX_POINT('',#18430);
#4979=VERTEX_POINT('',#18432);
#4980=VERTEX_POINT('',#18434);
#4981=VERTEX_POINT('',#18436);
#4982=VERTEX_POINT('',#18439);
#4983=VERTEX_POINT('',#18442);
#4984=VERTEX_POINT('',#18444);
#4985=VERTEX_POINT('',#18447);
#4986=VERTEX_POINT('',#18449);
#4987=VERTEX_POINT('',#18452);
#4988=VERTEX_POINT('',#18454);
#4989=VERTEX_POINT('',#18457);
#4990=VERTEX_POINT('',#18459);
#4991=VERTEX_POINT('',#18461);
#4992=VERTEX_POINT('',#18463);
#4993=VERTEX_POINT('',#18465);
#4994=VERTEX_POINT('',#18467);
#4995=VERTEX_POINT('',#18470);
#4996=VERTEX_POINT('',#18471);
#4997=VERTEX_POINT('',#18473);
#4998=VERTEX_POINT('',#18475);
#4999=VERTEX_POINT('',#18477);
#5000=VERTEX_POINT('',#18479);
#5001=VERTEX_POINT('',#18481);
#5002=VERTEX_POINT('',#18483);
#5003=VERTEX_POINT('',#18485);
#5004=VERTEX_POINT('',#18487);
#5005=VERTEX_POINT('',#18489);
#5006=VERTEX_POINT('',#18491);
#5007=VERTEX_POINT('',#18493);
#5008=VERTEX_POINT('',#18495);
#5009=VERTEX_POINT('',#18497);
#5010=VERTEX_POINT('',#18499);
#5011=VERTEX_POINT('',#18501);
#5012=VERTEX_POINT('',#18503);
#5013=VERTEX_POINT('',#18505);
#5014=VERTEX_POINT('',#18507);
#5015=VERTEX_POINT('',#18509);
#5016=VERTEX_POINT('',#18511);
#5017=VERTEX_POINT('',#18513);
#5018=VERTEX_POINT('',#18515);
#5019=VERTEX_POINT('',#18517);
#5020=VERTEX_POINT('',#18519);
#5021=VERTEX_POINT('',#18521);
#5022=VERTEX_POINT('',#18523);
#5023=VERTEX_POINT('',#18525);
#5024=VERTEX_POINT('',#18527);
#5025=VERTEX_POINT('',#18529);
#5026=VERTEX_POINT('',#18531);
#5027=VERTEX_POINT('',#18533);
#5028=VERTEX_POINT('',#18535);
#5029=VERTEX_POINT('',#18537);
#5030=VERTEX_POINT('',#18539);
#5031=VERTEX_POINT('',#18541);
#5032=VERTEX_POINT('',#18543);
#5033=VERTEX_POINT('',#18545);
#5034=VERTEX_POINT('',#18547);
#5035=VERTEX_POINT('',#18549);
#5036=VERTEX_POINT('',#18551);
#5037=VERTEX_POINT('',#18553);
#5038=VERTEX_POINT('',#18555);
#5039=VERTEX_POINT('',#18557);
#5040=VERTEX_POINT('',#18559);
#5041=VERTEX_POINT('',#18561);
#5042=VERTEX_POINT('',#18563);
#5043=VERTEX_POINT('',#18565);
#5044=VERTEX_POINT('',#18567);
#5045=VERTEX_POINT('',#18569);
#5046=VERTEX_POINT('',#18571);
#5047=VERTEX_POINT('',#18573);
#5048=VERTEX_POINT('',#18575);
#5049=VERTEX_POINT('',#18577);
#5050=VERTEX_POINT('',#18579);
#5051=VERTEX_POINT('',#18581);
#5052=VERTEX_POINT('',#18583);
#5053=VERTEX_POINT('',#18585);
#5054=VERTEX_POINT('',#18587);
#5055=VERTEX_POINT('',#18589);
#5056=VERTEX_POINT('',#18591);
#5057=VERTEX_POINT('',#18593);
#5058=VERTEX_POINT('',#18595);
#5059=VERTEX_POINT('',#18597);
#5060=VERTEX_POINT('',#18599);
#5061=VERTEX_POINT('',#18601);
#5062=VERTEX_POINT('',#18603);
#5063=VERTEX_POINT('',#18605);
#5064=VERTEX_POINT('',#18607);
#5065=VERTEX_POINT('',#18609);
#5066=VERTEX_POINT('',#18611);
#5067=VERTEX_POINT('',#18613);
#5068=VERTEX_POINT('',#18615);
#5069=VERTEX_POINT('',#18617);
#5070=VERTEX_POINT('',#18619);
#5071=VERTEX_POINT('',#18621);
#5072=VERTEX_POINT('',#18623);
#5073=VERTEX_POINT('',#18625);
#5074=VERTEX_POINT('',#18627);
#5075=VERTEX_POINT('',#18629);
#5076=VERTEX_POINT('',#18631);
#5077=VERTEX_POINT('',#18633);
#5078=VERTEX_POINT('',#18635);
#5079=VERTEX_POINT('',#18637);
#5080=VERTEX_POINT('',#18639);
#5081=VERTEX_POINT('',#18641);
#5082=VERTEX_POINT('',#18643);
#5083=VERTEX_POINT('',#18645);
#5084=VERTEX_POINT('',#18647);
#5085=VERTEX_POINT('',#18649);
#5086=VERTEX_POINT('',#18651);
#5087=VERTEX_POINT('',#18653);
#5088=VERTEX_POINT('',#18655);
#5089=VERTEX_POINT('',#18657);
#5090=VERTEX_POINT('',#18659);
#5091=VERTEX_POINT('',#18661);
#5092=VERTEX_POINT('',#18663);
#5093=VERTEX_POINT('',#18665);
#5094=VERTEX_POINT('',#18667);
#5095=VERTEX_POINT('',#18669);
#5096=VERTEX_POINT('',#18671);
#5097=VERTEX_POINT('',#18673);
#5098=VERTEX_POINT('',#18675);
#5099=VERTEX_POINT('',#18677);
#5100=VERTEX_POINT('',#18679);
#5101=VERTEX_POINT('',#18681);
#5102=VERTEX_POINT('',#18683);
#5103=VERTEX_POINT('',#18685);
#5104=VERTEX_POINT('',#18687);
#5105=VERTEX_POINT('',#18689);
#5106=VERTEX_POINT('',#18691);
#5107=VERTEX_POINT('',#18693);
#5108=VERTEX_POINT('',#18695);
#5109=VERTEX_POINT('',#18697);
#5110=VERTEX_POINT('',#18699);
#5111=VERTEX_POINT('',#18701);
#5112=VERTEX_POINT('',#18703);
#5113=VERTEX_POINT('',#18705);
#5114=VERTEX_POINT('',#18707);
#5115=VERTEX_POINT('',#18709);
#5116=VERTEX_POINT('',#18711);
#5117=VERTEX_POINT('',#18713);
#5118=VERTEX_POINT('',#18715);
#5119=VERTEX_POINT('',#18717);
#5120=VERTEX_POINT('',#18719);
#5121=VERTEX_POINT('',#18721);
#5122=VERTEX_POINT('',#18723);
#5123=VERTEX_POINT('',#18725);
#5124=VERTEX_POINT('',#18727);
#5125=VERTEX_POINT('',#18729);
#5126=VERTEX_POINT('',#18731);
#5127=VERTEX_POINT('',#18733);
#5128=VERTEX_POINT('',#18735);
#5129=VERTEX_POINT('',#18737);
#5130=VERTEX_POINT('',#18739);
#5131=VERTEX_POINT('',#18741);
#5132=VERTEX_POINT('',#18743);
#5133=VERTEX_POINT('',#18745);
#5134=VERTEX_POINT('',#18747);
#5135=VERTEX_POINT('',#18749);
#5136=VERTEX_POINT('',#18751);
#5137=VERTEX_POINT('',#18753);
#5138=VERTEX_POINT('',#18755);
#5139=VERTEX_POINT('',#18757);
#5140=VERTEX_POINT('',#18759);
#5141=VERTEX_POINT('',#18761);
#5142=VERTEX_POINT('',#18763);
#5143=VERTEX_POINT('',#18765);
#5144=VERTEX_POINT('',#18767);
#5145=VERTEX_POINT('',#18769);
#5146=VERTEX_POINT('',#18771);
#5147=VERTEX_POINT('',#18773);
#5148=VERTEX_POINT('',#18775);
#5149=VERTEX_POINT('',#18777);
#5150=VERTEX_POINT('',#18779);
#5151=VERTEX_POINT('',#18781);
#5152=VERTEX_POINT('',#18783);
#5153=VERTEX_POINT('',#18785);
#5154=VERTEX_POINT('',#18787);
#5155=VERTEX_POINT('',#18789);
#5156=VERTEX_POINT('',#18791);
#5157=VERTEX_POINT('',#18793);
#5158=VERTEX_POINT('',#18795);
#5159=VERTEX_POINT('',#18799);
#5160=VERTEX_POINT('',#18800);
#5161=VERTEX_POINT('',#18802);
#5162=VERTEX_POINT('',#18804);
#5163=VERTEX_POINT('',#18806);
#5164=VERTEX_POINT('',#18809);
#5165=VERTEX_POINT('',#18813);
#5166=VERTEX_POINT('',#18814);
#5167=VERTEX_POINT('',#18818);
#5168=VERTEX_POINT('',#18820);
#5169=VERTEX_POINT('',#18826);
#5170=VERTEX_POINT('',#18828);
#5171=VERTEX_POINT('',#18829);
#5172=VERTEX_POINT('',#18834);
#5173=VERTEX_POINT('',#18836);
#5174=VERTEX_POINT('',#18839);
#5175=VERTEX_POINT('',#18841);
#5176=VERTEX_POINT('',#18845);
#5177=VERTEX_POINT('',#18846);
#5178=VERTEX_POINT('',#18848);
#5179=VERTEX_POINT('',#18850);
#5180=VERTEX_POINT('',#18854);
#5181=VERTEX_POINT('',#18856);
#5182=VERTEX_POINT('',#18859);
#5183=VERTEX_POINT('',#18865);
#5184=VERTEX_POINT('',#18871);
#5185=VERTEX_POINT('',#18873);
#5186=VERTEX_POINT('',#18878);
#5187=VERTEX_POINT('',#18882);
#5188=VERTEX_POINT('',#18890);
#5189=VERTEX_POINT('',#18893);
#5190=VERTEX_POINT('',#18896);
#5191=VERTEX_POINT('',#18901);
#5192=VERTEX_POINT('',#18904);
#5193=VERTEX_POINT('',#18908);
#5194=VERTEX_POINT('',#18909);
#5195=VERTEX_POINT('',#18911);
#5196=VERTEX_POINT('',#18913);
#5197=VERTEX_POINT('',#18917);
#5198=VERTEX_POINT('',#18918);
#5199=VERTEX_POINT('',#18920);
#5200=VERTEX_POINT('',#18922);
#5201=VERTEX_POINT('',#18926);
#5202=VERTEX_POINT('',#18927);
#5203=VERTEX_POINT('',#18929);
#5204=VERTEX_POINT('',#18931);
#5205=VERTEX_POINT('',#18935);
#5206=VERTEX_POINT('',#18936);
#5207=VERTEX_POINT('',#18938);
#5208=VERTEX_POINT('',#18940);
#5209=VERTEX_POINT('',#18944);
#5210=VERTEX_POINT('',#18945);
#5211=VERTEX_POINT('',#18947);
#5212=VERTEX_POINT('',#18949);
#5213=VERTEX_POINT('',#18953);
#5214=VERTEX_POINT('',#18954);
#5215=VERTEX_POINT('',#18956);
#5216=VERTEX_POINT('',#18958);
#5217=VERTEX_POINT('',#18962);
#5218=VERTEX_POINT('',#18963);
#5219=VERTEX_POINT('',#18965);
#5220=VERTEX_POINT('',#18967);
#5221=VERTEX_POINT('',#18971);
#5222=VERTEX_POINT('',#18972);
#5223=VERTEX_POINT('',#18974);
#5224=VERTEX_POINT('',#18976);
#5225=VERTEX_POINT('',#18980);
#5226=VERTEX_POINT('',#18981);
#5227=VERTEX_POINT('',#18983);
#5228=VERTEX_POINT('',#18985);
#5229=VERTEX_POINT('',#18989);
#5230=VERTEX_POINT('',#18990);
#5231=VERTEX_POINT('',#18992);
#5232=VERTEX_POINT('',#18994);
#5233=VERTEX_POINT('',#18998);
#5234=VERTEX_POINT('',#18999);
#5235=VERTEX_POINT('',#19001);
#5236=VERTEX_POINT('',#19003);
#5237=VERTEX_POINT('',#19007);
#5238=VERTEX_POINT('',#19008);
#5239=VERTEX_POINT('',#19010);
#5240=VERTEX_POINT('',#19012);
#5241=VERTEX_POINT('',#19016);
#5242=VERTEX_POINT('',#19017);
#5243=VERTEX_POINT('',#19019);
#5244=VERTEX_POINT('',#19021);
#5245=VERTEX_POINT('',#19025);
#5246=VERTEX_POINT('',#19026);
#5247=VERTEX_POINT('',#19028);
#5248=VERTEX_POINT('',#19030);
#5249=VERTEX_POINT('',#19034);
#5250=VERTEX_POINT('',#19035);
#5251=VERTEX_POINT('',#19037);
#5252=VERTEX_POINT('',#19039);
#5253=VERTEX_POINT('',#19043);
#5254=VERTEX_POINT('',#19044);
#5255=VERTEX_POINT('',#19046);
#5256=VERTEX_POINT('',#19048);
#5257=VERTEX_POINT('',#19052);
#5258=VERTEX_POINT('',#19053);
#5259=VERTEX_POINT('',#19055);
#5260=VERTEX_POINT('',#19057);
#5261=VERTEX_POINT('',#19061);
#5262=VERTEX_POINT('',#19062);
#5263=VERTEX_POINT('',#19064);
#5264=VERTEX_POINT('',#19066);
#5265=VERTEX_POINT('',#19070);
#5266=VERTEX_POINT('',#19071);
#5267=VERTEX_POINT('',#19073);
#5268=VERTEX_POINT('',#19075);
#5269=VERTEX_POINT('',#19079);
#5270=VERTEX_POINT('',#19080);
#5271=VERTEX_POINT('',#19082);
#5272=VERTEX_POINT('',#19084);
#5273=VERTEX_POINT('',#19088);
#5274=VERTEX_POINT('',#19089);
#5275=VERTEX_POINT('',#19091);
#5276=VERTEX_POINT('',#19093);
#5277=VERTEX_POINT('',#19097);
#5278=VERTEX_POINT('',#19098);
#5279=VERTEX_POINT('',#19100);
#5280=VERTEX_POINT('',#19102);
#5281=VERTEX_POINT('',#19106);
#5282=VERTEX_POINT('',#19107);
#5283=VERTEX_POINT('',#19109);
#5284=VERTEX_POINT('',#19111);
#5285=VERTEX_POINT('',#19115);
#5286=VERTEX_POINT('',#19116);
#5287=VERTEX_POINT('',#19118);
#5288=VERTEX_POINT('',#19120);
#5289=VERTEX_POINT('',#19124);
#5290=VERTEX_POINT('',#19125);
#5291=VERTEX_POINT('',#19127);
#5292=VERTEX_POINT('',#19129);
#5293=VERTEX_POINT('',#19133);
#5294=VERTEX_POINT('',#19134);
#5295=VERTEX_POINT('',#19136);
#5296=VERTEX_POINT('',#19138);
#5297=VERTEX_POINT('',#19142);
#5298=VERTEX_POINT('',#19143);
#5299=VERTEX_POINT('',#19145);
#5300=VERTEX_POINT('',#19147);
#5301=VERTEX_POINT('',#19151);
#5302=VERTEX_POINT('',#19152);
#5303=VERTEX_POINT('',#19154);
#5304=VERTEX_POINT('',#19156);
#5305=VERTEX_POINT('',#19160);
#5306=VERTEX_POINT('',#19161);
#5307=VERTEX_POINT('',#19163);
#5308=VERTEX_POINT('',#19165);
#5309=VERTEX_POINT('',#19169);
#5310=VERTEX_POINT('',#19170);
#5311=VERTEX_POINT('',#19172);
#5312=VERTEX_POINT('',#19174);
#5313=VERTEX_POINT('',#19178);
#5314=VERTEX_POINT('',#19179);
#5315=VERTEX_POINT('',#19181);
#5316=VERTEX_POINT('',#19183);
#5317=VERTEX_POINT('',#19187);
#5318=VERTEX_POINT('',#19188);
#5319=VERTEX_POINT('',#19190);
#5320=VERTEX_POINT('',#19192);
#5321=VERTEX_POINT('',#19196);
#5322=VERTEX_POINT('',#19197);
#5323=VERTEX_POINT('',#19199);
#5324=VERTEX_POINT('',#19201);
#5325=VERTEX_POINT('',#19205);
#5326=VERTEX_POINT('',#19206);
#5327=VERTEX_POINT('',#19208);
#5328=VERTEX_POINT('',#19210);
#5329=VERTEX_POINT('',#19214);
#5330=VERTEX_POINT('',#19215);
#5331=VERTEX_POINT('',#19217);
#5332=VERTEX_POINT('',#19219);
#5333=VERTEX_POINT('',#19223);
#5334=VERTEX_POINT('',#19224);
#5335=VERTEX_POINT('',#19226);
#5336=VERTEX_POINT('',#19228);
#5337=VERTEX_POINT('',#19232);
#5338=VERTEX_POINT('',#19233);
#5339=VERTEX_POINT('',#19235);
#5340=VERTEX_POINT('',#19237);
#5341=VERTEX_POINT('',#19241);
#5342=VERTEX_POINT('',#19242);
#5343=VERTEX_POINT('',#19244);
#5344=VERTEX_POINT('',#19246);
#5345=VERTEX_POINT('',#19250);
#5346=VERTEX_POINT('',#19251);
#5347=VERTEX_POINT('',#19253);
#5348=VERTEX_POINT('',#19255);
#5349=VERTEX_POINT('',#19259);
#5350=VERTEX_POINT('',#19260);
#5351=VERTEX_POINT('',#19262);
#5352=VERTEX_POINT('',#19264);
#5353=VERTEX_POINT('',#19268);
#5354=VERTEX_POINT('',#19269);
#5355=VERTEX_POINT('',#19271);
#5356=VERTEX_POINT('',#19273);
#5357=VERTEX_POINT('',#19277);
#5358=VERTEX_POINT('',#19278);
#5359=VERTEX_POINT('',#19280);
#5360=VERTEX_POINT('',#19282);
#5361=VERTEX_POINT('',#19286);
#5362=VERTEX_POINT('',#19287);
#5363=VERTEX_POINT('',#19289);
#5364=VERTEX_POINT('',#19291);
#5365=VERTEX_POINT('',#19295);
#5366=VERTEX_POINT('',#19296);
#5367=VERTEX_POINT('',#19298);
#5368=VERTEX_POINT('',#19300);
#5369=VERTEX_POINT('',#19304);
#5370=VERTEX_POINT('',#19305);
#5371=VERTEX_POINT('',#19307);
#5372=VERTEX_POINT('',#19309);
#5373=VERTEX_POINT('',#19313);
#5374=VERTEX_POINT('',#19314);
#5375=VERTEX_POINT('',#19316);
#5376=VERTEX_POINT('',#19318);
#5377=VERTEX_POINT('',#19322);
#5378=VERTEX_POINT('',#19323);
#5379=VERTEX_POINT('',#19325);
#5380=VERTEX_POINT('',#19327);
#5381=VERTEX_POINT('',#19331);
#5382=VERTEX_POINT('',#19332);
#5383=VERTEX_POINT('',#19334);
#5384=VERTEX_POINT('',#19336);
#5385=VERTEX_POINT('',#19340);
#5386=VERTEX_POINT('',#19341);
#5387=VERTEX_POINT('',#19343);
#5388=VERTEX_POINT('',#19345);
#5389=VERTEX_POINT('',#19349);
#5390=VERTEX_POINT('',#19350);
#5391=VERTEX_POINT('',#19355);
#5392=VERTEX_POINT('',#19359);
#5393=VERTEX_POINT('',#19365);
#5394=VERTEX_POINT('',#19366);
#5395=VERTEX_POINT('',#19371);
#5396=VERTEX_POINT('',#19375);
#5397=VERTEX_POINT('',#19381);
#5398=VERTEX_POINT('',#19382);
#5399=VERTEX_POINT('',#19387);
#5400=VERTEX_POINT('',#19391);
#5401=VERTEX_POINT('',#19397);
#5402=VERTEX_POINT('',#19398);
#5403=VERTEX_POINT('',#19403);
#5404=VERTEX_POINT('',#19407);
#5405=VERTEX_POINT('',#19413);
#5406=VERTEX_POINT('',#19414);
#5407=VERTEX_POINT('',#19419);
#5408=VERTEX_POINT('',#19423);
#5409=VERTEX_POINT('',#19429);
#5410=VERTEX_POINT('',#19430);
#5411=VERTEX_POINT('',#19435);
#5412=VERTEX_POINT('',#19439);
#5413=VERTEX_POINT('',#19445);
#5414=VERTEX_POINT('',#19446);
#5415=VERTEX_POINT('',#19451);
#5416=VERTEX_POINT('',#19455);
#5417=VERTEX_POINT('',#19461);
#5418=VERTEX_POINT('',#19462);
#5419=VERTEX_POINT('',#19467);
#5420=VERTEX_POINT('',#19471);
#5421=VERTEX_POINT('',#19477);
#5422=VERTEX_POINT('',#19478);
#5423=VERTEX_POINT('',#19483);
#5424=VERTEX_POINT('',#19487);
#5425=VERTEX_POINT('',#19493);
#5426=VERTEX_POINT('',#19495);
#5427=VERTEX_POINT('',#19499);
#5428=VERTEX_POINT('',#19501);
#5429=VERTEX_POINT('',#19503);
#5430=VERTEX_POINT('',#19507);
#5431=VERTEX_POINT('',#19511);
#5432=VERTEX_POINT('',#19513);
#5433=VERTEX_POINT('',#19517);
#5434=VERTEX_POINT('',#19518);
#5435=VERTEX_POINT('',#19523);
#5436=VERTEX_POINT('',#19525);
#5437=VERTEX_POINT('',#19529);
#5438=VERTEX_POINT('',#19531);
#5439=VERTEX_POINT('',#19533);
#5440=VERTEX_POINT('',#19537);
#5441=VERTEX_POINT('',#19541);
#5442=VERTEX_POINT('',#19543);
#5443=VERTEX_POINT('',#19547);
#5444=VERTEX_POINT('',#19548);
#5445=VERTEX_POINT('',#19553);
#5446=VERTEX_POINT('',#19555);
#5447=VERTEX_POINT('',#19559);
#5448=VERTEX_POINT('',#19561);
#5449=VERTEX_POINT('',#19563);
#5450=VERTEX_POINT('',#19567);
#5451=VERTEX_POINT('',#19571);
#5452=VERTEX_POINT('',#19573);
#5453=VERTEX_POINT('',#19577);
#5454=VERTEX_POINT('',#19578);
#5455=VERTEX_POINT('',#19583);
#5456=VERTEX_POINT('',#19585);
#5457=VERTEX_POINT('',#19589);
#5458=VERTEX_POINT('',#19591);
#5459=VERTEX_POINT('',#19593);
#5460=VERTEX_POINT('',#19597);
#5461=VERTEX_POINT('',#19601);
#5462=VERTEX_POINT('',#19603);
#5463=VERTEX_POINT('',#19607);
#5464=VERTEX_POINT('',#19608);
#5465=VERTEX_POINT('',#19613);
#5466=VERTEX_POINT('',#19615);
#5467=VERTEX_POINT('',#19619);
#5468=VERTEX_POINT('',#19621);
#5469=VERTEX_POINT('',#19623);
#5470=VERTEX_POINT('',#19627);
#5471=VERTEX_POINT('',#19631);
#5472=VERTEX_POINT('',#19633);
#5473=VERTEX_POINT('',#19637);
#5474=VERTEX_POINT('',#19638);
#5475=VERTEX_POINT('',#19643);
#5476=VERTEX_POINT('',#19645);
#5477=VERTEX_POINT('',#19649);
#5478=VERTEX_POINT('',#19651);
#5479=VERTEX_POINT('',#19653);
#5480=VERTEX_POINT('',#19657);
#5481=VERTEX_POINT('',#19661);
#5482=VERTEX_POINT('',#19663);
#5483=VERTEX_POINT('',#19667);
#5484=VERTEX_POINT('',#19668);
#5485=VERTEX_POINT('',#19673);
#5486=VERTEX_POINT('',#19675);
#5487=VERTEX_POINT('',#19679);
#5488=VERTEX_POINT('',#19681);
#5489=VERTEX_POINT('',#19683);
#5490=VERTEX_POINT('',#19687);
#5491=VERTEX_POINT('',#19691);
#5492=VERTEX_POINT('',#19693);
#5493=VERTEX_POINT('',#19697);
#5494=VERTEX_POINT('',#19698);
#5495=VERTEX_POINT('',#19703);
#5496=VERTEX_POINT('',#19705);
#5497=VERTEX_POINT('',#19709);
#5498=VERTEX_POINT('',#19711);
#5499=VERTEX_POINT('',#19713);
#5500=VERTEX_POINT('',#19717);
#5501=VERTEX_POINT('',#19721);
#5502=VERTEX_POINT('',#19723);
#5503=VERTEX_POINT('',#19727);
#5504=VERTEX_POINT('',#19728);
#5505=VERTEX_POINT('',#19733);
#5506=VERTEX_POINT('',#19735);
#5507=VERTEX_POINT('',#19739);
#5508=VERTEX_POINT('',#19741);
#5509=VERTEX_POINT('',#19743);
#5510=VERTEX_POINT('',#19747);
#5511=VERTEX_POINT('',#19751);
#5512=VERTEX_POINT('',#19753);
#5513=VERTEX_POINT('',#19757);
#5514=VERTEX_POINT('',#19758);
#5515=VERTEX_POINT('',#19763);
#5516=VERTEX_POINT('',#19765);
#5517=VERTEX_POINT('',#19769);
#5518=VERTEX_POINT('',#19771);
#5519=VERTEX_POINT('',#19773);
#5520=VERTEX_POINT('',#19777);
#5521=VERTEX_POINT('',#19781);
#5522=VERTEX_POINT('',#19783);
#5523=VERTEX_POINT('',#19787);
#5524=VERTEX_POINT('',#19788);
#5525=VERTEX_POINT('',#19793);
#5526=VERTEX_POINT('',#19795);
#5527=VERTEX_POINT('',#19799);
#5528=VERTEX_POINT('',#19801);
#5529=VERTEX_POINT('',#19803);
#5530=VERTEX_POINT('',#19807);
#5531=VERTEX_POINT('',#19811);
#5532=VERTEX_POINT('',#19813);
#5533=VERTEX_POINT('',#19817);
#5534=VERTEX_POINT('',#19818);
#5535=VERTEX_POINT('',#19823);
#5536=VERTEX_POINT('',#19825);
#5537=VERTEX_POINT('',#19829);
#5538=VERTEX_POINT('',#19831);
#5539=VERTEX_POINT('',#19833);
#5540=VERTEX_POINT('',#19837);
#5541=VERTEX_POINT('',#19841);
#5542=VERTEX_POINT('',#19843);
#5543=VERTEX_POINT('',#19847);
#5544=VERTEX_POINT('',#19848);
#5545=VERTEX_POINT('',#19853);
#5546=VERTEX_POINT('',#19855);
#5547=VERTEX_POINT('',#19859);
#5548=VERTEX_POINT('',#19861);
#5549=VERTEX_POINT('',#19863);
#5550=VERTEX_POINT('',#19867);
#5551=VERTEX_POINT('',#19871);
#5552=VERTEX_POINT('',#19873);
#5553=VERTEX_POINT('',#19877);
#5554=VERTEX_POINT('',#19878);
#5555=VERTEX_POINT('',#19883);
#5556=VERTEX_POINT('',#19885);
#5557=VERTEX_POINT('',#19889);
#5558=VERTEX_POINT('',#19891);
#5559=VERTEX_POINT('',#19893);
#5560=VERTEX_POINT('',#19897);
#5561=VERTEX_POINT('',#19901);
#5562=VERTEX_POINT('',#19903);
#5563=VERTEX_POINT('',#19907);
#5564=VERTEX_POINT('',#19908);
#5565=VERTEX_POINT('',#19913);
#5566=VERTEX_POINT('',#19915);
#5567=VERTEX_POINT('',#19919);
#5568=VERTEX_POINT('',#19921);
#5569=VERTEX_POINT('',#19923);
#5570=VERTEX_POINT('',#19927);
#5571=VERTEX_POINT('',#19931);
#5572=VERTEX_POINT('',#19933);
#5573=VERTEX_POINT('',#19937);
#5574=VERTEX_POINT('',#19938);
#5575=VERTEX_POINT('',#19943);
#5576=VERTEX_POINT('',#19945);
#5577=VERTEX_POINT('',#19949);
#5578=VERTEX_POINT('',#19951);
#5579=VERTEX_POINT('',#19953);
#5580=VERTEX_POINT('',#19957);
#5581=VERTEX_POINT('',#19961);
#5582=VERTEX_POINT('',#19963);
#5583=VERTEX_POINT('',#19967);
#5584=VERTEX_POINT('',#19968);
#5585=VERTEX_POINT('',#19973);
#5586=VERTEX_POINT('',#19975);
#5587=VERTEX_POINT('',#19979);
#5588=VERTEX_POINT('',#19981);
#5589=VERTEX_POINT('',#19983);
#5590=VERTEX_POINT('',#19987);
#5591=VERTEX_POINT('',#19991);
#5592=VERTEX_POINT('',#19993);
#5593=VERTEX_POINT('',#19997);
#5594=VERTEX_POINT('',#19998);
#5595=VERTEX_POINT('',#20003);
#5596=VERTEX_POINT('',#20005);
#5597=VERTEX_POINT('',#20009);
#5598=VERTEX_POINT('',#20011);
#5599=VERTEX_POINT('',#20013);
#5600=VERTEX_POINT('',#20017);
#5601=VERTEX_POINT('',#20021);
#5602=VERTEX_POINT('',#20023);
#5603=VERTEX_POINT('',#20027);
#5604=VERTEX_POINT('',#20028);
#5605=VERTEX_POINT('',#20033);
#5606=VERTEX_POINT('',#20035);
#5607=VERTEX_POINT('',#20039);
#5608=VERTEX_POINT('',#20041);
#5609=VERTEX_POINT('',#20043);
#5610=VERTEX_POINT('',#20047);
#5611=VERTEX_POINT('',#20051);
#5612=VERTEX_POINT('',#20053);
#5613=VERTEX_POINT('',#20057);
#5614=VERTEX_POINT('',#20058);
#5615=VERTEX_POINT('',#20063);
#5616=VERTEX_POINT('',#20065);
#5617=VERTEX_POINT('',#20069);
#5618=VERTEX_POINT('',#20071);
#5619=VERTEX_POINT('',#20073);
#5620=VERTEX_POINT('',#20077);
#5621=VERTEX_POINT('',#20081);
#5622=VERTEX_POINT('',#20083);
#5623=VERTEX_POINT('',#20087);
#5624=VERTEX_POINT('',#20088);
#5625=VERTEX_POINT('',#20093);
#5626=VERTEX_POINT('',#20095);
#5627=VERTEX_POINT('',#20099);
#5628=VERTEX_POINT('',#20101);
#5629=VERTEX_POINT('',#20103);
#5630=VERTEX_POINT('',#20107);
#5631=VERTEX_POINT('',#20111);
#5632=VERTEX_POINT('',#20113);
#5633=VERTEX_POINT('',#20117);
#5634=VERTEX_POINT('',#20118);
#5635=VERTEX_POINT('',#20123);
#5636=VERTEX_POINT('',#20125);
#5637=VERTEX_POINT('',#20129);
#5638=VERTEX_POINT('',#20131);
#5639=VERTEX_POINT('',#20133);
#5640=VERTEX_POINT('',#20137);
#5641=VERTEX_POINT('',#20141);
#5642=VERTEX_POINT('',#20143);
#5643=VERTEX_POINT('',#20147);
#5644=VERTEX_POINT('',#20148);
#5645=VERTEX_POINT('',#20153);
#5646=VERTEX_POINT('',#20155);
#5647=VERTEX_POINT('',#20159);
#5648=VERTEX_POINT('',#20161);
#5649=VERTEX_POINT('',#20163);
#5650=VERTEX_POINT('',#20167);
#5651=VERTEX_POINT('',#20171);
#5652=VERTEX_POINT('',#20173);
#5653=VERTEX_POINT('',#20177);
#5654=VERTEX_POINT('',#20178);
#5655=VERTEX_POINT('',#20183);
#5656=VERTEX_POINT('',#20185);
#5657=VERTEX_POINT('',#20189);
#5658=VERTEX_POINT('',#20191);
#5659=VERTEX_POINT('',#20193);
#5660=VERTEX_POINT('',#20197);
#5661=VERTEX_POINT('',#20201);
#5662=VERTEX_POINT('',#20203);
#5663=VERTEX_POINT('',#20207);
#5664=VERTEX_POINT('',#20208);
#5665=VERTEX_POINT('',#20213);
#5666=VERTEX_POINT('',#20215);
#5667=VERTEX_POINT('',#20219);
#5668=VERTEX_POINT('',#20221);
#5669=VERTEX_POINT('',#20223);
#5670=VERTEX_POINT('',#20227);
#5671=VERTEX_POINT('',#20231);
#5672=VERTEX_POINT('',#20233);
#5673=VERTEX_POINT('',#20237);
#5674=VERTEX_POINT('',#20238);
#5675=VERTEX_POINT('',#20243);
#5676=VERTEX_POINT('',#20245);
#5677=VERTEX_POINT('',#20249);
#5678=VERTEX_POINT('',#20251);
#5679=VERTEX_POINT('',#20253);
#5680=VERTEX_POINT('',#20257);
#5681=VERTEX_POINT('',#20261);
#5682=VERTEX_POINT('',#20263);
#5683=VERTEX_POINT('',#20267);
#5684=VERTEX_POINT('',#20268);
#5685=VERTEX_POINT('',#20273);
#5686=VERTEX_POINT('',#20275);
#5687=VERTEX_POINT('',#20279);
#5688=VERTEX_POINT('',#20281);
#5689=VERTEX_POINT('',#20283);
#5690=VERTEX_POINT('',#20287);
#5691=VERTEX_POINT('',#20291);
#5692=VERTEX_POINT('',#20293);
#5693=VERTEX_POINT('',#20297);
#5694=VERTEX_POINT('',#20298);
#5695=VERTEX_POINT('',#20303);
#5696=VERTEX_POINT('',#20305);
#5697=VERTEX_POINT('',#20309);
#5698=VERTEX_POINT('',#20311);
#5699=VERTEX_POINT('',#20313);
#5700=VERTEX_POINT('',#20317);
#5701=VERTEX_POINT('',#20321);
#5702=VERTEX_POINT('',#20323);
#5703=VERTEX_POINT('',#20327);
#5704=VERTEX_POINT('',#20328);
#5705=VERTEX_POINT('',#20333);
#5706=VERTEX_POINT('',#20335);
#5707=VERTEX_POINT('',#20339);
#5708=VERTEX_POINT('',#20341);
#5709=VERTEX_POINT('',#20343);
#5710=VERTEX_POINT('',#20347);
#5711=VERTEX_POINT('',#20351);
#5712=VERTEX_POINT('',#20353);
#5713=VERTEX_POINT('',#20357);
#5714=VERTEX_POINT('',#20358);
#5715=VERTEX_POINT('',#20363);
#5716=VERTEX_POINT('',#20365);
#5717=VERTEX_POINT('',#20369);
#5718=VERTEX_POINT('',#20371);
#5719=VERTEX_POINT('',#20373);
#5720=VERTEX_POINT('',#20377);
#5721=VERTEX_POINT('',#20381);
#5722=VERTEX_POINT('',#20383);
#5723=VERTEX_POINT('',#20387);
#5724=VERTEX_POINT('',#20388);
#5725=VERTEX_POINT('',#20393);
#5726=VERTEX_POINT('',#20395);
#5727=VERTEX_POINT('',#20399);
#5728=VERTEX_POINT('',#20401);
#5729=VERTEX_POINT('',#20403);
#5730=VERTEX_POINT('',#20407);
#5731=VERTEX_POINT('',#20411);
#5732=VERTEX_POINT('',#20413);
#5733=VERTEX_POINT('',#20417);
#5734=VERTEX_POINT('',#20418);
#5735=VERTEX_POINT('',#20423);
#5736=VERTEX_POINT('',#20425);
#5737=VERTEX_POINT('',#20429);
#5738=VERTEX_POINT('',#20431);
#5739=VERTEX_POINT('',#20433);
#5740=VERTEX_POINT('',#20437);
#5741=VERTEX_POINT('',#20441);
#5742=VERTEX_POINT('',#20443);
#5743=VERTEX_POINT('',#20447);
#5744=VERTEX_POINT('',#20448);
#5745=VERTEX_POINT('',#20453);
#5746=VERTEX_POINT('',#20455);
#5747=VERTEX_POINT('',#20459);
#5748=VERTEX_POINT('',#20461);
#5749=VERTEX_POINT('',#20463);
#5750=VERTEX_POINT('',#20467);
#5751=VERTEX_POINT('',#20471);
#5752=VERTEX_POINT('',#20473);
#5753=VERTEX_POINT('',#20477);
#5754=VERTEX_POINT('',#20478);
#5755=VERTEX_POINT('',#20483);
#5756=VERTEX_POINT('',#20485);
#5757=VERTEX_POINT('',#20489);
#5758=VERTEX_POINT('',#20491);
#5759=VERTEX_POINT('',#20493);
#5760=VERTEX_POINT('',#20497);
#5761=VERTEX_POINT('',#20501);
#5762=VERTEX_POINT('',#20503);
#5763=VERTEX_POINT('',#20507);
#5764=VERTEX_POINT('',#20508);
#5765=VERTEX_POINT('',#20513);
#5766=VERTEX_POINT('',#20515);
#5767=VERTEX_POINT('',#20519);
#5768=VERTEX_POINT('',#20521);
#5769=VERTEX_POINT('',#20523);
#5770=VERTEX_POINT('',#20527);
#5771=VERTEX_POINT('',#20531);
#5772=VERTEX_POINT('',#20533);
#5773=VERTEX_POINT('',#20537);
#5774=VERTEX_POINT('',#20538);
#5775=VERTEX_POINT('',#20543);
#5776=VERTEX_POINT('',#20545);
#5777=VERTEX_POINT('',#20549);
#5778=VERTEX_POINT('',#20551);
#5779=VERTEX_POINT('',#20553);
#5780=VERTEX_POINT('',#20557);
#5781=VERTEX_POINT('',#20561);
#5782=VERTEX_POINT('',#20563);
#5783=VERTEX_POINT('',#20567);
#5784=VERTEX_POINT('',#20568);
#5785=VERTEX_POINT('',#20573);
#5786=VERTEX_POINT('',#20575);
#5787=VERTEX_POINT('',#20579);
#5788=VERTEX_POINT('',#20581);
#5789=VERTEX_POINT('',#20583);
#5790=VERTEX_POINT('',#20587);
#5791=VERTEX_POINT('',#20591);
#5792=VERTEX_POINT('',#20593);
#5793=VERTEX_POINT('',#20597);
#5794=VERTEX_POINT('',#20598);
#5795=VERTEX_POINT('',#20603);
#5796=VERTEX_POINT('',#20605);
#5797=VERTEX_POINT('',#20609);
#5798=VERTEX_POINT('',#20611);
#5799=VERTEX_POINT('',#20613);
#5800=VERTEX_POINT('',#20617);
#5801=VERTEX_POINT('',#20621);
#5802=VERTEX_POINT('',#20623);
#5803=VERTEX_POINT('',#20627);
#5804=VERTEX_POINT('',#20628);
#5805=VERTEX_POINT('',#20633);
#5806=VERTEX_POINT('',#20635);
#5807=VERTEX_POINT('',#20639);
#5808=VERTEX_POINT('',#20641);
#5809=VERTEX_POINT('',#20643);
#5810=VERTEX_POINT('',#20647);
#5811=VERTEX_POINT('',#20651);
#5812=VERTEX_POINT('',#20653);
#5813=VERTEX_POINT('',#20657);
#5814=VERTEX_POINT('',#20658);
#5815=VERTEX_POINT('',#20663);
#5816=VERTEX_POINT('',#20665);
#5817=VERTEX_POINT('',#20669);
#5818=VERTEX_POINT('',#20671);
#5819=VERTEX_POINT('',#20673);
#5820=VERTEX_POINT('',#20677);
#5821=VERTEX_POINT('',#20681);
#5822=VERTEX_POINT('',#20683);
#5823=VERTEX_POINT('',#20687);
#5824=VERTEX_POINT('',#20688);
#5825=VERTEX_POINT('',#20693);
#5826=VERTEX_POINT('',#20694);
#5827=VERTEX_POINT('',#20696);
#5828=VERTEX_POINT('',#20699);
#5829=VERTEX_POINT('',#20701);
#5830=VERTEX_POINT('',#20704);
#5831=VERTEX_POINT('',#20706);
#5832=VERTEX_POINT('',#20709);
#5833=VERTEX_POINT('',#20711);
#5834=VERTEX_POINT('',#20714);
#5835=VERTEX_POINT('',#20716);
#5836=VERTEX_POINT('',#20719);
#5837=VERTEX_POINT('',#20721);
#5838=VERTEX_POINT('',#20724);
#5839=VERTEX_POINT('',#20726);
#5840=VERTEX_POINT('',#20729);
#5841=VERTEX_POINT('',#20731);
#5842=VERTEX_POINT('',#20734);
#5843=VERTEX_POINT('',#20736);
#5844=VERTEX_POINT('',#20739);
#5845=VERTEX_POINT('',#20741);
#5846=VERTEX_POINT('',#20744);
#5847=VERTEX_POINT('',#20746);
#5848=VERTEX_POINT('',#20749);
#5849=VERTEX_POINT('',#20751);
#5850=VERTEX_POINT('',#20754);
#5851=VERTEX_POINT('',#20756);
#5852=VERTEX_POINT('',#20759);
#5853=VERTEX_POINT('',#20761);
#5854=VERTEX_POINT('',#20764);
#5855=VERTEX_POINT('',#20766);
#5856=VERTEX_POINT('',#20768);
#5857=VERTEX_POINT('',#20770);
#5858=VERTEX_POINT('',#20773);
#5859=VERTEX_POINT('',#20775);
#5860=VERTEX_POINT('',#20778);
#5861=VERTEX_POINT('',#20780);
#5862=VERTEX_POINT('',#20783);
#5863=VERTEX_POINT('',#20785);
#5864=VERTEX_POINT('',#20788);
#5865=VERTEX_POINT('',#20790);
#5866=VERTEX_POINT('',#20793);
#5867=VERTEX_POINT('',#20795);
#5868=VERTEX_POINT('',#20798);
#5869=VERTEX_POINT('',#20800);
#5870=VERTEX_POINT('',#20803);
#5871=VERTEX_POINT('',#20805);
#5872=VERTEX_POINT('',#20808);
#5873=VERTEX_POINT('',#20810);
#5874=VERTEX_POINT('',#20813);
#5875=VERTEX_POINT('',#20815);
#5876=VERTEX_POINT('',#20818);
#5877=VERTEX_POINT('',#20820);
#5878=VERTEX_POINT('',#20823);
#5879=VERTEX_POINT('',#20825);
#5880=VERTEX_POINT('',#20828);
#5881=VERTEX_POINT('',#20830);
#5882=VERTEX_POINT('',#20833);
#5883=VERTEX_POINT('',#20835);
#5884=VERTEX_POINT('',#20838);
#5885=VERTEX_POINT('',#20840);
#5886=VERTEX_POINT('',#20842);
#5887=VERTEX_POINT('',#20845);
#5888=VERTEX_POINT('',#20847);
#5889=VERTEX_POINT('',#20850);
#5890=VERTEX_POINT('',#20852);
#5891=VERTEX_POINT('',#20855);
#5892=VERTEX_POINT('',#20857);
#5893=VERTEX_POINT('',#20860);
#5894=VERTEX_POINT('',#20862);
#5895=VERTEX_POINT('',#20865);
#5896=VERTEX_POINT('',#20867);
#5897=VERTEX_POINT('',#20870);
#5898=VERTEX_POINT('',#20872);
#5899=VERTEX_POINT('',#20875);
#5900=VERTEX_POINT('',#20877);
#5901=VERTEX_POINT('',#20880);
#5902=VERTEX_POINT('',#20882);
#5903=VERTEX_POINT('',#20885);
#5904=VERTEX_POINT('',#20887);
#5905=VERTEX_POINT('',#20890);
#5906=VERTEX_POINT('',#20892);
#5907=VERTEX_POINT('',#20895);
#5908=VERTEX_POINT('',#20897);
#5909=VERTEX_POINT('',#21232);
#5910=VERTEX_POINT('',#21234);
#5911=VERTEX_POINT('',#21243);
#5912=VERTEX_POINT('',#21244);
#5913=VERTEX_POINT('',#21246);
#5914=VERTEX_POINT('',#21248);
#5915=VERTEX_POINT('',#21252);
#5916=VERTEX_POINT('',#21254);
#5917=VERTEX_POINT('',#21271);
#5918=VERTEX_POINT('',#21275);
#5919=VERTEX_POINT('',#21283);
#5920=VERTEX_POINT('',#21285);
#5921=VERTEX_POINT('',#21294);
#5922=VERTEX_POINT('',#21298);
#5923=VERTEX_POINT('',#21305);
#5924=VERTEX_POINT('',#21306);
#5925=VERTEX_POINT('',#21308);
#5926=VERTEX_POINT('',#21310);
#5927=VERTEX_POINT('',#21312);
#5928=VERTEX_POINT('',#21314);
#5929=VERTEX_POINT('',#21316);
#5930=VERTEX_POINT('',#21320);
#5931=VERTEX_POINT('',#21321);
#5932=VERTEX_POINT('',#21323);
#5933=VERTEX_POINT('',#21325);
#5934=VERTEX_POINT('',#21327);
#5935=VERTEX_POINT('',#21329);
#5936=VERTEX_POINT('',#21331);
#5937=VERTEX_POINT('',#21335);
#5938=VERTEX_POINT('',#21336);
#5939=VERTEX_POINT('',#21338);
#5940=VERTEX_POINT('',#21340);
#5941=VERTEX_POINT('',#21342);
#5942=VERTEX_POINT('',#21344);
#5943=VERTEX_POINT('',#21346);
#5944=VERTEX_POINT('',#21350);
#5945=VERTEX_POINT('',#21351);
#5946=VERTEX_POINT('',#21353);
#5947=VERTEX_POINT('',#21355);
#5948=VERTEX_POINT('',#21357);
#5949=VERTEX_POINT('',#21359);
#5950=VERTEX_POINT('',#21361);
#5951=VERTEX_POINT('',#21365);
#5952=VERTEX_POINT('',#21366);
#5953=VERTEX_POINT('',#21368);
#5954=VERTEX_POINT('',#21370);
#5955=VERTEX_POINT('',#21372);
#5956=VERTEX_POINT('',#21374);
#5957=VERTEX_POINT('',#21376);
#5958=VERTEX_POINT('',#21380);
#5959=VERTEX_POINT('',#21381);
#5960=VERTEX_POINT('',#21383);
#5961=VERTEX_POINT('',#21385);
#5962=VERTEX_POINT('',#21387);
#5963=VERTEX_POINT('',#21389);
#5964=VERTEX_POINT('',#21391);
#5965=VERTEX_POINT('',#21395);
#5966=VERTEX_POINT('',#21396);
#5967=VERTEX_POINT('',#21401);
#5968=VERTEX_POINT('',#21403);
#5969=VERTEX_POINT('',#21405);
#5970=VERTEX_POINT('',#21409);
#5971=VERTEX_POINT('',#21411);
#5972=VERTEX_POINT('',#21415);
#5973=VERTEX_POINT('',#21417);
#5974=VERTEX_POINT('',#21421);
#5975=VERTEX_POINT('',#21423);
#5976=VERTEX_POINT('',#21430);
#5977=VERTEX_POINT('',#21431);
#5978=VERTEX_POINT('',#21433);
#5979=VERTEX_POINT('',#21436);
#5980=VERTEX_POINT('',#21438);
#5981=VERTEX_POINT('',#21442);
#5982=VERTEX_POINT('',#21443);
#5983=VERTEX_POINT('',#21446);
#5984=VERTEX_POINT('',#21448);
#5985=VERTEX_POINT('',#21452);
#5986=VERTEX_POINT('',#21453);
#5987=VERTEX_POINT('',#21455);
#5988=VERTEX_POINT('',#21458);
#5989=VERTEX_POINT('',#21460);
#5990=VERTEX_POINT('',#21464);
#5991=VERTEX_POINT('',#21465);
#5992=VERTEX_POINT('',#21467);
#5993=VERTEX_POINT('',#21470);
#5994=VERTEX_POINT('',#21472);
#5995=VERTEX_POINT('',#21476);
#5996=VERTEX_POINT('',#21477);
#5997=VERTEX_POINT('',#21479);
#5998=VERTEX_POINT('',#21482);
#5999=VERTEX_POINT('',#21484);
#6000=VERTEX_POINT('',#21488);
#6001=VERTEX_POINT('',#21489);
#6002=VERTEX_POINT('',#21491);
#6003=VERTEX_POINT('',#21494);
#6004=VERTEX_POINT('',#21496);
#6005=VERTEX_POINT('',#21530);
#6006=VERTEX_POINT('',#21552);
#6007=LINE('',#18378,#7439);
#6008=LINE('',#18381,#7440);
#6009=LINE('',#18383,#7441);
#6010=LINE('',#18385,#7442);
#6011=LINE('',#18387,#7443);
#6012=LINE('',#18389,#7444);
#6013=LINE('',#18391,#7445);
#6014=LINE('',#18393,#7446);
#6015=LINE('',#18395,#7447);
#6016=LINE('',#18398,#7448);
#6017=LINE('',#18400,#7449);
#6018=LINE('',#18402,#7450);
#6019=LINE('',#18404,#7451);
#6020=LINE('',#18406,#7452);
#6021=LINE('',#18408,#7453);
#6022=LINE('',#18410,#7454);
#6023=LINE('',#18412,#7455);
#6024=LINE('',#18417,#7456);
#6025=LINE('',#18425,#7457);
#6026=LINE('',#18429,#7458);
#6027=LINE('',#18433,#7459);
#6028=LINE('',#18437,#7460);
#6029=LINE('',#18441,#7461);
#6030=LINE('',#18443,#7462);
#6031=LINE('',#18445,#7463);
#6032=LINE('',#18448,#7464);
#6033=LINE('',#18451,#7465);
#6034=LINE('',#18453,#7466);
#6035=LINE('',#18455,#7467);
#6036=LINE('',#18458,#7468);
#6037=LINE('',#18460,#7469);
#6038=LINE('',#18462,#7470);
#6039=LINE('',#18464,#7471);
#6040=LINE('',#18466,#7472);
#6041=LINE('',#18469,#7473);
#6042=LINE('',#18472,#7474);
#6043=LINE('',#18474,#7475);
#6044=LINE('',#18476,#7476);
#6045=LINE('',#18478,#7477);
#6046=LINE('',#18480,#7478);
#6047=LINE('',#18482,#7479);
#6048=LINE('',#18484,#7480);
#6049=LINE('',#18486,#7481);
#6050=LINE('',#18488,#7482);
#6051=LINE('',#18490,#7483);
#6052=LINE('',#18492,#7484);
#6053=LINE('',#18494,#7485);
#6054=LINE('',#18496,#7486);
#6055=LINE('',#18498,#7487);
#6056=LINE('',#18500,#7488);
#6057=LINE('',#18502,#7489);
#6058=LINE('',#18504,#7490);
#6059=LINE('',#18506,#7491);
#6060=LINE('',#18508,#7492);
#6061=LINE('',#18510,#7493);
#6062=LINE('',#18512,#7494);
#6063=LINE('',#18514,#7495);
#6064=LINE('',#18516,#7496);
#6065=LINE('',#18518,#7497);
#6066=LINE('',#18520,#7498);
#6067=LINE('',#18522,#7499);
#6068=LINE('',#18524,#7500);
#6069=LINE('',#18526,#7501);
#6070=LINE('',#18528,#7502);
#6071=LINE('',#18530,#7503);
#6072=LINE('',#18532,#7504);
#6073=LINE('',#18534,#7505);
#6074=LINE('',#18536,#7506);
#6075=LINE('',#18538,#7507);
#6076=LINE('',#18540,#7508);
#6077=LINE('',#18542,#7509);
#6078=LINE('',#18544,#7510);
#6079=LINE('',#18546,#7511);
#6080=LINE('',#18548,#7512);
#6081=LINE('',#18550,#7513);
#6082=LINE('',#18552,#7514);
#6083=LINE('',#18554,#7515);
#6084=LINE('',#18556,#7516);
#6085=LINE('',#18558,#7517);
#6086=LINE('',#18560,#7518);
#6087=LINE('',#18562,#7519);
#6088=LINE('',#18564,#7520);
#6089=LINE('',#18566,#7521);
#6090=LINE('',#18568,#7522);
#6091=LINE('',#18570,#7523);
#6092=LINE('',#18572,#7524);
#6093=LINE('',#18574,#7525);
#6094=LINE('',#18576,#7526);
#6095=LINE('',#18578,#7527);
#6096=LINE('',#18580,#7528);
#6097=LINE('',#18582,#7529);
#6098=LINE('',#18584,#7530);
#6099=LINE('',#18586,#7531);
#6100=LINE('',#18588,#7532);
#6101=LINE('',#18590,#7533);
#6102=LINE('',#18592,#7534);
#6103=LINE('',#18594,#7535);
#6104=LINE('',#18596,#7536);
#6105=LINE('',#18598,#7537);
#6106=LINE('',#18600,#7538);
#6107=LINE('',#18602,#7539);
#6108=LINE('',#18604,#7540);
#6109=LINE('',#18606,#7541);
#6110=LINE('',#18608,#7542);
#6111=LINE('',#18610,#7543);
#6112=LINE('',#18612,#7544);
#6113=LINE('',#18614,#7545);
#6114=LINE('',#18616,#7546);
#6115=LINE('',#18618,#7547);
#6116=LINE('',#18620,#7548);
#6117=LINE('',#18622,#7549);
#6118=LINE('',#18624,#7550);
#6119=LINE('',#18626,#7551);
#6120=LINE('',#18628,#7552);
#6121=LINE('',#18630,#7553);
#6122=LINE('',#18632,#7554);
#6123=LINE('',#18634,#7555);
#6124=LINE('',#18636,#7556);
#6125=LINE('',#18638,#7557);
#6126=LINE('',#18640,#7558);
#6127=LINE('',#18642,#7559);
#6128=LINE('',#18644,#7560);
#6129=LINE('',#18646,#7561);
#6130=LINE('',#18648,#7562);
#6131=LINE('',#18650,#7563);
#6132=LINE('',#18652,#7564);
#6133=LINE('',#18654,#7565);
#6134=LINE('',#18656,#7566);
#6135=LINE('',#18658,#7567);
#6136=LINE('',#18660,#7568);
#6137=LINE('',#18662,#7569);
#6138=LINE('',#18664,#7570);
#6139=LINE('',#18666,#7571);
#6140=LINE('',#18668,#7572);
#6141=LINE('',#18670,#7573);
#6142=LINE('',#18672,#7574);
#6143=LINE('',#18674,#7575);
#6144=LINE('',#18676,#7576);
#6145=LINE('',#18678,#7577);
#6146=LINE('',#18680,#7578);
#6147=LINE('',#18682,#7579);
#6148=LINE('',#18684,#7580);
#6149=LINE('',#18686,#7581);
#6150=LINE('',#18688,#7582);
#6151=LINE('',#18690,#7583);
#6152=LINE('',#18692,#7584);
#6153=LINE('',#18694,#7585);
#6154=LINE('',#18696,#7586);
#6155=LINE('',#18698,#7587);
#6156=LINE('',#18700,#7588);
#6157=LINE('',#18702,#7589);
#6158=LINE('',#18704,#7590);
#6159=LINE('',#18706,#7591);
#6160=LINE('',#18708,#7592);
#6161=LINE('',#18710,#7593);
#6162=LINE('',#18712,#7594);
#6163=LINE('',#18714,#7595);
#6164=LINE('',#18716,#7596);
#6165=LINE('',#18718,#7597);
#6166=LINE('',#18720,#7598);
#6167=LINE('',#18722,#7599);
#6168=LINE('',#18724,#7600);
#6169=LINE('',#18726,#7601);
#6170=LINE('',#18728,#7602);
#6171=LINE('',#18730,#7603);
#6172=LINE('',#18732,#7604);
#6173=LINE('',#18734,#7605);
#6174=LINE('',#18736,#7606);
#6175=LINE('',#18738,#7607);
#6176=LINE('',#18740,#7608);
#6177=LINE('',#18742,#7609);
#6178=LINE('',#18744,#7610);
#6179=LINE('',#18746,#7611);
#6180=LINE('',#18748,#7612);
#6181=LINE('',#18750,#7613);
#6182=LINE('',#18752,#7614);
#6183=LINE('',#18754,#7615);
#6184=LINE('',#18756,#7616);
#6185=LINE('',#18758,#7617);
#6186=LINE('',#18760,#7618);
#6187=LINE('',#18762,#7619);
#6188=LINE('',#18764,#7620);
#6189=LINE('',#18766,#7621);
#6190=LINE('',#18768,#7622);
#6191=LINE('',#18770,#7623);
#6192=LINE('',#18772,#7624);
#6193=LINE('',#18774,#7625);
#6194=LINE('',#18776,#7626);
#6195=LINE('',#18778,#7627);
#6196=LINE('',#18780,#7628);
#6197=LINE('',#18782,#7629);
#6198=LINE('',#18784,#7630);
#6199=LINE('',#18786,#7631);
#6200=LINE('',#18788,#7632);
#6201=LINE('',#18790,#7633);
#6202=LINE('',#18792,#7634);
#6203=LINE('',#18794,#7635);
#6204=LINE('',#18796,#7636);
#6205=LINE('',#18798,#7637);
#6206=LINE('',#18801,#7638);
#6207=LINE('',#18803,#7639);
#6208=LINE('',#18805,#7640);
#6209=LINE('',#18807,#7641);
#6210=LINE('',#18808,#7642);
#6211=LINE('',#18810,#7643);
#6212=LINE('',#18815,#7644);
#6213=LINE('',#18819,#7645);
#6214=LINE('',#18823,#7646);
#6215=LINE('',#18830,#7647);
#6216=LINE('',#18831,#7648);
#6217=LINE('',#18838,#7649);
#6218=LINE('',#18842,#7650);
#6219=LINE('',#18844,#7651);
#6220=LINE('',#18849,#7652);
#6221=LINE('',#18858,#7653);
#6222=LINE('',#18860,#7654);
#6223=LINE('',#18866,#7655);
#6224=LINE('',#18868,#7656);
#6225=LINE('',#18870,#7657);
#6226=LINE('',#18872,#7658);
#6227=LINE('',#18879,#7659);
#6228=LINE('',#18883,#7660);
#6229=LINE('',#18885,#7661);
#6230=LINE('',#18887,#7662);
#6231=LINE('',#18907,#7663);
#6232=LINE('',#18910,#7664);
#6233=LINE('',#18912,#7665);
#6234=LINE('',#18914,#7666);
#6235=LINE('',#18916,#7667);
#6236=LINE('',#18919,#7668);
#6237=LINE('',#18921,#7669);
#6238=LINE('',#18923,#7670);
#6239=LINE('',#18925,#7671);
#6240=LINE('',#18928,#7672);
#6241=LINE('',#18930,#7673);
#6242=LINE('',#18932,#7674);
#6243=LINE('',#18934,#7675);
#6244=LINE('',#18937,#7676);
#6245=LINE('',#18939,#7677);
#6246=LINE('',#18941,#7678);
#6247=LINE('',#18943,#7679);
#6248=LINE('',#18946,#7680);
#6249=LINE('',#18948,#7681);
#6250=LINE('',#18950,#7682);
#6251=LINE('',#18952,#7683);
#6252=LINE('',#18955,#7684);
#6253=LINE('',#18957,#7685);
#6254=LINE('',#18959,#7686);
#6255=LINE('',#18961,#7687);
#6256=LINE('',#18964,#7688);
#6257=LINE('',#18966,#7689);
#6258=LINE('',#18968,#7690);
#6259=LINE('',#18970,#7691);
#6260=LINE('',#18973,#7692);
#6261=LINE('',#18975,#7693);
#6262=LINE('',#18977,#7694);
#6263=LINE('',#18979,#7695);
#6264=LINE('',#18982,#7696);
#6265=LINE('',#18984,#7697);
#6266=LINE('',#18986,#7698);
#6267=LINE('',#18988,#7699);
#6268=LINE('',#18993,#7700);
#6269=LINE('',#18997,#7701);
#6270=LINE('',#19002,#7702);
#6271=LINE('',#19006,#7703);
#6272=LINE('',#19011,#7704);
#6273=LINE('',#19015,#7705);
#6274=LINE('',#19020,#7706);
#6275=LINE('',#19024,#7707);
#6276=LINE('',#19029,#7708);
#6277=LINE('',#19033,#7709);
#6278=LINE('',#19038,#7710);
#6279=LINE('',#19042,#7711);
#6280=LINE('',#19047,#7712);
#6281=LINE('',#19051,#7713);
#6282=LINE('',#19056,#7714);
#6283=LINE('',#19060,#7715);
#6284=LINE('',#19065,#7716);
#6285=LINE('',#19069,#7717);
#6286=LINE('',#19074,#7718);
#6287=LINE('',#19078,#7719);
#6288=LINE('',#19083,#7720);
#6289=LINE('',#19087,#7721);
#6290=LINE('',#19092,#7722);
#6291=LINE('',#19096,#7723);
#6292=LINE('',#19101,#7724);
#6293=LINE('',#19105,#7725);
#6294=LINE('',#19110,#7726);
#6295=LINE('',#19114,#7727);
#6296=LINE('',#19119,#7728);
#6297=LINE('',#19123,#7729);
#6298=LINE('',#19128,#7730);
#6299=LINE('',#19132,#7731);
#6300=LINE('',#19137,#7732);
#6301=LINE('',#19141,#7733);
#6302=LINE('',#19146,#7734);
#6303=LINE('',#19150,#7735);
#6304=LINE('',#19155,#7736);
#6305=LINE('',#19159,#7737);
#6306=LINE('',#19164,#7738);
#6307=LINE('',#19168,#7739);
#6308=LINE('',#19173,#7740);
#6309=LINE('',#19177,#7741);
#6310=LINE('',#19182,#7742);
#6311=LINE('',#19186,#7743);
#6312=LINE('',#19191,#7744);
#6313=LINE('',#19195,#7745);
#6314=LINE('',#19200,#7746);
#6315=LINE('',#19204,#7747);
#6316=LINE('',#19209,#7748);
#6317=LINE('',#19213,#7749);
#6318=LINE('',#19218,#7750);
#6319=LINE('',#19222,#7751);
#6320=LINE('',#19227,#7752);
#6321=LINE('',#19231,#7753);
#6322=LINE('',#19236,#7754);
#6323=LINE('',#19243,#7755);
#6324=LINE('',#19247,#7756);
#6325=LINE('',#19252,#7757);
#6326=LINE('',#19256,#7758);
#6327=LINE('',#19261,#7759);
#6328=LINE('',#19265,#7760);
#6329=LINE('',#19270,#7761);
#6330=LINE('',#19274,#7762);
#6331=LINE('',#19279,#7763);
#6332=LINE('',#19283,#7764);
#6333=LINE('',#19288,#7765);
#6334=LINE('',#19292,#7766);
#6335=LINE('',#19297,#7767);
#6336=LINE('',#19301,#7768);
#6337=LINE('',#19306,#7769);
#6338=LINE('',#19310,#7770);
#6339=LINE('',#19315,#7771);
#6340=LINE('',#19319,#7772);
#6341=LINE('',#19324,#7773);
#6342=LINE('',#19328,#7774);
#6343=LINE('',#19333,#7775);
#6344=LINE('',#19337,#7776);
#6345=LINE('',#19342,#7777);
#6346=LINE('',#19346,#7778);
#6347=LINE('',#19348,#7779);
#6348=LINE('',#19351,#7780);
#6349=LINE('',#19352,#7781);
#6350=LINE('',#19354,#7782);
#6351=LINE('',#19356,#7783);
#6352=LINE('',#19358,#7784);
#6353=LINE('',#19360,#7785);
#6354=LINE('',#19362,#7786);
#6355=LINE('',#19364,#7787);
#6356=LINE('',#19367,#7788);
#6357=LINE('',#19368,#7789);
#6358=LINE('',#19370,#7790);
#6359=LINE('',#19372,#7791);
#6360=LINE('',#19374,#7792);
#6361=LINE('',#19376,#7793);
#6362=LINE('',#19378,#7794);
#6363=LINE('',#19380,#7795);
#6364=LINE('',#19383,#7796);
#6365=LINE('',#19384,#7797);
#6366=LINE('',#19386,#7798);
#6367=LINE('',#19388,#7799);
#6368=LINE('',#19390,#7800);
#6369=LINE('',#19392,#7801);
#6370=LINE('',#19394,#7802);
#6371=LINE('',#19396,#7803);
#6372=LINE('',#19399,#7804);
#6373=LINE('',#19400,#7805);
#6374=LINE('',#19402,#7806);
#6375=LINE('',#19404,#7807);
#6376=LINE('',#19406,#7808);
#6377=LINE('',#19408,#7809);
#6378=LINE('',#19410,#7810);
#6379=LINE('',#19412,#7811);
#6380=LINE('',#19415,#7812);
#6381=LINE('',#19416,#7813);
#6382=LINE('',#19418,#7814);
#6383=LINE('',#19420,#7815);
#6384=LINE('',#19422,#7816);
#6385=LINE('',#19424,#7817);
#6386=LINE('',#19426,#7818);
#6387=LINE('',#19428,#7819);
#6388=LINE('',#19431,#7820);
#6389=LINE('',#19432,#7821);
#6390=LINE('',#19434,#7822);
#6391=LINE('',#19436,#7823);
#6392=LINE('',#19438,#7824);
#6393=LINE('',#19440,#7825);
#6394=LINE('',#19442,#7826);
#6395=LINE('',#19444,#7827);
#6396=LINE('',#19447,#7828);
#6397=LINE('',#19448,#7829);
#6398=LINE('',#19450,#7830);
#6399=LINE('',#19452,#7831);
#6400=LINE('',#19454,#7832);
#6401=LINE('',#19456,#7833);
#6402=LINE('',#19458,#7834);
#6403=LINE('',#19460,#7835);
#6404=LINE('',#19463,#7836);
#6405=LINE('',#19464,#7837);
#6406=LINE('',#19466,#7838);
#6407=LINE('',#19468,#7839);
#6408=LINE('',#19470,#7840);
#6409=LINE('',#19472,#7841);
#6410=LINE('',#19474,#7842);
#6411=LINE('',#19476,#7843);
#6412=LINE('',#19479,#7844);
#6413=LINE('',#19480,#7845);
#6414=LINE('',#19482,#7846);
#6415=LINE('',#19484,#7847);
#6416=LINE('',#19486,#7848);
#6417=LINE('',#19488,#7849);
#6418=LINE('',#19490,#7850);
#6419=LINE('',#19492,#7851);
#6420=LINE('',#19494,#7852);
#6421=LINE('',#19496,#7853);
#6422=LINE('',#19498,#7854);
#6423=LINE('',#19500,#7855);
#6424=LINE('',#19502,#7856);
#6425=LINE('',#19504,#7857);
#6426=LINE('',#19506,#7858);
#6427=LINE('',#19508,#7859);
#6428=LINE('',#19510,#7860);
#6429=LINE('',#19512,#7861);
#6430=LINE('',#19514,#7862);
#6431=LINE('',#19516,#7863);
#6432=LINE('',#19519,#7864);
#6433=LINE('',#19520,#7865);
#6434=LINE('',#19522,#7866);
#6435=LINE('',#19524,#7867);
#6436=LINE('',#19526,#7868);
#6437=LINE('',#19528,#7869);
#6438=LINE('',#19530,#7870);
#6439=LINE('',#19532,#7871);
#6440=LINE('',#19534,#7872);
#6441=LINE('',#19536,#7873);
#6442=LINE('',#19538,#7874);
#6443=LINE('',#19540,#7875);
#6444=LINE('',#19542,#7876);
#6445=LINE('',#19544,#7877);
#6446=LINE('',#19546,#7878);
#6447=LINE('',#19549,#7879);
#6448=LINE('',#19550,#7880);
#6449=LINE('',#19552,#7881);
#6450=LINE('',#19554,#7882);
#6451=LINE('',#19556,#7883);
#6452=LINE('',#19558,#7884);
#6453=LINE('',#19560,#7885);
#6454=LINE('',#19562,#7886);
#6455=LINE('',#19564,#7887);
#6456=LINE('',#19566,#7888);
#6457=LINE('',#19568,#7889);
#6458=LINE('',#19570,#7890);
#6459=LINE('',#19572,#7891);
#6460=LINE('',#19574,#7892);
#6461=LINE('',#19576,#7893);
#6462=LINE('',#19579,#7894);
#6463=LINE('',#19580,#7895);
#6464=LINE('',#19582,#7896);
#6465=LINE('',#19584,#7897);
#6466=LINE('',#19586,#7898);
#6467=LINE('',#19588,#7899);
#6468=LINE('',#19590,#7900);
#6469=LINE('',#19592,#7901);
#6470=LINE('',#19594,#7902);
#6471=LINE('',#19596,#7903);
#6472=LINE('',#19598,#7904);
#6473=LINE('',#19600,#7905);
#6474=LINE('',#19602,#7906);
#6475=LINE('',#19604,#7907);
#6476=LINE('',#19606,#7908);
#6477=LINE('',#19609,#7909);
#6478=LINE('',#19610,#7910);
#6479=LINE('',#19612,#7911);
#6480=LINE('',#19614,#7912);
#6481=LINE('',#19616,#7913);
#6482=LINE('',#19618,#7914);
#6483=LINE('',#19620,#7915);
#6484=LINE('',#19622,#7916);
#6485=LINE('',#19624,#7917);
#6486=LINE('',#19626,#7918);
#6487=LINE('',#19628,#7919);
#6488=LINE('',#19630,#7920);
#6489=LINE('',#19632,#7921);
#6490=LINE('',#19634,#7922);
#6491=LINE('',#19636,#7923);
#6492=LINE('',#19639,#7924);
#6493=LINE('',#19640,#7925);
#6494=LINE('',#19642,#7926);
#6495=LINE('',#19644,#7927);
#6496=LINE('',#19646,#7928);
#6497=LINE('',#19648,#7929);
#6498=LINE('',#19650,#7930);
#6499=LINE('',#19652,#7931);
#6500=LINE('',#19654,#7932);
#6501=LINE('',#19656,#7933);
#6502=LINE('',#19658,#7934);
#6503=LINE('',#19660,#7935);
#6504=LINE('',#19662,#7936);
#6505=LINE('',#19664,#7937);
#6506=LINE('',#19666,#7938);
#6507=LINE('',#19669,#7939);
#6508=LINE('',#19670,#7940);
#6509=LINE('',#19672,#7941);
#6510=LINE('',#19674,#7942);
#6511=LINE('',#19676,#7943);
#6512=LINE('',#19678,#7944);
#6513=LINE('',#19680,#7945);
#6514=LINE('',#19682,#7946);
#6515=LINE('',#19684,#7947);
#6516=LINE('',#19686,#7948);
#6517=LINE('',#19688,#7949);
#6518=LINE('',#19690,#7950);
#6519=LINE('',#19692,#7951);
#6520=LINE('',#19694,#7952);
#6521=LINE('',#19696,#7953);
#6522=LINE('',#19699,#7954);
#6523=LINE('',#19700,#7955);
#6524=LINE('',#19702,#7956);
#6525=LINE('',#19704,#7957);
#6526=LINE('',#19706,#7958);
#6527=LINE('',#19708,#7959);
#6528=LINE('',#19710,#7960);
#6529=LINE('',#19712,#7961);
#6530=LINE('',#19714,#7962);
#6531=LINE('',#19716,#7963);
#6532=LINE('',#19718,#7964);
#6533=LINE('',#19720,#7965);
#6534=LINE('',#19722,#7966);
#6535=LINE('',#19724,#7967);
#6536=LINE('',#19726,#7968);
#6537=LINE('',#19729,#7969);
#6538=LINE('',#19730,#7970);
#6539=LINE('',#19732,#7971);
#6540=LINE('',#19734,#7972);
#6541=LINE('',#19736,#7973);
#6542=LINE('',#19738,#7974);
#6543=LINE('',#19740,#7975);
#6544=LINE('',#19742,#7976);
#6545=LINE('',#19744,#7977);
#6546=LINE('',#19746,#7978);
#6547=LINE('',#19748,#7979);
#6548=LINE('',#19750,#7980);
#6549=LINE('',#19752,#7981);
#6550=LINE('',#19754,#7982);
#6551=LINE('',#19756,#7983);
#6552=LINE('',#19759,#7984);
#6553=LINE('',#19760,#7985);
#6554=LINE('',#19762,#7986);
#6555=LINE('',#19764,#7987);
#6556=LINE('',#19766,#7988);
#6557=LINE('',#19768,#7989);
#6558=LINE('',#19770,#7990);
#6559=LINE('',#19772,#7991);
#6560=LINE('',#19774,#7992);
#6561=LINE('',#19776,#7993);
#6562=LINE('',#19778,#7994);
#6563=LINE('',#19780,#7995);
#6564=LINE('',#19782,#7996);
#6565=LINE('',#19784,#7997);
#6566=LINE('',#19786,#7998);
#6567=LINE('',#19789,#7999);
#6568=LINE('',#19790,#8000);
#6569=LINE('',#19792,#8001);
#6570=LINE('',#19794,#8002);
#6571=LINE('',#19796,#8003);
#6572=LINE('',#19798,#8004);
#6573=LINE('',#19800,#8005);
#6574=LINE('',#19802,#8006);
#6575=LINE('',#19804,#8007);
#6576=LINE('',#19806,#8008);
#6577=LINE('',#19808,#8009);
#6578=LINE('',#19810,#8010);
#6579=LINE('',#19812,#8011);
#6580=LINE('',#19814,#8012);
#6581=LINE('',#19816,#8013);
#6582=LINE('',#19819,#8014);
#6583=LINE('',#19820,#8015);
#6584=LINE('',#19822,#8016);
#6585=LINE('',#19824,#8017);
#6586=LINE('',#19826,#8018);
#6587=LINE('',#19828,#8019);
#6588=LINE('',#19830,#8020);
#6589=LINE('',#19832,#8021);
#6590=LINE('',#19834,#8022);
#6591=LINE('',#19836,#8023);
#6592=LINE('',#19838,#8024);
#6593=LINE('',#19840,#8025);
#6594=LINE('',#19842,#8026);
#6595=LINE('',#19844,#8027);
#6596=LINE('',#19846,#8028);
#6597=LINE('',#19849,#8029);
#6598=LINE('',#19850,#8030);
#6599=LINE('',#19852,#8031);
#6600=LINE('',#19854,#8032);
#6601=LINE('',#19856,#8033);
#6602=LINE('',#19858,#8034);
#6603=LINE('',#19860,#8035);
#6604=LINE('',#19862,#8036);
#6605=LINE('',#19864,#8037);
#6606=LINE('',#19866,#8038);
#6607=LINE('',#19868,#8039);
#6608=LINE('',#19870,#8040);
#6609=LINE('',#19872,#8041);
#6610=LINE('',#19874,#8042);
#6611=LINE('',#19876,#8043);
#6612=LINE('',#19879,#8044);
#6613=LINE('',#19880,#8045);
#6614=LINE('',#19882,#8046);
#6615=LINE('',#19884,#8047);
#6616=LINE('',#19886,#8048);
#6617=LINE('',#19888,#8049);
#6618=LINE('',#19890,#8050);
#6619=LINE('',#19892,#8051);
#6620=LINE('',#19894,#8052);
#6621=LINE('',#19896,#8053);
#6622=LINE('',#19898,#8054);
#6623=LINE('',#19900,#8055);
#6624=LINE('',#19902,#8056);
#6625=LINE('',#19904,#8057);
#6626=LINE('',#19906,#8058);
#6627=LINE('',#19909,#8059);
#6628=LINE('',#19910,#8060);
#6629=LINE('',#19912,#8061);
#6630=LINE('',#19914,#8062);
#6631=LINE('',#19916,#8063);
#6632=LINE('',#19918,#8064);
#6633=LINE('',#19920,#8065);
#6634=LINE('',#19922,#8066);
#6635=LINE('',#19924,#8067);
#6636=LINE('',#19926,#8068);
#6637=LINE('',#19928,#8069);
#6638=LINE('',#19930,#8070);
#6639=LINE('',#19932,#8071);
#6640=LINE('',#19934,#8072);
#6641=LINE('',#19936,#8073);
#6642=LINE('',#19939,#8074);
#6643=LINE('',#19940,#8075);
#6644=LINE('',#19942,#8076);
#6645=LINE('',#19944,#8077);
#6646=LINE('',#19946,#8078);
#6647=LINE('',#19948,#8079);
#6648=LINE('',#19950,#8080);
#6649=LINE('',#19952,#8081);
#6650=LINE('',#19954,#8082);
#6651=LINE('',#19956,#8083);
#6652=LINE('',#19958,#8084);
#6653=LINE('',#19960,#8085);
#6654=LINE('',#19962,#8086);
#6655=LINE('',#19964,#8087);
#6656=LINE('',#19966,#8088);
#6657=LINE('',#19969,#8089);
#6658=LINE('',#19970,#8090);
#6659=LINE('',#19972,#8091);
#6660=LINE('',#19974,#8092);
#6661=LINE('',#19976,#8093);
#6662=LINE('',#19978,#8094);
#6663=LINE('',#19980,#8095);
#6664=LINE('',#19982,#8096);
#6665=LINE('',#19984,#8097);
#6666=LINE('',#19986,#8098);
#6667=LINE('',#19988,#8099);
#6668=LINE('',#19990,#8100);
#6669=LINE('',#19992,#8101);
#6670=LINE('',#19994,#8102);
#6671=LINE('',#19996,#8103);
#6672=LINE('',#19999,#8104);
#6673=LINE('',#20000,#8105);
#6674=LINE('',#20002,#8106);
#6675=LINE('',#20004,#8107);
#6676=LINE('',#20006,#8108);
#6677=LINE('',#20008,#8109);
#6678=LINE('',#20010,#8110);
#6679=LINE('',#20012,#8111);
#6680=LINE('',#20014,#8112);
#6681=LINE('',#20016,#8113);
#6682=LINE('',#20018,#8114);
#6683=LINE('',#20020,#8115);
#6684=LINE('',#20022,#8116);
#6685=LINE('',#20024,#8117);
#6686=LINE('',#20026,#8118);
#6687=LINE('',#20029,#8119);
#6688=LINE('',#20030,#8120);
#6689=LINE('',#20032,#8121);
#6690=LINE('',#20034,#8122);
#6691=LINE('',#20036,#8123);
#6692=LINE('',#20038,#8124);
#6693=LINE('',#20040,#8125);
#6694=LINE('',#20042,#8126);
#6695=LINE('',#20044,#8127);
#6696=LINE('',#20046,#8128);
#6697=LINE('',#20048,#8129);
#6698=LINE('',#20050,#8130);
#6699=LINE('',#20052,#8131);
#6700=LINE('',#20054,#8132);
#6701=LINE('',#20056,#8133);
#6702=LINE('',#20059,#8134);
#6703=LINE('',#20060,#8135);
#6704=LINE('',#20062,#8136);
#6705=LINE('',#20064,#8137);
#6706=LINE('',#20066,#8138);
#6707=LINE('',#20068,#8139);
#6708=LINE('',#20070,#8140);
#6709=LINE('',#20072,#8141);
#6710=LINE('',#20074,#8142);
#6711=LINE('',#20076,#8143);
#6712=LINE('',#20078,#8144);
#6713=LINE('',#20080,#8145);
#6714=LINE('',#20082,#8146);
#6715=LINE('',#20084,#8147);
#6716=LINE('',#20086,#8148);
#6717=LINE('',#20089,#8149);
#6718=LINE('',#20090,#8150);
#6719=LINE('',#20092,#8151);
#6720=LINE('',#20094,#8152);
#6721=LINE('',#20096,#8153);
#6722=LINE('',#20098,#8154);
#6723=LINE('',#20100,#8155);
#6724=LINE('',#20102,#8156);
#6725=LINE('',#20104,#8157);
#6726=LINE('',#20106,#8158);
#6727=LINE('',#20108,#8159);
#6728=LINE('',#20110,#8160);
#6729=LINE('',#20112,#8161);
#6730=LINE('',#20114,#8162);
#6731=LINE('',#20116,#8163);
#6732=LINE('',#20119,#8164);
#6733=LINE('',#20120,#8165);
#6734=LINE('',#20122,#8166);
#6735=LINE('',#20124,#8167);
#6736=LINE('',#20126,#8168);
#6737=LINE('',#20128,#8169);
#6738=LINE('',#20130,#8170);
#6739=LINE('',#20132,#8171);
#6740=LINE('',#20134,#8172);
#6741=LINE('',#20136,#8173);
#6742=LINE('',#20138,#8174);
#6743=LINE('',#20140,#8175);
#6744=LINE('',#20142,#8176);
#6745=LINE('',#20144,#8177);
#6746=LINE('',#20146,#8178);
#6747=LINE('',#20149,#8179);
#6748=LINE('',#20150,#8180);
#6749=LINE('',#20152,#8181);
#6750=LINE('',#20154,#8182);
#6751=LINE('',#20156,#8183);
#6752=LINE('',#20158,#8184);
#6753=LINE('',#20160,#8185);
#6754=LINE('',#20162,#8186);
#6755=LINE('',#20164,#8187);
#6756=LINE('',#20166,#8188);
#6757=LINE('',#20168,#8189);
#6758=LINE('',#20170,#8190);
#6759=LINE('',#20172,#8191);
#6760=LINE('',#20174,#8192);
#6761=LINE('',#20176,#8193);
#6762=LINE('',#20179,#8194);
#6763=LINE('',#20180,#8195);
#6764=LINE('',#20182,#8196);
#6765=LINE('',#20184,#8197);
#6766=LINE('',#20186,#8198);
#6767=LINE('',#20188,#8199);
#6768=LINE('',#20190,#8200);
#6769=LINE('',#20192,#8201);
#6770=LINE('',#20194,#8202);
#6771=LINE('',#20196,#8203);
#6772=LINE('',#20198,#8204);
#6773=LINE('',#20200,#8205);
#6774=LINE('',#20202,#8206);
#6775=LINE('',#20204,#8207);
#6776=LINE('',#20206,#8208);
#6777=LINE('',#20209,#8209);
#6778=LINE('',#20210,#8210);
#6779=LINE('',#20212,#8211);
#6780=LINE('',#20214,#8212);
#6781=LINE('',#20216,#8213);
#6782=LINE('',#20218,#8214);
#6783=LINE('',#20220,#8215);
#6784=LINE('',#20222,#8216);
#6785=LINE('',#20224,#8217);
#6786=LINE('',#20226,#8218);
#6787=LINE('',#20228,#8219);
#6788=LINE('',#20230,#8220);
#6789=LINE('',#20232,#8221);
#6790=LINE('',#20234,#8222);
#6791=LINE('',#20236,#8223);
#6792=LINE('',#20239,#8224);
#6793=LINE('',#20240,#8225);
#6794=LINE('',#20242,#8226);
#6795=LINE('',#20244,#8227);
#6796=LINE('',#20246,#8228);
#6797=LINE('',#20248,#8229);
#6798=LINE('',#20250,#8230);
#6799=LINE('',#20252,#8231);
#6800=LINE('',#20254,#8232);
#6801=LINE('',#20256,#8233);
#6802=LINE('',#20258,#8234);
#6803=LINE('',#20260,#8235);
#6804=LINE('',#20262,#8236);
#6805=LINE('',#20264,#8237);
#6806=LINE('',#20266,#8238);
#6807=LINE('',#20269,#8239);
#6808=LINE('',#20270,#8240);
#6809=LINE('',#20272,#8241);
#6810=LINE('',#20274,#8242);
#6811=LINE('',#20276,#8243);
#6812=LINE('',#20278,#8244);
#6813=LINE('',#20280,#8245);
#6814=LINE('',#20282,#8246);
#6815=LINE('',#20284,#8247);
#6816=LINE('',#20286,#8248);
#6817=LINE('',#20288,#8249);
#6818=LINE('',#20290,#8250);
#6819=LINE('',#20292,#8251);
#6820=LINE('',#20294,#8252);
#6821=LINE('',#20296,#8253);
#6822=LINE('',#20299,#8254);
#6823=LINE('',#20300,#8255);
#6824=LINE('',#20302,#8256);
#6825=LINE('',#20304,#8257);
#6826=LINE('',#20306,#8258);
#6827=LINE('',#20308,#8259);
#6828=LINE('',#20310,#8260);
#6829=LINE('',#20312,#8261);
#6830=LINE('',#20314,#8262);
#6831=LINE('',#20316,#8263);
#6832=LINE('',#20318,#8264);
#6833=LINE('',#20320,#8265);
#6834=LINE('',#20322,#8266);
#6835=LINE('',#20324,#8267);
#6836=LINE('',#20326,#8268);
#6837=LINE('',#20329,#8269);
#6838=LINE('',#20330,#8270);
#6839=LINE('',#20332,#8271);
#6840=LINE('',#20334,#8272);
#6841=LINE('',#20336,#8273);
#6842=LINE('',#20338,#8274);
#6843=LINE('',#20340,#8275);
#6844=LINE('',#20342,#8276);
#6845=LINE('',#20344,#8277);
#6846=LINE('',#20346,#8278);
#6847=LINE('',#20348,#8279);
#6848=LINE('',#20350,#8280);
#6849=LINE('',#20352,#8281);
#6850=LINE('',#20354,#8282);
#6851=LINE('',#20356,#8283);
#6852=LINE('',#20359,#8284);
#6853=LINE('',#20360,#8285);
#6854=LINE('',#20362,#8286);
#6855=LINE('',#20364,#8287);
#6856=LINE('',#20366,#8288);
#6857=LINE('',#20368,#8289);
#6858=LINE('',#20370,#8290);
#6859=LINE('',#20372,#8291);
#6860=LINE('',#20374,#8292);
#6861=LINE('',#20376,#8293);
#6862=LINE('',#20378,#8294);
#6863=LINE('',#20380,#8295);
#6864=LINE('',#20382,#8296);
#6865=LINE('',#20384,#8297);
#6866=LINE('',#20386,#8298);
#6867=LINE('',#20389,#8299);
#6868=LINE('',#20390,#8300);
#6869=LINE('',#20392,#8301);
#6870=LINE('',#20394,#8302);
#6871=LINE('',#20396,#8303);
#6872=LINE('',#20398,#8304);
#6873=LINE('',#20400,#8305);
#6874=LINE('',#20402,#8306);
#6875=LINE('',#20404,#8307);
#6876=LINE('',#20406,#8308);
#6877=LINE('',#20408,#8309);
#6878=LINE('',#20410,#8310);
#6879=LINE('',#20412,#8311);
#6880=LINE('',#20414,#8312);
#6881=LINE('',#20416,#8313);
#6882=LINE('',#20419,#8314);
#6883=LINE('',#20420,#8315);
#6884=LINE('',#20422,#8316);
#6885=LINE('',#20424,#8317);
#6886=LINE('',#20426,#8318);
#6887=LINE('',#20428,#8319);
#6888=LINE('',#20430,#8320);
#6889=LINE('',#20432,#8321);
#6890=LINE('',#20434,#8322);
#6891=LINE('',#20436,#8323);
#6892=LINE('',#20438,#8324);
#6893=LINE('',#20440,#8325);
#6894=LINE('',#20442,#8326);
#6895=LINE('',#20444,#8327);
#6896=LINE('',#20446,#8328);
#6897=LINE('',#20449,#8329);
#6898=LINE('',#20450,#8330);
#6899=LINE('',#20452,#8331);
#6900=LINE('',#20454,#8332);
#6901=LINE('',#20456,#8333);
#6902=LINE('',#20458,#8334);
#6903=LINE('',#20460,#8335);
#6904=LINE('',#20462,#8336);
#6905=LINE('',#20464,#8337);
#6906=LINE('',#20466,#8338);
#6907=LINE('',#20468,#8339);
#6908=LINE('',#20470,#8340);
#6909=LINE('',#20472,#8341);
#6910=LINE('',#20474,#8342);
#6911=LINE('',#20476,#8343);
#6912=LINE('',#20479,#8344);
#6913=LINE('',#20480,#8345);
#6914=LINE('',#20482,#8346);
#6915=LINE('',#20484,#8347);
#6916=LINE('',#20486,#8348);
#6917=LINE('',#20488,#8349);
#6918=LINE('',#20490,#8350);
#6919=LINE('',#20492,#8351);
#6920=LINE('',#20494,#8352);
#6921=LINE('',#20496,#8353);
#6922=LINE('',#20498,#8354);
#6923=LINE('',#20500,#8355);
#6924=LINE('',#20502,#8356);
#6925=LINE('',#20504,#8357);
#6926=LINE('',#20506,#8358);
#6927=LINE('',#20509,#8359);
#6928=LINE('',#20510,#8360);
#6929=LINE('',#20512,#8361);
#6930=LINE('',#20514,#8362);
#6931=LINE('',#20516,#8363);
#6932=LINE('',#20518,#8364);
#6933=LINE('',#20520,#8365);
#6934=LINE('',#20522,#8366);
#6935=LINE('',#20524,#8367);
#6936=LINE('',#20526,#8368);
#6937=LINE('',#20528,#8369);
#6938=LINE('',#20530,#8370);
#6939=LINE('',#20532,#8371);
#6940=LINE('',#20534,#8372);
#6941=LINE('',#20536,#8373);
#6942=LINE('',#20539,#8374);
#6943=LINE('',#20540,#8375);
#6944=LINE('',#20542,#8376);
#6945=LINE('',#20544,#8377);
#6946=LINE('',#20546,#8378);
#6947=LINE('',#20548,#8379);
#6948=LINE('',#20550,#8380);
#6949=LINE('',#20552,#8381);
#6950=LINE('',#20554,#8382);
#6951=LINE('',#20556,#8383);
#6952=LINE('',#20558,#8384);
#6953=LINE('',#20560,#8385);
#6954=LINE('',#20562,#8386);
#6955=LINE('',#20564,#8387);
#6956=LINE('',#20566,#8388);
#6957=LINE('',#20569,#8389);
#6958=LINE('',#20570,#8390);
#6959=LINE('',#20572,#8391);
#6960=LINE('',#20574,#8392);
#6961=LINE('',#20576,#8393);
#6962=LINE('',#20578,#8394);
#6963=LINE('',#20580,#8395);
#6964=LINE('',#20582,#8396);
#6965=LINE('',#20584,#8397);
#6966=LINE('',#20586,#8398);
#6967=LINE('',#20588,#8399);
#6968=LINE('',#20590,#8400);
#6969=LINE('',#20592,#8401);
#6970=LINE('',#20594,#8402);
#6971=LINE('',#20596,#8403);
#6972=LINE('',#20599,#8404);
#6973=LINE('',#20600,#8405);
#6974=LINE('',#20602,#8406);
#6975=LINE('',#20604,#8407);
#6976=LINE('',#20606,#8408);
#6977=LINE('',#20608,#8409);
#6978=LINE('',#20610,#8410);
#6979=LINE('',#20612,#8411);
#6980=LINE('',#20614,#8412);
#6981=LINE('',#20616,#8413);
#6982=LINE('',#20618,#8414);
#6983=LINE('',#20620,#8415);
#6984=LINE('',#20622,#8416);
#6985=LINE('',#20624,#8417);
#6986=LINE('',#20626,#8418);
#6987=LINE('',#20629,#8419);
#6988=LINE('',#20630,#8420);
#6989=LINE('',#20632,#8421);
#6990=LINE('',#20634,#8422);
#6991=LINE('',#20636,#8423);
#6992=LINE('',#20638,#8424);
#6993=LINE('',#20640,#8425);
#6994=LINE('',#20642,#8426);
#6995=LINE('',#20644,#8427);
#6996=LINE('',#20646,#8428);
#6997=LINE('',#20648,#8429);
#6998=LINE('',#20650,#8430);
#6999=LINE('',#20652,#8431);
#7000=LINE('',#20654,#8432);
#7001=LINE('',#20656,#8433);
#7002=LINE('',#20659,#8434);
#7003=LINE('',#20660,#8435);
#7004=LINE('',#20662,#8436);
#7005=LINE('',#20664,#8437);
#7006=LINE('',#20666,#8438);
#7007=LINE('',#20668,#8439);
#7008=LINE('',#20670,#8440);
#7009=LINE('',#20672,#8441);
#7010=LINE('',#20674,#8442);
#7011=LINE('',#20676,#8443);
#7012=LINE('',#20678,#8444);
#7013=LINE('',#20680,#8445);
#7014=LINE('',#20682,#8446);
#7015=LINE('',#20684,#8447);
#7016=LINE('',#20686,#8448);
#7017=LINE('',#20689,#8449);
#7018=LINE('',#20690,#8450);
#7019=LINE('',#20692,#8451);
#7020=LINE('',#20695,#8452);
#7021=LINE('',#20697,#8453);
#7022=LINE('',#20698,#8454);
#7023=LINE('',#20700,#8455);
#7024=LINE('',#20702,#8456);
#7025=LINE('',#20703,#8457);
#7026=LINE('',#20705,#8458);
#7027=LINE('',#20707,#8459);
#7028=LINE('',#20708,#8460);
#7029=LINE('',#20710,#8461);
#7030=LINE('',#20712,#8462);
#7031=LINE('',#20713,#8463);
#7032=LINE('',#20715,#8464);
#7033=LINE('',#20717,#8465);
#7034=LINE('',#20718,#8466);
#7035=LINE('',#20720,#8467);
#7036=LINE('',#20722,#8468);
#7037=LINE('',#20723,#8469);
#7038=LINE('',#20725,#8470);
#7039=LINE('',#20727,#8471);
#7040=LINE('',#20728,#8472);
#7041=LINE('',#20730,#8473);
#7042=LINE('',#20732,#8474);
#7043=LINE('',#20733,#8475);
#7044=LINE('',#20735,#8476);
#7045=LINE('',#20737,#8477);
#7046=LINE('',#20738,#8478);
#7047=LINE('',#20740,#8479);
#7048=LINE('',#20742,#8480);
#7049=LINE('',#20743,#8481);
#7050=LINE('',#20745,#8482);
#7051=LINE('',#20747,#8483);
#7052=LINE('',#20748,#8484);
#7053=LINE('',#20750,#8485);
#7054=LINE('',#20752,#8486);
#7055=LINE('',#20753,#8487);
#7056=LINE('',#20755,#8488);
#7057=LINE('',#20757,#8489);
#7058=LINE('',#20758,#8490);
#7059=LINE('',#20760,#8491);
#7060=LINE('',#20762,#8492);
#7061=LINE('',#20763,#8493);
#7062=LINE('',#20765,#8494);
#7063=LINE('',#20767,#8495);
#7064=LINE('',#20769,#8496);
#7065=LINE('',#20771,#8497);
#7066=LINE('',#20772,#8498);
#7067=LINE('',#20774,#8499);
#7068=LINE('',#20776,#8500);
#7069=LINE('',#20777,#8501);
#7070=LINE('',#20779,#8502);
#7071=LINE('',#20781,#8503);
#7072=LINE('',#20782,#8504);
#7073=LINE('',#20784,#8505);
#7074=LINE('',#20786,#8506);
#7075=LINE('',#20787,#8507);
#7076=LINE('',#20789,#8508);
#7077=LINE('',#20791,#8509);
#7078=LINE('',#20792,#8510);
#7079=LINE('',#20794,#8511);
#7080=LINE('',#20796,#8512);
#7081=LINE('',#20797,#8513);
#7082=LINE('',#20799,#8514);
#7083=LINE('',#20801,#8515);
#7084=LINE('',#20802,#8516);
#7085=LINE('',#20804,#8517);
#7086=LINE('',#20806,#8518);
#7087=LINE('',#20807,#8519);
#7088=LINE('',#20809,#8520);
#7089=LINE('',#20811,#8521);
#7090=LINE('',#20812,#8522);
#7091=LINE('',#20814,#8523);
#7092=LINE('',#20816,#8524);
#7093=LINE('',#20817,#8525);
#7094=LINE('',#20819,#8526);
#7095=LINE('',#20821,#8527);
#7096=LINE('',#20822,#8528);
#7097=LINE('',#20824,#8529);
#7098=LINE('',#20826,#8530);
#7099=LINE('',#20827,#8531);
#7100=LINE('',#20829,#8532);
#7101=LINE('',#20831,#8533);
#7102=LINE('',#20832,#8534);
#7103=LINE('',#20834,#8535);
#7104=LINE('',#20836,#8536);
#7105=LINE('',#20837,#8537);
#7106=LINE('',#20839,#8538);
#7107=LINE('',#20841,#8539);
#7108=LINE('',#20843,#8540);
#7109=LINE('',#20844,#8541);
#7110=LINE('',#20846,#8542);
#7111=LINE('',#20848,#8543);
#7112=LINE('',#20849,#8544);
#7113=LINE('',#20851,#8545);
#7114=LINE('',#20853,#8546);
#7115=LINE('',#20854,#8547);
#7116=LINE('',#20856,#8548);
#7117=LINE('',#20858,#8549);
#7118=LINE('',#20859,#8550);
#7119=LINE('',#20861,#8551);
#7120=LINE('',#20863,#8552);
#7121=LINE('',#20864,#8553);
#7122=LINE('',#20866,#8554);
#7123=LINE('',#20868,#8555);
#7124=LINE('',#20869,#8556);
#7125=LINE('',#20871,#8557);
#7126=LINE('',#20873,#8558);
#7127=LINE('',#20874,#8559);
#7128=LINE('',#20876,#8560);
#7129=LINE('',#20878,#8561);
#7130=LINE('',#20879,#8562);
#7131=LINE('',#20881,#8563);
#7132=LINE('',#20883,#8564);
#7133=LINE('',#20884,#8565);
#7134=LINE('',#20886,#8566);
#7135=LINE('',#20888,#8567);
#7136=LINE('',#20889,#8568);
#7137=LINE('',#20891,#8569);
#7138=LINE('',#20893,#8570);
#7139=LINE('',#20894,#8571);
#7140=LINE('',#20896,#8572);
#7141=LINE('',#20898,#8573);
#7142=LINE('',#20899,#8574);
#7143=LINE('',#20901,#8575);
#7144=LINE('',#20902,#8576);
#7145=LINE('',#20904,#8577);
#7146=LINE('',#20906,#8578);
#7147=LINE('',#20908,#8579);
#7148=LINE('',#20910,#8580);
#7149=LINE('',#20912,#8581);
#7150=LINE('',#20914,#8582);
#7151=LINE('',#20916,#8583);
#7152=LINE('',#20918,#8584);
#7153=LINE('',#20920,#8585);
#7154=LINE('',#20922,#8586);
#7155=LINE('',#20924,#8587);
#7156=LINE('',#20926,#8588);
#7157=LINE('',#20928,#8589);
#7158=LINE('',#20930,#8590);
#7159=LINE('',#20932,#8591);
#7160=LINE('',#20934,#8592);
#7161=LINE('',#20936,#8593);
#7162=LINE('',#20938,#8594);
#7163=LINE('',#20940,#8595);
#7164=LINE('',#20942,#8596);
#7165=LINE('',#20944,#8597);
#7166=LINE('',#20946,#8598);
#7167=LINE('',#20948,#8599);
#7168=LINE('',#20950,#8600);
#7169=LINE('',#20952,#8601);
#7170=LINE('',#20954,#8602);
#7171=LINE('',#20956,#8603);
#7172=LINE('',#20958,#8604);
#7173=LINE('',#20960,#8605);
#7174=LINE('',#20962,#8606);
#7175=LINE('',#20964,#8607);
#7176=LINE('',#20966,#8608);
#7177=LINE('',#20968,#8609);
#7178=LINE('',#20970,#8610);
#7179=LINE('',#20972,#8611);
#7180=LINE('',#20974,#8612);
#7181=LINE('',#20976,#8613);
#7182=LINE('',#20978,#8614);
#7183=LINE('',#20980,#8615);
#7184=LINE('',#20982,#8616);
#7185=LINE('',#20984,#8617);
#7186=LINE('',#20986,#8618);
#7187=LINE('',#20988,#8619);
#7188=LINE('',#20990,#8620);
#7189=LINE('',#20992,#8621);
#7190=LINE('',#20994,#8622);
#7191=LINE('',#20996,#8623);
#7192=LINE('',#20998,#8624);
#7193=LINE('',#21000,#8625);
#7194=LINE('',#21002,#8626);
#7195=LINE('',#21004,#8627);
#7196=LINE('',#21006,#8628);
#7197=LINE('',#21008,#8629);
#7198=LINE('',#21010,#8630);
#7199=LINE('',#21012,#8631);
#7200=LINE('',#21014,#8632);
#7201=LINE('',#21016,#8633);
#7202=LINE('',#21018,#8634);
#7203=LINE('',#21020,#8635);
#7204=LINE('',#21022,#8636);
#7205=LINE('',#21024,#8637);
#7206=LINE('',#21026,#8638);
#7207=LINE('',#21028,#8639);
#7208=LINE('',#21030,#8640);
#7209=LINE('',#21032,#8641);
#7210=LINE('',#21034,#8642);
#7211=LINE('',#21036,#8643);
#7212=LINE('',#21038,#8644);
#7213=LINE('',#21040,#8645);
#7214=LINE('',#21042,#8646);
#7215=LINE('',#21044,#8647);
#7216=LINE('',#21046,#8648);
#7217=LINE('',#21048,#8649);
#7218=LINE('',#21050,#8650);
#7219=LINE('',#21052,#8651);
#7220=LINE('',#21054,#8652);
#7221=LINE('',#21056,#8653);
#7222=LINE('',#21058,#8654);
#7223=LINE('',#21060,#8655);
#7224=LINE('',#21062,#8656);
#7225=LINE('',#21064,#8657);
#7226=LINE('',#21066,#8658);
#7227=LINE('',#21068,#8659);
#7228=LINE('',#21070,#8660);
#7229=LINE('',#21072,#8661);
#7230=LINE('',#21074,#8662);
#7231=LINE('',#21076,#8663);
#7232=LINE('',#21078,#8664);
#7233=LINE('',#21080,#8665);
#7234=LINE('',#21082,#8666);
#7235=LINE('',#21084,#8667);
#7236=LINE('',#21086,#8668);
#7237=LINE('',#21088,#8669);
#7238=LINE('',#21090,#8670);
#7239=LINE('',#21092,#8671);
#7240=LINE('',#21094,#8672);
#7241=LINE('',#21096,#8673);
#7242=LINE('',#21098,#8674);
#7243=LINE('',#21100,#8675);
#7244=LINE('',#21102,#8676);
#7245=LINE('',#21104,#8677);
#7246=LINE('',#21106,#8678);
#7247=LINE('',#21108,#8679);
#7248=LINE('',#21110,#8680);
#7249=LINE('',#21112,#8681);
#7250=LINE('',#21114,#8682);
#7251=LINE('',#21116,#8683);
#7252=LINE('',#21118,#8684);
#7253=LINE('',#21120,#8685);
#7254=LINE('',#21122,#8686);
#7255=LINE('',#21124,#8687);
#7256=LINE('',#21126,#8688);
#7257=LINE('',#21128,#8689);
#7258=LINE('',#21130,#8690);
#7259=LINE('',#21132,#8691);
#7260=LINE('',#21134,#8692);
#7261=LINE('',#21136,#8693);
#7262=LINE('',#21138,#8694);
#7263=LINE('',#21140,#8695);
#7264=LINE('',#21142,#8696);
#7265=LINE('',#21144,#8697);
#7266=LINE('',#21146,#8698);
#7267=LINE('',#21148,#8699);
#7268=LINE('',#21150,#8700);
#7269=LINE('',#21152,#8701);
#7270=LINE('',#21154,#8702);
#7271=LINE('',#21156,#8703);
#7272=LINE('',#21158,#8704);
#7273=LINE('',#21160,#8705);
#7274=LINE('',#21162,#8706);
#7275=LINE('',#21164,#8707);
#7276=LINE('',#21166,#8708);
#7277=LINE('',#21168,#8709);
#7278=LINE('',#21170,#8710);
#7279=LINE('',#21172,#8711);
#7280=LINE('',#21174,#8712);
#7281=LINE('',#21176,#8713);
#7282=LINE('',#21178,#8714);
#7283=LINE('',#21180,#8715);
#7284=LINE('',#21182,#8716);
#7285=LINE('',#21184,#8717);
#7286=LINE('',#21186,#8718);
#7287=LINE('',#21188,#8719);
#7288=LINE('',#21190,#8720);
#7289=LINE('',#21192,#8721);
#7290=LINE('',#21194,#8722);
#7291=LINE('',#21196,#8723);
#7292=LINE('',#21198,#8724);
#7293=LINE('',#21200,#8725);
#7294=LINE('',#21202,#8726);
#7295=LINE('',#21204,#8727);
#7296=LINE('',#21206,#8728);
#7297=LINE('',#21208,#8729);
#7298=LINE('',#21210,#8730);
#7299=LINE('',#21212,#8731);
#7300=LINE('',#21214,#8732);
#7301=LINE('',#21216,#8733);
#7302=LINE('',#21218,#8734);
#7303=LINE('',#21220,#8735);
#7304=LINE('',#21222,#8736);
#7305=LINE('',#21224,#8737);
#7306=LINE('',#21226,#8738);
#7307=LINE('',#21229,#8739);
#7308=LINE('',#21231,#8740);
#7309=LINE('',#21233,#8741);
#7310=LINE('',#21235,#8742);
#7311=LINE('',#21236,#8743);
#7312=LINE('',#21242,#8744);
#7313=LINE('',#21247,#8745);
#7314=LINE('',#21249,#8746);
#7315=LINE('',#21251,#8747);
#7316=LINE('',#21253,#8748);
#7317=LINE('',#21255,#8749);
#7318=LINE('',#21257,#8750);
#7319=LINE('',#21263,#8751);
#7320=LINE('',#21270,#8752);
#7321=LINE('',#21272,#8753);
#7322=LINE('',#21274,#8754);
#7323=LINE('',#21276,#8755);
#7324=LINE('',#21278,#8756);
#7325=LINE('',#21282,#8757);
#7326=LINE('',#21284,#8758);
#7327=LINE('',#21286,#8759);
#7328=LINE('',#21288,#8760);
#7329=LINE('',#21290,#8761);
#7330=LINE('',#21293,#8762);
#7331=LINE('',#21295,#8763);
#7332=LINE('',#21297,#8764);
#7333=LINE('',#21299,#8765);
#7334=LINE('',#21301,#8766);
#7335=LINE('',#21304,#8767);
#7336=LINE('',#21309,#8768);
#7337=LINE('',#21311,#8769);
#7338=LINE('',#21313,#8770);
#7339=LINE('',#21315,#8771);
#7340=LINE('',#21317,#8772);
#7341=LINE('',#21319,#8773);
#7342=LINE('',#21324,#8774);
#7343=LINE('',#21326,#8775);
#7344=LINE('',#21328,#8776);
#7345=LINE('',#21330,#8777);
#7346=LINE('',#21332,#8778);
#7347=LINE('',#21334,#8779);
#7348=LINE('',#21339,#8780);
#7349=LINE('',#21341,#8781);
#7350=LINE('',#21343,#8782);
#7351=LINE('',#21345,#8783);
#7352=LINE('',#21347,#8784);
#7353=LINE('',#21349,#8785);
#7354=LINE('',#21354,#8786);
#7355=LINE('',#21356,#8787);
#7356=LINE('',#21358,#8788);
#7357=LINE('',#21360,#8789);
#7358=LINE('',#21362,#8790);
#7359=LINE('',#21364,#8791);
#7360=LINE('',#21369,#8792);
#7361=LINE('',#21371,#8793);
#7362=LINE('',#21373,#8794);
#7363=LINE('',#21375,#8795);
#7364=LINE('',#21377,#8796);
#7365=LINE('',#21379,#8797);
#7366=LINE('',#21384,#8798);
#7367=LINE('',#21386,#8799);
#7368=LINE('',#21388,#8800);
#7369=LINE('',#21390,#8801);
#7370=LINE('',#21392,#8802);
#7371=LINE('',#21394,#8803);
#7372=LINE('',#21404,#8804);
#7373=LINE('',#21408,#8805);
#7374=LINE('',#21410,#8806);
#7375=LINE('',#21412,#8807);
#7376=LINE('',#21418,#8808);
#7377=LINE('',#21420,#8809);
#7378=LINE('',#21422,#8810);
#7379=LINE('',#21424,#8811);
#7380=LINE('',#21429,#8812);
#7381=LINE('',#21434,#8813);
#7382=LINE('',#21435,#8814);
#7383=LINE('',#21437,#8815);
#7384=LINE('',#21439,#8816);
#7385=LINE('',#21441,#8817);
#7386=LINE('',#21445,#8818);
#7387=LINE('',#21447,#8819);
#7388=LINE('',#21449,#8820);
#7389=LINE('',#21451,#8821);
#7390=LINE('',#21456,#8822);
#7391=LINE('',#21457,#8823);
#7392=LINE('',#21459,#8824);
#7393=LINE('',#21461,#8825);
#7394=LINE('',#21463,#8826);
#7395=LINE('',#21468,#8827);
#7396=LINE('',#21469,#8828);
#7397=LINE('',#21471,#8829);
#7398=LINE('',#21473,#8830);
#7399=LINE('',#21475,#8831);
#7400=LINE('',#21480,#8832);
#7401=LINE('',#21481,#8833);
#7402=LINE('',#21483,#8834);
#7403=LINE('',#21485,#8835);
#7404=LINE('',#21487,#8836);
#7405=LINE('',#21492,#8837);
#7406=LINE('',#21493,#8838);
#7407=LINE('',#21495,#8839);
#7408=LINE('',#21497,#8840);
#7409=LINE('',#21499,#8841);
#7410=LINE('',#21500,#8842);
#7411=LINE('',#21502,#8843);
#7412=LINE('',#21503,#8844);
#7413=LINE('',#21505,#8845);
#7414=LINE('',#21506,#8846);
#7415=LINE('',#21508,#8847);
#7416=LINE('',#21509,#8848);
#7417=LINE('',#21511,#8849);
#7418=LINE('',#21512,#8850);
#7419=LINE('',#21514,#8851);
#7420=LINE('',#21515,#8852);
#7421=LINE('',#21517,#8853);
#7422=LINE('',#21519,#8854);
#7423=LINE('',#21521,#8855);
#7424=LINE('',#21523,#8856);
#7425=LINE('',#21525,#8857);
#7426=LINE('',#21527,#8858);
#7427=LINE('',#21531,#8859);
#7428=LINE('',#21532,#8860);
#7429=LINE('',#21533,#8861);
#7430=LINE('',#21534,#8862);
#7431=LINE('',#21535,#8863);
#7432=LINE('',#21536,#8864);
#7433=LINE('',#21538,#8865);
#7434=LINE('',#21540,#8866);
#7435=LINE('',#21542,#8867);
#7436=LINE('',#21544,#8868);
#7437=LINE('',#21546,#8869);
#7438=LINE('',#21548,#8870);
#7439=VECTOR('',#15574,1000.);
#7440=VECTOR('',#15575,1000.);
#7441=VECTOR('',#15576,1000.);
#7442=VECTOR('',#15577,1000.);
#7443=VECTOR('',#15578,1000.);
#7444=VECTOR('',#15579,1000.);
#7445=VECTOR('',#15580,1000.);
#7446=VECTOR('',#15581,1000.);
#7447=VECTOR('',#15584,1000.);
#7448=VECTOR('',#15585,1000.);
#7449=VECTOR('',#15586,1000.);
#7450=VECTOR('',#15587,1000.);
#7451=VECTOR('',#15588,1000.);
#7452=VECTOR('',#15589,1000.);
#7453=VECTOR('',#15590,1000.);
#7454=VECTOR('',#15591,1000.);
#7455=VECTOR('',#15594,1000.);
#7456=VECTOR('',#15597,1000.);
#7457=VECTOR('',#15606,1000.);
#7458=VECTOR('',#15609,1000.);
#7459=VECTOR('',#15612,1000.);
#7460=VECTOR('',#15615,1000.);
#7461=VECTOR('',#15620,1000.);
#7462=VECTOR('',#15621,1000.);
#7463=VECTOR('',#15622,1000.);
#7464=VECTOR('',#15625,1000.);
#7465=VECTOR('',#15628,1000.);
#7466=VECTOR('',#15629,1000.);
#7467=VECTOR('',#15630,1000.);
#7468=VECTOR('',#15633,1000.);
#7469=VECTOR('',#15634,1000.);
#7470=VECTOR('',#15635,1000.);
#7471=VECTOR('',#15636,1000.);
#7472=VECTOR('',#15637,1000.);
#7473=VECTOR('',#15640,1000.);
#7474=VECTOR('',#15641,1000.);
#7475=VECTOR('',#15642,1000.);
#7476=VECTOR('',#15643,1000.);
#7477=VECTOR('',#15644,1000.);
#7478=VECTOR('',#15645,1000.);
#7479=VECTOR('',#15646,1000.);
#7480=VECTOR('',#15647,1000.);
#7481=VECTOR('',#15648,1000.);
#7482=VECTOR('',#15649,1000.);
#7483=VECTOR('',#15650,1000.);
#7484=VECTOR('',#15651,1000.);
#7485=VECTOR('',#15652,1000.);
#7486=VECTOR('',#15653,1000.);
#7487=VECTOR('',#15654,1000.);
#7488=VECTOR('',#15655,1000.);
#7489=VECTOR('',#15656,1000.);
#7490=VECTOR('',#15657,1000.);
#7491=VECTOR('',#15658,1000.);
#7492=VECTOR('',#15659,1000.);
#7493=VECTOR('',#15660,1000.);
#7494=VECTOR('',#15661,1000.);
#7495=VECTOR('',#15662,1000.);
#7496=VECTOR('',#15663,1000.);
#7497=VECTOR('',#15664,1000.);
#7498=VECTOR('',#15665,1000.);
#7499=VECTOR('',#15666,1000.);
#7500=VECTOR('',#15667,1000.);
#7501=VECTOR('',#15668,1000.);
#7502=VECTOR('',#15669,1000.);
#7503=VECTOR('',#15670,1000.);
#7504=VECTOR('',#15671,1000.);
#7505=VECTOR('',#15672,1000.);
#7506=VECTOR('',#15673,1000.);
#7507=VECTOR('',#15674,1000.);
#7508=VECTOR('',#15675,1000.);
#7509=VECTOR('',#15676,1000.);
#7510=VECTOR('',#15677,1000.);
#7511=VECTOR('',#15678,1000.);
#7512=VECTOR('',#15679,1000.);
#7513=VECTOR('',#15680,1000.);
#7514=VECTOR('',#15681,1000.);
#7515=VECTOR('',#15682,1000.);
#7516=VECTOR('',#15683,1000.);
#7517=VECTOR('',#15684,1000.);
#7518=VECTOR('',#15685,1000.);
#7519=VECTOR('',#15686,1000.);
#7520=VECTOR('',#15687,1000.);
#7521=VECTOR('',#15688,1000.);
#7522=VECTOR('',#15689,1000.);
#7523=VECTOR('',#15690,1000.);
#7524=VECTOR('',#15691,1000.);
#7525=VECTOR('',#15692,1000.);
#7526=VECTOR('',#15693,1000.);
#7527=VECTOR('',#15694,1000.);
#7528=VECTOR('',#15695,1000.);
#7529=VECTOR('',#15696,1000.);
#7530=VECTOR('',#15697,1000.);
#7531=VECTOR('',#15698,1000.);
#7532=VECTOR('',#15699,1000.);
#7533=VECTOR('',#15700,1000.);
#7534=VECTOR('',#15701,1000.);
#7535=VECTOR('',#15702,1000.);
#7536=VECTOR('',#15703,1000.);
#7537=VECTOR('',#15704,1000.);
#7538=VECTOR('',#15705,1000.);
#7539=VECTOR('',#15706,1000.);
#7540=VECTOR('',#15707,1000.);
#7541=VECTOR('',#15708,1000.);
#7542=VECTOR('',#15709,1000.);
#7543=VECTOR('',#15710,1000.);
#7544=VECTOR('',#15711,1000.);
#7545=VECTOR('',#15712,1000.);
#7546=VECTOR('',#15713,1000.);
#7547=VECTOR('',#15714,1000.);
#7548=VECTOR('',#15715,1000.);
#7549=VECTOR('',#15716,1000.);
#7550=VECTOR('',#15717,1000.);
#7551=VECTOR('',#15718,1000.);
#7552=VECTOR('',#15719,1000.);
#7553=VECTOR('',#15720,1000.);
#7554=VECTOR('',#15721,1000.);
#7555=VECTOR('',#15722,1000.);
#7556=VECTOR('',#15723,1000.);
#7557=VECTOR('',#15724,1000.);
#7558=VECTOR('',#15725,1000.);
#7559=VECTOR('',#15726,1000.);
#7560=VECTOR('',#15727,1000.);
#7561=VECTOR('',#15728,1000.);
#7562=VECTOR('',#15729,1000.);
#7563=VECTOR('',#15730,1000.);
#7564=VECTOR('',#15731,1000.);
#7565=VECTOR('',#15732,1000.);
#7566=VECTOR('',#15733,1000.);
#7567=VECTOR('',#15734,1000.);
#7568=VECTOR('',#15735,1000.);
#7569=VECTOR('',#15736,1000.);
#7570=VECTOR('',#15737,1000.);
#7571=VECTOR('',#15738,1000.);
#7572=VECTOR('',#15739,1000.);
#7573=VECTOR('',#15740,1000.);
#7574=VECTOR('',#15741,1000.);
#7575=VECTOR('',#15742,1000.);
#7576=VECTOR('',#15743,1000.);
#7577=VECTOR('',#15744,1000.);
#7578=VECTOR('',#15745,1000.);
#7579=VECTOR('',#15746,1000.);
#7580=VECTOR('',#15747,1000.);
#7581=VECTOR('',#15748,1000.);
#7582=VECTOR('',#15749,1000.);
#7583=VECTOR('',#15750,1000.);
#7584=VECTOR('',#15751,1000.);
#7585=VECTOR('',#15752,1000.);
#7586=VECTOR('',#15753,1000.);
#7587=VECTOR('',#15754,1000.);
#7588=VECTOR('',#15755,1000.);
#7589=VECTOR('',#15756,1000.);
#7590=VECTOR('',#15757,1000.);
#7591=VECTOR('',#15758,1000.);
#7592=VECTOR('',#15759,1000.);
#7593=VECTOR('',#15760,1000.);
#7594=VECTOR('',#15761,1000.);
#7595=VECTOR('',#15762,1000.);
#7596=VECTOR('',#15763,1000.);
#7597=VECTOR('',#15764,1000.);
#7598=VECTOR('',#15765,1000.);
#7599=VECTOR('',#15766,1000.);
#7600=VECTOR('',#15767,1000.);
#7601=VECTOR('',#15768,1000.);
#7602=VECTOR('',#15769,1000.);
#7603=VECTOR('',#15770,1000.);
#7604=VECTOR('',#15771,1000.);
#7605=VECTOR('',#15772,1000.);
#7606=VECTOR('',#15773,1000.);
#7607=VECTOR('',#15774,1000.);
#7608=VECTOR('',#15775,1000.);
#7609=VECTOR('',#15776,1000.);
#7610=VECTOR('',#15777,1000.);
#7611=VECTOR('',#15778,1000.);
#7612=VECTOR('',#15779,1000.);
#7613=VECTOR('',#15780,1000.);
#7614=VECTOR('',#15781,1000.);
#7615=VECTOR('',#15782,1000.);
#7616=VECTOR('',#15783,1000.);
#7617=VECTOR('',#15784,1000.);
#7618=VECTOR('',#15785,1000.);
#7619=VECTOR('',#15786,1000.);
#7620=VECTOR('',#15787,1000.);
#7621=VECTOR('',#15788,1000.);
#7622=VECTOR('',#15789,1000.);
#7623=VECTOR('',#15790,1000.);
#7624=VECTOR('',#15791,1000.);
#7625=VECTOR('',#15792,1000.);
#7626=VECTOR('',#15793,1000.);
#7627=VECTOR('',#15794,1000.);
#7628=VECTOR('',#15795,1000.);
#7629=VECTOR('',#15796,1000.);
#7630=VECTOR('',#15797,1000.);
#7631=VECTOR('',#15798,1000.);
#7632=VECTOR('',#15799,1000.);
#7633=VECTOR('',#15800,1000.);
#7634=VECTOR('',#15801,1000.);
#7635=VECTOR('',#15802,1000.);
#7636=VECTOR('',#15803,1000.);
#7637=VECTOR('',#15806,1000.);
#7638=VECTOR('',#15807,1000.);
#7639=VECTOR('',#15808,1000.);
#7640=VECTOR('',#15809,1000.);
#7641=VECTOR('',#15810,1000.);
#7642=VECTOR('',#15811,1000.);
#7643=VECTOR('',#15812,1000.);
#7644=VECTOR('',#15817,1000.);
#7645=VECTOR('',#15822,1000.);
#7646=VECTOR('',#15827,1000.);
#7647=VECTOR('',#15834,1000.);
#7648=VECTOR('',#15835,1000.);
#7649=VECTOR('',#15844,1000.);
#7650=VECTOR('',#15847,1000.);
#7651=VECTOR('',#15850,1000.);
#7652=VECTOR('',#15853,1000.);
#7653=VECTOR('',#15864,1000.);
#7654=VECTOR('',#15865,1000.);
#7655=VECTOR('',#15874,1000.);
#7656=VECTOR('',#15877,1000.);
#7657=VECTOR('',#15880,1000.);
#7658=VECTOR('',#15881,1000.);
#7659=VECTOR('',#15890,1000.);
#7660=VECTOR('',#15895,1000.);
#7661=VECTOR('',#15898,1000.);
#7662=VECTOR('',#15901,1000.);
#7663=VECTOR('',#15930,1000.);
#7664=VECTOR('',#15931,1000.);
#7665=VECTOR('',#15932,1000.);
#7666=VECTOR('',#15933,1000.);
#7667=VECTOR('',#15936,1000.);
#7668=VECTOR('',#15937,1000.);
#7669=VECTOR('',#15938,1000.);
#7670=VECTOR('',#15939,1000.);
#7671=VECTOR('',#15942,1000.);
#7672=VECTOR('',#15943,1000.);
#7673=VECTOR('',#15944,1000.);
#7674=VECTOR('',#15945,1000.);
#7675=VECTOR('',#15948,1000.);
#7676=VECTOR('',#15949,1000.);
#7677=VECTOR('',#15950,1000.);
#7678=VECTOR('',#15951,1000.);
#7679=VECTOR('',#15954,1000.);
#7680=VECTOR('',#15955,1000.);
#7681=VECTOR('',#15956,1000.);
#7682=VECTOR('',#15957,1000.);
#7683=VECTOR('',#15960,1000.);
#7684=VECTOR('',#15961,1000.);
#7685=VECTOR('',#15962,1000.);
#7686=VECTOR('',#15963,1000.);
#7687=VECTOR('',#15966,1000.);
#7688=VECTOR('',#15967,1000.);
#7689=VECTOR('',#15968,1000.);
#7690=VECTOR('',#15969,1000.);
#7691=VECTOR('',#15972,1000.);
#7692=VECTOR('',#15973,1000.);
#7693=VECTOR('',#15974,1000.);
#7694=VECTOR('',#15975,1000.);
#7695=VECTOR('',#15978,1000.);
#7696=VECTOR('',#15979,1000.);
#7697=VECTOR('',#15980,1000.);
#7698=VECTOR('',#15981,1000.);
#7699=VECTOR('',#15984,1000.);
#7700=VECTOR('',#15987,1000.);
#7701=VECTOR('',#15992,1000.);
#7702=VECTOR('',#15995,1000.);
#7703=VECTOR('',#16000,1000.);
#7704=VECTOR('',#16003,1000.);
#7705=VECTOR('',#16008,1000.);
#7706=VECTOR('',#16011,1000.);
#7707=VECTOR('',#16016,1000.);
#7708=VECTOR('',#16019,1000.);
#7709=VECTOR('',#16024,1000.);
#7710=VECTOR('',#16027,1000.);
#7711=VECTOR('',#16032,1000.);
#7712=VECTOR('',#16035,1000.);
#7713=VECTOR('',#16040,1000.);
#7714=VECTOR('',#16043,1000.);
#7715=VECTOR('',#16048,1000.);
#7716=VECTOR('',#16051,1000.);
#7717=VECTOR('',#16056,1000.);
#7718=VECTOR('',#16059,1000.);
#7719=VECTOR('',#16064,1000.);
#7720=VECTOR('',#16067,1000.);
#7721=VECTOR('',#16072,1000.);
#7722=VECTOR('',#16075,1000.);
#7723=VECTOR('',#16080,1000.);
#7724=VECTOR('',#16083,1000.);
#7725=VECTOR('',#16088,1000.);
#7726=VECTOR('',#16091,1000.);
#7727=VECTOR('',#16096,1000.);
#7728=VECTOR('',#16099,1000.);
#7729=VECTOR('',#16104,1000.);
#7730=VECTOR('',#16107,1000.);
#7731=VECTOR('',#16112,1000.);
#7732=VECTOR('',#16115,1000.);
#7733=VECTOR('',#16120,1000.);
#7734=VECTOR('',#16123,1000.);
#7735=VECTOR('',#16128,1000.);
#7736=VECTOR('',#16131,1000.);
#7737=VECTOR('',#16136,1000.);
#7738=VECTOR('',#16139,1000.);
#7739=VECTOR('',#16144,1000.);
#7740=VECTOR('',#16147,1000.);
#7741=VECTOR('',#16152,1000.);
#7742=VECTOR('',#16155,1000.);
#7743=VECTOR('',#16160,1000.);
#7744=VECTOR('',#16163,1000.);
#7745=VECTOR('',#16168,1000.);
#7746=VECTOR('',#16171,1000.);
#7747=VECTOR('',#16176,1000.);
#7748=VECTOR('',#16179,1000.);
#7749=VECTOR('',#16184,1000.);
#7750=VECTOR('',#16187,1000.);
#7751=VECTOR('',#16192,1000.);
#7752=VECTOR('',#16195,1000.);
#7753=VECTOR('',#16200,1000.);
#7754=VECTOR('',#16203,1000.);
#7755=VECTOR('',#16210,1000.);
#7756=VECTOR('',#16213,1000.);
#7757=VECTOR('',#16218,1000.);
#7758=VECTOR('',#16221,1000.);
#7759=VECTOR('',#16226,1000.);
#7760=VECTOR('',#16229,1000.);
#7761=VECTOR('',#16234,1000.);
#7762=VECTOR('',#16237,1000.);
#7763=VECTOR('',#16242,1000.);
#7764=VECTOR('',#16245,1000.);
#7765=VECTOR('',#16250,1000.);
#7766=VECTOR('',#16253,1000.);
#7767=VECTOR('',#16258,1000.);
#7768=VECTOR('',#16261,1000.);
#7769=VECTOR('',#16266,1000.);
#7770=VECTOR('',#16269,1000.);
#7771=VECTOR('',#16274,1000.);
#7772=VECTOR('',#16277,1000.);
#7773=VECTOR('',#16282,1000.);
#7774=VECTOR('',#16285,1000.);
#7775=VECTOR('',#16290,1000.);
#7776=VECTOR('',#16293,1000.);
#7777=VECTOR('',#16298,1000.);
#7778=VECTOR('',#16301,1000.);
#7779=VECTOR('',#16304,1000.);
#7780=VECTOR('',#16305,1000.);
#7781=VECTOR('',#16306,1000.);
#7782=VECTOR('',#16309,1000.);
#7783=VECTOR('',#16310,1000.);
#7784=VECTOR('',#16313,1000.);
#7785=VECTOR('',#16314,1000.);
#7786=VECTOR('',#16317,1000.);
#7787=VECTOR('',#16320,1000.);
#7788=VECTOR('',#16321,1000.);
#7789=VECTOR('',#16322,1000.);
#7790=VECTOR('',#16325,1000.);
#7791=VECTOR('',#16326,1000.);
#7792=VECTOR('',#16329,1000.);
#7793=VECTOR('',#16330,1000.);
#7794=VECTOR('',#16333,1000.);
#7795=VECTOR('',#16336,1000.);
#7796=VECTOR('',#16337,1000.);
#7797=VECTOR('',#16338,1000.);
#7798=VECTOR('',#16341,1000.);
#7799=VECTOR('',#16342,1000.);
#7800=VECTOR('',#16345,1000.);
#7801=VECTOR('',#16346,1000.);
#7802=VECTOR('',#16349,1000.);
#7803=VECTOR('',#16352,1000.);
#7804=VECTOR('',#16353,1000.);
#7805=VECTOR('',#16354,1000.);
#7806=VECTOR('',#16357,1000.);
#7807=VECTOR('',#16358,1000.);
#7808=VECTOR('',#16361,1000.);
#7809=VECTOR('',#16362,1000.);
#7810=VECTOR('',#16365,1000.);
#7811=VECTOR('',#16368,1000.);
#7812=VECTOR('',#16369,1000.);
#7813=VECTOR('',#16370,1000.);
#7814=VECTOR('',#16373,1000.);
#7815=VECTOR('',#16374,1000.);
#7816=VECTOR('',#16377,1000.);
#7817=VECTOR('',#16378,1000.);
#7818=VECTOR('',#16381,1000.);
#7819=VECTOR('',#16384,1000.);
#7820=VECTOR('',#16385,1000.);
#7821=VECTOR('',#16386,1000.);
#7822=VECTOR('',#16389,1000.);
#7823=VECTOR('',#16390,1000.);
#7824=VECTOR('',#16393,1000.);
#7825=VECTOR('',#16394,1000.);
#7826=VECTOR('',#16397,1000.);
#7827=VECTOR('',#16400,1000.);
#7828=VECTOR('',#16401,1000.);
#7829=VECTOR('',#16402,1000.);
#7830=VECTOR('',#16405,1000.);
#7831=VECTOR('',#16406,1000.);
#7832=VECTOR('',#16409,1000.);
#7833=VECTOR('',#16410,1000.);
#7834=VECTOR('',#16413,1000.);
#7835=VECTOR('',#16416,1000.);
#7836=VECTOR('',#16417,1000.);
#7837=VECTOR('',#16418,1000.);
#7838=VECTOR('',#16421,1000.);
#7839=VECTOR('',#16422,1000.);
#7840=VECTOR('',#16425,1000.);
#7841=VECTOR('',#16426,1000.);
#7842=VECTOR('',#16429,1000.);
#7843=VECTOR('',#16432,1000.);
#7844=VECTOR('',#16433,1000.);
#7845=VECTOR('',#16434,1000.);
#7846=VECTOR('',#16437,1000.);
#7847=VECTOR('',#16438,1000.);
#7848=VECTOR('',#16441,1000.);
#7849=VECTOR('',#16442,1000.);
#7850=VECTOR('',#16445,1000.);
#7851=VECTOR('',#16448,1000.);
#7852=VECTOR('',#16449,1000.);
#7853=VECTOR('',#16450,1000.);
#7854=VECTOR('',#16453,1000.);
#7855=VECTOR('',#16454,1000.);
#7856=VECTOR('',#16455,1000.);
#7857=VECTOR('',#16456,1000.);
#7858=VECTOR('',#16459,1000.);
#7859=VECTOR('',#16460,1000.);
#7860=VECTOR('',#16463,1000.);
#7861=VECTOR('',#16464,1000.);
#7862=VECTOR('',#16465,1000.);
#7863=VECTOR('',#16468,1000.);
#7864=VECTOR('',#16469,1000.);
#7865=VECTOR('',#16470,1000.);
#7866=VECTOR('',#16473,1000.);
#7867=VECTOR('',#16474,1000.);
#7868=VECTOR('',#16475,1000.);
#7869=VECTOR('',#16478,1000.);
#7870=VECTOR('',#16479,1000.);
#7871=VECTOR('',#16480,1000.);
#7872=VECTOR('',#16481,1000.);
#7873=VECTOR('',#16484,1000.);
#7874=VECTOR('',#16485,1000.);
#7875=VECTOR('',#16488,1000.);
#7876=VECTOR('',#16489,1000.);
#7877=VECTOR('',#16490,1000.);
#7878=VECTOR('',#16493,1000.);
#7879=VECTOR('',#16494,1000.);
#7880=VECTOR('',#16495,1000.);
#7881=VECTOR('',#16498,1000.);
#7882=VECTOR('',#16499,1000.);
#7883=VECTOR('',#16500,1000.);
#7884=VECTOR('',#16503,1000.);
#7885=VECTOR('',#16504,1000.);
#7886=VECTOR('',#16505,1000.);
#7887=VECTOR('',#16506,1000.);
#7888=VECTOR('',#16509,1000.);
#7889=VECTOR('',#16510,1000.);
#7890=VECTOR('',#16513,1000.);
#7891=VECTOR('',#16514,1000.);
#7892=VECTOR('',#16515,1000.);
#7893=VECTOR('',#16518,1000.);
#7894=VECTOR('',#16519,1000.);
#7895=VECTOR('',#16520,1000.);
#7896=VECTOR('',#16523,1000.);
#7897=VECTOR('',#16524,1000.);
#7898=VECTOR('',#16525,1000.);
#7899=VECTOR('',#16528,1000.);
#7900=VECTOR('',#16529,1000.);
#7901=VECTOR('',#16530,1000.);
#7902=VECTOR('',#16531,1000.);
#7903=VECTOR('',#16534,1000.);
#7904=VECTOR('',#16535,1000.);
#7905=VECTOR('',#16538,1000.);
#7906=VECTOR('',#16539,1000.);
#7907=VECTOR('',#16540,1000.);
#7908=VECTOR('',#16543,1000.);
#7909=VECTOR('',#16544,1000.);
#7910=VECTOR('',#16545,1000.);
#7911=VECTOR('',#16548,1000.);
#7912=VECTOR('',#16549,1000.);
#7913=VECTOR('',#16550,1000.);
#7914=VECTOR('',#16553,1000.);
#7915=VECTOR('',#16554,1000.);
#7916=VECTOR('',#16555,1000.);
#7917=VECTOR('',#16556,1000.);
#7918=VECTOR('',#16559,1000.);
#7919=VECTOR('',#16560,1000.);
#7920=VECTOR('',#16563,1000.);
#7921=VECTOR('',#16564,1000.);
#7922=VECTOR('',#16565,1000.);
#7923=VECTOR('',#16568,1000.);
#7924=VECTOR('',#16569,1000.);
#7925=VECTOR('',#16570,1000.);
#7926=VECTOR('',#16573,1000.);
#7927=VECTOR('',#16574,1000.);
#7928=VECTOR('',#16575,1000.);
#7929=VECTOR('',#16578,1000.);
#7930=VECTOR('',#16579,1000.);
#7931=VECTOR('',#16580,1000.);
#7932=VECTOR('',#16581,1000.);
#7933=VECTOR('',#16584,1000.);
#7934=VECTOR('',#16585,1000.);
#7935=VECTOR('',#16588,1000.);
#7936=VECTOR('',#16589,1000.);
#7937=VECTOR('',#16590,1000.);
#7938=VECTOR('',#16593,1000.);
#7939=VECTOR('',#16594,1000.);
#7940=VECTOR('',#16595,1000.);
#7941=VECTOR('',#16598,1000.);
#7942=VECTOR('',#16599,1000.);
#7943=VECTOR('',#16600,1000.);
#7944=VECTOR('',#16603,1000.);
#7945=VECTOR('',#16604,1000.);
#7946=VECTOR('',#16605,1000.);
#7947=VECTOR('',#16606,1000.);
#7948=VECTOR('',#16609,1000.);
#7949=VECTOR('',#16610,1000.);
#7950=VECTOR('',#16613,1000.);
#7951=VECTOR('',#16614,1000.);
#7952=VECTOR('',#16615,1000.);
#7953=VECTOR('',#16618,1000.);
#7954=VECTOR('',#16619,1000.);
#7955=VECTOR('',#16620,1000.);
#7956=VECTOR('',#16623,1000.);
#7957=VECTOR('',#16624,1000.);
#7958=VECTOR('',#16625,1000.);
#7959=VECTOR('',#16628,1000.);
#7960=VECTOR('',#16629,1000.);
#7961=VECTOR('',#16630,1000.);
#7962=VECTOR('',#16631,1000.);
#7963=VECTOR('',#16634,1000.);
#7964=VECTOR('',#16635,1000.);
#7965=VECTOR('',#16638,1000.);
#7966=VECTOR('',#16639,1000.);
#7967=VECTOR('',#16640,1000.);
#7968=VECTOR('',#16643,1000.);
#7969=VECTOR('',#16644,1000.);
#7970=VECTOR('',#16645,1000.);
#7971=VECTOR('',#16648,1000.);
#7972=VECTOR('',#16649,1000.);
#7973=VECTOR('',#16650,1000.);
#7974=VECTOR('',#16653,1000.);
#7975=VECTOR('',#16654,1000.);
#7976=VECTOR('',#16655,1000.);
#7977=VECTOR('',#16656,1000.);
#7978=VECTOR('',#16659,1000.);
#7979=VECTOR('',#16660,1000.);
#7980=VECTOR('',#16663,1000.);
#7981=VECTOR('',#16664,1000.);
#7982=VECTOR('',#16665,1000.);
#7983=VECTOR('',#16668,1000.);
#7984=VECTOR('',#16669,1000.);
#7985=VECTOR('',#16670,1000.);
#7986=VECTOR('',#16673,1000.);
#7987=VECTOR('',#16674,1000.);
#7988=VECTOR('',#16675,1000.);
#7989=VECTOR('',#16678,1000.);
#7990=VECTOR('',#16679,1000.);
#7991=VECTOR('',#16680,1000.);
#7992=VECTOR('',#16681,1000.);
#7993=VECTOR('',#16684,1000.);
#7994=VECTOR('',#16685,1000.);
#7995=VECTOR('',#16688,1000.);
#7996=VECTOR('',#16689,1000.);
#7997=VECTOR('',#16690,1000.);
#7998=VECTOR('',#16693,1000.);
#7999=VECTOR('',#16694,1000.);
#8000=VECTOR('',#16695,1000.);
#8001=VECTOR('',#16698,1000.);
#8002=VECTOR('',#16699,1000.);
#8003=VECTOR('',#16700,1000.);
#8004=VECTOR('',#16703,1000.);
#8005=VECTOR('',#16704,1000.);
#8006=VECTOR('',#16705,1000.);
#8007=VECTOR('',#16706,1000.);
#8008=VECTOR('',#16709,1000.);
#8009=VECTOR('',#16710,1000.);
#8010=VECTOR('',#16713,1000.);
#8011=VECTOR('',#16714,1000.);
#8012=VECTOR('',#16715,1000.);
#8013=VECTOR('',#16718,1000.);
#8014=VECTOR('',#16719,1000.);
#8015=VECTOR('',#16720,1000.);
#8016=VECTOR('',#16723,1000.);
#8017=VECTOR('',#16724,1000.);
#8018=VECTOR('',#16725,1000.);
#8019=VECTOR('',#16728,1000.);
#8020=VECTOR('',#16729,1000.);
#8021=VECTOR('',#16730,1000.);
#8022=VECTOR('',#16731,1000.);
#8023=VECTOR('',#16734,1000.);
#8024=VECTOR('',#16735,1000.);
#8025=VECTOR('',#16738,1000.);
#8026=VECTOR('',#16739,1000.);
#8027=VECTOR('',#16740,1000.);
#8028=VECTOR('',#16743,1000.);
#8029=VECTOR('',#16744,1000.);
#8030=VECTOR('',#16745,1000.);
#8031=VECTOR('',#16748,1000.);
#8032=VECTOR('',#16749,1000.);
#8033=VECTOR('',#16750,1000.);
#8034=VECTOR('',#16753,1000.);
#8035=VECTOR('',#16754,1000.);
#8036=VECTOR('',#16755,1000.);
#8037=VECTOR('',#16756,1000.);
#8038=VECTOR('',#16759,1000.);
#8039=VECTOR('',#16760,1000.);
#8040=VECTOR('',#16763,1000.);
#8041=VECTOR('',#16764,1000.);
#8042=VECTOR('',#16765,1000.);
#8043=VECTOR('',#16768,1000.);
#8044=VECTOR('',#16769,1000.);
#8045=VECTOR('',#16770,1000.);
#8046=VECTOR('',#16773,1000.);
#8047=VECTOR('',#16774,1000.);
#8048=VECTOR('',#16775,1000.);
#8049=VECTOR('',#16778,1000.);
#8050=VECTOR('',#16779,1000.);
#8051=VECTOR('',#16780,1000.);
#8052=VECTOR('',#16781,1000.);
#8053=VECTOR('',#16784,1000.);
#8054=VECTOR('',#16785,1000.);
#8055=VECTOR('',#16788,1000.);
#8056=VECTOR('',#16789,1000.);
#8057=VECTOR('',#16790,1000.);
#8058=VECTOR('',#16793,1000.);
#8059=VECTOR('',#16794,1000.);
#8060=VECTOR('',#16795,1000.);
#8061=VECTOR('',#16798,1000.);
#8062=VECTOR('',#16799,1000.);
#8063=VECTOR('',#16800,1000.);
#8064=VECTOR('',#16803,1000.);
#8065=VECTOR('',#16804,1000.);
#8066=VECTOR('',#16805,1000.);
#8067=VECTOR('',#16806,1000.);
#8068=VECTOR('',#16809,1000.);
#8069=VECTOR('',#16810,1000.);
#8070=VECTOR('',#16813,1000.);
#8071=VECTOR('',#16814,1000.);
#8072=VECTOR('',#16815,1000.);
#8073=VECTOR('',#16818,1000.);
#8074=VECTOR('',#16819,1000.);
#8075=VECTOR('',#16820,1000.);
#8076=VECTOR('',#16823,1000.);
#8077=VECTOR('',#16824,1000.);
#8078=VECTOR('',#16825,1000.);
#8079=VECTOR('',#16828,1000.);
#8080=VECTOR('',#16829,1000.);
#8081=VECTOR('',#16830,1000.);
#8082=VECTOR('',#16831,1000.);
#8083=VECTOR('',#16834,1000.);
#8084=VECTOR('',#16835,1000.);
#8085=VECTOR('',#16838,1000.);
#8086=VECTOR('',#16839,1000.);
#8087=VECTOR('',#16840,1000.);
#8088=VECTOR('',#16843,1000.);
#8089=VECTOR('',#16844,1000.);
#8090=VECTOR('',#16845,1000.);
#8091=VECTOR('',#16848,1000.);
#8092=VECTOR('',#16849,1000.);
#8093=VECTOR('',#16850,1000.);
#8094=VECTOR('',#16853,1000.);
#8095=VECTOR('',#16854,1000.);
#8096=VECTOR('',#16855,1000.);
#8097=VECTOR('',#16856,1000.);
#8098=VECTOR('',#16859,1000.);
#8099=VECTOR('',#16860,1000.);
#8100=VECTOR('',#16863,1000.);
#8101=VECTOR('',#16864,1000.);
#8102=VECTOR('',#16865,1000.);
#8103=VECTOR('',#16868,1000.);
#8104=VECTOR('',#16869,1000.);
#8105=VECTOR('',#16870,1000.);
#8106=VECTOR('',#16873,1000.);
#8107=VECTOR('',#16874,1000.);
#8108=VECTOR('',#16875,1000.);
#8109=VECTOR('',#16878,1000.);
#8110=VECTOR('',#16879,1000.);
#8111=VECTOR('',#16880,1000.);
#8112=VECTOR('',#16881,1000.);
#8113=VECTOR('',#16884,1000.);
#8114=VECTOR('',#16885,1000.);
#8115=VECTOR('',#16888,1000.);
#8116=VECTOR('',#16889,1000.);
#8117=VECTOR('',#16890,1000.);
#8118=VECTOR('',#16893,1000.);
#8119=VECTOR('',#16894,1000.);
#8120=VECTOR('',#16895,1000.);
#8121=VECTOR('',#16898,1000.);
#8122=VECTOR('',#16899,1000.);
#8123=VECTOR('',#16900,1000.);
#8124=VECTOR('',#16903,1000.);
#8125=VECTOR('',#16904,1000.);
#8126=VECTOR('',#16905,1000.);
#8127=VECTOR('',#16906,1000.);
#8128=VECTOR('',#16909,1000.);
#8129=VECTOR('',#16910,1000.);
#8130=VECTOR('',#16913,1000.);
#8131=VECTOR('',#16914,1000.);
#8132=VECTOR('',#16915,1000.);
#8133=VECTOR('',#16918,1000.);
#8134=VECTOR('',#16919,1000.);
#8135=VECTOR('',#16920,1000.);
#8136=VECTOR('',#16923,1000.);
#8137=VECTOR('',#16924,1000.);
#8138=VECTOR('',#16925,1000.);
#8139=VECTOR('',#16928,1000.);
#8140=VECTOR('',#16929,1000.);
#8141=VECTOR('',#16930,1000.);
#8142=VECTOR('',#16931,1000.);
#8143=VECTOR('',#16934,1000.);
#8144=VECTOR('',#16935,1000.);
#8145=VECTOR('',#16938,1000.);
#8146=VECTOR('',#16939,1000.);
#8147=VECTOR('',#16940,1000.);
#8148=VECTOR('',#16943,1000.);
#8149=VECTOR('',#16944,1000.);
#8150=VECTOR('',#16945,1000.);
#8151=VECTOR('',#16948,1000.);
#8152=VECTOR('',#16949,1000.);
#8153=VECTOR('',#16950,1000.);
#8154=VECTOR('',#16953,1000.);
#8155=VECTOR('',#16954,1000.);
#8156=VECTOR('',#16955,1000.);
#8157=VECTOR('',#16956,1000.);
#8158=VECTOR('',#16959,1000.);
#8159=VECTOR('',#16960,1000.);
#8160=VECTOR('',#16963,1000.);
#8161=VECTOR('',#16964,1000.);
#8162=VECTOR('',#16965,1000.);
#8163=VECTOR('',#16968,1000.);
#8164=VECTOR('',#16969,1000.);
#8165=VECTOR('',#16970,1000.);
#8166=VECTOR('',#16973,1000.);
#8167=VECTOR('',#16974,1000.);
#8168=VECTOR('',#16975,1000.);
#8169=VECTOR('',#16978,1000.);
#8170=VECTOR('',#16979,1000.);
#8171=VECTOR('',#16980,1000.);
#8172=VECTOR('',#16981,1000.);
#8173=VECTOR('',#16984,1000.);
#8174=VECTOR('',#16985,1000.);
#8175=VECTOR('',#16988,1000.);
#8176=VECTOR('',#16989,1000.);
#8177=VECTOR('',#16990,1000.);
#8178=VECTOR('',#16993,1000.);
#8179=VECTOR('',#16994,1000.);
#8180=VECTOR('',#16995,1000.);
#8181=VECTOR('',#16998,1000.);
#8182=VECTOR('',#16999,1000.);
#8183=VECTOR('',#17000,1000.);
#8184=VECTOR('',#17003,1000.);
#8185=VECTOR('',#17004,1000.);
#8186=VECTOR('',#17005,1000.);
#8187=VECTOR('',#17006,1000.);
#8188=VECTOR('',#17009,1000.);
#8189=VECTOR('',#17010,1000.);
#8190=VECTOR('',#17013,1000.);
#8191=VECTOR('',#17014,1000.);
#8192=VECTOR('',#17015,1000.);
#8193=VECTOR('',#17018,1000.);
#8194=VECTOR('',#17019,1000.);
#8195=VECTOR('',#17020,1000.);
#8196=VECTOR('',#17023,1000.);
#8197=VECTOR('',#17024,1000.);
#8198=VECTOR('',#17025,1000.);
#8199=VECTOR('',#17028,1000.);
#8200=VECTOR('',#17029,1000.);
#8201=VECTOR('',#17030,1000.);
#8202=VECTOR('',#17031,1000.);
#8203=VECTOR('',#17034,1000.);
#8204=VECTOR('',#17035,1000.);
#8205=VECTOR('',#17038,1000.);
#8206=VECTOR('',#17039,1000.);
#8207=VECTOR('',#17040,1000.);
#8208=VECTOR('',#17043,1000.);
#8209=VECTOR('',#17044,1000.);
#8210=VECTOR('',#17045,1000.);
#8211=VECTOR('',#17048,1000.);
#8212=VECTOR('',#17049,1000.);
#8213=VECTOR('',#17050,1000.);
#8214=VECTOR('',#17053,1000.);
#8215=VECTOR('',#17054,1000.);
#8216=VECTOR('',#17055,1000.);
#8217=VECTOR('',#17056,1000.);
#8218=VECTOR('',#17059,1000.);
#8219=VECTOR('',#17060,1000.);
#8220=VECTOR('',#17063,1000.);
#8221=VECTOR('',#17064,1000.);
#8222=VECTOR('',#17065,1000.);
#8223=VECTOR('',#17068,1000.);
#8224=VECTOR('',#17069,1000.);
#8225=VECTOR('',#17070,1000.);
#8226=VECTOR('',#17073,1000.);
#8227=VECTOR('',#17074,1000.);
#8228=VECTOR('',#17075,1000.);
#8229=VECTOR('',#17078,1000.);
#8230=VECTOR('',#17079,1000.);
#8231=VECTOR('',#17080,1000.);
#8232=VECTOR('',#17081,1000.);
#8233=VECTOR('',#17084,1000.);
#8234=VECTOR('',#17085,1000.);
#8235=VECTOR('',#17088,1000.);
#8236=VECTOR('',#17089,1000.);
#8237=VECTOR('',#17090,1000.);
#8238=VECTOR('',#17093,1000.);
#8239=VECTOR('',#17094,1000.);
#8240=VECTOR('',#17095,1000.);
#8241=VECTOR('',#17098,1000.);
#8242=VECTOR('',#17099,1000.);
#8243=VECTOR('',#17100,1000.);
#8244=VECTOR('',#17103,1000.);
#8245=VECTOR('',#17104,1000.);
#8246=VECTOR('',#17105,1000.);
#8247=VECTOR('',#17106,1000.);
#8248=VECTOR('',#17109,1000.);
#8249=VECTOR('',#17110,1000.);
#8250=VECTOR('',#17113,1000.);
#8251=VECTOR('',#17114,1000.);
#8252=VECTOR('',#17115,1000.);
#8253=VECTOR('',#17118,1000.);
#8254=VECTOR('',#17119,1000.);
#8255=VECTOR('',#17120,1000.);
#8256=VECTOR('',#17123,1000.);
#8257=VECTOR('',#17124,1000.);
#8258=VECTOR('',#17125,1000.);
#8259=VECTOR('',#17128,1000.);
#8260=VECTOR('',#17129,1000.);
#8261=VECTOR('',#17130,1000.);
#8262=VECTOR('',#17131,1000.);
#8263=VECTOR('',#17134,1000.);
#8264=VECTOR('',#17135,1000.);
#8265=VECTOR('',#17138,1000.);
#8266=VECTOR('',#17139,1000.);
#8267=VECTOR('',#17140,1000.);
#8268=VECTOR('',#17143,1000.);
#8269=VECTOR('',#17144,1000.);
#8270=VECTOR('',#17145,1000.);
#8271=VECTOR('',#17148,1000.);
#8272=VECTOR('',#17149,1000.);
#8273=VECTOR('',#17150,1000.);
#8274=VECTOR('',#17153,1000.);
#8275=VECTOR('',#17154,1000.);
#8276=VECTOR('',#17155,1000.);
#8277=VECTOR('',#17156,1000.);
#8278=VECTOR('',#17159,1000.);
#8279=VECTOR('',#17160,1000.);
#8280=VECTOR('',#17163,1000.);
#8281=VECTOR('',#17164,1000.);
#8282=VECTOR('',#17165,1000.);
#8283=VECTOR('',#17168,1000.);
#8284=VECTOR('',#17169,1000.);
#8285=VECTOR('',#17170,1000.);
#8286=VECTOR('',#17173,1000.);
#8287=VECTOR('',#17174,1000.);
#8288=VECTOR('',#17175,1000.);
#8289=VECTOR('',#17178,1000.);
#8290=VECTOR('',#17179,1000.);
#8291=VECTOR('',#17180,1000.);
#8292=VECTOR('',#17181,1000.);
#8293=VECTOR('',#17184,1000.);
#8294=VECTOR('',#17185,1000.);
#8295=VECTOR('',#17188,1000.);
#8296=VECTOR('',#17189,1000.);
#8297=VECTOR('',#17190,1000.);
#8298=VECTOR('',#17193,1000.);
#8299=VECTOR('',#17194,1000.);
#8300=VECTOR('',#17195,1000.);
#8301=VECTOR('',#17198,1000.);
#8302=VECTOR('',#17199,1000.);
#8303=VECTOR('',#17200,1000.);
#8304=VECTOR('',#17203,1000.);
#8305=VECTOR('',#17204,1000.);
#8306=VECTOR('',#17205,1000.);
#8307=VECTOR('',#17206,1000.);
#8308=VECTOR('',#17209,1000.);
#8309=VECTOR('',#17210,1000.);
#8310=VECTOR('',#17213,1000.);
#8311=VECTOR('',#17214,1000.);
#8312=VECTOR('',#17215,1000.);
#8313=VECTOR('',#17218,1000.);
#8314=VECTOR('',#17219,1000.);
#8315=VECTOR('',#17220,1000.);
#8316=VECTOR('',#17223,1000.);
#8317=VECTOR('',#17224,1000.);
#8318=VECTOR('',#17225,1000.);
#8319=VECTOR('',#17228,1000.);
#8320=VECTOR('',#17229,1000.);
#8321=VECTOR('',#17230,1000.);
#8322=VECTOR('',#17231,1000.);
#8323=VECTOR('',#17234,1000.);
#8324=VECTOR('',#17235,1000.);
#8325=VECTOR('',#17238,1000.);
#8326=VECTOR('',#17239,1000.);
#8327=VECTOR('',#17240,1000.);
#8328=VECTOR('',#17243,1000.);
#8329=VECTOR('',#17244,1000.);
#8330=VECTOR('',#17245,1000.);
#8331=VECTOR('',#17248,1000.);
#8332=VECTOR('',#17249,1000.);
#8333=VECTOR('',#17250,1000.);
#8334=VECTOR('',#17253,1000.);
#8335=VECTOR('',#17254,1000.);
#8336=VECTOR('',#17255,1000.);
#8337=VECTOR('',#17256,1000.);
#8338=VECTOR('',#17259,1000.);
#8339=VECTOR('',#17260,1000.);
#8340=VECTOR('',#17263,1000.);
#8341=VECTOR('',#17264,1000.);
#8342=VECTOR('',#17265,1000.);
#8343=VECTOR('',#17268,1000.);
#8344=VECTOR('',#17269,1000.);
#8345=VECTOR('',#17270,1000.);
#8346=VECTOR('',#17273,1000.);
#8347=VECTOR('',#17274,1000.);
#8348=VECTOR('',#17275,1000.);
#8349=VECTOR('',#17278,1000.);
#8350=VECTOR('',#17279,1000.);
#8351=VECTOR('',#17280,1000.);
#8352=VECTOR('',#17281,1000.);
#8353=VECTOR('',#17284,1000.);
#8354=VECTOR('',#17285,1000.);
#8355=VECTOR('',#17288,1000.);
#8356=VECTOR('',#17289,1000.);
#8357=VECTOR('',#17290,1000.);
#8358=VECTOR('',#17293,1000.);
#8359=VECTOR('',#17294,1000.);
#8360=VECTOR('',#17295,1000.);
#8361=VECTOR('',#17298,1000.);
#8362=VECTOR('',#17299,1000.);
#8363=VECTOR('',#17300,1000.);
#8364=VECTOR('',#17303,1000.);
#8365=VECTOR('',#17304,1000.);
#8366=VECTOR('',#17305,1000.);
#8367=VECTOR('',#17306,1000.);
#8368=VECTOR('',#17309,1000.);
#8369=VECTOR('',#17310,1000.);
#8370=VECTOR('',#17313,1000.);
#8371=VECTOR('',#17314,1000.);
#8372=VECTOR('',#17315,1000.);
#8373=VECTOR('',#17318,1000.);
#8374=VECTOR('',#17319,1000.);
#8375=VECTOR('',#17320,1000.);
#8376=VECTOR('',#17323,1000.);
#8377=VECTOR('',#17324,1000.);
#8378=VECTOR('',#17325,1000.);
#8379=VECTOR('',#17328,1000.);
#8380=VECTOR('',#17329,1000.);
#8381=VECTOR('',#17330,1000.);
#8382=VECTOR('',#17331,1000.);
#8383=VECTOR('',#17334,1000.);
#8384=VECTOR('',#17335,1000.);
#8385=VECTOR('',#17338,1000.);
#8386=VECTOR('',#17339,1000.);
#8387=VECTOR('',#17340,1000.);
#8388=VECTOR('',#17343,1000.);
#8389=VECTOR('',#17344,1000.);
#8390=VECTOR('',#17345,1000.);
#8391=VECTOR('',#17348,1000.);
#8392=VECTOR('',#17349,1000.);
#8393=VECTOR('',#17350,1000.);
#8394=VECTOR('',#17353,1000.);
#8395=VECTOR('',#17354,1000.);
#8396=VECTOR('',#17355,1000.);
#8397=VECTOR('',#17356,1000.);
#8398=VECTOR('',#17359,1000.);
#8399=VECTOR('',#17360,1000.);
#8400=VECTOR('',#17363,1000.);
#8401=VECTOR('',#17364,1000.);
#8402=VECTOR('',#17365,1000.);
#8403=VECTOR('',#17368,1000.);
#8404=VECTOR('',#17369,1000.);
#8405=VECTOR('',#17370,1000.);
#8406=VECTOR('',#17373,1000.);
#8407=VECTOR('',#17374,1000.);
#8408=VECTOR('',#17375,1000.);
#8409=VECTOR('',#17378,1000.);
#8410=VECTOR('',#17379,1000.);
#8411=VECTOR('',#17380,1000.);
#8412=VECTOR('',#17381,1000.);
#8413=VECTOR('',#17384,1000.);
#8414=VECTOR('',#17385,1000.);
#8415=VECTOR('',#17388,1000.);
#8416=VECTOR('',#17389,1000.);
#8417=VECTOR('',#17390,1000.);
#8418=VECTOR('',#17393,1000.);
#8419=VECTOR('',#17394,1000.);
#8420=VECTOR('',#17395,1000.);
#8421=VECTOR('',#17398,1000.);
#8422=VECTOR('',#17399,1000.);
#8423=VECTOR('',#17400,1000.);
#8424=VECTOR('',#17403,1000.);
#8425=VECTOR('',#17404,1000.);
#8426=VECTOR('',#17405,1000.);
#8427=VECTOR('',#17406,1000.);
#8428=VECTOR('',#17409,1000.);
#8429=VECTOR('',#17410,1000.);
#8430=VECTOR('',#17413,1000.);
#8431=VECTOR('',#17414,1000.);
#8432=VECTOR('',#17415,1000.);
#8433=VECTOR('',#17418,1000.);
#8434=VECTOR('',#17419,1000.);
#8435=VECTOR('',#17420,1000.);
#8436=VECTOR('',#17423,1000.);
#8437=VECTOR('',#17424,1000.);
#8438=VECTOR('',#17425,1000.);
#8439=VECTOR('',#17428,1000.);
#8440=VECTOR('',#17429,1000.);
#8441=VECTOR('',#17430,1000.);
#8442=VECTOR('',#17431,1000.);
#8443=VECTOR('',#17434,1000.);
#8444=VECTOR('',#17435,1000.);
#8445=VECTOR('',#17438,1000.);
#8446=VECTOR('',#17439,1000.);
#8447=VECTOR('',#17440,1000.);
#8448=VECTOR('',#17443,1000.);
#8449=VECTOR('',#17444,1000.);
#8450=VECTOR('',#17445,1000.);
#8451=VECTOR('',#17448,1000.);
#8452=VECTOR('',#17449,1000.);
#8453=VECTOR('',#17450,1000.);
#8454=VECTOR('',#17451,1000.);
#8455=VECTOR('',#17452,1000.);
#8456=VECTOR('',#17453,1000.);
#8457=VECTOR('',#17454,1000.);
#8458=VECTOR('',#17455,1000.);
#8459=VECTOR('',#17456,1000.);
#8460=VECTOR('',#17457,1000.);
#8461=VECTOR('',#17458,1000.);
#8462=VECTOR('',#17459,1000.);
#8463=VECTOR('',#17460,1000.);
#8464=VECTOR('',#17461,1000.);
#8465=VECTOR('',#17462,1000.);
#8466=VECTOR('',#17463,1000.);
#8467=VECTOR('',#17464,1000.);
#8468=VECTOR('',#17465,1000.);
#8469=VECTOR('',#17466,1000.);
#8470=VECTOR('',#17467,1000.);
#8471=VECTOR('',#17468,1000.);
#8472=VECTOR('',#17469,1000.);
#8473=VECTOR('',#17470,1000.);
#8474=VECTOR('',#17471,1000.);
#8475=VECTOR('',#17472,1000.);
#8476=VECTOR('',#17473,1000.);
#8477=VECTOR('',#17474,1000.);
#8478=VECTOR('',#17475,1000.);
#8479=VECTOR('',#17476,1000.);
#8480=VECTOR('',#17477,1000.);
#8481=VECTOR('',#17478,1000.);
#8482=VECTOR('',#17479,1000.);
#8483=VECTOR('',#17480,1000.);
#8484=VECTOR('',#17481,1000.);
#8485=VECTOR('',#17482,1000.);
#8486=VECTOR('',#17483,1000.);
#8487=VECTOR('',#17484,1000.);
#8488=VECTOR('',#17485,1000.);
#8489=VECTOR('',#17486,1000.);
#8490=VECTOR('',#17487,1000.);
#8491=VECTOR('',#17488,1000.);
#8492=VECTOR('',#17489,1000.);
#8493=VECTOR('',#17490,1000.);
#8494=VECTOR('',#17491,1000.);
#8495=VECTOR('',#17492,1000.);
#8496=VECTOR('',#17493,1000.);
#8497=VECTOR('',#17494,1000.);
#8498=VECTOR('',#17495,1000.);
#8499=VECTOR('',#17496,1000.);
#8500=VECTOR('',#17497,1000.);
#8501=VECTOR('',#17498,1000.);
#8502=VECTOR('',#17499,1000.);
#8503=VECTOR('',#17500,1000.);
#8504=VECTOR('',#17501,1000.);
#8505=VECTOR('',#17502,1000.);
#8506=VECTOR('',#17503,1000.);
#8507=VECTOR('',#17504,1000.);
#8508=VECTOR('',#17505,1000.);
#8509=VECTOR('',#17506,1000.);
#8510=VECTOR('',#17507,1000.);
#8511=VECTOR('',#17508,1000.);
#8512=VECTOR('',#17509,1000.);
#8513=VECTOR('',#17510,1000.);
#8514=VECTOR('',#17511,1000.);
#8515=VECTOR('',#17512,1000.);
#8516=VECTOR('',#17513,1000.);
#8517=VECTOR('',#17514,1000.);
#8518=VECTOR('',#17515,1000.);
#8519=VECTOR('',#17516,1000.);
#8520=VECTOR('',#17517,1000.);
#8521=VECTOR('',#17518,1000.);
#8522=VECTOR('',#17519,1000.);
#8523=VECTOR('',#17520,1000.);
#8524=VECTOR('',#17521,1000.);
#8525=VECTOR('',#17522,1000.);
#8526=VECTOR('',#17523,1000.);
#8527=VECTOR('',#17524,1000.);
#8528=VECTOR('',#17525,1000.);
#8529=VECTOR('',#17526,1000.);
#8530=VECTOR('',#17527,1000.);
#8531=VECTOR('',#17528,1000.);
#8532=VECTOR('',#17529,1000.);
#8533=VECTOR('',#17530,1000.);
#8534=VECTOR('',#17531,1000.);
#8535=VECTOR('',#17532,1000.);
#8536=VECTOR('',#17533,1000.);
#8537=VECTOR('',#17534,1000.);
#8538=VECTOR('',#17535,1000.);
#8539=VECTOR('',#17536,1000.);
#8540=VECTOR('',#17537,1000.);
#8541=VECTOR('',#17538,1000.);
#8542=VECTOR('',#17539,1000.);
#8543=VECTOR('',#17540,1000.);
#8544=VECTOR('',#17541,1000.);
#8545=VECTOR('',#17542,1000.);
#8546=VECTOR('',#17543,1000.);
#8547=VECTOR('',#17544,1000.);
#8548=VECTOR('',#17545,1000.);
#8549=VECTOR('',#17546,1000.);
#8550=VECTOR('',#17547,1000.);
#8551=VECTOR('',#17548,1000.);
#8552=VECTOR('',#17549,1000.);
#8553=VECTOR('',#17550,1000.);
#8554=VECTOR('',#17551,1000.);
#8555=VECTOR('',#17552,1000.);
#8556=VECTOR('',#17553,1000.);
#8557=VECTOR('',#17554,1000.);
#8558=VECTOR('',#17555,1000.);
#8559=VECTOR('',#17556,1000.);
#8560=VECTOR('',#17557,1000.);
#8561=VECTOR('',#17558,1000.);
#8562=VECTOR('',#17559,1000.);
#8563=VECTOR('',#17560,1000.);
#8564=VECTOR('',#17561,1000.);
#8565=VECTOR('',#17562,1000.);
#8566=VECTOR('',#17563,1000.);
#8567=VECTOR('',#17564,1000.);
#8568=VECTOR('',#17565,1000.);
#8569=VECTOR('',#17566,1000.);
#8570=VECTOR('',#17567,1000.);
#8571=VECTOR('',#17568,1000.);
#8572=VECTOR('',#17569,1000.);
#8573=VECTOR('',#17570,1000.);
#8574=VECTOR('',#17571,1000.);
#8575=VECTOR('',#17574,1000.);
#8576=VECTOR('',#17575,1000.);
#8577=VECTOR('',#17578,1000.);
#8578=VECTOR('',#17581,1000.);
#8579=VECTOR('',#17584,1000.);
#8580=VECTOR('',#17587,1000.);
#8581=VECTOR('',#17590,1000.);
#8582=VECTOR('',#17593,1000.);
#8583=VECTOR('',#17596,1000.);
#8584=VECTOR('',#17599,1000.);
#8585=VECTOR('',#17602,1000.);
#8586=VECTOR('',#17605,1000.);
#8587=VECTOR('',#17608,1000.);
#8588=VECTOR('',#17611,1000.);
#8589=VECTOR('',#17614,1000.);
#8590=VECTOR('',#17617,1000.);
#8591=VECTOR('',#17620,1000.);
#8592=VECTOR('',#17623,1000.);
#8593=VECTOR('',#17626,1000.);
#8594=VECTOR('',#17629,1000.);
#8595=VECTOR('',#17632,1000.);
#8596=VECTOR('',#17635,1000.);
#8597=VECTOR('',#17638,1000.);
#8598=VECTOR('',#17641,1000.);
#8599=VECTOR('',#17644,1000.);
#8600=VECTOR('',#17647,1000.);
#8601=VECTOR('',#17650,1000.);
#8602=VECTOR('',#17653,1000.);
#8603=VECTOR('',#17656,1000.);
#8604=VECTOR('',#17659,1000.);
#8605=VECTOR('',#17662,1000.);
#8606=VECTOR('',#17665,1000.);
#8607=VECTOR('',#17668,1000.);
#8608=VECTOR('',#17671,1000.);
#8609=VECTOR('',#17674,1000.);
#8610=VECTOR('',#17677,1000.);
#8611=VECTOR('',#17680,1000.);
#8612=VECTOR('',#17683,1000.);
#8613=VECTOR('',#17686,1000.);
#8614=VECTOR('',#17689,1000.);
#8615=VECTOR('',#17692,1000.);
#8616=VECTOR('',#17695,1000.);
#8617=VECTOR('',#17698,1000.);
#8618=VECTOR('',#17701,1000.);
#8619=VECTOR('',#17704,1000.);
#8620=VECTOR('',#17707,1000.);
#8621=VECTOR('',#17710,1000.);
#8622=VECTOR('',#17713,1000.);
#8623=VECTOR('',#17716,1000.);
#8624=VECTOR('',#17719,1000.);
#8625=VECTOR('',#17722,1000.);
#8626=VECTOR('',#17725,1000.);
#8627=VECTOR('',#17728,1000.);
#8628=VECTOR('',#17731,1000.);
#8629=VECTOR('',#17734,1000.);
#8630=VECTOR('',#17737,1000.);
#8631=VECTOR('',#17740,1000.);
#8632=VECTOR('',#17743,1000.);
#8633=VECTOR('',#17746,1000.);
#8634=VECTOR('',#17749,1000.);
#8635=VECTOR('',#17752,1000.);
#8636=VECTOR('',#17755,1000.);
#8637=VECTOR('',#17758,1000.);
#8638=VECTOR('',#17761,1000.);
#8639=VECTOR('',#17764,1000.);
#8640=VECTOR('',#17767,1000.);
#8641=VECTOR('',#17770,1000.);
#8642=VECTOR('',#17773,1000.);
#8643=VECTOR('',#17776,1000.);
#8644=VECTOR('',#17779,1000.);
#8645=VECTOR('',#17782,1000.);
#8646=VECTOR('',#17785,1000.);
#8647=VECTOR('',#17788,1000.);
#8648=VECTOR('',#17791,1000.);
#8649=VECTOR('',#17794,1000.);
#8650=VECTOR('',#17797,1000.);
#8651=VECTOR('',#17800,1000.);
#8652=VECTOR('',#17803,1000.);
#8653=VECTOR('',#17806,1000.);
#8654=VECTOR('',#17809,1000.);
#8655=VECTOR('',#17812,1000.);
#8656=VECTOR('',#17815,1000.);
#8657=VECTOR('',#17818,1000.);
#8658=VECTOR('',#17821,1000.);
#8659=VECTOR('',#17824,1000.);
#8660=VECTOR('',#17827,1000.);
#8661=VECTOR('',#17830,1000.);
#8662=VECTOR('',#17833,1000.);
#8663=VECTOR('',#17836,1000.);
#8664=VECTOR('',#17839,1000.);
#8665=VECTOR('',#17842,1000.);
#8666=VECTOR('',#17845,1000.);
#8667=VECTOR('',#17848,1000.);
#8668=VECTOR('',#17851,1000.);
#8669=VECTOR('',#17854,1000.);
#8670=VECTOR('',#17857,1000.);
#8671=VECTOR('',#17860,1000.);
#8672=VECTOR('',#17863,1000.);
#8673=VECTOR('',#17866,1000.);
#8674=VECTOR('',#17869,1000.);
#8675=VECTOR('',#17872,1000.);
#8676=VECTOR('',#17875,1000.);
#8677=VECTOR('',#17878,1000.);
#8678=VECTOR('',#17881,1000.);
#8679=VECTOR('',#17884,1000.);
#8680=VECTOR('',#17887,1000.);
#8681=VECTOR('',#17890,1000.);
#8682=VECTOR('',#17893,1000.);
#8683=VECTOR('',#17896,1000.);
#8684=VECTOR('',#17899,1000.);
#8685=VECTOR('',#17902,1000.);
#8686=VECTOR('',#17905,1000.);
#8687=VECTOR('',#17908,1000.);
#8688=VECTOR('',#17911,1000.);
#8689=VECTOR('',#17914,1000.);
#8690=VECTOR('',#17917,1000.);
#8691=VECTOR('',#17920,1000.);
#8692=VECTOR('',#17923,1000.);
#8693=VECTOR('',#17926,1000.);
#8694=VECTOR('',#17929,1000.);
#8695=VECTOR('',#17932,1000.);
#8696=VECTOR('',#17935,1000.);
#8697=VECTOR('',#17938,1000.);
#8698=VECTOR('',#17941,1000.);
#8699=VECTOR('',#17944,1000.);
#8700=VECTOR('',#17947,1000.);
#8701=VECTOR('',#17950,1000.);
#8702=VECTOR('',#17953,1000.);
#8703=VECTOR('',#17956,1000.);
#8704=VECTOR('',#17959,1000.);
#8705=VECTOR('',#17962,1000.);
#8706=VECTOR('',#17965,1000.);
#8707=VECTOR('',#17968,1000.);
#8708=VECTOR('',#17971,1000.);
#8709=VECTOR('',#17974,1000.);
#8710=VECTOR('',#17977,1000.);
#8711=VECTOR('',#17980,1000.);
#8712=VECTOR('',#17983,1000.);
#8713=VECTOR('',#17986,1000.);
#8714=VECTOR('',#17989,1000.);
#8715=VECTOR('',#17992,1000.);
#8716=VECTOR('',#17995,1000.);
#8717=VECTOR('',#17998,1000.);
#8718=VECTOR('',#18001,1000.);
#8719=VECTOR('',#18004,1000.);
#8720=VECTOR('',#18007,1000.);
#8721=VECTOR('',#18010,1000.);
#8722=VECTOR('',#18013,1000.);
#8723=VECTOR('',#18016,1000.);
#8724=VECTOR('',#18019,1000.);
#8725=VECTOR('',#18022,1000.);
#8726=VECTOR('',#18025,1000.);
#8727=VECTOR('',#18028,1000.);
#8728=VECTOR('',#18031,1000.);
#8729=VECTOR('',#18034,1000.);
#8730=VECTOR('',#18037,1000.);
#8731=VECTOR('',#18040,1000.);
#8732=VECTOR('',#18043,1000.);
#8733=VECTOR('',#18046,1000.);
#8734=VECTOR('',#18049,1000.);
#8735=VECTOR('',#18052,1000.);
#8736=VECTOR('',#18055,1000.);
#8737=VECTOR('',#18058,1000.);
#8738=VECTOR('',#18061,1000.);
#8739=VECTOR('',#18066,1000.);
#8740=VECTOR('',#18069,1000.);
#8741=VECTOR('',#18070,1000.);
#8742=VECTOR('',#18071,1000.);
#8743=VECTOR('',#18072,1000.);
#8744=VECTOR('',#18083,1000.);
#8745=VECTOR('',#18086,1000.);
#8746=VECTOR('',#18087,1000.);
#8747=VECTOR('',#18090,1000.);
#8748=VECTOR('',#18091,1000.);
#8749=VECTOR('',#18092,1000.);
#8750=VECTOR('',#18095,1000.);
#8751=VECTOR('',#18098,1000.);
#8752=VECTOR('',#18103,1000.);
#8753=VECTOR('',#18104,1000.);
#8754=VECTOR('',#18107,1000.);
#8755=VECTOR('',#18108,1000.);
#8756=VECTOR('',#18111,1000.);
#8757=VECTOR('',#18118,1000.);
#8758=VECTOR('',#18119,1000.);
#8759=VECTOR('',#18120,1000.);
#8760=VECTOR('',#18123,1000.);
#8761=VECTOR('',#18126,1000.);
#8762=VECTOR('',#18131,1000.);
#8763=VECTOR('',#18132,1000.);
#8764=VECTOR('',#18135,1000.);
#8765=VECTOR('',#18136,1000.);
#8766=VECTOR('',#18139,1000.);
#8767=VECTOR('',#18144,1000.);
#8768=VECTOR('',#18147,1000.);
#8769=VECTOR('',#18148,1000.);
#8770=VECTOR('',#18149,1000.);
#8771=VECTOR('',#18150,1000.);
#8772=VECTOR('',#18151,1000.);
#8773=VECTOR('',#18154,1000.);
#8774=VECTOR('',#18157,1000.);
#8775=VECTOR('',#18158,1000.);
#8776=VECTOR('',#18159,1000.);
#8777=VECTOR('',#18160,1000.);
#8778=VECTOR('',#18161,1000.);
#8779=VECTOR('',#18164,1000.);
#8780=VECTOR('',#18167,1000.);
#8781=VECTOR('',#18168,1000.);
#8782=VECTOR('',#18169,1000.);
#8783=VECTOR('',#18170,1000.);
#8784=VECTOR('',#18171,1000.);
#8785=VECTOR('',#18174,1000.);
#8786=VECTOR('',#18177,1000.);
#8787=VECTOR('',#18178,1000.);
#8788=VECTOR('',#18179,1000.);
#8789=VECTOR('',#18180,1000.);
#8790=VECTOR('',#18181,1000.);
#8791=VECTOR('',#18184,1000.);
#8792=VECTOR('',#18187,1000.);
#8793=VECTOR('',#18188,1000.);
#8794=VECTOR('',#18189,1000.);
#8795=VECTOR('',#18190,1000.);
#8796=VECTOR('',#18191,1000.);
#8797=VECTOR('',#18194,1000.);
#8798=VECTOR('',#18197,1000.);
#8799=VECTOR('',#18198,1000.);
#8800=VECTOR('',#18199,1000.);
#8801=VECTOR('',#18200,1000.);
#8802=VECTOR('',#18201,1000.);
#8803=VECTOR('',#18204,1000.);
#8804=VECTOR('',#18207,1000.);
#8805=VECTOR('',#18212,1000.);
#8806=VECTOR('',#18213,1000.);
#8807=VECTOR('',#18214,1000.);
#8808=VECTOR('',#18221,1000.);
#8809=VECTOR('',#18224,1000.);
#8810=VECTOR('',#18225,1000.);
#8811=VECTOR('',#18226,1000.);
#8812=VECTOR('',#18235,1000.);
#8813=VECTOR('',#18238,1000.);
#8814=VECTOR('',#18239,1000.);
#8815=VECTOR('',#18240,1000.);
#8816=VECTOR('',#18241,1000.);
#8817=VECTOR('',#18244,1000.);
#8818=VECTOR('',#18247,1000.);
#8819=VECTOR('',#18248,1000.);
#8820=VECTOR('',#18249,1000.);
#8821=VECTOR('',#18252,1000.);
#8822=VECTOR('',#18255,1000.);
#8823=VECTOR('',#18256,1000.);
#8824=VECTOR('',#18257,1000.);
#8825=VECTOR('',#18258,1000.);
#8826=VECTOR('',#18261,1000.);
#8827=VECTOR('',#18264,1000.);
#8828=VECTOR('',#18265,1000.);
#8829=VECTOR('',#18266,1000.);
#8830=VECTOR('',#18267,1000.);
#8831=VECTOR('',#18270,1000.);
#8832=VECTOR('',#18273,1000.);
#8833=VECTOR('',#18274,1000.);
#8834=VECTOR('',#18275,1000.);
#8835=VECTOR('',#18276,1000.);
#8836=VECTOR('',#18279,1000.);
#8837=VECTOR('',#18282,1000.);
#8838=VECTOR('',#18283,1000.);
#8839=VECTOR('',#18284,1000.);
#8840=VECTOR('',#18285,1000.);
#8841=VECTOR('',#18288,1000.);
#8842=VECTOR('',#18289,1000.);
#8843=VECTOR('',#18292,1000.);
#8844=VECTOR('',#18293,1000.);
#8845=VECTOR('',#18296,1000.);
#8846=VECTOR('',#18297,1000.);
#8847=VECTOR('',#18300,1000.);
#8848=VECTOR('',#18301,1000.);
#8849=VECTOR('',#18304,1000.);
#8850=VECTOR('',#18305,1000.);
#8851=VECTOR('',#18308,1000.);
#8852=VECTOR('',#18309,1000.);
#8853=VECTOR('',#18312,1000.);
#8854=VECTOR('',#18315,1000.);
#8855=VECTOR('',#18318,1000.);
#8856=VECTOR('',#18321,1000.);
#8857=VECTOR('',#18324,1000.);
#8858=VECTOR('',#18327,1000.);
#8859=VECTOR('',#18332,1000.);
#8860=VECTOR('',#18333,1000.);
#8861=VECTOR('',#18334,1000.);
#8862=VECTOR('',#18335,1000.);
#8863=VECTOR('',#18336,1000.);
#8864=VECTOR('',#18337,1000.);
#8865=VECTOR('',#18340,1000.);
#8866=VECTOR('',#18343,1000.);
#8867=VECTOR('',#18346,1000.);
#8868=VECTOR('',#18349,1000.);
#8869=VECTOR('',#18352,1000.);
#8870=VECTOR('',#18355,1000.);
#8871=EDGE_LOOP('',(#235,#236,#237,#238,#239,#240,#241,#242));
#8872=EDGE_LOOP('',(#243,#244,#245,#246,#247,#248,#249,#250));
#8873=EDGE_LOOP('',(#251,#252,#253,#254,#255,#256));
#8874=EDGE_LOOP('',(#257,#258,#259,#260,#261,#262,#263,#264));
#8875=EDGE_LOOP('',(#265));
#8876=EDGE_LOOP('',(#266,#267,#268,#269,#270,#271,#272,#273,#274,#275,#276,
#277,#278,#279,#280,#281,#282,#283,#284,#285));
#8877=EDGE_LOOP('',(#286,#287,#288,#289,#290,#291,#292,#293,#294,#295,#296,
#297,#298,#299,#300,#301,#302,#303,#304,#305,#306,#307,#308,#309,#310,#311,
#312,#313,#314,#315,#316,#317,#318,#319,#320,#321,#322,#323,#324,#325,#326,
#327,#328,#329,#330,#331,#332,#333,#334,#335,#336,#337,#338,#339,#340,#341,
#342,#343,#344,#345,#346,#347,#348,#349,#350,#351,#352,#353,#354,#355,#356,
#357,#358,#359,#360,#361,#362,#363,#364,#365,#366,#367,#368,#369,#370,#371,
#372,#373,#374,#375,#376,#377,#378,#379,#380,#381,#382,#383,#384,#385,#386,
#387,#388,#389,#390,#391,#392,#393,#394,#395,#396,#397,#398,#399,#400,#401,
#402,#403,#404,#405,#406,#407,#408,#409,#410,#411,#412,#413,#414,#415,#416,
#417,#418,#419,#420,#421,#422,#423,#424,#425,#426,#427,#428,#429,#430,#431,
#432,#433,#434,#435,#436,#437,#438,#439,#440,#441,#442,#443,#444,#445,#446,
#447,#448,#449));
#8878=EDGE_LOOP('',(#450,#451,#452,#453,#454,#455,#456,#457));
#8879=EDGE_LOOP('',(#458,#459,#460,#461,#462,#463,#464,#465,#466,#467,#468,
#469));
#8880=EDGE_LOOP('',(#470));
#8881=EDGE_LOOP('',(#471,#472,#473,#474));
#8882=EDGE_LOOP('',(#475));
#8883=EDGE_LOOP('',(#476));
#8884=EDGE_LOOP('',(#477,#478,#479,#480));
#8885=EDGE_LOOP('',(#481,#482,#483,#484));
#8886=EDGE_LOOP('',(#485));
#8887=EDGE_LOOP('',(#486));
#8888=EDGE_LOOP('',(#487,#488,#489,#490));
#8889=EDGE_LOOP('',(#491,#492,#493,#494));
#8890=EDGE_LOOP('',(#495,#496,#497,#498));
#8891=EDGE_LOOP('',(#499,#500,#501,#502));
#8892=EDGE_LOOP('',(#503,#504,#505,#506,#507,#508));
#8893=EDGE_LOOP('',(#509,#510,#511,#512));
#8894=EDGE_LOOP('',(#513,#514,#515,#516));
#8895=EDGE_LOOP('',(#517,#518,#519,#520));
#8896=EDGE_LOOP('',(#521,#522,#523,#524));
#8897=EDGE_LOOP('',(#525));
#8898=EDGE_LOOP('',(#526,#527,#528,#529,#530,#531,#532,#533,#534,#535,#536,
#537));
#8899=EDGE_LOOP('',(#538));
#8900=EDGE_LOOP('',(#539));
#8901=EDGE_LOOP('',(#540));
#8902=EDGE_LOOP('',(#541));
#8903=EDGE_LOOP('',(#542));
#8904=EDGE_LOOP('',(#543));
#8905=EDGE_LOOP('',(#544));
#8906=EDGE_LOOP('',(#545));
#8907=EDGE_LOOP('',(#546));
#8908=EDGE_LOOP('',(#547));
#8909=EDGE_LOOP('',(#548));
#8910=EDGE_LOOP('',(#549));
#8911=EDGE_LOOP('',(#550));
#8912=EDGE_LOOP('',(#551,#552,#553,#554));
#8913=EDGE_LOOP('',(#555,#556,#557,#558));
#8914=EDGE_LOOP('',(#559,#560,#561,#562));
#8915=EDGE_LOOP('',(#563,#564,#565,#566));
#8916=EDGE_LOOP('',(#567,#568,#569,#570));
#8917=EDGE_LOOP('',(#571,#572,#573,#574));
#8918=EDGE_LOOP('',(#575,#576,#577,#578));
#8919=EDGE_LOOP('',(#579,#580,#581,#582));
#8920=EDGE_LOOP('',(#583,#584,#585,#586));
#8921=EDGE_LOOP('',(#587,#588,#589,#590));
#8922=EDGE_LOOP('',(#591,#592,#593,#594));
#8923=EDGE_LOOP('',(#595,#596,#597,#598));
#8924=EDGE_LOOP('',(#599,#600,#601,#602));
#8925=EDGE_LOOP('',(#603,#604,#605,#606));
#8926=EDGE_LOOP('',(#607,#608,#609,#610));
#8927=EDGE_LOOP('',(#611,#612,#613,#614));
#8928=EDGE_LOOP('',(#615,#616,#617,#618));
#8929=EDGE_LOOP('',(#619,#620,#621,#622));
#8930=EDGE_LOOP('',(#623,#624,#625,#626));
#8931=EDGE_LOOP('',(#627,#628,#629,#630));
#8932=EDGE_LOOP('',(#631,#632,#633,#634));
#8933=EDGE_LOOP('',(#635,#636,#637,#638));
#8934=EDGE_LOOP('',(#639,#640,#641,#642));
#8935=EDGE_LOOP('',(#643,#644,#645,#646));
#8936=EDGE_LOOP('',(#647,#648,#649,#650));
#8937=EDGE_LOOP('',(#651,#652,#653,#654));
#8938=EDGE_LOOP('',(#655,#656,#657,#658));
#8939=EDGE_LOOP('',(#659,#660,#661,#662));
#8940=EDGE_LOOP('',(#663,#664,#665,#666));
#8941=EDGE_LOOP('',(#667,#668,#669,#670));
#8942=EDGE_LOOP('',(#671,#672,#673,#674));
#8943=EDGE_LOOP('',(#675,#676,#677,#678));
#8944=EDGE_LOOP('',(#679,#680,#681,#682));
#8945=EDGE_LOOP('',(#683,#684,#685,#686));
#8946=EDGE_LOOP('',(#687,#688,#689,#690));
#8947=EDGE_LOOP('',(#691,#692,#693,#694));
#8948=EDGE_LOOP('',(#695,#696,#697,#698));
#8949=EDGE_LOOP('',(#699,#700,#701,#702));
#8950=EDGE_LOOP('',(#703,#704,#705,#706));
#8951=EDGE_LOOP('',(#707,#708,#709,#710));
#8952=EDGE_LOOP('',(#711,#712,#713,#714));
#8953=EDGE_LOOP('',(#715,#716,#717,#718));
#8954=EDGE_LOOP('',(#719,#720,#721,#722));
#8955=EDGE_LOOP('',(#723,#724,#725,#726));
#8956=EDGE_LOOP('',(#727,#728,#729,#730));
#8957=EDGE_LOOP('',(#731,#732,#733,#734));
#8958=EDGE_LOOP('',(#735,#736,#737,#738));
#8959=EDGE_LOOP('',(#739,#740,#741,#742));
#8960=EDGE_LOOP('',(#743,#744,#745,#746));
#8961=EDGE_LOOP('',(#747,#748,#749,#750));
#8962=EDGE_LOOP('',(#751,#752,#753,#754));
#8963=EDGE_LOOP('',(#755,#756,#757,#758));
#8964=EDGE_LOOP('',(#759,#760,#761,#762));
#8965=EDGE_LOOP('',(#763,#764,#765,#766));
#8966=EDGE_LOOP('',(#767,#768,#769,#770));
#8967=EDGE_LOOP('',(#771,#772,#773,#774));
#8968=EDGE_LOOP('',(#775,#776,#777,#778));
#8969=EDGE_LOOP('',(#779,#780,#781,#782));
#8970=EDGE_LOOP('',(#783,#784,#785,#786));
#8971=EDGE_LOOP('',(#787,#788,#789,#790));
#8972=EDGE_LOOP('',(#791,#792,#793,#794));
#8973=EDGE_LOOP('',(#795,#796,#797,#798));
#8974=EDGE_LOOP('',(#799,#800,#801,#802));
#8975=EDGE_LOOP('',(#803,#804,#805,#806));
#8976=EDGE_LOOP('',(#807,#808,#809,#810));
#8977=EDGE_LOOP('',(#811,#812,#813,#814));
#8978=EDGE_LOOP('',(#815,#816,#817,#818));
#8979=EDGE_LOOP('',(#819,#820,#821,#822));
#8980=EDGE_LOOP('',(#823,#824,#825,#826));
#8981=EDGE_LOOP('',(#827,#828,#829,#830));
#8982=EDGE_LOOP('',(#831,#832,#833,#834));
#8983=EDGE_LOOP('',(#835,#836,#837,#838));
#8984=EDGE_LOOP('',(#839,#840,#841,#842));
#8985=EDGE_LOOP('',(#843,#844,#845,#846));
#8986=EDGE_LOOP('',(#847,#848,#849,#850));
#8987=EDGE_LOOP('',(#851,#852,#853,#854));
#8988=EDGE_LOOP('',(#855,#856,#857,#858));
#8989=EDGE_LOOP('',(#859,#860,#861,#862));
#8990=EDGE_LOOP('',(#863,#864,#865,#866));
#8991=EDGE_LOOP('',(#867,#868,#869,#870));
#8992=EDGE_LOOP('',(#871,#872,#873,#874));
#8993=EDGE_LOOP('',(#875,#876,#877,#878));
#8994=EDGE_LOOP('',(#879,#880,#881,#882));
#8995=EDGE_LOOP('',(#883,#884,#885,#886));
#8996=EDGE_LOOP('',(#887,#888,#889,#890));
#8997=EDGE_LOOP('',(#891,#892,#893,#894));
#8998=EDGE_LOOP('',(#895,#896,#897,#898,#899,#900));
#8999=EDGE_LOOP('',(#901,#902,#903,#904));
#9000=EDGE_LOOP('',(#905,#906,#907,#908,#909,#910));
#9001=EDGE_LOOP('',(#911,#912,#913,#914));
#9002=EDGE_LOOP('',(#915,#916,#917,#918));
#9003=EDGE_LOOP('',(#919,#920,#921,#922,#923,#924));
#9004=EDGE_LOOP('',(#925,#926,#927,#928));
#9005=EDGE_LOOP('',(#929,#930,#931,#932,#933,#934));
#9006=EDGE_LOOP('',(#935,#936,#937,#938));
#9007=EDGE_LOOP('',(#939,#940,#941,#942));
#9008=EDGE_LOOP('',(#943,#944,#945,#946,#947,#948));
#9009=EDGE_LOOP('',(#949,#950,#951,#952));
#9010=EDGE_LOOP('',(#953,#954,#955,#956,#957,#958));
#9011=EDGE_LOOP('',(#959,#960,#961,#962));
#9012=EDGE_LOOP('',(#963,#964,#965,#966));
#9013=EDGE_LOOP('',(#967,#968,#969,#970,#971,#972));
#9014=EDGE_LOOP('',(#973,#974,#975,#976));
#9015=EDGE_LOOP('',(#977,#978,#979,#980,#981,#982));
#9016=EDGE_LOOP('',(#983,#984,#985,#986));
#9017=EDGE_LOOP('',(#987,#988,#989,#990));
#9018=EDGE_LOOP('',(#991,#992,#993,#994,#995,#996));
#9019=EDGE_LOOP('',(#997,#998,#999,#1000));
#9020=EDGE_LOOP('',(#1001,#1002,#1003,#1004,#1005,#1006));
#9021=EDGE_LOOP('',(#1007,#1008,#1009,#1010));
#9022=EDGE_LOOP('',(#1011,#1012,#1013,#1014));
#9023=EDGE_LOOP('',(#1015,#1016,#1017,#1018,#1019,#1020));
#9024=EDGE_LOOP('',(#1021,#1022,#1023,#1024));
#9025=EDGE_LOOP('',(#1025,#1026,#1027,#1028,#1029,#1030));
#9026=EDGE_LOOP('',(#1031,#1032,#1033,#1034));
#9027=EDGE_LOOP('',(#1035,#1036,#1037,#1038));
#9028=EDGE_LOOP('',(#1039,#1040,#1041,#1042,#1043,#1044));
#9029=EDGE_LOOP('',(#1045,#1046,#1047,#1048));
#9030=EDGE_LOOP('',(#1049,#1050,#1051,#1052,#1053,#1054));
#9031=EDGE_LOOP('',(#1055,#1056,#1057,#1058));
#9032=EDGE_LOOP('',(#1059,#1060,#1061,#1062));
#9033=EDGE_LOOP('',(#1063,#1064,#1065,#1066,#1067,#1068));
#9034=EDGE_LOOP('',(#1069,#1070,#1071,#1072));
#9035=EDGE_LOOP('',(#1073,#1074,#1075,#1076,#1077,#1078));
#9036=EDGE_LOOP('',(#1079,#1080,#1081,#1082));
#9037=EDGE_LOOP('',(#1083,#1084,#1085,#1086));
#9038=EDGE_LOOP('',(#1087,#1088,#1089,#1090,#1091,#1092));
#9039=EDGE_LOOP('',(#1093,#1094,#1095,#1096));
#9040=EDGE_LOOP('',(#1097,#1098,#1099,#1100,#1101,#1102));
#9041=EDGE_LOOP('',(#1103,#1104,#1105,#1106));
#9042=EDGE_LOOP('',(#1107,#1108,#1109,#1110));
#9043=EDGE_LOOP('',(#1111,#1112,#1113,#1114,#1115,#1116));
#9044=EDGE_LOOP('',(#1117,#1118,#1119,#1120));
#9045=EDGE_LOOP('',(#1121,#1122,#1123,#1124,#1125,#1126));
#9046=EDGE_LOOP('',(#1127,#1128,#1129,#1130));
#9047=EDGE_LOOP('',(#1131,#1132,#1133,#1134));
#9048=EDGE_LOOP('',(#1135,#1136,#1137,#1138,#1139,#1140));
#9049=EDGE_LOOP('',(#1141,#1142,#1143,#1144));
#9050=EDGE_LOOP('',(#1145,#1146,#1147,#1148,#1149,#1150));
#9051=EDGE_LOOP('',(#1151,#1152,#1153,#1154));
#9052=EDGE_LOOP('',(#1155,#1156,#1157,#1158));
#9053=EDGE_LOOP('',(#1159,#1160,#1161,#1162,#1163,#1164));
#9054=EDGE_LOOP('',(#1165,#1166,#1167,#1168));
#9055=EDGE_LOOP('',(#1169,#1170,#1171,#1172,#1173,#1174));
#9056=EDGE_LOOP('',(#1175,#1176,#1177,#1178));
#9057=EDGE_LOOP('',(#1179,#1180,#1181,#1182));
#9058=EDGE_LOOP('',(#1183,#1184,#1185,#1186,#1187,#1188));
#9059=EDGE_LOOP('',(#1189,#1190,#1191,#1192));
#9060=EDGE_LOOP('',(#1193,#1194,#1195,#1196,#1197,#1198));
#9061=EDGE_LOOP('',(#1199,#1200,#1201,#1202));
#9062=EDGE_LOOP('',(#1203,#1204,#1205,#1206));
#9063=EDGE_LOOP('',(#1207,#1208,#1209,#1210,#1211,#1212));
#9064=EDGE_LOOP('',(#1213,#1214,#1215,#1216));
#9065=EDGE_LOOP('',(#1217,#1218,#1219,#1220,#1221,#1222));
#9066=EDGE_LOOP('',(#1223,#1224,#1225,#1226));
#9067=EDGE_LOOP('',(#1227,#1228,#1229,#1230));
#9068=EDGE_LOOP('',(#1231,#1232,#1233,#1234,#1235,#1236));
#9069=EDGE_LOOP('',(#1237,#1238,#1239,#1240));
#9070=EDGE_LOOP('',(#1241,#1242,#1243,#1244,#1245,#1246));
#9071=EDGE_LOOP('',(#1247,#1248,#1249,#1250));
#9072=EDGE_LOOP('',(#1251,#1252,#1253,#1254));
#9073=EDGE_LOOP('',(#1255,#1256,#1257,#1258,#1259,#1260));
#9074=EDGE_LOOP('',(#1261,#1262,#1263,#1264));
#9075=EDGE_LOOP('',(#1265,#1266,#1267,#1268,#1269,#1270));
#9076=EDGE_LOOP('',(#1271,#1272,#1273,#1274));
#9077=EDGE_LOOP('',(#1275,#1276,#1277,#1278));
#9078=EDGE_LOOP('',(#1279,#1280,#1281,#1282,#1283,#1284));
#9079=EDGE_LOOP('',(#1285,#1286,#1287,#1288));
#9080=EDGE_LOOP('',(#1289,#1290,#1291,#1292,#1293,#1294));
#9081=EDGE_LOOP('',(#1295,#1296,#1297,#1298));
#9082=EDGE_LOOP('',(#1299,#1300,#1301,#1302));
#9083=EDGE_LOOP('',(#1303,#1304,#1305,#1306,#1307,#1308));
#9084=EDGE_LOOP('',(#1309,#1310,#1311,#1312));
#9085=EDGE_LOOP('',(#1313,#1314,#1315,#1316,#1317,#1318));
#9086=EDGE_LOOP('',(#1319,#1320,#1321,#1322));
#9087=EDGE_LOOP('',(#1323,#1324,#1325,#1326));
#9088=EDGE_LOOP('',(#1327,#1328,#1329,#1330,#1331,#1332));
#9089=EDGE_LOOP('',(#1333,#1334,#1335,#1336));
#9090=EDGE_LOOP('',(#1337,#1338,#1339,#1340,#1341,#1342));
#9091=EDGE_LOOP('',(#1343,#1344,#1345,#1346));
#9092=EDGE_LOOP('',(#1347,#1348,#1349,#1350));
#9093=EDGE_LOOP('',(#1351,#1352,#1353,#1354,#1355,#1356));
#9094=EDGE_LOOP('',(#1357,#1358,#1359,#1360));
#9095=EDGE_LOOP('',(#1361,#1362,#1363,#1364,#1365,#1366));
#9096=EDGE_LOOP('',(#1367,#1368,#1369,#1370));
#9097=EDGE_LOOP('',(#1371,#1372,#1373,#1374));
#9098=EDGE_LOOP('',(#1375,#1376,#1377,#1378,#1379,#1380));
#9099=EDGE_LOOP('',(#1381,#1382,#1383,#1384));
#9100=EDGE_LOOP('',(#1385,#1386,#1387,#1388,#1389,#1390));
#9101=EDGE_LOOP('',(#1391,#1392,#1393,#1394));
#9102=EDGE_LOOP('',(#1395,#1396,#1397,#1398));
#9103=EDGE_LOOP('',(#1399,#1400,#1401,#1402,#1403,#1404));
#9104=EDGE_LOOP('',(#1405,#1406,#1407,#1408));
#9105=EDGE_LOOP('',(#1409,#1410,#1411,#1412,#1413,#1414));
#9106=EDGE_LOOP('',(#1415,#1416,#1417,#1418));
#9107=EDGE_LOOP('',(#1419,#1420,#1421,#1422));
#9108=EDGE_LOOP('',(#1423,#1424,#1425,#1426,#1427,#1428));
#9109=EDGE_LOOP('',(#1429,#1430,#1431,#1432));
#9110=EDGE_LOOP('',(#1433,#1434,#1435,#1436,#1437,#1438));
#9111=EDGE_LOOP('',(#1439,#1440,#1441,#1442));
#9112=EDGE_LOOP('',(#1443,#1444,#1445,#1446));
#9113=EDGE_LOOP('',(#1447,#1448,#1449,#1450,#1451,#1452));
#9114=EDGE_LOOP('',(#1453,#1454,#1455,#1456));
#9115=EDGE_LOOP('',(#1457,#1458,#1459,#1460,#1461,#1462));
#9116=EDGE_LOOP('',(#1463,#1464,#1465,#1466));
#9117=EDGE_LOOP('',(#1467,#1468,#1469,#1470));
#9118=EDGE_LOOP('',(#1471,#1472,#1473,#1474,#1475,#1476));
#9119=EDGE_LOOP('',(#1477,#1478,#1479,#1480));
#9120=EDGE_LOOP('',(#1481,#1482,#1483,#1484,#1485,#1486));
#9121=EDGE_LOOP('',(#1487,#1488,#1489,#1490));
#9122=EDGE_LOOP('',(#1491,#1492,#1493,#1494));
#9123=EDGE_LOOP('',(#1495,#1496,#1497,#1498,#1499,#1500));
#9124=EDGE_LOOP('',(#1501,#1502,#1503,#1504));
#9125=EDGE_LOOP('',(#1505,#1506,#1507,#1508,#1509,#1510));
#9126=EDGE_LOOP('',(#1511,#1512,#1513,#1514));
#9127=EDGE_LOOP('',(#1515,#1516,#1517,#1518));
#9128=EDGE_LOOP('',(#1519,#1520,#1521,#1522,#1523,#1524));
#9129=EDGE_LOOP('',(#1525,#1526,#1527,#1528));
#9130=EDGE_LOOP('',(#1529,#1530,#1531,#1532,#1533,#1534));
#9131=EDGE_LOOP('',(#1535,#1536,#1537,#1538));
#9132=EDGE_LOOP('',(#1539,#1540,#1541,#1542));
#9133=EDGE_LOOP('',(#1543,#1544,#1545,#1546,#1547,#1548));
#9134=EDGE_LOOP('',(#1549,#1550,#1551,#1552));
#9135=EDGE_LOOP('',(#1553,#1554,#1555,#1556,#1557,#1558));
#9136=EDGE_LOOP('',(#1559,#1560,#1561,#1562));
#9137=EDGE_LOOP('',(#1563,#1564,#1565,#1566));
#9138=EDGE_LOOP('',(#1567,#1568,#1569,#1570,#1571,#1572));
#9139=EDGE_LOOP('',(#1573,#1574,#1575,#1576));
#9140=EDGE_LOOP('',(#1577,#1578,#1579,#1580,#1581,#1582));
#9141=EDGE_LOOP('',(#1583,#1584,#1585,#1586));
#9142=EDGE_LOOP('',(#1587,#1588,#1589,#1590));
#9143=EDGE_LOOP('',(#1591,#1592,#1593,#1594,#1595,#1596));
#9144=EDGE_LOOP('',(#1597,#1598,#1599,#1600));
#9145=EDGE_LOOP('',(#1601,#1602,#1603,#1604,#1605,#1606));
#9146=EDGE_LOOP('',(#1607,#1608,#1609,#1610));
#9147=EDGE_LOOP('',(#1611,#1612,#1613,#1614));
#9148=EDGE_LOOP('',(#1615,#1616,#1617,#1618,#1619,#1620));
#9149=EDGE_LOOP('',(#1621,#1622,#1623,#1624));
#9150=EDGE_LOOP('',(#1625,#1626,#1627,#1628,#1629,#1630));
#9151=EDGE_LOOP('',(#1631,#1632,#1633,#1634));
#9152=EDGE_LOOP('',(#1635,#1636,#1637,#1638));
#9153=EDGE_LOOP('',(#1639,#1640,#1641,#1642,#1643,#1644));
#9154=EDGE_LOOP('',(#1645,#1646,#1647,#1648));
#9155=EDGE_LOOP('',(#1649,#1650,#1651,#1652,#1653,#1654));
#9156=EDGE_LOOP('',(#1655,#1656,#1657,#1658));
#9157=EDGE_LOOP('',(#1659,#1660,#1661,#1662));
#9158=EDGE_LOOP('',(#1663,#1664,#1665,#1666,#1667,#1668));
#9159=EDGE_LOOP('',(#1669,#1670,#1671,#1672));
#9160=EDGE_LOOP('',(#1673,#1674,#1675,#1676,#1677,#1678));
#9161=EDGE_LOOP('',(#1679,#1680,#1681,#1682));
#9162=EDGE_LOOP('',(#1683,#1684,#1685,#1686));
#9163=EDGE_LOOP('',(#1687,#1688,#1689,#1690,#1691,#1692));
#9164=EDGE_LOOP('',(#1693,#1694,#1695,#1696));
#9165=EDGE_LOOP('',(#1697,#1698,#1699,#1700,#1701,#1702));
#9166=EDGE_LOOP('',(#1703,#1704,#1705,#1706));
#9167=EDGE_LOOP('',(#1707,#1708,#1709,#1710));
#9168=EDGE_LOOP('',(#1711,#1712,#1713,#1714,#1715,#1716));
#9169=EDGE_LOOP('',(#1717,#1718,#1719,#1720));
#9170=EDGE_LOOP('',(#1721,#1722,#1723,#1724,#1725,#1726));
#9171=EDGE_LOOP('',(#1727,#1728,#1729,#1730));
#9172=EDGE_LOOP('',(#1731,#1732,#1733,#1734));
#9173=EDGE_LOOP('',(#1735,#1736,#1737,#1738,#1739,#1740));
#9174=EDGE_LOOP('',(#1741,#1742,#1743,#1744));
#9175=EDGE_LOOP('',(#1745,#1746,#1747,#1748,#1749,#1750));
#9176=EDGE_LOOP('',(#1751,#1752,#1753,#1754));
#9177=EDGE_LOOP('',(#1755,#1756,#1757,#1758));
#9178=EDGE_LOOP('',(#1759,#1760,#1761,#1762,#1763,#1764));
#9179=EDGE_LOOP('',(#1765,#1766,#1767,#1768));
#9180=EDGE_LOOP('',(#1769,#1770,#1771,#1772,#1773,#1774));
#9181=EDGE_LOOP('',(#1775,#1776,#1777,#1778));
#9182=EDGE_LOOP('',(#1779,#1780,#1781,#1782));
#9183=EDGE_LOOP('',(#1783,#1784,#1785,#1786,#1787,#1788));
#9184=EDGE_LOOP('',(#1789,#1790,#1791,#1792));
#9185=EDGE_LOOP('',(#1793,#1794,#1795,#1796,#1797,#1798));
#9186=EDGE_LOOP('',(#1799,#1800,#1801,#1802));
#9187=EDGE_LOOP('',(#1803,#1804,#1805,#1806));
#9188=EDGE_LOOP('',(#1807,#1808,#1809,#1810,#1811,#1812));
#9189=EDGE_LOOP('',(#1813,#1814,#1815,#1816));
#9190=EDGE_LOOP('',(#1817,#1818,#1819,#1820,#1821,#1822));
#9191=EDGE_LOOP('',(#1823,#1824,#1825,#1826));
#9192=EDGE_LOOP('',(#1827,#1828,#1829,#1830));
#9193=EDGE_LOOP('',(#1831,#1832,#1833,#1834,#1835,#1836));
#9194=EDGE_LOOP('',(#1837,#1838,#1839,#1840));
#9195=EDGE_LOOP('',(#1841,#1842,#1843,#1844,#1845,#1846));
#9196=EDGE_LOOP('',(#1847,#1848,#1849,#1850));
#9197=EDGE_LOOP('',(#1851,#1852,#1853,#1854));
#9198=EDGE_LOOP('',(#1855,#1856,#1857,#1858));
#9199=EDGE_LOOP('',(#1859,#1860,#1861,#1862));
#9200=EDGE_LOOP('',(#1863,#1864,#1865,#1866));
#9201=EDGE_LOOP('',(#1867,#1868,#1869,#1870));
#9202=EDGE_LOOP('',(#1871,#1872,#1873,#1874));
#9203=EDGE_LOOP('',(#1875,#1876,#1877,#1878));
#9204=EDGE_LOOP('',(#1879,#1880,#1881,#1882));
#9205=EDGE_LOOP('',(#1883,#1884,#1885,#1886,#1887,#1888,#1889,#1890,#1891,
#1892,#1893,#1894,#1895,#1896,#1897,#1898,#1899,#1900,#1901,#1902,#1903,
#1904,#1905,#1906,#1907,#1908,#1909,#1910,#1911,#1912,#1913,#1914,#1915,
#1916,#1917,#1918,#1919,#1920,#1921,#1922,#1923,#1924,#1925,#1926,#1927,
#1928,#1929,#1930,#1931,#1932,#1933,#1934,#1935,#1936,#1937,#1938,#1939,
#1940,#1941,#1942,#1943,#1944,#1945,#1946,#1947,#1948,#1949,#1950,#1951,
#1952,#1953,#1954,#1955,#1956,#1957,#1958,#1959,#1960,#1961,#1962,#1963,
#1964,#1965,#1966,#1967,#1968,#1969,#1970,#1971,#1972,#1973,#1974,#1975,
#1976,#1977,#1978,#1979,#1980,#1981,#1982,#1983,#1984,#1985,#1986,#1987,
#1988,#1989,#1990,#1991,#1992,#1993,#1994,#1995,#1996,#1997,#1998,#1999,
#2000,#2001,#2002,#2003,#2004,#2005,#2006,#2007,#2008,#2009,#2010,#2011,
#2012,#2013,#2014,#2015,#2016,#2017,#2018,#2019,#2020,#2021,#2022,#2023,
#2024,#2025,#2026,#2027,#2028,#2029,#2030,#2031,#2032,#2033,#2034,#2035,
#2036,#2037,#2038,#2039,#2040,#2041,#2042,#2043,#2044,#2045,#2046));
#9206=EDGE_LOOP('',(#2047,#2048,#2049,#2050));
#9207=EDGE_LOOP('',(#2051,#2052,#2053,#2054));
#9208=EDGE_LOOP('',(#2055,#2056,#2057,#2058,#2059,#2060,#2061,#2062));
#9209=EDGE_LOOP('',(#2063,#2064,#2065,#2066));
#9210=EDGE_LOOP('',(#2067,#2068,#2069,#2070,#2071,#2072,#2073,#2074));
#9211=EDGE_LOOP('',(#2075,#2076,#2077,#2078));
#9212=EDGE_LOOP('',(#2079,#2080,#2081,#2082,#2083,#2084,#2085,#2086));
#9213=EDGE_LOOP('',(#2087,#2088,#2089,#2090));
#9214=EDGE_LOOP('',(#2091,#2092,#2093,#2094,#2095,#2096,#2097,#2098));
#9215=EDGE_LOOP('',(#2099,#2100,#2101,#2102));
#9216=EDGE_LOOP('',(#2103,#2104,#2105,#2106,#2107,#2108,#2109,#2110));
#9217=EDGE_LOOP('',(#2111,#2112,#2113,#2114));
#9218=EDGE_LOOP('',(#2115,#2116,#2117,#2118,#2119,#2120,#2121,#2122));
#9219=EDGE_LOOP('',(#2123,#2124,#2125,#2126));
#9220=EDGE_LOOP('',(#2127,#2128,#2129,#2130,#2131,#2132,#2133,#2134));
#9221=EDGE_LOOP('',(#2135,#2136,#2137,#2138));
#9222=EDGE_LOOP('',(#2139,#2140,#2141,#2142,#2143,#2144,#2145,#2146));
#9223=EDGE_LOOP('',(#2147,#2148,#2149,#2150));
#9224=EDGE_LOOP('',(#2151,#2152,#2153,#2154,#2155,#2156,#2157,#2158));
#9225=EDGE_LOOP('',(#2159,#2160,#2161,#2162));
#9226=EDGE_LOOP('',(#2163,#2164,#2165,#2166,#2167,#2168,#2169,#2170));
#9227=EDGE_LOOP('',(#2171,#2172,#2173,#2174));
#9228=EDGE_LOOP('',(#2175,#2176,#2177,#2178,#2179,#2180,#2181,#2182));
#9229=EDGE_LOOP('',(#2183,#2184,#2185,#2186));
#9230=EDGE_LOOP('',(#2187,#2188,#2189,#2190,#2191,#2192,#2193,#2194));
#9231=EDGE_LOOP('',(#2195,#2196,#2197,#2198));
#9232=EDGE_LOOP('',(#2199,#2200,#2201,#2202,#2203,#2204,#2205,#2206));
#9233=EDGE_LOOP('',(#2207,#2208,#2209,#2210));
#9234=EDGE_LOOP('',(#2211,#2212,#2213,#2214,#2215,#2216,#2217,#2218));
#9235=EDGE_LOOP('',(#2219,#2220,#2221,#2222));
#9236=EDGE_LOOP('',(#2223,#2224,#2225,#2226,#2227,#2228,#2229,#2230));
#9237=EDGE_LOOP('',(#2231,#2232,#2233,#2234));
#9238=EDGE_LOOP('',(#2235,#2236,#2237,#2238,#2239,#2240,#2241,#2242));
#9239=EDGE_LOOP('',(#2243,#2244,#2245,#2246));
#9240=EDGE_LOOP('',(#2247,#2248,#2249,#2250,#2251,#2252,#2253,#2254));
#9241=EDGE_LOOP('',(#2255,#2256,#2257,#2258));
#9242=EDGE_LOOP('',(#2259,#2260,#2261,#2262,#2263,#2264,#2265,#2266));
#9243=EDGE_LOOP('',(#2267,#2268,#2269,#2270));
#9244=EDGE_LOOP('',(#2271,#2272,#2273,#2274,#2275,#2276,#2277,#2278));
#9245=EDGE_LOOP('',(#2279,#2280,#2281,#2282));
#9246=EDGE_LOOP('',(#2283,#2284,#2285,#2286,#2287,#2288,#2289,#2290));
#9247=EDGE_LOOP('',(#2291,#2292,#2293,#2294));
#9248=EDGE_LOOP('',(#2295,#2296,#2297,#2298,#2299,#2300,#2301,#2302));
#9249=EDGE_LOOP('',(#2303,#2304,#2305,#2306));
#9250=EDGE_LOOP('',(#2307,#2308,#2309,#2310,#2311,#2312,#2313,#2314));
#9251=EDGE_LOOP('',(#2315,#2316,#2317,#2318));
#9252=EDGE_LOOP('',(#2319,#2320,#2321,#2322,#2323,#2324,#2325,#2326));
#9253=EDGE_LOOP('',(#2327,#2328,#2329,#2330));
#9254=EDGE_LOOP('',(#2331,#2332,#2333,#2334,#2335,#2336,#2337,#2338));
#9255=EDGE_LOOP('',(#2339,#2340,#2341,#2342));
#9256=EDGE_LOOP('',(#2343,#2344,#2345,#2346,#2347,#2348,#2349,#2350));
#9257=EDGE_LOOP('',(#2351,#2352,#2353,#2354));
#9258=EDGE_LOOP('',(#2355,#2356,#2357,#2358,#2359,#2360,#2361,#2362));
#9259=EDGE_LOOP('',(#2363,#2364,#2365,#2366));
#9260=EDGE_LOOP('',(#2367,#2368,#2369,#2370,#2371,#2372,#2373,#2374));
#9261=EDGE_LOOP('',(#2375,#2376,#2377,#2378));
#9262=EDGE_LOOP('',(#2379,#2380,#2381,#2382,#2383,#2384,#2385,#2386));
#9263=EDGE_LOOP('',(#2387,#2388,#2389,#2390));
#9264=EDGE_LOOP('',(#2391,#2392,#2393,#2394));
#9265=EDGE_LOOP('',(#2395,#2396,#2397,#2398));
#9266=EDGE_LOOP('',(#2399,#2400,#2401,#2402,#2403,#2404,#2405,#2406));
#9267=EDGE_LOOP('',(#2407,#2408,#2409,#2410));
#9268=EDGE_LOOP('',(#2411,#2412,#2413,#2414,#2415,#2416,#2417,#2418));
#9269=EDGE_LOOP('',(#2419,#2420,#2421,#2422));
#9270=EDGE_LOOP('',(#2423,#2424,#2425,#2426,#2427,#2428,#2429,#2430));
#9271=EDGE_LOOP('',(#2431,#2432,#2433,#2434));
#9272=EDGE_LOOP('',(#2435,#2436,#2437,#2438,#2439,#2440,#2441,#2442));
#9273=EDGE_LOOP('',(#2443,#2444,#2445,#2446));
#9274=EDGE_LOOP('',(#2447,#2448,#2449,#2450,#2451,#2452,#2453,#2454));
#9275=EDGE_LOOP('',(#2455,#2456,#2457,#2458));
#9276=EDGE_LOOP('',(#2459,#2460,#2461,#2462,#2463,#2464,#2465,#2466));
#9277=EDGE_LOOP('',(#2467,#2468,#2469,#2470));
#9278=EDGE_LOOP('',(#2471,#2472,#2473,#2474,#2475,#2476,#2477,#2478));
#9279=EDGE_LOOP('',(#2479,#2480,#2481,#2482));
#9280=EDGE_LOOP('',(#2483,#2484,#2485,#2486,#2487,#2488,#2489,#2490));
#9281=EDGE_LOOP('',(#2491,#2492,#2493,#2494));
#9282=EDGE_LOOP('',(#2495,#2496,#2497,#2498,#2499,#2500,#2501,#2502));
#9283=EDGE_LOOP('',(#2503,#2504,#2505,#2506));
#9284=EDGE_LOOP('',(#2507,#2508,#2509,#2510,#2511,#2512,#2513,#2514));
#9285=EDGE_LOOP('',(#2515,#2516,#2517,#2518));
#9286=EDGE_LOOP('',(#2519,#2520,#2521,#2522,#2523,#2524,#2525,#2526));
#9287=EDGE_LOOP('',(#2527,#2528,#2529,#2530));
#9288=EDGE_LOOP('',(#2531,#2532,#2533,#2534,#2535,#2536,#2537,#2538));
#9289=EDGE_LOOP('',(#2539,#2540,#2541,#2542));
#9290=EDGE_LOOP('',(#2543,#2544,#2545,#2546,#2547,#2548,#2549,#2550));
#9291=EDGE_LOOP('',(#2551,#2552,#2553,#2554));
#9292=EDGE_LOOP('',(#2555,#2556,#2557,#2558,#2559,#2560,#2561,#2562));
#9293=EDGE_LOOP('',(#2563,#2564,#2565,#2566));
#9294=EDGE_LOOP('',(#2567,#2568,#2569,#2570,#2571,#2572,#2573,#2574));
#9295=EDGE_LOOP('',(#2575,#2576,#2577,#2578));
#9296=EDGE_LOOP('',(#2579,#2580,#2581,#2582,#2583,#2584,#2585,#2586));
#9297=EDGE_LOOP('',(#2587,#2588,#2589,#2590));
#9298=EDGE_LOOP('',(#2591,#2592,#2593,#2594,#2595,#2596,#2597,#2598));
#9299=EDGE_LOOP('',(#2599,#2600,#2601,#2602));
#9300=EDGE_LOOP('',(#2603,#2604,#2605,#2606,#2607,#2608,#2609,#2610));
#9301=EDGE_LOOP('',(#2611,#2612,#2613,#2614));
#9302=EDGE_LOOP('',(#2615,#2616,#2617,#2618,#2619,#2620,#2621,#2622));
#9303=EDGE_LOOP('',(#2623,#2624,#2625,#2626));
#9304=EDGE_LOOP('',(#2627,#2628,#2629,#2630,#2631,#2632,#2633,#2634));
#9305=EDGE_LOOP('',(#2635,#2636,#2637,#2638));
#9306=EDGE_LOOP('',(#2639,#2640,#2641,#2642,#2643,#2644,#2645,#2646));
#9307=EDGE_LOOP('',(#2647,#2648,#2649,#2650));
#9308=EDGE_LOOP('',(#2651,#2652,#2653,#2654,#2655,#2656,#2657,#2658));
#9309=EDGE_LOOP('',(#2659,#2660,#2661,#2662));
#9310=EDGE_LOOP('',(#2663,#2664,#2665,#2666,#2667,#2668,#2669,#2670));
#9311=EDGE_LOOP('',(#2671,#2672,#2673,#2674));
#9312=EDGE_LOOP('',(#2675,#2676,#2677,#2678,#2679,#2680,#2681,#2682));
#9313=EDGE_LOOP('',(#2683,#2684,#2685,#2686));
#9314=EDGE_LOOP('',(#2687,#2688,#2689,#2690,#2691,#2692,#2693,#2694));
#9315=EDGE_LOOP('',(#2695,#2696,#2697,#2698));
#9316=EDGE_LOOP('',(#2699,#2700,#2701,#2702,#2703,#2704,#2705,#2706));
#9317=EDGE_LOOP('',(#2707,#2708,#2709,#2710));
#9318=EDGE_LOOP('',(#2711,#2712,#2713,#2714,#2715,#2716,#2717,#2718));
#9319=EDGE_LOOP('',(#2719,#2720,#2721,#2722));
#9320=EDGE_LOOP('',(#2723,#2724,#2725,#2726,#2727,#2728,#2729,#2730));
#9321=EDGE_LOOP('',(#2731,#2732,#2733,#2734));
#9322=EDGE_LOOP('',(#2735,#2736,#2737,#2738));
#9323=EDGE_LOOP('',(#2739,#2740,#2741,#2742,#2743,#2744,#2745,#2746));
#9324=EDGE_LOOP('',(#2747,#2748,#2749,#2750));
#9325=EDGE_LOOP('',(#2751,#2752,#2753,#2754,#2755,#2756,#2757,#2758));
#9326=EDGE_LOOP('',(#2759,#2760,#2761,#2762));
#9327=EDGE_LOOP('',(#2763,#2764,#2765,#2766,#2767,#2768,#2769,#2770));
#9328=EDGE_LOOP('',(#2771,#2772,#2773,#2774));
#9329=EDGE_LOOP('',(#2775,#2776,#2777,#2778,#2779,#2780,#2781,#2782));
#9330=EDGE_LOOP('',(#2783,#2784,#2785,#2786));
#9331=EDGE_LOOP('',(#2787,#2788,#2789,#2790,#2791,#2792,#2793,#2794));
#9332=EDGE_LOOP('',(#2795,#2796,#2797,#2798));
#9333=EDGE_LOOP('',(#2799,#2800,#2801,#2802,#2803,#2804,#2805,#2806));
#9334=EDGE_LOOP('',(#2807,#2808,#2809,#2810));
#9335=EDGE_LOOP('',(#2811,#2812,#2813,#2814,#2815,#2816,#2817,#2818));
#9336=EDGE_LOOP('',(#2819,#2820,#2821,#2822));
#9337=EDGE_LOOP('',(#2823,#2824,#2825,#2826,#2827,#2828,#2829,#2830));
#9338=EDGE_LOOP('',(#2831,#2832,#2833,#2834));
#9339=EDGE_LOOP('',(#2835,#2836,#2837,#2838,#2839,#2840,#2841,#2842));
#9340=EDGE_LOOP('',(#2843,#2844,#2845,#2846));
#9341=EDGE_LOOP('',(#2847,#2848,#2849,#2850,#2851,#2852,#2853,#2854));
#9342=EDGE_LOOP('',(#2855,#2856,#2857,#2858));
#9343=EDGE_LOOP('',(#2859,#2860,#2861,#2862,#2863,#2864,#2865,#2866));
#9344=EDGE_LOOP('',(#2867,#2868,#2869,#2870));
#9345=EDGE_LOOP('',(#2871,#2872,#2873,#2874,#2875,#2876,#2877,#2878));
#9346=EDGE_LOOP('',(#2879,#2880,#2881,#2882));
#9347=EDGE_LOOP('',(#2883,#2884,#2885,#2886,#2887,#2888,#2889,#2890));
#9348=EDGE_LOOP('',(#2891,#2892,#2893,#2894));
#9349=EDGE_LOOP('',(#2895,#2896,#2897,#2898,#2899,#2900,#2901,#2902));
#9350=EDGE_LOOP('',(#2903,#2904,#2905,#2906));
#9351=EDGE_LOOP('',(#2907,#2908,#2909,#2910,#2911,#2912,#2913,#2914));
#9352=EDGE_LOOP('',(#2915,#2916,#2917,#2918));
#9353=EDGE_LOOP('',(#2919,#2920,#2921,#2922,#2923,#2924,#2925,#2926));
#9354=EDGE_LOOP('',(#2927,#2928,#2929,#2930));
#9355=EDGE_LOOP('',(#2931,#2932,#2933,#2934,#2935,#2936,#2937,#2938));
#9356=EDGE_LOOP('',(#2939,#2940,#2941,#2942));
#9357=EDGE_LOOP('',(#2943,#2944,#2945,#2946,#2947,#2948,#2949,#2950));
#9358=EDGE_LOOP('',(#2951,#2952,#2953,#2954));
#9359=EDGE_LOOP('',(#2955,#2956,#2957,#2958,#2959,#2960,#2961,#2962));
#9360=EDGE_LOOP('',(#2963,#2964,#2965,#2966));
#9361=EDGE_LOOP('',(#2967,#2968,#2969,#2970,#2971,#2972,#2973,#2974));
#9362=EDGE_LOOP('',(#2975,#2976,#2977,#2978));
#9363=EDGE_LOOP('',(#2979,#2980,#2981,#2982,#2983,#2984,#2985,#2986));
#9364=EDGE_LOOP('',(#2987,#2988,#2989,#2990));
#9365=EDGE_LOOP('',(#2991,#2992,#2993,#2994,#2995,#2996,#2997,#2998));
#9366=EDGE_LOOP('',(#2999,#3000,#3001,#3002));
#9367=EDGE_LOOP('',(#3003,#3004,#3005,#3006,#3007,#3008,#3009,#3010));
#9368=EDGE_LOOP('',(#3011,#3012,#3013,#3014));
#9369=EDGE_LOOP('',(#3015,#3016,#3017,#3018,#3019,#3020,#3021,#3022));
#9370=EDGE_LOOP('',(#3023,#3024,#3025,#3026));
#9371=EDGE_LOOP('',(#3027,#3028,#3029,#3030));
#9372=EDGE_LOOP('',(#3031,#3032,#3033,#3034,#3035,#3036,#3037,#3038));
#9373=EDGE_LOOP('',(#3039,#3040,#3041,#3042));
#9374=EDGE_LOOP('',(#3043,#3044,#3045,#3046));
#9375=EDGE_LOOP('',(#3047,#3048,#3049,#3050));
#9376=EDGE_LOOP('',(#3051));
#9377=EDGE_LOOP('',(#3052));
#9378=EDGE_LOOP('',(#3053,#3054,#3055,#3056));
#9379=EDGE_LOOP('',(#3057,#3058,#3059,#3060));
#9380=EDGE_LOOP('',(#3061,#3062,#3063,#3064,#3065,#3066,#3067));
#9381=EDGE_LOOP('',(#3068,#3069,#3070,#3071,#3072,#3073,#3074));
#9382=EDGE_LOOP('',(#3075,#3076,#3077,#3078));
#9383=EDGE_LOOP('',(#3079,#3080,#3081,#3082));
#9384=EDGE_LOOP('',(#3083,#3084,#3085,#3086));
#9385=EDGE_LOOP('',(#3087,#3088,#3089,#3090));
#9386=EDGE_LOOP('',(#3091,#3092,#3093,#3094));
#9387=EDGE_LOOP('',(#3095,#3096,#3097,#3098));
#9388=EDGE_LOOP('',(#3099,#3100,#3101,#3102));
#9389=EDGE_LOOP('',(#3103,#3104,#3105,#3106));
#9390=EDGE_LOOP('',(#3107,#3108,#3109,#3110));
#9391=EDGE_LOOP('',(#3111,#3112,#3113,#3114));
#9392=EDGE_LOOP('',(#3115,#3116,#3117,#3118));
#9393=EDGE_LOOP('',(#3119,#3120,#3121,#3122));
#9394=EDGE_LOOP('',(#3123,#3124,#3125,#3126));
#9395=EDGE_LOOP('',(#3127,#3128,#3129,#3130));
#9396=EDGE_LOOP('',(#3131,#3132,#3133,#3134,#3135,#3136,#3137));
#9397=EDGE_LOOP('',(#3138,#3139,#3140,#3141,#3142,#3143,#3144));
#9398=EDGE_LOOP('',(#3145,#3146,#3147,#3148,#3149,#3150,#3151));
#9399=EDGE_LOOP('',(#3152,#3153,#3154,#3155,#3156,#3157,#3158));
#9400=EDGE_LOOP('',(#3159,#3160,#3161,#3162,#3163,#3164,#3165));
#9401=EDGE_LOOP('',(#3166,#3167,#3168,#3169,#3170,#3171,#3172));
#9402=EDGE_LOOP('',(#3173,#3174,#3175,#3176,#3177));
#9403=EDGE_LOOP('',(#3178,#3179,#3180,#3181));
#9404=EDGE_LOOP('',(#3182,#3183,#3184,#3185));
#9405=EDGE_LOOP('',(#3186,#3187,#3188,#3189));
#9406=EDGE_LOOP('',(#3190,#3191,#3192,#3193));
#9407=EDGE_LOOP('',(#3194,#3195,#3196,#3197,#3198,#3199,#3200));
#9408=EDGE_LOOP('',(#3201,#3202,#3203,#3204,#3205,#3206));
#9409=EDGE_LOOP('',(#3207,#3208,#3209,#3210,#3211,#3212,#3213));
#9410=EDGE_LOOP('',(#3214,#3215,#3216,#3217,#3218,#3219,#3220));
#9411=EDGE_LOOP('',(#3221,#3222,#3223,#3224,#3225,#3226,#3227));
#9412=EDGE_LOOP('',(#3228,#3229,#3230,#3231,#3232,#3233,#3234));
#9413=EDGE_LOOP('',(#3235,#3236,#3237,#3238));
#9414=EDGE_LOOP('',(#3239,#3240,#3241,#3242));
#9415=EDGE_LOOP('',(#3243,#3244,#3245,#3246));
#9416=EDGE_LOOP('',(#3247,#3248,#3249,#3250));
#9417=EDGE_LOOP('',(#3251,#3252,#3253,#3254));
#9418=EDGE_LOOP('',(#3255,#3256,#3257,#3258));
#9419=EDGE_LOOP('',(#3259,#3260,#3261,#3262));
#9420=EDGE_LOOP('',(#3263,#3264,#3265,#3266));
#9421=EDGE_LOOP('',(#3267,#3268,#3269,#3270));
#9422=EDGE_LOOP('',(#3271,#3272,#3273,#3274));
#9423=EDGE_LOOP('',(#3275,#3276,#3277,#3278));
#9424=EDGE_LOOP('',(#3279,#3280,#3281,#3282));
#9425=EDGE_LOOP('',(#3283));
#9426=EDGE_LOOP('',(#3284,#3285,#3286,#3287,#3288,#3289,#3290,#3291,#3292,
#3293,#3294,#3295,#3296,#3297,#3298,#3299,#3300,#3301,#3302,#3303,#3304,
#3305));
#9427=EDGE_LOOP('',(#3306,#3307,#3308,#3309));
#9428=EDGE_LOOP('',(#3310,#3311,#3312,#3313));
#9429=EDGE_LOOP('',(#3314,#3315,#3316,#3317));
#9430=EDGE_LOOP('',(#3318,#3319,#3320,#3321));
#9431=EDGE_LOOP('',(#3322,#3323,#3324,#3325));
#9432=EDGE_LOOP('',(#3326,#3327,#3328,#3329));
#9433=EDGE_LOOP('',(#3330,#3331,#3332,#3333,#3334,#3335,#3336,#3337,#3338,
#3339,#3340,#3341,#3342,#3343,#3344,#3345,#3346,#3347,#3348,#3349,#3350,
#3351,#3352));
#9434=EDGE_LOOP('',(#3353));
#9435=EDGE_LOOP('',(#3354));
#9436=EDGE_LOOP('',(#3355));
#9437=EDGE_LOOP('',(#3356,#3357,#3358,#3359));
#9438=EDGE_LOOP('',(#3360,#3361,#3362,#3363));
#9439=EDGE_LOOP('',(#3364,#3365,#3366,#3367));
#9440=EDGE_LOOP('',(#3368,#3369,#3370,#3371,#3372));
#9441=EDGE_LOOP('',(#3373,#3374,#3375,#3376));
#9442=EDGE_LOOP('',(#3377,#3378,#3379,#3380));
#9443=FACE_BOUND('',#8871,.T.);
#9444=FACE_BOUND('',#8872,.T.);
#9445=FACE_BOUND('',#8873,.T.);
#9446=FACE_BOUND('',#8874,.T.);
#9447=FACE_BOUND('',#8875,.T.);
#9448=FACE_BOUND('',#8876,.T.);
#9449=FACE_BOUND('',#8877,.T.);
#9450=FACE_BOUND('',#8878,.T.);
#9451=FACE_BOUND('',#8879,.T.);
#9452=FACE_BOUND('',#8880,.T.);
#9453=FACE_BOUND('',#8881,.T.);
#9454=FACE_BOUND('',#8882,.T.);
#9455=FACE_BOUND('',#8883,.T.);
#9456=FACE_BOUND('',#8884,.T.);
#9457=FACE_BOUND('',#8885,.T.);
#9458=FACE_BOUND('',#8886,.T.);
#9459=FACE_BOUND('',#8887,.T.);
#9460=FACE_BOUND('',#8888,.T.);
#9461=FACE_BOUND('',#8889,.T.);
#9462=FACE_BOUND('',#8890,.T.);
#9463=FACE_BOUND('',#8891,.T.);
#9464=FACE_BOUND('',#8892,.T.);
#9465=FACE_BOUND('',#8893,.T.);
#9466=FACE_BOUND('',#8894,.T.);
#9467=FACE_BOUND('',#8895,.T.);
#9468=FACE_BOUND('',#8896,.T.);
#9469=FACE_BOUND('',#8897,.T.);
#9470=FACE_BOUND('',#8898,.T.);
#9471=FACE_BOUND('',#8899,.T.);
#9472=FACE_BOUND('',#8900,.T.);
#9473=FACE_BOUND('',#8901,.T.);
#9474=FACE_BOUND('',#8902,.T.);
#9475=FACE_BOUND('',#8903,.T.);
#9476=FACE_BOUND('',#8904,.T.);
#9477=FACE_BOUND('',#8905,.T.);
#9478=FACE_BOUND('',#8906,.T.);
#9479=FACE_BOUND('',#8907,.T.);
#9480=FACE_BOUND('',#8908,.T.);
#9481=FACE_BOUND('',#8909,.T.);
#9482=FACE_BOUND('',#8910,.T.);
#9483=FACE_BOUND('',#8911,.T.);
#9484=FACE_BOUND('',#8912,.T.);
#9485=FACE_BOUND('',#8913,.T.);
#9486=FACE_BOUND('',#8914,.T.);
#9487=FACE_BOUND('',#8915,.T.);
#9488=FACE_BOUND('',#8916,.T.);
#9489=FACE_BOUND('',#8917,.T.);
#9490=FACE_BOUND('',#8918,.T.);
#9491=FACE_BOUND('',#8919,.T.);
#9492=FACE_BOUND('',#8920,.T.);
#9493=FACE_BOUND('',#8921,.T.);
#9494=FACE_BOUND('',#8922,.T.);
#9495=FACE_BOUND('',#8923,.T.);
#9496=FACE_BOUND('',#8924,.T.);
#9497=FACE_BOUND('',#8925,.T.);
#9498=FACE_BOUND('',#8926,.T.);
#9499=FACE_BOUND('',#8927,.T.);
#9500=FACE_BOUND('',#8928,.T.);
#9501=FACE_BOUND('',#8929,.T.);
#9502=FACE_BOUND('',#8930,.T.);
#9503=FACE_BOUND('',#8931,.T.);
#9504=FACE_BOUND('',#8932,.T.);
#9505=FACE_BOUND('',#8933,.T.);
#9506=FACE_BOUND('',#8934,.T.);
#9507=FACE_BOUND('',#8935,.T.);
#9508=FACE_BOUND('',#8936,.T.);
#9509=FACE_BOUND('',#8937,.T.);
#9510=FACE_BOUND('',#8938,.T.);
#9511=FACE_BOUND('',#8939,.T.);
#9512=FACE_BOUND('',#8940,.T.);
#9513=FACE_BOUND('',#8941,.T.);
#9514=FACE_BOUND('',#8942,.T.);
#9515=FACE_BOUND('',#8943,.T.);
#9516=FACE_BOUND('',#8944,.T.);
#9517=FACE_BOUND('',#8945,.T.);
#9518=FACE_BOUND('',#8946,.T.);
#9519=FACE_BOUND('',#8947,.T.);
#9520=FACE_BOUND('',#8948,.T.);
#9521=FACE_BOUND('',#8949,.T.);
#9522=FACE_BOUND('',#8950,.T.);
#9523=FACE_BOUND('',#8951,.T.);
#9524=FACE_BOUND('',#8952,.T.);
#9525=FACE_BOUND('',#8953,.T.);
#9526=FACE_BOUND('',#8954,.T.);
#9527=FACE_BOUND('',#8955,.T.);
#9528=FACE_BOUND('',#8956,.T.);
#9529=FACE_BOUND('',#8957,.T.);
#9530=FACE_BOUND('',#8958,.T.);
#9531=FACE_BOUND('',#8959,.T.);
#9532=FACE_BOUND('',#8960,.T.);
#9533=FACE_BOUND('',#8961,.T.);
#9534=FACE_BOUND('',#8962,.T.);
#9535=FACE_BOUND('',#8963,.T.);
#9536=FACE_BOUND('',#8964,.T.);
#9537=FACE_BOUND('',#8965,.T.);
#9538=FACE_BOUND('',#8966,.T.);
#9539=FACE_BOUND('',#8967,.T.);
#9540=FACE_BOUND('',#8968,.T.);
#9541=FACE_BOUND('',#8969,.T.);
#9542=FACE_BOUND('',#8970,.T.);
#9543=FACE_BOUND('',#8971,.T.);
#9544=FACE_BOUND('',#8972,.T.);
#9545=FACE_BOUND('',#8973,.T.);
#9546=FACE_BOUND('',#8974,.T.);
#9547=FACE_BOUND('',#8975,.T.);
#9548=FACE_BOUND('',#8976,.T.);
#9549=FACE_BOUND('',#8977,.T.);
#9550=FACE_BOUND('',#8978,.T.);
#9551=FACE_BOUND('',#8979,.T.);
#9552=FACE_BOUND('',#8980,.T.);
#9553=FACE_BOUND('',#8981,.T.);
#9554=FACE_BOUND('',#8982,.T.);
#9555=FACE_BOUND('',#8983,.T.);
#9556=FACE_BOUND('',#8984,.T.);
#9557=FACE_BOUND('',#8985,.T.);
#9558=FACE_BOUND('',#8986,.T.);
#9559=FACE_BOUND('',#8987,.T.);
#9560=FACE_BOUND('',#8988,.T.);
#9561=FACE_BOUND('',#8989,.T.);
#9562=FACE_BOUND('',#8990,.T.);
#9563=FACE_BOUND('',#8991,.T.);
#9564=FACE_BOUND('',#8992,.T.);
#9565=FACE_BOUND('',#8993,.T.);
#9566=FACE_BOUND('',#8994,.T.);
#9567=FACE_BOUND('',#8995,.T.);
#9568=FACE_BOUND('',#8996,.T.);
#9569=FACE_BOUND('',#8997,.T.);
#9570=FACE_BOUND('',#8998,.T.);
#9571=FACE_BOUND('',#8999,.T.);
#9572=FACE_BOUND('',#9000,.T.);
#9573=FACE_BOUND('',#9001,.T.);
#9574=FACE_BOUND('',#9002,.T.);
#9575=FACE_BOUND('',#9003,.T.);
#9576=FACE_BOUND('',#9004,.T.);
#9577=FACE_BOUND('',#9005,.T.);
#9578=FACE_BOUND('',#9006,.T.);
#9579=FACE_BOUND('',#9007,.T.);
#9580=FACE_BOUND('',#9008,.T.);
#9581=FACE_BOUND('',#9009,.T.);
#9582=FACE_BOUND('',#9010,.T.);
#9583=FACE_BOUND('',#9011,.T.);
#9584=FACE_BOUND('',#9012,.T.);
#9585=FACE_BOUND('',#9013,.T.);
#9586=FACE_BOUND('',#9014,.T.);
#9587=FACE_BOUND('',#9015,.T.);
#9588=FACE_BOUND('',#9016,.T.);
#9589=FACE_BOUND('',#9017,.T.);
#9590=FACE_BOUND('',#9018,.T.);
#9591=FACE_BOUND('',#9019,.T.);
#9592=FACE_BOUND('',#9020,.T.);
#9593=FACE_BOUND('',#9021,.T.);
#9594=FACE_BOUND('',#9022,.T.);
#9595=FACE_BOUND('',#9023,.T.);
#9596=FACE_BOUND('',#9024,.T.);
#9597=FACE_BOUND('',#9025,.T.);
#9598=FACE_BOUND('',#9026,.T.);
#9599=FACE_BOUND('',#9027,.T.);
#9600=FACE_BOUND('',#9028,.T.);
#9601=FACE_BOUND('',#9029,.T.);
#9602=FACE_BOUND('',#9030,.T.);
#9603=FACE_BOUND('',#9031,.T.);
#9604=FACE_BOUND('',#9032,.T.);
#9605=FACE_BOUND('',#9033,.T.);
#9606=FACE_BOUND('',#9034,.T.);
#9607=FACE_BOUND('',#9035,.T.);
#9608=FACE_BOUND('',#9036,.T.);
#9609=FACE_BOUND('',#9037,.T.);
#9610=FACE_BOUND('',#9038,.T.);
#9611=FACE_BOUND('',#9039,.T.);
#9612=FACE_BOUND('',#9040,.T.);
#9613=FACE_BOUND('',#9041,.T.);
#9614=FACE_BOUND('',#9042,.T.);
#9615=FACE_BOUND('',#9043,.T.);
#9616=FACE_BOUND('',#9044,.T.);
#9617=FACE_BOUND('',#9045,.T.);
#9618=FACE_BOUND('',#9046,.T.);
#9619=FACE_BOUND('',#9047,.T.);
#9620=FACE_BOUND('',#9048,.T.);
#9621=FACE_BOUND('',#9049,.T.);
#9622=FACE_BOUND('',#9050,.T.);
#9623=FACE_BOUND('',#9051,.T.);
#9624=FACE_BOUND('',#9052,.T.);
#9625=FACE_BOUND('',#9053,.T.);
#9626=FACE_BOUND('',#9054,.T.);
#9627=FACE_BOUND('',#9055,.T.);
#9628=FACE_BOUND('',#9056,.T.);
#9629=FACE_BOUND('',#9057,.T.);
#9630=FACE_BOUND('',#9058,.T.);
#9631=FACE_BOUND('',#9059,.T.);
#9632=FACE_BOUND('',#9060,.T.);
#9633=FACE_BOUND('',#9061,.T.);
#9634=FACE_BOUND('',#9062,.T.);
#9635=FACE_BOUND('',#9063,.T.);
#9636=FACE_BOUND('',#9064,.T.);
#9637=FACE_BOUND('',#9065,.T.);
#9638=FACE_BOUND('',#9066,.T.);
#9639=FACE_BOUND('',#9067,.T.);
#9640=FACE_BOUND('',#9068,.T.);
#9641=FACE_BOUND('',#9069,.T.);
#9642=FACE_BOUND('',#9070,.T.);
#9643=FACE_BOUND('',#9071,.T.);
#9644=FACE_BOUND('',#9072,.T.);
#9645=FACE_BOUND('',#9073,.T.);
#9646=FACE_BOUND('',#9074,.T.);
#9647=FACE_BOUND('',#9075,.T.);
#9648=FACE_BOUND('',#9076,.T.);
#9649=FACE_BOUND('',#9077,.T.);
#9650=FACE_BOUND('',#9078,.T.);
#9651=FACE_BOUND('',#9079,.T.);
#9652=FACE_BOUND('',#9080,.T.);
#9653=FACE_BOUND('',#9081,.T.);
#9654=FACE_BOUND('',#9082,.T.);
#9655=FACE_BOUND('',#9083,.T.);
#9656=FACE_BOUND('',#9084,.T.);
#9657=FACE_BOUND('',#9085,.T.);
#9658=FACE_BOUND('',#9086,.T.);
#9659=FACE_BOUND('',#9087,.T.);
#9660=FACE_BOUND('',#9088,.T.);
#9661=FACE_BOUND('',#9089,.T.);
#9662=FACE_BOUND('',#9090,.T.);
#9663=FACE_BOUND('',#9091,.T.);
#9664=FACE_BOUND('',#9092,.T.);
#9665=FACE_BOUND('',#9093,.T.);
#9666=FACE_BOUND('',#9094,.T.);
#9667=FACE_BOUND('',#9095,.T.);
#9668=FACE_BOUND('',#9096,.T.);
#9669=FACE_BOUND('',#9097,.T.);
#9670=FACE_BOUND('',#9098,.T.);
#9671=FACE_BOUND('',#9099,.T.);
#9672=FACE_BOUND('',#9100,.T.);
#9673=FACE_BOUND('',#9101,.T.);
#9674=FACE_BOUND('',#9102,.T.);
#9675=FACE_BOUND('',#9103,.T.);
#9676=FACE_BOUND('',#9104,.T.);
#9677=FACE_BOUND('',#9105,.T.);
#9678=FACE_BOUND('',#9106,.T.);
#9679=FACE_BOUND('',#9107,.T.);
#9680=FACE_BOUND('',#9108,.T.);
#9681=FACE_BOUND('',#9109,.T.);
#9682=FACE_BOUND('',#9110,.T.);
#9683=FACE_BOUND('',#9111,.T.);
#9684=FACE_BOUND('',#9112,.T.);
#9685=FACE_BOUND('',#9113,.T.);
#9686=FACE_BOUND('',#9114,.T.);
#9687=FACE_BOUND('',#9115,.T.);
#9688=FACE_BOUND('',#9116,.T.);
#9689=FACE_BOUND('',#9117,.T.);
#9690=FACE_BOUND('',#9118,.T.);
#9691=FACE_BOUND('',#9119,.T.);
#9692=FACE_BOUND('',#9120,.T.);
#9693=FACE_BOUND('',#9121,.T.);
#9694=FACE_BOUND('',#9122,.T.);
#9695=FACE_BOUND('',#9123,.T.);
#9696=FACE_BOUND('',#9124,.T.);
#9697=FACE_BOUND('',#9125,.T.);
#9698=FACE_BOUND('',#9126,.T.);
#9699=FACE_BOUND('',#9127,.T.);
#9700=FACE_BOUND('',#9128,.T.);
#9701=FACE_BOUND('',#9129,.T.);
#9702=FACE_BOUND('',#9130,.T.);
#9703=FACE_BOUND('',#9131,.T.);
#9704=FACE_BOUND('',#9132,.T.);
#9705=FACE_BOUND('',#9133,.T.);
#9706=FACE_BOUND('',#9134,.T.);
#9707=FACE_BOUND('',#9135,.T.);
#9708=FACE_BOUND('',#9136,.T.);
#9709=FACE_BOUND('',#9137,.T.);
#9710=FACE_BOUND('',#9138,.T.);
#9711=FACE_BOUND('',#9139,.T.);
#9712=FACE_BOUND('',#9140,.T.);
#9713=FACE_BOUND('',#9141,.T.);
#9714=FACE_BOUND('',#9142,.T.);
#9715=FACE_BOUND('',#9143,.T.);
#9716=FACE_BOUND('',#9144,.T.);
#9717=FACE_BOUND('',#9145,.T.);
#9718=FACE_BOUND('',#9146,.T.);
#9719=FACE_BOUND('',#9147,.T.);
#9720=FACE_BOUND('',#9148,.T.);
#9721=FACE_BOUND('',#9149,.T.);
#9722=FACE_BOUND('',#9150,.T.);
#9723=FACE_BOUND('',#9151,.T.);
#9724=FACE_BOUND('',#9152,.T.);
#9725=FACE_BOUND('',#9153,.T.);
#9726=FACE_BOUND('',#9154,.T.);
#9727=FACE_BOUND('',#9155,.T.);
#9728=FACE_BOUND('',#9156,.T.);
#9729=FACE_BOUND('',#9157,.T.);
#9730=FACE_BOUND('',#9158,.T.);
#9731=FACE_BOUND('',#9159,.T.);
#9732=FACE_BOUND('',#9160,.T.);
#9733=FACE_BOUND('',#9161,.T.);
#9734=FACE_BOUND('',#9162,.T.);
#9735=FACE_BOUND('',#9163,.T.);
#9736=FACE_BOUND('',#9164,.T.);
#9737=FACE_BOUND('',#9165,.T.);
#9738=FACE_BOUND('',#9166,.T.);
#9739=FACE_BOUND('',#9167,.T.);
#9740=FACE_BOUND('',#9168,.T.);
#9741=FACE_BOUND('',#9169,.T.);
#9742=FACE_BOUND('',#9170,.T.);
#9743=FACE_BOUND('',#9171,.T.);
#9744=FACE_BOUND('',#9172,.T.);
#9745=FACE_BOUND('',#9173,.T.);
#9746=FACE_BOUND('',#9174,.T.);
#9747=FACE_BOUND('',#9175,.T.);
#9748=FACE_BOUND('',#9176,.T.);
#9749=FACE_BOUND('',#9177,.T.);
#9750=FACE_BOUND('',#9178,.T.);
#9751=FACE_BOUND('',#9179,.T.);
#9752=FACE_BOUND('',#9180,.T.);
#9753=FACE_BOUND('',#9181,.T.);
#9754=FACE_BOUND('',#9182,.T.);
#9755=FACE_BOUND('',#9183,.T.);
#9756=FACE_BOUND('',#9184,.T.);
#9757=FACE_BOUND('',#9185,.T.);
#9758=FACE_BOUND('',#9186,.T.);
#9759=FACE_BOUND('',#9187,.T.);
#9760=FACE_BOUND('',#9188,.T.);
#9761=FACE_BOUND('',#9189,.T.);
#9762=FACE_BOUND('',#9190,.T.);
#9763=FACE_BOUND('',#9191,.T.);
#9764=FACE_BOUND('',#9192,.T.);
#9765=FACE_BOUND('',#9193,.T.);
#9766=FACE_BOUND('',#9194,.T.);
#9767=FACE_BOUND('',#9195,.T.);
#9768=FACE_BOUND('',#9196,.T.);
#9769=FACE_BOUND('',#9197,.T.);
#9770=FACE_BOUND('',#9198,.T.);
#9771=FACE_BOUND('',#9199,.T.);
#9772=FACE_BOUND('',#9200,.T.);
#9773=FACE_BOUND('',#9201,.T.);
#9774=FACE_BOUND('',#9202,.T.);
#9775=FACE_BOUND('',#9203,.T.);
#9776=FACE_BOUND('',#9204,.T.);
#9777=FACE_BOUND('',#9205,.T.);
#9778=FACE_BOUND('',#9206,.T.);
#9779=FACE_BOUND('',#9207,.T.);
#9780=FACE_BOUND('',#9208,.T.);
#9781=FACE_BOUND('',#9209,.T.);
#9782=FACE_BOUND('',#9210,.T.);
#9783=FACE_BOUND('',#9211,.T.);
#9784=FACE_BOUND('',#9212,.T.);
#9785=FACE_BOUND('',#9213,.T.);
#9786=FACE_BOUND('',#9214,.T.);
#9787=FACE_BOUND('',#9215,.T.);
#9788=FACE_BOUND('',#9216,.T.);
#9789=FACE_BOUND('',#9217,.T.);
#9790=FACE_BOUND('',#9218,.T.);
#9791=FACE_BOUND('',#9219,.T.);
#9792=FACE_BOUND('',#9220,.T.);
#9793=FACE_BOUND('',#9221,.T.);
#9794=FACE_BOUND('',#9222,.T.);
#9795=FACE_BOUND('',#9223,.T.);
#9796=FACE_BOUND('',#9224,.T.);
#9797=FACE_BOUND('',#9225,.T.);
#9798=FACE_BOUND('',#9226,.T.);
#9799=FACE_BOUND('',#9227,.T.);
#9800=FACE_BOUND('',#9228,.T.);
#9801=FACE_BOUND('',#9229,.T.);
#9802=FACE_BOUND('',#9230,.T.);
#9803=FACE_BOUND('',#9231,.T.);
#9804=FACE_BOUND('',#9232,.T.);
#9805=FACE_BOUND('',#9233,.T.);
#9806=FACE_BOUND('',#9234,.T.);
#9807=FACE_BOUND('',#9235,.T.);
#9808=FACE_BOUND('',#9236,.T.);
#9809=FACE_BOUND('',#9237,.T.);
#9810=FACE_BOUND('',#9238,.T.);
#9811=FACE_BOUND('',#9239,.T.);
#9812=FACE_BOUND('',#9240,.T.);
#9813=FACE_BOUND('',#9241,.T.);
#9814=FACE_BOUND('',#9242,.T.);
#9815=FACE_BOUND('',#9243,.T.);
#9816=FACE_BOUND('',#9244,.T.);
#9817=FACE_BOUND('',#9245,.T.);
#9818=FACE_BOUND('',#9246,.T.);
#9819=FACE_BOUND('',#9247,.T.);
#9820=FACE_BOUND('',#9248,.T.);
#9821=FACE_BOUND('',#9249,.T.);
#9822=FACE_BOUND('',#9250,.T.);
#9823=FACE_BOUND('',#9251,.T.);
#9824=FACE_BOUND('',#9252,.T.);
#9825=FACE_BOUND('',#9253,.T.);
#9826=FACE_BOUND('',#9254,.T.);
#9827=FACE_BOUND('',#9255,.T.);
#9828=FACE_BOUND('',#9256,.T.);
#9829=FACE_BOUND('',#9257,.T.);
#9830=FACE_BOUND('',#9258,.T.);
#9831=FACE_BOUND('',#9259,.T.);
#9832=FACE_BOUND('',#9260,.T.);
#9833=FACE_BOUND('',#9261,.T.);
#9834=FACE_BOUND('',#9262,.T.);
#9835=FACE_BOUND('',#9263,.T.);
#9836=FACE_BOUND('',#9264,.T.);
#9837=FACE_BOUND('',#9265,.T.);
#9838=FACE_BOUND('',#9266,.T.);
#9839=FACE_BOUND('',#9267,.T.);
#9840=FACE_BOUND('',#9268,.T.);
#9841=FACE_BOUND('',#9269,.T.);
#9842=FACE_BOUND('',#9270,.T.);
#9843=FACE_BOUND('',#9271,.T.);
#9844=FACE_BOUND('',#9272,.T.);
#9845=FACE_BOUND('',#9273,.T.);
#9846=FACE_BOUND('',#9274,.T.);
#9847=FACE_BOUND('',#9275,.T.);
#9848=FACE_BOUND('',#9276,.T.);
#9849=FACE_BOUND('',#9277,.T.);
#9850=FACE_BOUND('',#9278,.T.);
#9851=FACE_BOUND('',#9279,.T.);
#9852=FACE_BOUND('',#9280,.T.);
#9853=FACE_BOUND('',#9281,.T.);
#9854=FACE_BOUND('',#9282,.T.);
#9855=FACE_BOUND('',#9283,.T.);
#9856=FACE_BOUND('',#9284,.T.);
#9857=FACE_BOUND('',#9285,.T.);
#9858=FACE_BOUND('',#9286,.T.);
#9859=FACE_BOUND('',#9287,.T.);
#9860=FACE_BOUND('',#9288,.T.);
#9861=FACE_BOUND('',#9289,.T.);
#9862=FACE_BOUND('',#9290,.T.);
#9863=FACE_BOUND('',#9291,.T.);
#9864=FACE_BOUND('',#9292,.T.);
#9865=FACE_BOUND('',#9293,.T.);
#9866=FACE_BOUND('',#9294,.T.);
#9867=FACE_BOUND('',#9295,.T.);
#9868=FACE_BOUND('',#9296,.T.);
#9869=FACE_BOUND('',#9297,.T.);
#9870=FACE_BOUND('',#9298,.T.);
#9871=FACE_BOUND('',#9299,.T.);
#9872=FACE_BOUND('',#9300,.T.);
#9873=FACE_BOUND('',#9301,.T.);
#9874=FACE_BOUND('',#9302,.T.);
#9875=FACE_BOUND('',#9303,.T.);
#9876=FACE_BOUND('',#9304,.T.);
#9877=FACE_BOUND('',#9305,.T.);
#9878=FACE_BOUND('',#9306,.T.);
#9879=FACE_BOUND('',#9307,.T.);
#9880=FACE_BOUND('',#9308,.T.);
#9881=FACE_BOUND('',#9309,.T.);
#9882=FACE_BOUND('',#9310,.T.);
#9883=FACE_BOUND('',#9311,.T.);
#9884=FACE_BOUND('',#9312,.T.);
#9885=FACE_BOUND('',#9313,.T.);
#9886=FACE_BOUND('',#9314,.T.);
#9887=FACE_BOUND('',#9315,.T.);
#9888=FACE_BOUND('',#9316,.T.);
#9889=FACE_BOUND('',#9317,.T.);
#9890=FACE_BOUND('',#9318,.T.);
#9891=FACE_BOUND('',#9319,.T.);
#9892=FACE_BOUND('',#9320,.T.);
#9893=FACE_BOUND('',#9321,.T.);
#9894=FACE_BOUND('',#9322,.T.);
#9895=FACE_BOUND('',#9323,.T.);
#9896=FACE_BOUND('',#9324,.T.);
#9897=FACE_BOUND('',#9325,.T.);
#9898=FACE_BOUND('',#9326,.T.);
#9899=FACE_BOUND('',#9327,.T.);
#9900=FACE_BOUND('',#9328,.T.);
#9901=FACE_BOUND('',#9329,.T.);
#9902=FACE_BOUND('',#9330,.T.);
#9903=FACE_BOUND('',#9331,.T.);
#9904=FACE_BOUND('',#9332,.T.);
#9905=FACE_BOUND('',#9333,.T.);
#9906=FACE_BOUND('',#9334,.T.);
#9907=FACE_BOUND('',#9335,.T.);
#9908=FACE_BOUND('',#9336,.T.);
#9909=FACE_BOUND('',#9337,.T.);
#9910=FACE_BOUND('',#9338,.T.);
#9911=FACE_BOUND('',#9339,.T.);
#9912=FACE_BOUND('',#9340,.T.);
#9913=FACE_BOUND('',#9341,.T.);
#9914=FACE_BOUND('',#9342,.T.);
#9915=FACE_BOUND('',#9343,.T.);
#9916=FACE_BOUND('',#9344,.T.);
#9917=FACE_BOUND('',#9345,.T.);
#9918=FACE_BOUND('',#9346,.T.);
#9919=FACE_BOUND('',#9347,.T.);
#9920=FACE_BOUND('',#9348,.T.);
#9921=FACE_BOUND('',#9349,.T.);
#9922=FACE_BOUND('',#9350,.T.);
#9923=FACE_BOUND('',#9351,.T.);
#9924=FACE_BOUND('',#9352,.T.);
#9925=FACE_BOUND('',#9353,.T.);
#9926=FACE_BOUND('',#9354,.T.);
#9927=FACE_BOUND('',#9355,.T.);
#9928=FACE_BOUND('',#9356,.T.);
#9929=FACE_BOUND('',#9357,.T.);
#9930=FACE_BOUND('',#9358,.T.);
#9931=FACE_BOUND('',#9359,.T.);
#9932=FACE_BOUND('',#9360,.T.);
#9933=FACE_BOUND('',#9361,.T.);
#9934=FACE_BOUND('',#9362,.T.);
#9935=FACE_BOUND('',#9363,.T.);
#9936=FACE_BOUND('',#9364,.T.);
#9937=FACE_BOUND('',#9365,.T.);
#9938=FACE_BOUND('',#9366,.T.);
#9939=FACE_BOUND('',#9367,.T.);
#9940=FACE_BOUND('',#9368,.T.);
#9941=FACE_BOUND('',#9369,.T.);
#9942=FACE_BOUND('',#9370,.T.);
#9943=FACE_BOUND('',#9371,.T.);
#9944=FACE_BOUND('',#9372,.T.);
#9945=FACE_BOUND('',#9373,.T.);
#9946=FACE_BOUND('',#9374,.T.);
#9947=FACE_BOUND('',#9375,.T.);
#9948=FACE_BOUND('',#9376,.T.);
#9949=FACE_BOUND('',#9377,.T.);
#9950=FACE_BOUND('',#9378,.T.);
#9951=FACE_BOUND('',#9379,.T.);
#9952=FACE_BOUND('',#9380,.T.);
#9953=FACE_BOUND('',#9381,.T.);
#9954=FACE_BOUND('',#9382,.T.);
#9955=FACE_BOUND('',#9383,.T.);
#9956=FACE_BOUND('',#9384,.T.);
#9957=FACE_BOUND('',#9385,.T.);
#9958=FACE_BOUND('',#9386,.T.);
#9959=FACE_BOUND('',#9387,.T.);
#9960=FACE_BOUND('',#9388,.T.);
#9961=FACE_BOUND('',#9389,.T.);
#9962=FACE_BOUND('',#9390,.T.);
#9963=FACE_BOUND('',#9391,.T.);
#9964=FACE_BOUND('',#9392,.T.);
#9965=FACE_BOUND('',#9393,.T.);
#9966=FACE_BOUND('',#9394,.T.);
#9967=FACE_BOUND('',#9395,.T.);
#9968=FACE_BOUND('',#9396,.T.);
#9969=FACE_BOUND('',#9397,.T.);
#9970=FACE_BOUND('',#9398,.T.);
#9971=FACE_BOUND('',#9399,.T.);
#9972=FACE_BOUND('',#9400,.T.);
#9973=FACE_BOUND('',#9401,.T.);
#9974=FACE_BOUND('',#9402,.T.);
#9975=FACE_BOUND('',#9403,.T.);
#9976=FACE_BOUND('',#9404,.T.);
#9977=FACE_BOUND('',#9405,.T.);
#9978=FACE_BOUND('',#9406,.T.);
#9979=FACE_BOUND('',#9407,.T.);
#9980=FACE_BOUND('',#9408,.T.);
#9981=FACE_BOUND('',#9409,.T.);
#9982=FACE_BOUND('',#9410,.T.);
#9983=FACE_BOUND('',#9411,.T.);
#9984=FACE_BOUND('',#9412,.T.);
#9985=FACE_BOUND('',#9413,.T.);
#9986=FACE_BOUND('',#9414,.T.);
#9987=FACE_BOUND('',#9415,.T.);
#9988=FACE_BOUND('',#9416,.T.);
#9989=FACE_BOUND('',#9417,.T.);
#9990=FACE_BOUND('',#9418,.T.);
#9991=FACE_BOUND('',#9419,.T.);
#9992=FACE_BOUND('',#9420,.T.);
#9993=FACE_BOUND('',#9421,.T.);
#9994=FACE_BOUND('',#9422,.T.);
#9995=FACE_BOUND('',#9423,.T.);
#9996=FACE_BOUND('',#9424,.T.);
#9997=FACE_BOUND('',#9425,.T.);
#9998=FACE_BOUND('',#9426,.T.);
#9999=FACE_BOUND('',#9427,.T.);
#10000=FACE_BOUND('',#9428,.T.);
#10001=FACE_BOUND('',#9429,.T.);
#10002=FACE_BOUND('',#9430,.T.);
#10003=FACE_BOUND('',#9431,.T.);
#10004=FACE_BOUND('',#9432,.T.);
#10005=FACE_BOUND('',#9433,.T.);
#10006=FACE_BOUND('',#9434,.T.);
#10007=FACE_BOUND('',#9435,.T.);
#10008=FACE_BOUND('',#9436,.T.);
#10009=FACE_BOUND('',#9437,.T.);
#10010=FACE_BOUND('',#9438,.T.);
#10011=FACE_BOUND('',#9439,.T.);
#10012=FACE_BOUND('',#9440,.T.);
#10013=FACE_BOUND('',#9441,.T.);
#10014=FACE_BOUND('',#9442,.T.);
#10015=PLANE('',#14884);
#10016=PLANE('',#14885);
#10017=PLANE('',#14886);
#10018=PLANE('',#14896);
#10019=PLANE('',#14901);
#10020=PLANE('',#14902);
#10021=PLANE('',#14919);
#10022=PLANE('',#14922);
#10023=PLANE('',#14927);
#10024=PLANE('',#14928);
#10025=PLANE('',#14935);
#10026=PLANE('',#14936);
#10027=PLANE('',#14937);
#10028=PLANE('',#14941);
#10029=PLANE('',#14950);
#10030=PLANE('',#14951);
#10031=PLANE('',#14952);
#10032=PLANE('',#14953);
#10033=PLANE('',#14954);
#10034=PLANE('',#14955);
#10035=PLANE('',#14956);
#10036=PLANE('',#14957);
#10037=PLANE('',#14958);
#10038=PLANE('',#15079);
#10039=PLANE('',#15080);
#10040=PLANE('',#15081);
#10041=PLANE('',#15082);
#10042=PLANE('',#15083);
#10043=PLANE('',#15084);
#10044=PLANE('',#15085);
#10045=PLANE('',#15086);
#10046=PLANE('',#15087);
#10047=PLANE('',#15088);
#10048=PLANE('',#15089);
#10049=PLANE('',#15090);
#10050=PLANE('',#15091);
#10051=PLANE('',#15092);
#10052=PLANE('',#15093);
#10053=PLANE('',#15094);
#10054=PLANE('',#15095);
#10055=PLANE('',#15096);
#10056=PLANE('',#15097);
#10057=PLANE('',#15098);
#10058=PLANE('',#15099);
#10059=PLANE('',#15100);
#10060=PLANE('',#15101);
#10061=PLANE('',#15102);
#10062=PLANE('',#15103);
#10063=PLANE('',#15104);
#10064=PLANE('',#15105);
#10065=PLANE('',#15106);
#10066=PLANE('',#15107);
#10067=PLANE('',#15108);
#10068=PLANE('',#15109);
#10069=PLANE('',#15110);
#10070=PLANE('',#15111);
#10071=PLANE('',#15112);
#10072=PLANE('',#15113);
#10073=PLANE('',#15114);
#10074=PLANE('',#15115);
#10075=PLANE('',#15116);
#10076=PLANE('',#15117);
#10077=PLANE('',#15118);
#10078=PLANE('',#15119);
#10079=PLANE('',#15120);
#10080=PLANE('',#15121);
#10081=PLANE('',#15122);
#10082=PLANE('',#15123);
#10083=PLANE('',#15124);
#10084=PLANE('',#15125);
#10085=PLANE('',#15126);
#10086=PLANE('',#15127);
#10087=PLANE('',#15128);
#10088=PLANE('',#15129);
#10089=PLANE('',#15130);
#10090=PLANE('',#15131);
#10091=PLANE('',#15132);
#10092=PLANE('',#15133);
#10093=PLANE('',#15134);
#10094=PLANE('',#15135);
#10095=PLANE('',#15136);
#10096=PLANE('',#15137);
#10097=PLANE('',#15138);
#10098=PLANE('',#15139);
#10099=PLANE('',#15140);
#10100=PLANE('',#15141);
#10101=PLANE('',#15142);
#10102=PLANE('',#15143);
#10103=PLANE('',#15144);
#10104=PLANE('',#15145);
#10105=PLANE('',#15146);
#10106=PLANE('',#15147);
#10107=PLANE('',#15148);
#10108=PLANE('',#15149);
#10109=PLANE('',#15150);
#10110=PLANE('',#15151);
#10111=PLANE('',#15152);
#10112=PLANE('',#15153);
#10113=PLANE('',#15154);
#10114=PLANE('',#15155);
#10115=PLANE('',#15156);
#10116=PLANE('',#15157);
#10117=PLANE('',#15158);
#10118=PLANE('',#15159);
#10119=PLANE('',#15160);
#10120=PLANE('',#15161);
#10121=PLANE('',#15162);
#10122=PLANE('',#15163);
#10123=PLANE('',#15164);
#10124=PLANE('',#15165);
#10125=PLANE('',#15166);
#10126=PLANE('',#15167);
#10127=PLANE('',#15168);
#10128=PLANE('',#15169);
#10129=PLANE('',#15170);
#10130=PLANE('',#15171);
#10131=PLANE('',#15172);
#10132=PLANE('',#15173);
#10133=PLANE('',#15174);
#10134=PLANE('',#15175);
#10135=PLANE('',#15176);
#10136=PLANE('',#15177);
#10137=PLANE('',#15178);
#10138=PLANE('',#15179);
#10139=PLANE('',#15180);
#10140=PLANE('',#15181);
#10141=PLANE('',#15182);
#10142=PLANE('',#15183);
#10143=PLANE('',#15184);
#10144=PLANE('',#15185);
#10145=PLANE('',#15186);
#10146=PLANE('',#15187);
#10147=PLANE('',#15188);
#10148=PLANE('',#15189);
#10149=PLANE('',#15190);
#10150=PLANE('',#15191);
#10151=PLANE('',#15192);
#10152=PLANE('',#15193);
#10153=PLANE('',#15194);
#10154=PLANE('',#15195);
#10155=PLANE('',#15196);
#10156=PLANE('',#15197);
#10157=PLANE('',#15198);
#10158=PLANE('',#15199);
#10159=PLANE('',#15200);
#10160=PLANE('',#15201);
#10161=PLANE('',#15202);
#10162=PLANE('',#15203);
#10163=PLANE('',#15204);
#10164=PLANE('',#15205);
#10165=PLANE('',#15206);
#10166=PLANE('',#15207);
#10167=PLANE('',#15208);
#10168=PLANE('',#15209);
#10169=PLANE('',#15210);
#10170=PLANE('',#15211);
#10171=PLANE('',#15212);
#10172=PLANE('',#15213);
#10173=PLANE('',#15214);
#10174=PLANE('',#15215);
#10175=PLANE('',#15216);
#10176=PLANE('',#15217);
#10177=PLANE('',#15218);
#10178=PLANE('',#15219);
#10179=PLANE('',#15220);
#10180=PLANE('',#15221);
#10181=PLANE('',#15222);
#10182=PLANE('',#15223);
#10183=PLANE('',#15224);
#10184=PLANE('',#15225);
#10185=PLANE('',#15226);
#10186=PLANE('',#15227);
#10187=PLANE('',#15228);
#10188=PLANE('',#15229);
#10189=PLANE('',#15230);
#10190=PLANE('',#15231);
#10191=PLANE('',#15232);
#10192=PLANE('',#15233);
#10193=PLANE('',#15234);
#10194=PLANE('',#15235);
#10195=PLANE('',#15236);
#10196=PLANE('',#15237);
#10197=PLANE('',#15238);
#10198=PLANE('',#15239);
#10199=PLANE('',#15240);
#10200=PLANE('',#15241);
#10201=PLANE('',#15242);
#10202=PLANE('',#15243);
#10203=PLANE('',#15244);
#10204=PLANE('',#15245);
#10205=PLANE('',#15246);
#10206=PLANE('',#15247);
#10207=PLANE('',#15248);
#10208=PLANE('',#15249);
#10209=PLANE('',#15250);
#10210=PLANE('',#15251);
#10211=PLANE('',#15252);
#10212=PLANE('',#15253);
#10213=PLANE('',#15254);
#10214=PLANE('',#15255);
#10215=PLANE('',#15256);
#10216=PLANE('',#15257);
#10217=PLANE('',#15258);
#10218=PLANE('',#15259);
#10219=PLANE('',#15260);
#10220=PLANE('',#15261);
#10221=PLANE('',#15262);
#10222=PLANE('',#15263);
#10223=PLANE('',#15264);
#10224=PLANE('',#15265);
#10225=PLANE('',#15266);
#10226=PLANE('',#15267);
#10227=PLANE('',#15268);
#10228=PLANE('',#15269);
#10229=PLANE('',#15270);
#10230=PLANE('',#15271);
#10231=PLANE('',#15272);
#10232=PLANE('',#15273);
#10233=PLANE('',#15274);
#10234=PLANE('',#15275);
#10235=PLANE('',#15276);
#10236=PLANE('',#15277);
#10237=PLANE('',#15278);
#10238=PLANE('',#15279);
#10239=PLANE('',#15280);
#10240=PLANE('',#15281);
#10241=PLANE('',#15282);
#10242=PLANE('',#15283);
#10243=PLANE('',#15284);
#10244=PLANE('',#15285);
#10245=PLANE('',#15286);
#10246=PLANE('',#15287);
#10247=PLANE('',#15288);
#10248=PLANE('',#15289);
#10249=PLANE('',#15290);
#10250=PLANE('',#15291);
#10251=PLANE('',#15292);
#10252=PLANE('',#15293);
#10253=PLANE('',#15294);
#10254=PLANE('',#15295);
#10255=PLANE('',#15296);
#10256=PLANE('',#15297);
#10257=PLANE('',#15298);
#10258=PLANE('',#15299);
#10259=PLANE('',#15300);
#10260=PLANE('',#15301);
#10261=PLANE('',#15302);
#10262=PLANE('',#15303);
#10263=PLANE('',#15304);
#10264=PLANE('',#15305);
#10265=PLANE('',#15306);
#10266=PLANE('',#15307);
#10267=PLANE('',#15308);
#10268=PLANE('',#15309);
#10269=PLANE('',#15310);
#10270=PLANE('',#15311);
#10271=PLANE('',#15312);
#10272=PLANE('',#15313);
#10273=PLANE('',#15314);
#10274=PLANE('',#15315);
#10275=PLANE('',#15316);
#10276=PLANE('',#15317);
#10277=PLANE('',#15318);
#10278=PLANE('',#15319);
#10279=PLANE('',#15320);
#10280=PLANE('',#15321);
#10281=PLANE('',#15322);
#10282=PLANE('',#15323);
#10283=PLANE('',#15324);
#10284=PLANE('',#15325);
#10285=PLANE('',#15326);
#10286=PLANE('',#15327);
#10287=PLANE('',#15328);
#10288=PLANE('',#15329);
#10289=PLANE('',#15330);
#10290=PLANE('',#15331);
#10291=PLANE('',#15332);
#10292=PLANE('',#15333);
#10293=PLANE('',#15334);
#10294=PLANE('',#15335);
#10295=PLANE('',#15336);
#10296=PLANE('',#15337);
#10297=PLANE('',#15338);
#10298=PLANE('',#15339);
#10299=PLANE('',#15340);
#10300=PLANE('',#15341);
#10301=PLANE('',#15342);
#10302=PLANE('',#15343);
#10303=PLANE('',#15344);
#10304=PLANE('',#15345);
#10305=PLANE('',#15346);
#10306=PLANE('',#15347);
#10307=PLANE('',#15348);
#10308=PLANE('',#15349);
#10309=PLANE('',#15350);
#10310=PLANE('',#15351);
#10311=PLANE('',#15352);
#10312=PLANE('',#15353);
#10313=PLANE('',#15354);
#10314=PLANE('',#15355);
#10315=PLANE('',#15356);
#10316=PLANE('',#15357);
#10317=PLANE('',#15358);
#10318=PLANE('',#15359);
#10319=PLANE('',#15360);
#10320=PLANE('',#15361);
#10321=PLANE('',#15362);
#10322=PLANE('',#15363);
#10323=PLANE('',#15364);
#10324=PLANE('',#15365);
#10325=PLANE('',#15366);
#10326=PLANE('',#15367);
#10327=PLANE('',#15368);
#10328=PLANE('',#15369);
#10329=PLANE('',#15370);
#10330=PLANE('',#15371);
#10331=PLANE('',#15372);
#10332=PLANE('',#15373);
#10333=PLANE('',#15374);
#10334=PLANE('',#15375);
#10335=PLANE('',#15376);
#10336=PLANE('',#15377);
#10337=PLANE('',#15378);
#10338=PLANE('',#15379);
#10339=PLANE('',#15380);
#10340=PLANE('',#15381);
#10341=PLANE('',#15382);
#10342=PLANE('',#15383);
#10343=PLANE('',#15384);
#10344=PLANE('',#15385);
#10345=PLANE('',#15386);
#10346=PLANE('',#15387);
#10347=PLANE('',#15388);
#10348=PLANE('',#15389);
#10349=PLANE('',#15390);
#10350=PLANE('',#15391);
#10351=PLANE('',#15392);
#10352=PLANE('',#15393);
#10353=PLANE('',#15394);
#10354=PLANE('',#15395);
#10355=PLANE('',#15396);
#10356=PLANE('',#15397);
#10357=PLANE('',#15398);
#10358=PLANE('',#15399);
#10359=PLANE('',#15400);
#10360=PLANE('',#15401);
#10361=PLANE('',#15402);
#10362=PLANE('',#15403);
#10363=PLANE('',#15404);
#10364=PLANE('',#15405);
#10365=PLANE('',#15406);
#10366=PLANE('',#15407);
#10367=PLANE('',#15408);
#10368=PLANE('',#15409);
#10369=PLANE('',#15410);
#10370=PLANE('',#15411);
#10371=PLANE('',#15412);
#10372=PLANE('',#15413);
#10373=PLANE('',#15414);
#10374=PLANE('',#15415);
#10375=PLANE('',#15416);
#10376=PLANE('',#15417);
#10377=PLANE('',#15418);
#10378=PLANE('',#15419);
#10379=PLANE('',#15420);
#10380=PLANE('',#15421);
#10381=PLANE('',#15422);
#10382=PLANE('',#15423);
#10383=PLANE('',#15424);
#10384=PLANE('',#15425);
#10385=PLANE('',#15426);
#10386=PLANE('',#15427);
#10387=PLANE('',#15428);
#10388=PLANE('',#15429);
#10389=PLANE('',#15430);
#10390=PLANE('',#15431);
#10391=PLANE('',#15432);
#10392=PLANE('',#15433);
#10393=PLANE('',#15434);
#10394=PLANE('',#15435);
#10395=PLANE('',#15436);
#10396=PLANE('',#15437);
#10397=PLANE('',#15438);
#10398=PLANE('',#15439);
#10399=PLANE('',#15440);
#10400=PLANE('',#15441);
#10401=PLANE('',#15442);
#10402=PLANE('',#15443);
#10403=PLANE('',#15444);
#10404=PLANE('',#15445);
#10405=PLANE('',#15446);
#10406=PLANE('',#15447);
#10407=PLANE('',#15448);
#10408=PLANE('',#15449);
#10409=PLANE('',#15450);
#10410=PLANE('',#15451);
#10411=PLANE('',#15452);
#10412=PLANE('',#15453);
#10413=PLANE('',#15454);
#10414=PLANE('',#15455);
#10415=PLANE('',#15456);
#10416=PLANE('',#15457);
#10417=PLANE('',#15458);
#10418=PLANE('',#15459);
#10419=PLANE('',#15460);
#10420=PLANE('',#15461);
#10421=PLANE('',#15462);
#10422=PLANE('',#15463);
#10423=PLANE('',#15464);
#10424=PLANE('',#15465);
#10425=PLANE('',#15466);
#10426=PLANE('',#15467);
#10427=PLANE('',#15468);
#10428=PLANE('',#15469);
#10429=PLANE('',#15470);
#10430=PLANE('',#15471);
#10431=PLANE('',#15472);
#10432=PLANE('',#15473);
#10433=PLANE('',#15474);
#10434=PLANE('',#15475);
#10435=PLANE('',#15476);
#10436=PLANE('',#15477);
#10437=PLANE('',#15478);
#10438=PLANE('',#15479);
#10439=PLANE('',#15481);
#10440=PLANE('',#15486);
#10441=PLANE('',#15488);
#10442=PLANE('',#15489);
#10443=PLANE('',#15490);
#10444=PLANE('',#15491);
#10445=PLANE('',#15492);
#10446=PLANE('',#15493);
#10447=PLANE('',#15494);
#10448=PLANE('',#15495);
#10449=PLANE('',#15497);
#10450=PLANE('',#15498);
#10451=PLANE('',#15499);
#10452=PLANE('',#15500);
#10453=PLANE('',#15501);
#10454=PLANE('',#15502);
#10455=PLANE('',#15503);
#10456=PLANE('',#15504);
#10457=PLANE('',#15505);
#10458=PLANE('',#15507);
#10459=PLANE('',#15509);
#10460=PLANE('',#15511);
#10461=PLANE('',#15513);
#10462=PLANE('',#15515);
#10463=PLANE('',#15520);
#10464=PLANE('',#15524);
#10465=PLANE('',#15528);
#10466=PLANE('',#15530);
#10467=PLANE('',#15532);
#10468=PLANE('',#15534);
#10469=PLANE('',#15536);
#10470=PLANE('',#15538);
#10471=PLANE('',#15540);
#10472=PLANE('',#15541);
#10473=PLANE('',#15542);
#10474=PLANE('',#15543);
#10475=PLANE('',#15544);
#10476=PLANE('',#15545);
#10477=PLANE('',#15546);
#10478=PLANE('',#15547);
#10479=PLANE('',#15548);
#10480=PLANE('',#15549);
#10481=PLANE('',#15550);
#10482=PLANE('',#15551);
#10483=PLANE('',#15552);
#10484=PLANE('',#15554);
#10485=PLANE('',#15555);
#10486=PLANE('',#15556);
#10487=PLANE('',#15557);
#10488=PLANE('',#15558);
#10489=PLANE('',#15559);
#10490=PLANE('',#15560);
#10491=PLANE('',#15563);
#10492=STYLED_ITEM('',(#11040),#14329);
#10493=STYLED_ITEM('',(#11041),#14330);
#10494=STYLED_ITEM('',(#11042),#14331);
#10495=STYLED_ITEM('',(#11043),#14332);
#10496=STYLED_ITEM('',(#11044),#14333);
#10497=STYLED_ITEM('',(#11045),#14334);
#10498=STYLED_ITEM('',(#11046),#14335);
#10499=STYLED_ITEM('',(#11047),#14336);
#10500=STYLED_ITEM('',(#11048),#14337);
#10501=STYLED_ITEM('',(#11049),#14338);
#10502=STYLED_ITEM('',(#11050),#14339);
#10503=STYLED_ITEM('',(#11051),#14340);
#10504=STYLED_ITEM('',(#11052),#14341);
#10505=STYLED_ITEM('',(#11053),#14342);
#10506=STYLED_ITEM('',(#11054),#14343);
#10507=STYLED_ITEM('',(#11055),#14344);
#10508=STYLED_ITEM('',(#11056),#14345);
#10509=STYLED_ITEM('',(#11057),#14346);
#10510=STYLED_ITEM('',(#11058),#14347);
#10511=STYLED_ITEM('',(#11059),#14348);
#10512=STYLED_ITEM('',(#11060),#14349);
#10513=STYLED_ITEM('',(#11061),#14350);
#10514=STYLED_ITEM('',(#11062),#14351);
#10515=STYLED_ITEM('',(#11063),#14352);
#10516=STYLED_ITEM('',(#11064),#14353);
#10517=STYLED_ITEM('',(#11065),#14354);
#10518=STYLED_ITEM('',(#11066),#14355);
#10519=STYLED_ITEM('',(#11067),#14356);
#10520=STYLED_ITEM('',(#11068),#14357);
#10521=STYLED_ITEM('',(#11069),#14358);
#10522=STYLED_ITEM('',(#11070),#14359);
#10523=STYLED_ITEM('',(#11071),#14360);
#10524=STYLED_ITEM('',(#11072),#14361);
#10525=STYLED_ITEM('',(#11073),#14362);
#10526=STYLED_ITEM('',(#11074),#14363);
#10527=STYLED_ITEM('',(#11075),#14364);
#10528=STYLED_ITEM('',(#11076),#14365);
#10529=STYLED_ITEM('',(#11077),#14366);
#10530=STYLED_ITEM('',(#11078),#14367);
#10531=STYLED_ITEM('',(#11079),#14368);
#10532=STYLED_ITEM('',(#11080),#14369);
#10533=STYLED_ITEM('',(#11081),#14370);
#10534=STYLED_ITEM('',(#11082),#14371);
#10535=STYLED_ITEM('',(#11083),#14372);
#10536=STYLED_ITEM('',(#11084),#14373);
#10537=STYLED_ITEM('',(#11085),#14374);
#10538=STYLED_ITEM('',(#11086),#14375);
#10539=STYLED_ITEM('',(#11087),#14376);
#10540=STYLED_ITEM('',(#11088),#14377);
#10541=STYLED_ITEM('',(#11089),#14378);
#10542=STYLED_ITEM('',(#11090),#14379);
#10543=STYLED_ITEM('',(#11091),#14380);
#10544=STYLED_ITEM('',(#11092),#14381);
#10545=STYLED_ITEM('',(#11093),#14382);
#10546=STYLED_ITEM('',(#11094),#14383);
#10547=STYLED_ITEM('',(#11095),#14384);
#10548=STYLED_ITEM('',(#11096),#14385);
#10549=STYLED_ITEM('',(#11097),#14386);
#10550=STYLED_ITEM('',(#11098),#14387);
#10551=STYLED_ITEM('',(#11099),#14388);
#10552=STYLED_ITEM('',(#11100),#14389);
#10553=STYLED_ITEM('',(#11101),#14390);
#10554=STYLED_ITEM('',(#11102),#14391);
#10555=STYLED_ITEM('',(#11103),#14392);
#10556=STYLED_ITEM('',(#11104),#14393);
#10557=STYLED_ITEM('',(#11105),#14394);
#10558=STYLED_ITEM('',(#11106),#14395);
#10559=STYLED_ITEM('',(#11107),#14396);
#10560=STYLED_ITEM('',(#11108),#14397);
#10561=STYLED_ITEM('',(#11109),#14398);
#10562=STYLED_ITEM('',(#11110),#14399);
#10563=STYLED_ITEM('',(#11111),#14400);
#10564=STYLED_ITEM('',(#11112),#14401);
#10565=STYLED_ITEM('',(#11113),#14402);
#10566=STYLED_ITEM('',(#11114),#14403);
#10567=STYLED_ITEM('',(#11115),#14404);
#10568=STYLED_ITEM('',(#11116),#14405);
#10569=STYLED_ITEM('',(#11117),#14406);
#10570=STYLED_ITEM('',(#11118),#14407);
#10571=STYLED_ITEM('',(#11119),#14408);
#10572=STYLED_ITEM('',(#11120),#14409);
#10573=STYLED_ITEM('',(#11121),#14410);
#10574=STYLED_ITEM('',(#11122),#14411);
#10575=STYLED_ITEM('',(#11123),#14412);
#10576=STYLED_ITEM('',(#11124),#14413);
#10577=STYLED_ITEM('',(#11125),#14414);
#10578=STYLED_ITEM('',(#11126),#14415);
#10579=STYLED_ITEM('',(#11127),#14416);
#10580=STYLED_ITEM('',(#11128),#14417);
#10581=STYLED_ITEM('',(#11129),#14418);
#10582=STYLED_ITEM('',(#11130),#14419);
#10583=STYLED_ITEM('',(#11131),#14420);
#10584=STYLED_ITEM('',(#11132),#14421);
#10585=STYLED_ITEM('',(#11133),#14422);
#10586=STYLED_ITEM('',(#11134),#14423);
#10587=STYLED_ITEM('',(#11135),#14424);
#10588=STYLED_ITEM('',(#11136),#14425);
#10589=STYLED_ITEM('',(#11137),#14426);
#10590=STYLED_ITEM('',(#11138),#14427);
#10591=STYLED_ITEM('',(#11139),#14428);
#10592=STYLED_ITEM('',(#11140),#14429);
#10593=STYLED_ITEM('',(#11141),#14430);
#10594=STYLED_ITEM('',(#11142),#14431);
#10595=STYLED_ITEM('',(#11143),#14432);
#10596=STYLED_ITEM('',(#11144),#14433);
#10597=STYLED_ITEM('',(#11145),#14434);
#10598=STYLED_ITEM('',(#11146),#14435);
#10599=STYLED_ITEM('',(#11147),#14436);
#10600=STYLED_ITEM('',(#11148),#14437);
#10601=STYLED_ITEM('',(#11149),#14438);
#10602=STYLED_ITEM('',(#11150),#14439);
#10603=STYLED_ITEM('',(#11151),#14440);
#10604=STYLED_ITEM('',(#11152),#14441);
#10605=STYLED_ITEM('',(#11153),#14442);
#10606=STYLED_ITEM('',(#11154),#14443);
#10607=STYLED_ITEM('',(#11155),#14444);
#10608=STYLED_ITEM('',(#11156),#14445);
#10609=STYLED_ITEM('',(#11157),#14446);
#10610=STYLED_ITEM('',(#11158),#14447);
#10611=STYLED_ITEM('',(#11159),#14448);
#10612=STYLED_ITEM('',(#11160),#14449);
#10613=STYLED_ITEM('',(#11161),#14450);
#10614=STYLED_ITEM('',(#11162),#14451);
#10615=STYLED_ITEM('',(#11163),#14452);
#10616=STYLED_ITEM('',(#11164),#14453);
#10617=STYLED_ITEM('',(#11165),#14454);
#10618=STYLED_ITEM('',(#11166),#14455);
#10619=STYLED_ITEM('',(#11167),#14456);
#10620=STYLED_ITEM('',(#11168),#14457);
#10621=STYLED_ITEM('',(#11169),#14458);
#10622=STYLED_ITEM('',(#11170),#14459);
#10623=STYLED_ITEM('',(#11171),#14460);
#10624=STYLED_ITEM('',(#11172),#14461);
#10625=STYLED_ITEM('',(#11173),#14462);
#10626=STYLED_ITEM('',(#11174),#14463);
#10627=STYLED_ITEM('',(#11175),#14464);
#10628=STYLED_ITEM('',(#11176),#14465);
#10629=STYLED_ITEM('',(#11177),#14466);
#10630=STYLED_ITEM('',(#11178),#14467);
#10631=STYLED_ITEM('',(#11179),#14468);
#10632=STYLED_ITEM('',(#11180),#14469);
#10633=STYLED_ITEM('',(#11181),#14470);
#10634=STYLED_ITEM('',(#11182),#14471);
#10635=STYLED_ITEM('',(#11183),#14472);
#10636=STYLED_ITEM('',(#11184),#14473);
#10637=STYLED_ITEM('',(#11185),#14474);
#10638=STYLED_ITEM('',(#11186),#14475);
#10639=STYLED_ITEM('',(#11187),#14476);
#10640=STYLED_ITEM('',(#11188),#14477);
#10641=STYLED_ITEM('',(#11189),#14478);
#10642=STYLED_ITEM('',(#11190),#14479);
#10643=STYLED_ITEM('',(#11191),#14480);
#10644=STYLED_ITEM('',(#11192),#14481);
#10645=STYLED_ITEM('',(#11193),#14482);
#10646=STYLED_ITEM('',(#11194),#14483);
#10647=STYLED_ITEM('',(#11195),#14484);
#10648=STYLED_ITEM('',(#11196),#14485);
#10649=STYLED_ITEM('',(#11197),#14486);
#10650=STYLED_ITEM('',(#11198),#14487);
#10651=STYLED_ITEM('',(#11199),#14488);
#10652=STYLED_ITEM('',(#11200),#14489);
#10653=STYLED_ITEM('',(#11201),#14490);
#10654=STYLED_ITEM('',(#11202),#14491);
#10655=STYLED_ITEM('',(#11203),#14492);
#10656=STYLED_ITEM('',(#11204),#14493);
#10657=STYLED_ITEM('',(#11205),#14494);
#10658=STYLED_ITEM('',(#11206),#14495);
#10659=STYLED_ITEM('',(#11207),#14496);
#10660=STYLED_ITEM('',(#11208),#14497);
#10661=STYLED_ITEM('',(#11209),#14498);
#10662=STYLED_ITEM('',(#11210),#14499);
#10663=STYLED_ITEM('',(#11211),#14500);
#10664=STYLED_ITEM('',(#11212),#14501);
#10665=STYLED_ITEM('',(#11213),#14502);
#10666=STYLED_ITEM('',(#11214),#14503);
#10667=STYLED_ITEM('',(#11215),#14504);
#10668=STYLED_ITEM('',(#11216),#14505);
#10669=STYLED_ITEM('',(#11217),#14506);
#10670=STYLED_ITEM('',(#11218),#14507);
#10671=STYLED_ITEM('',(#11219),#14508);
#10672=STYLED_ITEM('',(#11220),#14509);
#10673=STYLED_ITEM('',(#11221),#14510);
#10674=STYLED_ITEM('',(#11222),#14511);
#10675=STYLED_ITEM('',(#11223),#14512);
#10676=STYLED_ITEM('',(#11224),#14513);
#10677=STYLED_ITEM('',(#11225),#14514);
#10678=STYLED_ITEM('',(#11226),#14515);
#10679=STYLED_ITEM('',(#11227),#14516);
#10680=STYLED_ITEM('',(#11228),#14517);
#10681=STYLED_ITEM('',(#11229),#14518);
#10682=STYLED_ITEM('',(#11230),#14519);
#10683=STYLED_ITEM('',(#11231),#14520);
#10684=STYLED_ITEM('',(#11232),#14521);
#10685=STYLED_ITEM('',(#11233),#14522);
#10686=STYLED_ITEM('',(#11234),#14523);
#10687=STYLED_ITEM('',(#11235),#14524);
#10688=STYLED_ITEM('',(#11236),#14525);
#10689=STYLED_ITEM('',(#11237),#14526);
#10690=STYLED_ITEM('',(#11238),#14527);
#10691=STYLED_ITEM('',(#11239),#14528);
#10692=STYLED_ITEM('',(#11240),#14529);
#10693=STYLED_ITEM('',(#11241),#14530);
#10694=STYLED_ITEM('',(#11242),#14531);
#10695=STYLED_ITEM('',(#11243),#14532);
#10696=STYLED_ITEM('',(#11244),#14533);
#10697=STYLED_ITEM('',(#11245),#14534);
#10698=STYLED_ITEM('',(#11246),#14535);
#10699=STYLED_ITEM('',(#11247),#14536);
#10700=STYLED_ITEM('',(#11248),#14537);
#10701=STYLED_ITEM('',(#11249),#14538);
#10702=STYLED_ITEM('',(#11250),#14539);
#10703=STYLED_ITEM('',(#11251),#14540);
#10704=STYLED_ITEM('',(#11252),#14541);
#10705=STYLED_ITEM('',(#11253),#14542);
#10706=STYLED_ITEM('',(#11254),#14543);
#10707=STYLED_ITEM('',(#11255),#14544);
#10708=STYLED_ITEM('',(#11256),#14545);
#10709=STYLED_ITEM('',(#11257),#14546);
#10710=STYLED_ITEM('',(#11258),#14547);
#10711=STYLED_ITEM('',(#11259),#14548);
#10712=STYLED_ITEM('',(#11260),#14549);
#10713=STYLED_ITEM('',(#11261),#14550);
#10714=STYLED_ITEM('',(#11262),#14551);
#10715=STYLED_ITEM('',(#11263),#14552);
#10716=STYLED_ITEM('',(#11264),#14553);
#10717=STYLED_ITEM('',(#11265),#14554);
#10718=STYLED_ITEM('',(#11266),#14555);
#10719=STYLED_ITEM('',(#11267),#14556);
#10720=STYLED_ITEM('',(#11268),#14557);
#10721=STYLED_ITEM('',(#11269),#14558);
#10722=STYLED_ITEM('',(#11270),#14559);
#10723=STYLED_ITEM('',(#11271),#14560);
#10724=STYLED_ITEM('',(#11272),#14561);
#10725=STYLED_ITEM('',(#11273),#14562);
#10726=STYLED_ITEM('',(#11274),#14563);
#10727=STYLED_ITEM('',(#11275),#14564);
#10728=STYLED_ITEM('',(#11276),#14565);
#10729=STYLED_ITEM('',(#11277),#14566);
#10730=STYLED_ITEM('',(#11278),#14567);
#10731=STYLED_ITEM('',(#11279),#14568);
#10732=STYLED_ITEM('',(#11280),#14569);
#10733=STYLED_ITEM('',(#11281),#14570);
#10734=STYLED_ITEM('',(#11282),#14571);
#10735=STYLED_ITEM('',(#11283),#14572);
#10736=STYLED_ITEM('',(#11284),#14573);
#10737=STYLED_ITEM('',(#11285),#14574);
#10738=STYLED_ITEM('',(#11286),#14575);
#10739=STYLED_ITEM('',(#11287),#14576);
#10740=STYLED_ITEM('',(#11288),#14577);
#10741=STYLED_ITEM('',(#11289),#14578);
#10742=STYLED_ITEM('',(#11290),#14579);
#10743=STYLED_ITEM('',(#11291),#14580);
#10744=STYLED_ITEM('',(#11292),#14581);
#10745=STYLED_ITEM('',(#11293),#14582);
#10746=STYLED_ITEM('',(#11294),#14583);
#10747=STYLED_ITEM('',(#11295),#14584);
#10748=STYLED_ITEM('',(#11296),#14585);
#10749=STYLED_ITEM('',(#11297),#14586);
#10750=STYLED_ITEM('',(#11298),#14587);
#10751=STYLED_ITEM('',(#11299),#14588);
#10752=STYLED_ITEM('',(#11300),#14589);
#10753=STYLED_ITEM('',(#11301),#14590);
#10754=STYLED_ITEM('',(#11302),#14591);
#10755=STYLED_ITEM('',(#11303),#14592);
#10756=STYLED_ITEM('',(#11304),#14593);
#10757=STYLED_ITEM('',(#11305),#14594);
#10758=STYLED_ITEM('',(#11306),#14595);
#10759=STYLED_ITEM('',(#11307),#14596);
#10760=STYLED_ITEM('',(#11308),#14597);
#10761=STYLED_ITEM('',(#11309),#14598);
#10762=STYLED_ITEM('',(#11310),#14599);
#10763=STYLED_ITEM('',(#11311),#14600);
#10764=STYLED_ITEM('',(#11312),#14601);
#10765=STYLED_ITEM('',(#11313),#14602);
#10766=STYLED_ITEM('',(#11314),#14603);
#10767=STYLED_ITEM('',(#11315),#14604);
#10768=STYLED_ITEM('',(#11316),#14605);
#10769=STYLED_ITEM('',(#11317),#14606);
#10770=STYLED_ITEM('',(#11318),#14607);
#10771=STYLED_ITEM('',(#11319),#14608);
#10772=STYLED_ITEM('',(#11320),#14609);
#10773=STYLED_ITEM('',(#11321),#14610);
#10774=STYLED_ITEM('',(#11322),#14611);
#10775=STYLED_ITEM('',(#11323),#14612);
#10776=STYLED_ITEM('',(#11324),#14613);
#10777=STYLED_ITEM('',(#11325),#14614);
#10778=STYLED_ITEM('',(#11326),#14615);
#10779=STYLED_ITEM('',(#11327),#14616);
#10780=STYLED_ITEM('',(#11328),#14617);
#10781=STYLED_ITEM('',(#11329),#14618);
#10782=STYLED_ITEM('',(#11330),#14619);
#10783=STYLED_ITEM('',(#11331),#14620);
#10784=STYLED_ITEM('',(#11332),#14621);
#10785=STYLED_ITEM('',(#11333),#14622);
#10786=STYLED_ITEM('',(#11334),#14623);
#10787=STYLED_ITEM('',(#11335),#14624);
#10788=STYLED_ITEM('',(#11336),#14625);
#10789=STYLED_ITEM('',(#11337),#14626);
#10790=STYLED_ITEM('',(#11338),#14627);
#10791=STYLED_ITEM('',(#11339),#14628);
#10792=STYLED_ITEM('',(#11340),#14629);
#10793=STYLED_ITEM('',(#11341),#14630);
#10794=STYLED_ITEM('',(#11342),#14631);
#10795=STYLED_ITEM('',(#11343),#14632);
#10796=STYLED_ITEM('',(#11344),#14633);
#10797=STYLED_ITEM('',(#11345),#14634);
#10798=STYLED_ITEM('',(#11346),#14635);
#10799=STYLED_ITEM('',(#11347),#14636);
#10800=STYLED_ITEM('',(#11348),#14637);
#10801=STYLED_ITEM('',(#11349),#14638);
#10802=STYLED_ITEM('',(#11350),#14639);
#10803=STYLED_ITEM('',(#11351),#14640);
#10804=STYLED_ITEM('',(#11352),#14641);
#10805=STYLED_ITEM('',(#11353),#14642);
#10806=STYLED_ITEM('',(#11354),#14643);
#10807=STYLED_ITEM('',(#11355),#14644);
#10808=STYLED_ITEM('',(#11356),#14645);
#10809=STYLED_ITEM('',(#11357),#14646);
#10810=STYLED_ITEM('',(#11358),#14647);
#10811=STYLED_ITEM('',(#11359),#14648);
#10812=STYLED_ITEM('',(#11360),#14649);
#10813=STYLED_ITEM('',(#11361),#14650);
#10814=STYLED_ITEM('',(#11362),#14651);
#10815=STYLED_ITEM('',(#11363),#14652);
#10816=STYLED_ITEM('',(#11364),#14653);
#10817=STYLED_ITEM('',(#11365),#14654);
#10818=STYLED_ITEM('',(#11366),#14655);
#10819=STYLED_ITEM('',(#11367),#14656);
#10820=STYLED_ITEM('',(#11368),#14657);
#10821=STYLED_ITEM('',(#11369),#14658);
#10822=STYLED_ITEM('',(#11370),#14659);
#10823=STYLED_ITEM('',(#11371),#14660);
#10824=STYLED_ITEM('',(#11372),#14661);
#10825=STYLED_ITEM('',(#11373),#14662);
#10826=STYLED_ITEM('',(#11374),#14663);
#10827=STYLED_ITEM('',(#11375),#14664);
#10828=STYLED_ITEM('',(#11376),#14665);
#10829=STYLED_ITEM('',(#11377),#14666);
#10830=STYLED_ITEM('',(#11378),#14667);
#10831=STYLED_ITEM('',(#11379),#14668);
#10832=STYLED_ITEM('',(#11380),#14669);
#10833=STYLED_ITEM('',(#11381),#14670);
#10834=STYLED_ITEM('',(#11382),#14671);
#10835=STYLED_ITEM('',(#11383),#14672);
#10836=STYLED_ITEM('',(#11384),#14673);
#10837=STYLED_ITEM('',(#11385),#14674);
#10838=STYLED_ITEM('',(#11386),#14675);
#10839=STYLED_ITEM('',(#11387),#14676);
#10840=STYLED_ITEM('',(#11388),#14677);
#10841=STYLED_ITEM('',(#11389),#14678);
#10842=STYLED_ITEM('',(#11390),#14679);
#10843=STYLED_ITEM('',(#11391),#14680);
#10844=STYLED_ITEM('',(#11392),#14681);
#10845=STYLED_ITEM('',(#11393),#14682);
#10846=STYLED_ITEM('',(#11394),#14683);
#10847=STYLED_ITEM('',(#11395),#14684);
#10848=STYLED_ITEM('',(#11396),#14685);
#10849=STYLED_ITEM('',(#11397),#14686);
#10850=STYLED_ITEM('',(#11398),#14687);
#10851=STYLED_ITEM('',(#11399),#14688);
#10852=STYLED_ITEM('',(#11400),#14689);
#10853=STYLED_ITEM('',(#11401),#14690);
#10854=STYLED_ITEM('',(#11402),#14691);
#10855=STYLED_ITEM('',(#11403),#14692);
#10856=STYLED_ITEM('',(#11404),#14693);
#10857=STYLED_ITEM('',(#11405),#14694);
#10858=STYLED_ITEM('',(#11406),#14695);
#10859=STYLED_ITEM('',(#11407),#14696);
#10860=STYLED_ITEM('',(#11408),#14697);
#10861=STYLED_ITEM('',(#11409),#14698);
#10862=STYLED_ITEM('',(#11410),#14699);
#10863=STYLED_ITEM('',(#11411),#14700);
#10864=STYLED_ITEM('',(#11412),#14701);
#10865=STYLED_ITEM('',(#11413),#14702);
#10866=STYLED_ITEM('',(#11414),#14703);
#10867=STYLED_ITEM('',(#11415),#14704);
#10868=STYLED_ITEM('',(#11416),#14705);
#10869=STYLED_ITEM('',(#11417),#14706);
#10870=STYLED_ITEM('',(#11418),#14707);
#10871=STYLED_ITEM('',(#11419),#14708);
#10872=STYLED_ITEM('',(#11420),#14709);
#10873=STYLED_ITEM('',(#11421),#14710);
#10874=STYLED_ITEM('',(#11422),#14711);
#10875=STYLED_ITEM('',(#11423),#14712);
#10876=STYLED_ITEM('',(#11424),#14713);
#10877=STYLED_ITEM('',(#11425),#14714);
#10878=STYLED_ITEM('',(#11426),#14715);
#10879=STYLED_ITEM('',(#11427),#14716);
#10880=STYLED_ITEM('',(#11428),#14717);
#10881=STYLED_ITEM('',(#11429),#14718);
#10882=STYLED_ITEM('',(#11430),#14719);
#10883=STYLED_ITEM('',(#11431),#14720);
#10884=STYLED_ITEM('',(#11432),#14721);
#10885=STYLED_ITEM('',(#11433),#14722);
#10886=STYLED_ITEM('',(#11434),#14723);
#10887=STYLED_ITEM('',(#11435),#14724);
#10888=STYLED_ITEM('',(#11436),#14725);
#10889=STYLED_ITEM('',(#11437),#14726);
#10890=STYLED_ITEM('',(#11438),#14727);
#10891=STYLED_ITEM('',(#11439),#14728);
#10892=STYLED_ITEM('',(#11440),#14729);
#10893=STYLED_ITEM('',(#11441),#14730);
#10894=STYLED_ITEM('',(#11442),#14731);
#10895=STYLED_ITEM('',(#11443),#14732);
#10896=STYLED_ITEM('',(#11444),#14733);
#10897=STYLED_ITEM('',(#11445),#14734);
#10898=STYLED_ITEM('',(#11446),#14735);
#10899=STYLED_ITEM('',(#11447),#14736);
#10900=STYLED_ITEM('',(#11448),#14737);
#10901=STYLED_ITEM('',(#11449),#14738);
#10902=STYLED_ITEM('',(#11450),#14739);
#10903=STYLED_ITEM('',(#11451),#14740);
#10904=STYLED_ITEM('',(#11452),#14741);
#10905=STYLED_ITEM('',(#11453),#14742);
#10906=STYLED_ITEM('',(#11454),#14743);
#10907=STYLED_ITEM('',(#11455),#14744);
#10908=STYLED_ITEM('',(#11456),#14745);
#10909=STYLED_ITEM('',(#11457),#14746);
#10910=STYLED_ITEM('',(#11458),#14747);
#10911=STYLED_ITEM('',(#11459),#14748);
#10912=STYLED_ITEM('',(#11460),#14749);
#10913=STYLED_ITEM('',(#11461),#14750);
#10914=STYLED_ITEM('',(#11462),#14751);
#10915=STYLED_ITEM('',(#11463),#14752);
#10916=STYLED_ITEM('',(#11464),#14753);
#10917=STYLED_ITEM('',(#11465),#14754);
#10918=STYLED_ITEM('',(#11466),#14755);
#10919=STYLED_ITEM('',(#11467),#14756);
#10920=STYLED_ITEM('',(#11468),#14757);
#10921=STYLED_ITEM('',(#11469),#14758);
#10922=STYLED_ITEM('',(#11470),#14759);
#10923=STYLED_ITEM('',(#11471),#14760);
#10924=STYLED_ITEM('',(#11472),#14761);
#10925=STYLED_ITEM('',(#11473),#14762);
#10926=STYLED_ITEM('',(#11474),#14763);
#10927=STYLED_ITEM('',(#11475),#14764);
#10928=STYLED_ITEM('',(#11476),#14765);
#10929=STYLED_ITEM('',(#11477),#14766);
#10930=STYLED_ITEM('',(#11478),#14767);
#10931=STYLED_ITEM('',(#11479),#14768);
#10932=STYLED_ITEM('',(#11480),#14769);
#10933=STYLED_ITEM('',(#11481),#14770);
#10934=STYLED_ITEM('',(#11482),#14771);
#10935=STYLED_ITEM('',(#11483),#14772);
#10936=STYLED_ITEM('',(#11484),#14773);
#10937=STYLED_ITEM('',(#11485),#14774);
#10938=STYLED_ITEM('',(#11486),#14775);
#10939=STYLED_ITEM('',(#11487),#14776);
#10940=STYLED_ITEM('',(#11488),#14777);
#10941=STYLED_ITEM('',(#11489),#14778);
#10942=STYLED_ITEM('',(#11490),#14779);
#10943=STYLED_ITEM('',(#11491),#14780);
#10944=STYLED_ITEM('',(#11492),#14781);
#10945=STYLED_ITEM('',(#11493),#14782);
#10946=STYLED_ITEM('',(#11494),#14783);
#10947=STYLED_ITEM('',(#11495),#14784);
#10948=STYLED_ITEM('',(#11496),#14785);
#10949=STYLED_ITEM('',(#11497),#14786);
#10950=STYLED_ITEM('',(#11498),#14787);
#10951=STYLED_ITEM('',(#11499),#14788);
#10952=STYLED_ITEM('',(#11500),#14789);
#10953=STYLED_ITEM('',(#11501),#14790);
#10954=STYLED_ITEM('',(#11502),#14791);
#10955=STYLED_ITEM('',(#11503),#14792);
#10956=STYLED_ITEM('',(#11504),#14793);
#10957=STYLED_ITEM('',(#11505),#14794);
#10958=STYLED_ITEM('',(#11506),#14795);
#10959=STYLED_ITEM('',(#11507),#14796);
#10960=STYLED_ITEM('',(#11508),#14797);
#10961=STYLED_ITEM('',(#11509),#14798);
#10962=STYLED_ITEM('',(#11510),#14799);
#10963=STYLED_ITEM('',(#11511),#14800);
#10964=STYLED_ITEM('',(#11512),#14801);
#10965=STYLED_ITEM('',(#11513),#14802);
#10966=STYLED_ITEM('',(#11514),#14803);
#10967=STYLED_ITEM('',(#11515),#14804);
#10968=STYLED_ITEM('',(#11516),#14805);
#10969=STYLED_ITEM('',(#11517),#14806);
#10970=STYLED_ITEM('',(#11518),#14807);
#10971=STYLED_ITEM('',(#11519),#14808);
#10972=STYLED_ITEM('',(#11520),#14809);
#10973=STYLED_ITEM('',(#11521),#14810);
#10974=STYLED_ITEM('',(#11522),#14811);
#10975=STYLED_ITEM('',(#11523),#14812);
#10976=STYLED_ITEM('',(#11524),#14813);
#10977=STYLED_ITEM('',(#11525),#14814);
#10978=STYLED_ITEM('',(#11526),#14815);
#10979=STYLED_ITEM('',(#11527),#14816);
#10980=STYLED_ITEM('',(#11528),#14817);
#10981=STYLED_ITEM('',(#11529),#14818);
#10982=STYLED_ITEM('',(#11530),#14819);
#10983=STYLED_ITEM('',(#11531),#14820);
#10984=STYLED_ITEM('',(#11532),#14821);
#10985=STYLED_ITEM('',(#11533),#14822);
#10986=STYLED_ITEM('',(#11534),#14823);
#10987=STYLED_ITEM('',(#11535),#14824);
#10988=STYLED_ITEM('',(#11536),#14825);
#10989=STYLED_ITEM('',(#11537),#14826);
#10990=STYLED_ITEM('',(#11538),#14827);
#10991=STYLED_ITEM('',(#11539),#14828);
#10992=STYLED_ITEM('',(#11540),#14829);
#10993=STYLED_ITEM('',(#11541),#14830);
#10994=STYLED_ITEM('',(#11542),#14831);
#10995=STYLED_ITEM('',(#11543),#14832);
#10996=STYLED_ITEM('',(#11544),#14833);
#10997=STYLED_ITEM('',(#11545),#14834);
#10998=STYLED_ITEM('',(#11546),#14835);
#10999=STYLED_ITEM('',(#11547),#14836);
#11000=STYLED_ITEM('',(#11548),#14837);
#11001=STYLED_ITEM('',(#11549),#14838);
#11002=STYLED_ITEM('',(#11550),#14839);
#11003=STYLED_ITEM('',(#11551),#14840);
#11004=STYLED_ITEM('',(#11552),#14841);
#11005=STYLED_ITEM('',(#11553),#14842);
#11006=STYLED_ITEM('',(#11554),#14843);
#11007=STYLED_ITEM('',(#11555),#14844);
#11008=STYLED_ITEM('',(#11556),#14845);
#11009=STYLED_ITEM('',(#11557),#14846);
#11010=STYLED_ITEM('',(#11558),#14847);
#11011=STYLED_ITEM('',(#11559),#14848);
#11012=STYLED_ITEM('',(#11560),#14849);
#11013=STYLED_ITEM('',(#11561),#14850);
#11014=STYLED_ITEM('',(#11562),#14851);
#11015=STYLED_ITEM('',(#11563),#14852);
#11016=STYLED_ITEM('',(#11564),#14853);
#11017=STYLED_ITEM('',(#11565),#14854);
#11018=STYLED_ITEM('',(#11566),#14855);
#11019=STYLED_ITEM('',(#11567),#14856);
#11020=STYLED_ITEM('',(#11568),#14857);
#11021=STYLED_ITEM('',(#11569),#14858);
#11022=STYLED_ITEM('',(#11570),#14859);
#11023=STYLED_ITEM('',(#11571),#14860);
#11024=STYLED_ITEM('',(#11572),#14861);
#11025=STYLED_ITEM('',(#11573),#14862);
#11026=STYLED_ITEM('',(#11574),#14863);
#11027=STYLED_ITEM('',(#11575),#14864);
#11028=STYLED_ITEM('',(#11576),#14865);
#11029=STYLED_ITEM('',(#11577),#14866);
#11030=STYLED_ITEM('',(#11578),#14867);
#11031=STYLED_ITEM('',(#11579),#14868);
#11032=STYLED_ITEM('',(#11580),#14869);
#11033=STYLED_ITEM('',(#11581),#14870);
#11034=STYLED_ITEM('',(#11582),#14871);
#11035=STYLED_ITEM('',(#11583),#14872);
#11036=STYLED_ITEM('',(#11584),#14873);
#11037=STYLED_ITEM('',(#11585),#14874);
#11038=STYLED_ITEM('',(#11586),#14875);
#11039=STYLED_ITEM('',(#11587),#14876);
#11040=PRESENTATION_STYLE_ASSIGNMENT((#11588));
#11041=PRESENTATION_STYLE_ASSIGNMENT((#11589));
#11042=PRESENTATION_STYLE_ASSIGNMENT((#11590));
#11043=PRESENTATION_STYLE_ASSIGNMENT((#11591));
#11044=PRESENTATION_STYLE_ASSIGNMENT((#11592));
#11045=PRESENTATION_STYLE_ASSIGNMENT((#11593));
#11046=PRESENTATION_STYLE_ASSIGNMENT((#11594));
#11047=PRESENTATION_STYLE_ASSIGNMENT((#11595));
#11048=PRESENTATION_STYLE_ASSIGNMENT((#11596));
#11049=PRESENTATION_STYLE_ASSIGNMENT((#11597));
#11050=PRESENTATION_STYLE_ASSIGNMENT((#11598));
#11051=PRESENTATION_STYLE_ASSIGNMENT((#11599));
#11052=PRESENTATION_STYLE_ASSIGNMENT((#11600));
#11053=PRESENTATION_STYLE_ASSIGNMENT((#11601));
#11054=PRESENTATION_STYLE_ASSIGNMENT((#11602));
#11055=PRESENTATION_STYLE_ASSIGNMENT((#11603));
#11056=PRESENTATION_STYLE_ASSIGNMENT((#11604));
#11057=PRESENTATION_STYLE_ASSIGNMENT((#11605));
#11058=PRESENTATION_STYLE_ASSIGNMENT((#11606));
#11059=PRESENTATION_STYLE_ASSIGNMENT((#11607));
#11060=PRESENTATION_STYLE_ASSIGNMENT((#11608));
#11061=PRESENTATION_STYLE_ASSIGNMENT((#11609));
#11062=PRESENTATION_STYLE_ASSIGNMENT((#11610));
#11063=PRESENTATION_STYLE_ASSIGNMENT((#11611));
#11064=PRESENTATION_STYLE_ASSIGNMENT((#11612));
#11065=PRESENTATION_STYLE_ASSIGNMENT((#11613));
#11066=PRESENTATION_STYLE_ASSIGNMENT((#11614));
#11067=PRESENTATION_STYLE_ASSIGNMENT((#11615));
#11068=PRESENTATION_STYLE_ASSIGNMENT((#11616));
#11069=PRESENTATION_STYLE_ASSIGNMENT((#11617));
#11070=PRESENTATION_STYLE_ASSIGNMENT((#11618));
#11071=PRESENTATION_STYLE_ASSIGNMENT((#11619));
#11072=PRESENTATION_STYLE_ASSIGNMENT((#11620));
#11073=PRESENTATION_STYLE_ASSIGNMENT((#11621));
#11074=PRESENTATION_STYLE_ASSIGNMENT((#11622));
#11075=PRESENTATION_STYLE_ASSIGNMENT((#11623));
#11076=PRESENTATION_STYLE_ASSIGNMENT((#11624));
#11077=PRESENTATION_STYLE_ASSIGNMENT((#11625));
#11078=PRESENTATION_STYLE_ASSIGNMENT((#11626));
#11079=PRESENTATION_STYLE_ASSIGNMENT((#11627));
#11080=PRESENTATION_STYLE_ASSIGNMENT((#11628));
#11081=PRESENTATION_STYLE_ASSIGNMENT((#11629));
#11082=PRESENTATION_STYLE_ASSIGNMENT((#11630));
#11083=PRESENTATION_STYLE_ASSIGNMENT((#11631));
#11084=PRESENTATION_STYLE_ASSIGNMENT((#11632));
#11085=PRESENTATION_STYLE_ASSIGNMENT((#11633));
#11086=PRESENTATION_STYLE_ASSIGNMENT((#11634));
#11087=PRESENTATION_STYLE_ASSIGNMENT((#11635));
#11088=PRESENTATION_STYLE_ASSIGNMENT((#11636));
#11089=PRESENTATION_STYLE_ASSIGNMENT((#11637));
#11090=PRESENTATION_STYLE_ASSIGNMENT((#11638));
#11091=PRESENTATION_STYLE_ASSIGNMENT((#11639));
#11092=PRESENTATION_STYLE_ASSIGNMENT((#11640));
#11093=PRESENTATION_STYLE_ASSIGNMENT((#11641));
#11094=PRESENTATION_STYLE_ASSIGNMENT((#11642));
#11095=PRESENTATION_STYLE_ASSIGNMENT((#11643));
#11096=PRESENTATION_STYLE_ASSIGNMENT((#11644));
#11097=PRESENTATION_STYLE_ASSIGNMENT((#11645));
#11098=PRESENTATION_STYLE_ASSIGNMENT((#11646));
#11099=PRESENTATION_STYLE_ASSIGNMENT((#11647));
#11100=PRESENTATION_STYLE_ASSIGNMENT((#11648));
#11101=PRESENTATION_STYLE_ASSIGNMENT((#11649));
#11102=PRESENTATION_STYLE_ASSIGNMENT((#11650));
#11103=PRESENTATION_STYLE_ASSIGNMENT((#11651));
#11104=PRESENTATION_STYLE_ASSIGNMENT((#11652));
#11105=PRESENTATION_STYLE_ASSIGNMENT((#11653));
#11106=PRESENTATION_STYLE_ASSIGNMENT((#11654));
#11107=PRESENTATION_STYLE_ASSIGNMENT((#11655));
#11108=PRESENTATION_STYLE_ASSIGNMENT((#11656));
#11109=PRESENTATION_STYLE_ASSIGNMENT((#11657));
#11110=PRESENTATION_STYLE_ASSIGNMENT((#11658));
#11111=PRESENTATION_STYLE_ASSIGNMENT((#11659));
#11112=PRESENTATION_STYLE_ASSIGNMENT((#11660));
#11113=PRESENTATION_STYLE_ASSIGNMENT((#11661));
#11114=PRESENTATION_STYLE_ASSIGNMENT((#11662));
#11115=PRESENTATION_STYLE_ASSIGNMENT((#11663));
#11116=PRESENTATION_STYLE_ASSIGNMENT((#11664));
#11117=PRESENTATION_STYLE_ASSIGNMENT((#11665));
#11118=PRESENTATION_STYLE_ASSIGNMENT((#11666));
#11119=PRESENTATION_STYLE_ASSIGNMENT((#11667));
#11120=PRESENTATION_STYLE_ASSIGNMENT((#11668));
#11121=PRESENTATION_STYLE_ASSIGNMENT((#11669));
#11122=PRESENTATION_STYLE_ASSIGNMENT((#11670));
#11123=PRESENTATION_STYLE_ASSIGNMENT((#11671));
#11124=PRESENTATION_STYLE_ASSIGNMENT((#11672));
#11125=PRESENTATION_STYLE_ASSIGNMENT((#11673));
#11126=PRESENTATION_STYLE_ASSIGNMENT((#11674));
#11127=PRESENTATION_STYLE_ASSIGNMENT((#11675));
#11128=PRESENTATION_STYLE_ASSIGNMENT((#11676));
#11129=PRESENTATION_STYLE_ASSIGNMENT((#11677));
#11130=PRESENTATION_STYLE_ASSIGNMENT((#11678));
#11131=PRESENTATION_STYLE_ASSIGNMENT((#11679));
#11132=PRESENTATION_STYLE_ASSIGNMENT((#11680));
#11133=PRESENTATION_STYLE_ASSIGNMENT((#11681));
#11134=PRESENTATION_STYLE_ASSIGNMENT((#11682));
#11135=PRESENTATION_STYLE_ASSIGNMENT((#11683));
#11136=PRESENTATION_STYLE_ASSIGNMENT((#11684));
#11137=PRESENTATION_STYLE_ASSIGNMENT((#11685));
#11138=PRESENTATION_STYLE_ASSIGNMENT((#11686));
#11139=PRESENTATION_STYLE_ASSIGNMENT((#11687));
#11140=PRESENTATION_STYLE_ASSIGNMENT((#11688));
#11141=PRESENTATION_STYLE_ASSIGNMENT((#11689));
#11142=PRESENTATION_STYLE_ASSIGNMENT((#11690));
#11143=PRESENTATION_STYLE_ASSIGNMENT((#11691));
#11144=PRESENTATION_STYLE_ASSIGNMENT((#11692));
#11145=PRESENTATION_STYLE_ASSIGNMENT((#11693));
#11146=PRESENTATION_STYLE_ASSIGNMENT((#11694));
#11147=PRESENTATION_STYLE_ASSIGNMENT((#11695));
#11148=PRESENTATION_STYLE_ASSIGNMENT((#11696));
#11149=PRESENTATION_STYLE_ASSIGNMENT((#11697));
#11150=PRESENTATION_STYLE_ASSIGNMENT((#11698));
#11151=PRESENTATION_STYLE_ASSIGNMENT((#11699));
#11152=PRESENTATION_STYLE_ASSIGNMENT((#11700));
#11153=PRESENTATION_STYLE_ASSIGNMENT((#11701));
#11154=PRESENTATION_STYLE_ASSIGNMENT((#11702));
#11155=PRESENTATION_STYLE_ASSIGNMENT((#11703));
#11156=PRESENTATION_STYLE_ASSIGNMENT((#11704));
#11157=PRESENTATION_STYLE_ASSIGNMENT((#11705));
#11158=PRESENTATION_STYLE_ASSIGNMENT((#11706));
#11159=PRESENTATION_STYLE_ASSIGNMENT((#11707));
#11160=PRESENTATION_STYLE_ASSIGNMENT((#11708));
#11161=PRESENTATION_STYLE_ASSIGNMENT((#11709));
#11162=PRESENTATION_STYLE_ASSIGNMENT((#11710));
#11163=PRESENTATION_STYLE_ASSIGNMENT((#11711));
#11164=PRESENTATION_STYLE_ASSIGNMENT((#11712));
#11165=PRESENTATION_STYLE_ASSIGNMENT((#11713));
#11166=PRESENTATION_STYLE_ASSIGNMENT((#11714));
#11167=PRESENTATION_STYLE_ASSIGNMENT((#11715));
#11168=PRESENTATION_STYLE_ASSIGNMENT((#11716));
#11169=PRESENTATION_STYLE_ASSIGNMENT((#11717));
#11170=PRESENTATION_STYLE_ASSIGNMENT((#11718));
#11171=PRESENTATION_STYLE_ASSIGNMENT((#11719));
#11172=PRESENTATION_STYLE_ASSIGNMENT((#11720));
#11173=PRESENTATION_STYLE_ASSIGNMENT((#11721));
#11174=PRESENTATION_STYLE_ASSIGNMENT((#11722));
#11175=PRESENTATION_STYLE_ASSIGNMENT((#11723));
#11176=PRESENTATION_STYLE_ASSIGNMENT((#11724));
#11177=PRESENTATION_STYLE_ASSIGNMENT((#11725));
#11178=PRESENTATION_STYLE_ASSIGNMENT((#11726));
#11179=PRESENTATION_STYLE_ASSIGNMENT((#11727));
#11180=PRESENTATION_STYLE_ASSIGNMENT((#11728));
#11181=PRESENTATION_STYLE_ASSIGNMENT((#11729));
#11182=PRESENTATION_STYLE_ASSIGNMENT((#11730));
#11183=PRESENTATION_STYLE_ASSIGNMENT((#11731));
#11184=PRESENTATION_STYLE_ASSIGNMENT((#11732));
#11185=PRESENTATION_STYLE_ASSIGNMENT((#11733));
#11186=PRESENTATION_STYLE_ASSIGNMENT((#11734));
#11187=PRESENTATION_STYLE_ASSIGNMENT((#11735));
#11188=PRESENTATION_STYLE_ASSIGNMENT((#11736));
#11189=PRESENTATION_STYLE_ASSIGNMENT((#11737));
#11190=PRESENTATION_STYLE_ASSIGNMENT((#11738));
#11191=PRESENTATION_STYLE_ASSIGNMENT((#11739));
#11192=PRESENTATION_STYLE_ASSIGNMENT((#11740));
#11193=PRESENTATION_STYLE_ASSIGNMENT((#11741));
#11194=PRESENTATION_STYLE_ASSIGNMENT((#11742));
#11195=PRESENTATION_STYLE_ASSIGNMENT((#11743));
#11196=PRESENTATION_STYLE_ASSIGNMENT((#11744));
#11197=PRESENTATION_STYLE_ASSIGNMENT((#11745));
#11198=PRESENTATION_STYLE_ASSIGNMENT((#11746));
#11199=PRESENTATION_STYLE_ASSIGNMENT((#11747));
#11200=PRESENTATION_STYLE_ASSIGNMENT((#11748));
#11201=PRESENTATION_STYLE_ASSIGNMENT((#11749));
#11202=PRESENTATION_STYLE_ASSIGNMENT((#11750));
#11203=PRESENTATION_STYLE_ASSIGNMENT((#11751));
#11204=PRESENTATION_STYLE_ASSIGNMENT((#11752));
#11205=PRESENTATION_STYLE_ASSIGNMENT((#11753));
#11206=PRESENTATION_STYLE_ASSIGNMENT((#11754));
#11207=PRESENTATION_STYLE_ASSIGNMENT((#11755));
#11208=PRESENTATION_STYLE_ASSIGNMENT((#11756));
#11209=PRESENTATION_STYLE_ASSIGNMENT((#11757));
#11210=PRESENTATION_STYLE_ASSIGNMENT((#11758));
#11211=PRESENTATION_STYLE_ASSIGNMENT((#11759));
#11212=PRESENTATION_STYLE_ASSIGNMENT((#11760));
#11213=PRESENTATION_STYLE_ASSIGNMENT((#11761));
#11214=PRESENTATION_STYLE_ASSIGNMENT((#11762));
#11215=PRESENTATION_STYLE_ASSIGNMENT((#11763));
#11216=PRESENTATION_STYLE_ASSIGNMENT((#11764));
#11217=PRESENTATION_STYLE_ASSIGNMENT((#11765));
#11218=PRESENTATION_STYLE_ASSIGNMENT((#11766));
#11219=PRESENTATION_STYLE_ASSIGNMENT((#11767));
#11220=PRESENTATION_STYLE_ASSIGNMENT((#11768));
#11221=PRESENTATION_STYLE_ASSIGNMENT((#11769));
#11222=PRESENTATION_STYLE_ASSIGNMENT((#11770));
#11223=PRESENTATION_STYLE_ASSIGNMENT((#11771));
#11224=PRESENTATION_STYLE_ASSIGNMENT((#11772));
#11225=PRESENTATION_STYLE_ASSIGNMENT((#11773));
#11226=PRESENTATION_STYLE_ASSIGNMENT((#11774));
#11227=PRESENTATION_STYLE_ASSIGNMENT((#11775));
#11228=PRESENTATION_STYLE_ASSIGNMENT((#11776));
#11229=PRESENTATION_STYLE_ASSIGNMENT((#11777));
#11230=PRESENTATION_STYLE_ASSIGNMENT((#11778));
#11231=PRESENTATION_STYLE_ASSIGNMENT((#11779));
#11232=PRESENTATION_STYLE_ASSIGNMENT((#11780));
#11233=PRESENTATION_STYLE_ASSIGNMENT((#11781));
#11234=PRESENTATION_STYLE_ASSIGNMENT((#11782));
#11235=PRESENTATION_STYLE_ASSIGNMENT((#11783));
#11236=PRESENTATION_STYLE_ASSIGNMENT((#11784));
#11237=PRESENTATION_STYLE_ASSIGNMENT((#11785));
#11238=PRESENTATION_STYLE_ASSIGNMENT((#11786));
#11239=PRESENTATION_STYLE_ASSIGNMENT((#11787));
#11240=PRESENTATION_STYLE_ASSIGNMENT((#11788));
#11241=PRESENTATION_STYLE_ASSIGNMENT((#11789));
#11242=PRESENTATION_STYLE_ASSIGNMENT((#11790));
#11243=PRESENTATION_STYLE_ASSIGNMENT((#11791));
#11244=PRESENTATION_STYLE_ASSIGNMENT((#11792));
#11245=PRESENTATION_STYLE_ASSIGNMENT((#11793));
#11246=PRESENTATION_STYLE_ASSIGNMENT((#11794));
#11247=PRESENTATION_STYLE_ASSIGNMENT((#11795));
#11248=PRESENTATION_STYLE_ASSIGNMENT((#11796));
#11249=PRESENTATION_STYLE_ASSIGNMENT((#11797));
#11250=PRESENTATION_STYLE_ASSIGNMENT((#11798));
#11251=PRESENTATION_STYLE_ASSIGNMENT((#11799));
#11252=PRESENTATION_STYLE_ASSIGNMENT((#11800));
#11253=PRESENTATION_STYLE_ASSIGNMENT((#11801));
#11254=PRESENTATION_STYLE_ASSIGNMENT((#11802));
#11255=PRESENTATION_STYLE_ASSIGNMENT((#11803));
#11256=PRESENTATION_STYLE_ASSIGNMENT((#11804));
#11257=PRESENTATION_STYLE_ASSIGNMENT((#11805));
#11258=PRESENTATION_STYLE_ASSIGNMENT((#11806));
#11259=PRESENTATION_STYLE_ASSIGNMENT((#11807));
#11260=PRESENTATION_STYLE_ASSIGNMENT((#11808));
#11261=PRESENTATION_STYLE_ASSIGNMENT((#11809));
#11262=PRESENTATION_STYLE_ASSIGNMENT((#11810));
#11263=PRESENTATION_STYLE_ASSIGNMENT((#11811));
#11264=PRESENTATION_STYLE_ASSIGNMENT((#11812));
#11265=PRESENTATION_STYLE_ASSIGNMENT((#11813));
#11266=PRESENTATION_STYLE_ASSIGNMENT((#11814));
#11267=PRESENTATION_STYLE_ASSIGNMENT((#11815));
#11268=PRESENTATION_STYLE_ASSIGNMENT((#11816));
#11269=PRESENTATION_STYLE_ASSIGNMENT((#11817));
#11270=PRESENTATION_STYLE_ASSIGNMENT((#11818));
#11271=PRESENTATION_STYLE_ASSIGNMENT((#11819));
#11272=PRESENTATION_STYLE_ASSIGNMENT((#11820));
#11273=PRESENTATION_STYLE_ASSIGNMENT((#11821));
#11274=PRESENTATION_STYLE_ASSIGNMENT((#11822));
#11275=PRESENTATION_STYLE_ASSIGNMENT((#11823));
#11276=PRESENTATION_STYLE_ASSIGNMENT((#11824));
#11277=PRESENTATION_STYLE_ASSIGNMENT((#11825));
#11278=PRESENTATION_STYLE_ASSIGNMENT((#11826));
#11279=PRESENTATION_STYLE_ASSIGNMENT((#11827));
#11280=PRESENTATION_STYLE_ASSIGNMENT((#11828));
#11281=PRESENTATION_STYLE_ASSIGNMENT((#11829));
#11282=PRESENTATION_STYLE_ASSIGNMENT((#11830));
#11283=PRESENTATION_STYLE_ASSIGNMENT((#11831));
#11284=PRESENTATION_STYLE_ASSIGNMENT((#11832));
#11285=PRESENTATION_STYLE_ASSIGNMENT((#11833));
#11286=PRESENTATION_STYLE_ASSIGNMENT((#11834));
#11287=PRESENTATION_STYLE_ASSIGNMENT((#11835));
#11288=PRESENTATION_STYLE_ASSIGNMENT((#11836));
#11289=PRESENTATION_STYLE_ASSIGNMENT((#11837));
#11290=PRESENTATION_STYLE_ASSIGNMENT((#11838));
#11291=PRESENTATION_STYLE_ASSIGNMENT((#11839));
#11292=PRESENTATION_STYLE_ASSIGNMENT((#11840));
#11293=PRESENTATION_STYLE_ASSIGNMENT((#11841));
#11294=PRESENTATION_STYLE_ASSIGNMENT((#11842));
#11295=PRESENTATION_STYLE_ASSIGNMENT((#11843));
#11296=PRESENTATION_STYLE_ASSIGNMENT((#11844));
#11297=PRESENTATION_STYLE_ASSIGNMENT((#11845));
#11298=PRESENTATION_STYLE_ASSIGNMENT((#11846));
#11299=PRESENTATION_STYLE_ASSIGNMENT((#11847));
#11300=PRESENTATION_STYLE_ASSIGNMENT((#11848));
#11301=PRESENTATION_STYLE_ASSIGNMENT((#11849));
#11302=PRESENTATION_STYLE_ASSIGNMENT((#11850));
#11303=PRESENTATION_STYLE_ASSIGNMENT((#11851));
#11304=PRESENTATION_STYLE_ASSIGNMENT((#11852));
#11305=PRESENTATION_STYLE_ASSIGNMENT((#11853));
#11306=PRESENTATION_STYLE_ASSIGNMENT((#11854));
#11307=PRESENTATION_STYLE_ASSIGNMENT((#11855));
#11308=PRESENTATION_STYLE_ASSIGNMENT((#11856));
#11309=PRESENTATION_STYLE_ASSIGNMENT((#11857));
#11310=PRESENTATION_STYLE_ASSIGNMENT((#11858));
#11311=PRESENTATION_STYLE_ASSIGNMENT((#11859));
#11312=PRESENTATION_STYLE_ASSIGNMENT((#11860));
#11313=PRESENTATION_STYLE_ASSIGNMENT((#11861));
#11314=PRESENTATION_STYLE_ASSIGNMENT((#11862));
#11315=PRESENTATION_STYLE_ASSIGNMENT((#11863));
#11316=PRESENTATION_STYLE_ASSIGNMENT((#11864));
#11317=PRESENTATION_STYLE_ASSIGNMENT((#11865));
#11318=PRESENTATION_STYLE_ASSIGNMENT((#11866));
#11319=PRESENTATION_STYLE_ASSIGNMENT((#11867));
#11320=PRESENTATION_STYLE_ASSIGNMENT((#11868));
#11321=PRESENTATION_STYLE_ASSIGNMENT((#11869));
#11322=PRESENTATION_STYLE_ASSIGNMENT((#11870));
#11323=PRESENTATION_STYLE_ASSIGNMENT((#11871));
#11324=PRESENTATION_STYLE_ASSIGNMENT((#11872));
#11325=PRESENTATION_STYLE_ASSIGNMENT((#11873));
#11326=PRESENTATION_STYLE_ASSIGNMENT((#11874));
#11327=PRESENTATION_STYLE_ASSIGNMENT((#11875));
#11328=PRESENTATION_STYLE_ASSIGNMENT((#11876));
#11329=PRESENTATION_STYLE_ASSIGNMENT((#11877));
#11330=PRESENTATION_STYLE_ASSIGNMENT((#11878));
#11331=PRESENTATION_STYLE_ASSIGNMENT((#11879));
#11332=PRESENTATION_STYLE_ASSIGNMENT((#11880));
#11333=PRESENTATION_STYLE_ASSIGNMENT((#11881));
#11334=PRESENTATION_STYLE_ASSIGNMENT((#11882));
#11335=PRESENTATION_STYLE_ASSIGNMENT((#11883));
#11336=PRESENTATION_STYLE_ASSIGNMENT((#11884));
#11337=PRESENTATION_STYLE_ASSIGNMENT((#11885));
#11338=PRESENTATION_STYLE_ASSIGNMENT((#11886));
#11339=PRESENTATION_STYLE_ASSIGNMENT((#11887));
#11340=PRESENTATION_STYLE_ASSIGNMENT((#11888));
#11341=PRESENTATION_STYLE_ASSIGNMENT((#11889));
#11342=PRESENTATION_STYLE_ASSIGNMENT((#11890));
#11343=PRESENTATION_STYLE_ASSIGNMENT((#11891));
#11344=PRESENTATION_STYLE_ASSIGNMENT((#11892));
#11345=PRESENTATION_STYLE_ASSIGNMENT((#11893));
#11346=PRESENTATION_STYLE_ASSIGNMENT((#11894));
#11347=PRESENTATION_STYLE_ASSIGNMENT((#11895));
#11348=PRESENTATION_STYLE_ASSIGNMENT((#11896));
#11349=PRESENTATION_STYLE_ASSIGNMENT((#11897));
#11350=PRESENTATION_STYLE_ASSIGNMENT((#11898));
#11351=PRESENTATION_STYLE_ASSIGNMENT((#11899));
#11352=PRESENTATION_STYLE_ASSIGNMENT((#11900));
#11353=PRESENTATION_STYLE_ASSIGNMENT((#11901));
#11354=PRESENTATION_STYLE_ASSIGNMENT((#11902));
#11355=PRESENTATION_STYLE_ASSIGNMENT((#11903));
#11356=PRESENTATION_STYLE_ASSIGNMENT((#11904));
#11357=PRESENTATION_STYLE_ASSIGNMENT((#11905));
#11358=PRESENTATION_STYLE_ASSIGNMENT((#11906));
#11359=PRESENTATION_STYLE_ASSIGNMENT((#11907));
#11360=PRESENTATION_STYLE_ASSIGNMENT((#11908));
#11361=PRESENTATION_STYLE_ASSIGNMENT((#11909));
#11362=PRESENTATION_STYLE_ASSIGNMENT((#11910));
#11363=PRESENTATION_STYLE_ASSIGNMENT((#11911));
#11364=PRESENTATION_STYLE_ASSIGNMENT((#11912));
#11365=PRESENTATION_STYLE_ASSIGNMENT((#11913));
#11366=PRESENTATION_STYLE_ASSIGNMENT((#11914));
#11367=PRESENTATION_STYLE_ASSIGNMENT((#11915));
#11368=PRESENTATION_STYLE_ASSIGNMENT((#11916));
#11369=PRESENTATION_STYLE_ASSIGNMENT((#11917));
#11370=PRESENTATION_STYLE_ASSIGNMENT((#11918));
#11371=PRESENTATION_STYLE_ASSIGNMENT((#11919));
#11372=PRESENTATION_STYLE_ASSIGNMENT((#11920));
#11373=PRESENTATION_STYLE_ASSIGNMENT((#11921));
#11374=PRESENTATION_STYLE_ASSIGNMENT((#11922));
#11375=PRESENTATION_STYLE_ASSIGNMENT((#11923));
#11376=PRESENTATION_STYLE_ASSIGNMENT((#11924));
#11377=PRESENTATION_STYLE_ASSIGNMENT((#11925));
#11378=PRESENTATION_STYLE_ASSIGNMENT((#11926));
#11379=PRESENTATION_STYLE_ASSIGNMENT((#11927));
#11380=PRESENTATION_STYLE_ASSIGNMENT((#11928));
#11381=PRESENTATION_STYLE_ASSIGNMENT((#11929));
#11382=PRESENTATION_STYLE_ASSIGNMENT((#11930));
#11383=PRESENTATION_STYLE_ASSIGNMENT((#11931));
#11384=PRESENTATION_STYLE_ASSIGNMENT((#11932));
#11385=PRESENTATION_STYLE_ASSIGNMENT((#11933));
#11386=PRESENTATION_STYLE_ASSIGNMENT((#11934));
#11387=PRESENTATION_STYLE_ASSIGNMENT((#11935));
#11388=PRESENTATION_STYLE_ASSIGNMENT((#11936));
#11389=PRESENTATION_STYLE_ASSIGNMENT((#11937));
#11390=PRESENTATION_STYLE_ASSIGNMENT((#11938));
#11391=PRESENTATION_STYLE_ASSIGNMENT((#11939));
#11392=PRESENTATION_STYLE_ASSIGNMENT((#11940));
#11393=PRESENTATION_STYLE_ASSIGNMENT((#11941));
#11394=PRESENTATION_STYLE_ASSIGNMENT((#11942));
#11395=PRESENTATION_STYLE_ASSIGNMENT((#11943));
#11396=PRESENTATION_STYLE_ASSIGNMENT((#11944));
#11397=PRESENTATION_STYLE_ASSIGNMENT((#11945));
#11398=PRESENTATION_STYLE_ASSIGNMENT((#11946));
#11399=PRESENTATION_STYLE_ASSIGNMENT((#11947));
#11400=PRESENTATION_STYLE_ASSIGNMENT((#11948));
#11401=PRESENTATION_STYLE_ASSIGNMENT((#11949));
#11402=PRESENTATION_STYLE_ASSIGNMENT((#11950));
#11403=PRESENTATION_STYLE_ASSIGNMENT((#11951));
#11404=PRESENTATION_STYLE_ASSIGNMENT((#11952));
#11405=PRESENTATION_STYLE_ASSIGNMENT((#11953));
#11406=PRESENTATION_STYLE_ASSIGNMENT((#11954));
#11407=PRESENTATION_STYLE_ASSIGNMENT((#11955));
#11408=PRESENTATION_STYLE_ASSIGNMENT((#11956));
#11409=PRESENTATION_STYLE_ASSIGNMENT((#11957));
#11410=PRESENTATION_STYLE_ASSIGNMENT((#11958));
#11411=PRESENTATION_STYLE_ASSIGNMENT((#11959));
#11412=PRESENTATION_STYLE_ASSIGNMENT((#11960));
#11413=PRESENTATION_STYLE_ASSIGNMENT((#11961));
#11414=PRESENTATION_STYLE_ASSIGNMENT((#11962));
#11415=PRESENTATION_STYLE_ASSIGNMENT((#11963));
#11416=PRESENTATION_STYLE_ASSIGNMENT((#11964));
#11417=PRESENTATION_STYLE_ASSIGNMENT((#11965));
#11418=PRESENTATION_STYLE_ASSIGNMENT((#11966));
#11419=PRESENTATION_STYLE_ASSIGNMENT((#11967));
#11420=PRESENTATION_STYLE_ASSIGNMENT((#11968));
#11421=PRESENTATION_STYLE_ASSIGNMENT((#11969));
#11422=PRESENTATION_STYLE_ASSIGNMENT((#11970));
#11423=PRESENTATION_STYLE_ASSIGNMENT((#11971));
#11424=PRESENTATION_STYLE_ASSIGNMENT((#11972));
#11425=PRESENTATION_STYLE_ASSIGNMENT((#11973));
#11426=PRESENTATION_STYLE_ASSIGNMENT((#11974));
#11427=PRESENTATION_STYLE_ASSIGNMENT((#11975));
#11428=PRESENTATION_STYLE_ASSIGNMENT((#11976));
#11429=PRESENTATION_STYLE_ASSIGNMENT((#11977));
#11430=PRESENTATION_STYLE_ASSIGNMENT((#11978));
#11431=PRESENTATION_STYLE_ASSIGNMENT((#11979));
#11432=PRESENTATION_STYLE_ASSIGNMENT((#11980));
#11433=PRESENTATION_STYLE_ASSIGNMENT((#11981));
#11434=PRESENTATION_STYLE_ASSIGNMENT((#11982));
#11435=PRESENTATION_STYLE_ASSIGNMENT((#11983));
#11436=PRESENTATION_STYLE_ASSIGNMENT((#11984));
#11437=PRESENTATION_STYLE_ASSIGNMENT((#11985));
#11438=PRESENTATION_STYLE_ASSIGNMENT((#11986));
#11439=PRESENTATION_STYLE_ASSIGNMENT((#11987));
#11440=PRESENTATION_STYLE_ASSIGNMENT((#11988));
#11441=PRESENTATION_STYLE_ASSIGNMENT((#11989));
#11442=PRESENTATION_STYLE_ASSIGNMENT((#11990));
#11443=PRESENTATION_STYLE_ASSIGNMENT((#11991));
#11444=PRESENTATION_STYLE_ASSIGNMENT((#11992));
#11445=PRESENTATION_STYLE_ASSIGNMENT((#11993));
#11446=PRESENTATION_STYLE_ASSIGNMENT((#11994));
#11447=PRESENTATION_STYLE_ASSIGNMENT((#11995));
#11448=PRESENTATION_STYLE_ASSIGNMENT((#11996));
#11449=PRESENTATION_STYLE_ASSIGNMENT((#11997));
#11450=PRESENTATION_STYLE_ASSIGNMENT((#11998));
#11451=PRESENTATION_STYLE_ASSIGNMENT((#11999));
#11452=PRESENTATION_STYLE_ASSIGNMENT((#12000));
#11453=PRESENTATION_STYLE_ASSIGNMENT((#12001));
#11454=PRESENTATION_STYLE_ASSIGNMENT((#12002));
#11455=PRESENTATION_STYLE_ASSIGNMENT((#12003));
#11456=PRESENTATION_STYLE_ASSIGNMENT((#12004));
#11457=PRESENTATION_STYLE_ASSIGNMENT((#12005));
#11458=PRESENTATION_STYLE_ASSIGNMENT((#12006));
#11459=PRESENTATION_STYLE_ASSIGNMENT((#12007));
#11460=PRESENTATION_STYLE_ASSIGNMENT((#12008));
#11461=PRESENTATION_STYLE_ASSIGNMENT((#12009));
#11462=PRESENTATION_STYLE_ASSIGNMENT((#12010));
#11463=PRESENTATION_STYLE_ASSIGNMENT((#12011));
#11464=PRESENTATION_STYLE_ASSIGNMENT((#12012));
#11465=PRESENTATION_STYLE_ASSIGNMENT((#12013));
#11466=PRESENTATION_STYLE_ASSIGNMENT((#12014));
#11467=PRESENTATION_STYLE_ASSIGNMENT((#12015));
#11468=PRESENTATION_STYLE_ASSIGNMENT((#12016));
#11469=PRESENTATION_STYLE_ASSIGNMENT((#12017));
#11470=PRESENTATION_STYLE_ASSIGNMENT((#12018));
#11471=PRESENTATION_STYLE_ASSIGNMENT((#12019));
#11472=PRESENTATION_STYLE_ASSIGNMENT((#12020));
#11473=PRESENTATION_STYLE_ASSIGNMENT((#12021));
#11474=PRESENTATION_STYLE_ASSIGNMENT((#12022));
#11475=PRESENTATION_STYLE_ASSIGNMENT((#12023));
#11476=PRESENTATION_STYLE_ASSIGNMENT((#12024));
#11477=PRESENTATION_STYLE_ASSIGNMENT((#12025));
#11478=PRESENTATION_STYLE_ASSIGNMENT((#12026));
#11479=PRESENTATION_STYLE_ASSIGNMENT((#12027));
#11480=PRESENTATION_STYLE_ASSIGNMENT((#12028));
#11481=PRESENTATION_STYLE_ASSIGNMENT((#12029));
#11482=PRESENTATION_STYLE_ASSIGNMENT((#12030));
#11483=PRESENTATION_STYLE_ASSIGNMENT((#12031));
#11484=PRESENTATION_STYLE_ASSIGNMENT((#12032));
#11485=PRESENTATION_STYLE_ASSIGNMENT((#12033));
#11486=PRESENTATION_STYLE_ASSIGNMENT((#12034));
#11487=PRESENTATION_STYLE_ASSIGNMENT((#12035));
#11488=PRESENTATION_STYLE_ASSIGNMENT((#12036));
#11489=PRESENTATION_STYLE_ASSIGNMENT((#12037));
#11490=PRESENTATION_STYLE_ASSIGNMENT((#12038));
#11491=PRESENTATION_STYLE_ASSIGNMENT((#12039));
#11492=PRESENTATION_STYLE_ASSIGNMENT((#12040));
#11493=PRESENTATION_STYLE_ASSIGNMENT((#12041));
#11494=PRESENTATION_STYLE_ASSIGNMENT((#12042));
#11495=PRESENTATION_STYLE_ASSIGNMENT((#12043));
#11496=PRESENTATION_STYLE_ASSIGNMENT((#12044));
#11497=PRESENTATION_STYLE_ASSIGNMENT((#12045));
#11498=PRESENTATION_STYLE_ASSIGNMENT((#12046));
#11499=PRESENTATION_STYLE_ASSIGNMENT((#12047));
#11500=PRESENTATION_STYLE_ASSIGNMENT((#12048));
#11501=PRESENTATION_STYLE_ASSIGNMENT((#12049));
#11502=PRESENTATION_STYLE_ASSIGNMENT((#12050));
#11503=PRESENTATION_STYLE_ASSIGNMENT((#12051));
#11504=PRESENTATION_STYLE_ASSIGNMENT((#12052));
#11505=PRESENTATION_STYLE_ASSIGNMENT((#12053));
#11506=PRESENTATION_STYLE_ASSIGNMENT((#12054));
#11507=PRESENTATION_STYLE_ASSIGNMENT((#12055));
#11508=PRESENTATION_STYLE_ASSIGNMENT((#12056));
#11509=PRESENTATION_STYLE_ASSIGNMENT((#12057));
#11510=PRESENTATION_STYLE_ASSIGNMENT((#12058));
#11511=PRESENTATION_STYLE_ASSIGNMENT((#12059));
#11512=PRESENTATION_STYLE_ASSIGNMENT((#12060));
#11513=PRESENTATION_STYLE_ASSIGNMENT((#12061));
#11514=PRESENTATION_STYLE_ASSIGNMENT((#12062));
#11515=PRESENTATION_STYLE_ASSIGNMENT((#12063));
#11516=PRESENTATION_STYLE_ASSIGNMENT((#12064));
#11517=PRESENTATION_STYLE_ASSIGNMENT((#12065));
#11518=PRESENTATION_STYLE_ASSIGNMENT((#12066));
#11519=PRESENTATION_STYLE_ASSIGNMENT((#12067));
#11520=PRESENTATION_STYLE_ASSIGNMENT((#12068));
#11521=PRESENTATION_STYLE_ASSIGNMENT((#12069));
#11522=PRESENTATION_STYLE_ASSIGNMENT((#12070));
#11523=PRESENTATION_STYLE_ASSIGNMENT((#12071));
#11524=PRESENTATION_STYLE_ASSIGNMENT((#12072));
#11525=PRESENTATION_STYLE_ASSIGNMENT((#12073));
#11526=PRESENTATION_STYLE_ASSIGNMENT((#12074));
#11527=PRESENTATION_STYLE_ASSIGNMENT((#12075));
#11528=PRESENTATION_STYLE_ASSIGNMENT((#12076));
#11529=PRESENTATION_STYLE_ASSIGNMENT((#12077));
#11530=PRESENTATION_STYLE_ASSIGNMENT((#12078));
#11531=PRESENTATION_STYLE_ASSIGNMENT((#12079));
#11532=PRESENTATION_STYLE_ASSIGNMENT((#12080));
#11533=PRESENTATION_STYLE_ASSIGNMENT((#12081));
#11534=PRESENTATION_STYLE_ASSIGNMENT((#12082));
#11535=PRESENTATION_STYLE_ASSIGNMENT((#12083));
#11536=PRESENTATION_STYLE_ASSIGNMENT((#12084));
#11537=PRESENTATION_STYLE_ASSIGNMENT((#12085));
#11538=PRESENTATION_STYLE_ASSIGNMENT((#12086));
#11539=PRESENTATION_STYLE_ASSIGNMENT((#12087));
#11540=PRESENTATION_STYLE_ASSIGNMENT((#12088));
#11541=PRESENTATION_STYLE_ASSIGNMENT((#12089));
#11542=PRESENTATION_STYLE_ASSIGNMENT((#12090));
#11543=PRESENTATION_STYLE_ASSIGNMENT((#12091));
#11544=PRESENTATION_STYLE_ASSIGNMENT((#12092));
#11545=PRESENTATION_STYLE_ASSIGNMENT((#12093));
#11546=PRESENTATION_STYLE_ASSIGNMENT((#12094));
#11547=PRESENTATION_STYLE_ASSIGNMENT((#12095));
#11548=PRESENTATION_STYLE_ASSIGNMENT((#12096));
#11549=PRESENTATION_STYLE_ASSIGNMENT((#12097));
#11550=PRESENTATION_STYLE_ASSIGNMENT((#12098));
#11551=PRESENTATION_STYLE_ASSIGNMENT((#12099));
#11552=PRESENTATION_STYLE_ASSIGNMENT((#12100));
#11553=PRESENTATION_STYLE_ASSIGNMENT((#12101));
#11554=PRESENTATION_STYLE_ASSIGNMENT((#12102));
#11555=PRESENTATION_STYLE_ASSIGNMENT((#12103));
#11556=PRESENTATION_STYLE_ASSIGNMENT((#12104));
#11557=PRESENTATION_STYLE_ASSIGNMENT((#12105));
#11558=PRESENTATION_STYLE_ASSIGNMENT((#12106));
#11559=PRESENTATION_STYLE_ASSIGNMENT((#12107));
#11560=PRESENTATION_STYLE_ASSIGNMENT((#12108));
#11561=PRESENTATION_STYLE_ASSIGNMENT((#12109));
#11562=PRESENTATION_STYLE_ASSIGNMENT((#12110));
#11563=PRESENTATION_STYLE_ASSIGNMENT((#12111));
#11564=PRESENTATION_STYLE_ASSIGNMENT((#12112));
#11565=PRESENTATION_STYLE_ASSIGNMENT((#12113));
#11566=PRESENTATION_STYLE_ASSIGNMENT((#12114));
#11567=PRESENTATION_STYLE_ASSIGNMENT((#12115));
#11568=PRESENTATION_STYLE_ASSIGNMENT((#12116));
#11569=PRESENTATION_STYLE_ASSIGNMENT((#12117));
#11570=PRESENTATION_STYLE_ASSIGNMENT((#12118));
#11571=PRESENTATION_STYLE_ASSIGNMENT((#12119));
#11572=PRESENTATION_STYLE_ASSIGNMENT((#12120));
#11573=PRESENTATION_STYLE_ASSIGNMENT((#12121));
#11574=PRESENTATION_STYLE_ASSIGNMENT((#12122));
#11575=PRESENTATION_STYLE_ASSIGNMENT((#12123));
#11576=PRESENTATION_STYLE_ASSIGNMENT((#12124));
#11577=PRESENTATION_STYLE_ASSIGNMENT((#12125));
#11578=PRESENTATION_STYLE_ASSIGNMENT((#12126));
#11579=PRESENTATION_STYLE_ASSIGNMENT((#12127));
#11580=PRESENTATION_STYLE_ASSIGNMENT((#12128));
#11581=PRESENTATION_STYLE_ASSIGNMENT((#12129));
#11582=PRESENTATION_STYLE_ASSIGNMENT((#12130));
#11583=PRESENTATION_STYLE_ASSIGNMENT((#12131));
#11584=PRESENTATION_STYLE_ASSIGNMENT((#12132));
#11585=PRESENTATION_STYLE_ASSIGNMENT((#12133));
#11586=PRESENTATION_STYLE_ASSIGNMENT((#12134));
#11587=PRESENTATION_STYLE_ASSIGNMENT((#12135));
#11588=SURFACE_STYLE_USAGE(.BOTH.,#12136);
#11589=SURFACE_STYLE_USAGE(.BOTH.,#12137);
#11590=SURFACE_STYLE_USAGE(.BOTH.,#12138);
#11591=SURFACE_STYLE_USAGE(.BOTH.,#12139);
#11592=SURFACE_STYLE_USAGE(.BOTH.,#12140);
#11593=SURFACE_STYLE_USAGE(.BOTH.,#12141);
#11594=SURFACE_STYLE_USAGE(.BOTH.,#12142);
#11595=SURFACE_STYLE_USAGE(.BOTH.,#12143);
#11596=SURFACE_STYLE_USAGE(.BOTH.,#12144);
#11597=SURFACE_STYLE_USAGE(.BOTH.,#12145);
#11598=SURFACE_STYLE_USAGE(.BOTH.,#12146);
#11599=SURFACE_STYLE_USAGE(.BOTH.,#12147);
#11600=SURFACE_STYLE_USAGE(.BOTH.,#12148);
#11601=SURFACE_STYLE_USAGE(.BOTH.,#12149);
#11602=SURFACE_STYLE_USAGE(.BOTH.,#12150);
#11603=SURFACE_STYLE_USAGE(.BOTH.,#12151);
#11604=SURFACE_STYLE_USAGE(.BOTH.,#12152);
#11605=SURFACE_STYLE_USAGE(.BOTH.,#12153);
#11606=SURFACE_STYLE_USAGE(.BOTH.,#12154);
#11607=SURFACE_STYLE_USAGE(.BOTH.,#12155);
#11608=SURFACE_STYLE_USAGE(.BOTH.,#12156);
#11609=SURFACE_STYLE_USAGE(.BOTH.,#12157);
#11610=SURFACE_STYLE_USAGE(.BOTH.,#12158);
#11611=SURFACE_STYLE_USAGE(.BOTH.,#12159);
#11612=SURFACE_STYLE_USAGE(.BOTH.,#12160);
#11613=SURFACE_STYLE_USAGE(.BOTH.,#12161);
#11614=SURFACE_STYLE_USAGE(.BOTH.,#12162);
#11615=SURFACE_STYLE_USAGE(.BOTH.,#12163);
#11616=SURFACE_STYLE_USAGE(.BOTH.,#12164);
#11617=SURFACE_STYLE_USAGE(.BOTH.,#12165);
#11618=SURFACE_STYLE_USAGE(.BOTH.,#12166);
#11619=SURFACE_STYLE_USAGE(.BOTH.,#12167);
#11620=SURFACE_STYLE_USAGE(.BOTH.,#12168);
#11621=SURFACE_STYLE_USAGE(.BOTH.,#12169);
#11622=SURFACE_STYLE_USAGE(.BOTH.,#12170);
#11623=SURFACE_STYLE_USAGE(.BOTH.,#12171);
#11624=SURFACE_STYLE_USAGE(.BOTH.,#12172);
#11625=SURFACE_STYLE_USAGE(.BOTH.,#12173);
#11626=SURFACE_STYLE_USAGE(.BOTH.,#12174);
#11627=SURFACE_STYLE_USAGE(.BOTH.,#12175);
#11628=SURFACE_STYLE_USAGE(.BOTH.,#12176);
#11629=SURFACE_STYLE_USAGE(.BOTH.,#12177);
#11630=SURFACE_STYLE_USAGE(.BOTH.,#12178);
#11631=SURFACE_STYLE_USAGE(.BOTH.,#12179);
#11632=SURFACE_STYLE_USAGE(.BOTH.,#12180);
#11633=SURFACE_STYLE_USAGE(.BOTH.,#12181);
#11634=SURFACE_STYLE_USAGE(.BOTH.,#12182);
#11635=SURFACE_STYLE_USAGE(.BOTH.,#12183);
#11636=SURFACE_STYLE_USAGE(.BOTH.,#12184);
#11637=SURFACE_STYLE_USAGE(.BOTH.,#12185);
#11638=SURFACE_STYLE_USAGE(.BOTH.,#12186);
#11639=SURFACE_STYLE_USAGE(.BOTH.,#12187);
#11640=SURFACE_STYLE_USAGE(.BOTH.,#12188);
#11641=SURFACE_STYLE_USAGE(.BOTH.,#12189);
#11642=SURFACE_STYLE_USAGE(.BOTH.,#12190);
#11643=SURFACE_STYLE_USAGE(.BOTH.,#12191);
#11644=SURFACE_STYLE_USAGE(.BOTH.,#12192);
#11645=SURFACE_STYLE_USAGE(.BOTH.,#12193);
#11646=SURFACE_STYLE_USAGE(.BOTH.,#12194);
#11647=SURFACE_STYLE_USAGE(.BOTH.,#12195);
#11648=SURFACE_STYLE_USAGE(.BOTH.,#12196);
#11649=SURFACE_STYLE_USAGE(.BOTH.,#12197);
#11650=SURFACE_STYLE_USAGE(.BOTH.,#12198);
#11651=SURFACE_STYLE_USAGE(.BOTH.,#12199);
#11652=SURFACE_STYLE_USAGE(.BOTH.,#12200);
#11653=SURFACE_STYLE_USAGE(.BOTH.,#12201);
#11654=SURFACE_STYLE_USAGE(.BOTH.,#12202);
#11655=SURFACE_STYLE_USAGE(.BOTH.,#12203);
#11656=SURFACE_STYLE_USAGE(.BOTH.,#12204);
#11657=SURFACE_STYLE_USAGE(.BOTH.,#12205);
#11658=SURFACE_STYLE_USAGE(.BOTH.,#12206);
#11659=SURFACE_STYLE_USAGE(.BOTH.,#12207);
#11660=SURFACE_STYLE_USAGE(.BOTH.,#12208);
#11661=SURFACE_STYLE_USAGE(.BOTH.,#12209);
#11662=SURFACE_STYLE_USAGE(.BOTH.,#12210);
#11663=SURFACE_STYLE_USAGE(.BOTH.,#12211);
#11664=SURFACE_STYLE_USAGE(.BOTH.,#12212);
#11665=SURFACE_STYLE_USAGE(.BOTH.,#12213);
#11666=SURFACE_STYLE_USAGE(.BOTH.,#12214);
#11667=SURFACE_STYLE_USAGE(.BOTH.,#12215);
#11668=SURFACE_STYLE_USAGE(.BOTH.,#12216);
#11669=SURFACE_STYLE_USAGE(.BOTH.,#12217);
#11670=SURFACE_STYLE_USAGE(.BOTH.,#12218);
#11671=SURFACE_STYLE_USAGE(.BOTH.,#12219);
#11672=SURFACE_STYLE_USAGE(.BOTH.,#12220);
#11673=SURFACE_STYLE_USAGE(.BOTH.,#12221);
#11674=SURFACE_STYLE_USAGE(.BOTH.,#12222);
#11675=SURFACE_STYLE_USAGE(.BOTH.,#12223);
#11676=SURFACE_STYLE_USAGE(.BOTH.,#12224);
#11677=SURFACE_STYLE_USAGE(.BOTH.,#12225);
#11678=SURFACE_STYLE_USAGE(.BOTH.,#12226);
#11679=SURFACE_STYLE_USAGE(.BOTH.,#12227);
#11680=SURFACE_STYLE_USAGE(.BOTH.,#12228);
#11681=SURFACE_STYLE_USAGE(.BOTH.,#12229);
#11682=SURFACE_STYLE_USAGE(.BOTH.,#12230);
#11683=SURFACE_STYLE_USAGE(.BOTH.,#12231);
#11684=SURFACE_STYLE_USAGE(.BOTH.,#12232);
#11685=SURFACE_STYLE_USAGE(.BOTH.,#12233);
#11686=SURFACE_STYLE_USAGE(.BOTH.,#12234);
#11687=SURFACE_STYLE_USAGE(.BOTH.,#12235);
#11688=SURFACE_STYLE_USAGE(.BOTH.,#12236);
#11689=SURFACE_STYLE_USAGE(.BOTH.,#12237);
#11690=SURFACE_STYLE_USAGE(.BOTH.,#12238);
#11691=SURFACE_STYLE_USAGE(.BOTH.,#12239);
#11692=SURFACE_STYLE_USAGE(.BOTH.,#12240);
#11693=SURFACE_STYLE_USAGE(.BOTH.,#12241);
#11694=SURFACE_STYLE_USAGE(.BOTH.,#12242);
#11695=SURFACE_STYLE_USAGE(.BOTH.,#12243);
#11696=SURFACE_STYLE_USAGE(.BOTH.,#12244);
#11697=SURFACE_STYLE_USAGE(.BOTH.,#12245);
#11698=SURFACE_STYLE_USAGE(.BOTH.,#12246);
#11699=SURFACE_STYLE_USAGE(.BOTH.,#12247);
#11700=SURFACE_STYLE_USAGE(.BOTH.,#12248);
#11701=SURFACE_STYLE_USAGE(.BOTH.,#12249);
#11702=SURFACE_STYLE_USAGE(.BOTH.,#12250);
#11703=SURFACE_STYLE_USAGE(.BOTH.,#12251);
#11704=SURFACE_STYLE_USAGE(.BOTH.,#12252);
#11705=SURFACE_STYLE_USAGE(.BOTH.,#12253);
#11706=SURFACE_STYLE_USAGE(.BOTH.,#12254);
#11707=SURFACE_STYLE_USAGE(.BOTH.,#12255);
#11708=SURFACE_STYLE_USAGE(.BOTH.,#12256);
#11709=SURFACE_STYLE_USAGE(.BOTH.,#12257);
#11710=SURFACE_STYLE_USAGE(.BOTH.,#12258);
#11711=SURFACE_STYLE_USAGE(.BOTH.,#12259);
#11712=SURFACE_STYLE_USAGE(.BOTH.,#12260);
#11713=SURFACE_STYLE_USAGE(.BOTH.,#12261);
#11714=SURFACE_STYLE_USAGE(.BOTH.,#12262);
#11715=SURFACE_STYLE_USAGE(.BOTH.,#12263);
#11716=SURFACE_STYLE_USAGE(.BOTH.,#12264);
#11717=SURFACE_STYLE_USAGE(.BOTH.,#12265);
#11718=SURFACE_STYLE_USAGE(.BOTH.,#12266);
#11719=SURFACE_STYLE_USAGE(.BOTH.,#12267);
#11720=SURFACE_STYLE_USAGE(.BOTH.,#12268);
#11721=SURFACE_STYLE_USAGE(.BOTH.,#12269);
#11722=SURFACE_STYLE_USAGE(.BOTH.,#12270);
#11723=SURFACE_STYLE_USAGE(.BOTH.,#12271);
#11724=SURFACE_STYLE_USAGE(.BOTH.,#12272);
#11725=SURFACE_STYLE_USAGE(.BOTH.,#12273);
#11726=SURFACE_STYLE_USAGE(.BOTH.,#12274);
#11727=SURFACE_STYLE_USAGE(.BOTH.,#12275);
#11728=SURFACE_STYLE_USAGE(.BOTH.,#12276);
#11729=SURFACE_STYLE_USAGE(.BOTH.,#12277);
#11730=SURFACE_STYLE_USAGE(.BOTH.,#12278);
#11731=SURFACE_STYLE_USAGE(.BOTH.,#12279);
#11732=SURFACE_STYLE_USAGE(.BOTH.,#12280);
#11733=SURFACE_STYLE_USAGE(.BOTH.,#12281);
#11734=SURFACE_STYLE_USAGE(.BOTH.,#12282);
#11735=SURFACE_STYLE_USAGE(.BOTH.,#12283);
#11736=SURFACE_STYLE_USAGE(.BOTH.,#12284);
#11737=SURFACE_STYLE_USAGE(.BOTH.,#12285);
#11738=SURFACE_STYLE_USAGE(.BOTH.,#12286);
#11739=SURFACE_STYLE_USAGE(.BOTH.,#12287);
#11740=SURFACE_STYLE_USAGE(.BOTH.,#12288);
#11741=SURFACE_STYLE_USAGE(.BOTH.,#12289);
#11742=SURFACE_STYLE_USAGE(.BOTH.,#12290);
#11743=SURFACE_STYLE_USAGE(.BOTH.,#12291);
#11744=SURFACE_STYLE_USAGE(.BOTH.,#12292);
#11745=SURFACE_STYLE_USAGE(.BOTH.,#12293);
#11746=SURFACE_STYLE_USAGE(.BOTH.,#12294);
#11747=SURFACE_STYLE_USAGE(.BOTH.,#12295);
#11748=SURFACE_STYLE_USAGE(.BOTH.,#12296);
#11749=SURFACE_STYLE_USAGE(.BOTH.,#12297);
#11750=SURFACE_STYLE_USAGE(.BOTH.,#12298);
#11751=SURFACE_STYLE_USAGE(.BOTH.,#12299);
#11752=SURFACE_STYLE_USAGE(.BOTH.,#12300);
#11753=SURFACE_STYLE_USAGE(.BOTH.,#12301);
#11754=SURFACE_STYLE_USAGE(.BOTH.,#12302);
#11755=SURFACE_STYLE_USAGE(.BOTH.,#12303);
#11756=SURFACE_STYLE_USAGE(.BOTH.,#12304);
#11757=SURFACE_STYLE_USAGE(.BOTH.,#12305);
#11758=SURFACE_STYLE_USAGE(.BOTH.,#12306);
#11759=SURFACE_STYLE_USAGE(.BOTH.,#12307);
#11760=SURFACE_STYLE_USAGE(.BOTH.,#12308);
#11761=SURFACE_STYLE_USAGE(.BOTH.,#12309);
#11762=SURFACE_STYLE_USAGE(.BOTH.,#12310);
#11763=SURFACE_STYLE_USAGE(.BOTH.,#12311);
#11764=SURFACE_STYLE_USAGE(.BOTH.,#12312);
#11765=SURFACE_STYLE_USAGE(.BOTH.,#12313);
#11766=SURFACE_STYLE_USAGE(.BOTH.,#12314);
#11767=SURFACE_STYLE_USAGE(.BOTH.,#12315);
#11768=SURFACE_STYLE_USAGE(.BOTH.,#12316);
#11769=SURFACE_STYLE_USAGE(.BOTH.,#12317);
#11770=SURFACE_STYLE_USAGE(.BOTH.,#12318);
#11771=SURFACE_STYLE_USAGE(.BOTH.,#12319);
#11772=SURFACE_STYLE_USAGE(.BOTH.,#12320);
#11773=SURFACE_STYLE_USAGE(.BOTH.,#12321);
#11774=SURFACE_STYLE_USAGE(.BOTH.,#12322);
#11775=SURFACE_STYLE_USAGE(.BOTH.,#12323);
#11776=SURFACE_STYLE_USAGE(.BOTH.,#12324);
#11777=SURFACE_STYLE_USAGE(.BOTH.,#12325);
#11778=SURFACE_STYLE_USAGE(.BOTH.,#12326);
#11779=SURFACE_STYLE_USAGE(.BOTH.,#12327);
#11780=SURFACE_STYLE_USAGE(.BOTH.,#12328);
#11781=SURFACE_STYLE_USAGE(.BOTH.,#12329);
#11782=SURFACE_STYLE_USAGE(.BOTH.,#12330);
#11783=SURFACE_STYLE_USAGE(.BOTH.,#12331);
#11784=SURFACE_STYLE_USAGE(.BOTH.,#12332);
#11785=SURFACE_STYLE_USAGE(.BOTH.,#12333);
#11786=SURFACE_STYLE_USAGE(.BOTH.,#12334);
#11787=SURFACE_STYLE_USAGE(.BOTH.,#12335);
#11788=SURFACE_STYLE_USAGE(.BOTH.,#12336);
#11789=SURFACE_STYLE_USAGE(.BOTH.,#12337);
#11790=SURFACE_STYLE_USAGE(.BOTH.,#12338);
#11791=SURFACE_STYLE_USAGE(.BOTH.,#12339);
#11792=SURFACE_STYLE_USAGE(.BOTH.,#12340);
#11793=SURFACE_STYLE_USAGE(.BOTH.,#12341);
#11794=SURFACE_STYLE_USAGE(.BOTH.,#12342);
#11795=SURFACE_STYLE_USAGE(.BOTH.,#12343);
#11796=SURFACE_STYLE_USAGE(.BOTH.,#12344);
#11797=SURFACE_STYLE_USAGE(.BOTH.,#12345);
#11798=SURFACE_STYLE_USAGE(.BOTH.,#12346);
#11799=SURFACE_STYLE_USAGE(.BOTH.,#12347);
#11800=SURFACE_STYLE_USAGE(.BOTH.,#12348);
#11801=SURFACE_STYLE_USAGE(.BOTH.,#12349);
#11802=SURFACE_STYLE_USAGE(.BOTH.,#12350);
#11803=SURFACE_STYLE_USAGE(.BOTH.,#12351);
#11804=SURFACE_STYLE_USAGE(.BOTH.,#12352);
#11805=SURFACE_STYLE_USAGE(.BOTH.,#12353);
#11806=SURFACE_STYLE_USAGE(.BOTH.,#12354);
#11807=SURFACE_STYLE_USAGE(.BOTH.,#12355);
#11808=SURFACE_STYLE_USAGE(.BOTH.,#12356);
#11809=SURFACE_STYLE_USAGE(.BOTH.,#12357);
#11810=SURFACE_STYLE_USAGE(.BOTH.,#12358);
#11811=SURFACE_STYLE_USAGE(.BOTH.,#12359);
#11812=SURFACE_STYLE_USAGE(.BOTH.,#12360);
#11813=SURFACE_STYLE_USAGE(.BOTH.,#12361);
#11814=SURFACE_STYLE_USAGE(.BOTH.,#12362);
#11815=SURFACE_STYLE_USAGE(.BOTH.,#12363);
#11816=SURFACE_STYLE_USAGE(.BOTH.,#12364);
#11817=SURFACE_STYLE_USAGE(.BOTH.,#12365);
#11818=SURFACE_STYLE_USAGE(.BOTH.,#12366);
#11819=SURFACE_STYLE_USAGE(.BOTH.,#12367);
#11820=SURFACE_STYLE_USAGE(.BOTH.,#12368);
#11821=SURFACE_STYLE_USAGE(.BOTH.,#12369);
#11822=SURFACE_STYLE_USAGE(.BOTH.,#12370);
#11823=SURFACE_STYLE_USAGE(.BOTH.,#12371);
#11824=SURFACE_STYLE_USAGE(.BOTH.,#12372);
#11825=SURFACE_STYLE_USAGE(.BOTH.,#12373);
#11826=SURFACE_STYLE_USAGE(.BOTH.,#12374);
#11827=SURFACE_STYLE_USAGE(.BOTH.,#12375);
#11828=SURFACE_STYLE_USAGE(.BOTH.,#12376);
#11829=SURFACE_STYLE_USAGE(.BOTH.,#12377);
#11830=SURFACE_STYLE_USAGE(.BOTH.,#12378);
#11831=SURFACE_STYLE_USAGE(.BOTH.,#12379);
#11832=SURFACE_STYLE_USAGE(.BOTH.,#12380);
#11833=SURFACE_STYLE_USAGE(.BOTH.,#12381);
#11834=SURFACE_STYLE_USAGE(.BOTH.,#12382);
#11835=SURFACE_STYLE_USAGE(.BOTH.,#12383);
#11836=SURFACE_STYLE_USAGE(.BOTH.,#12384);
#11837=SURFACE_STYLE_USAGE(.BOTH.,#12385);
#11838=SURFACE_STYLE_USAGE(.BOTH.,#12386);
#11839=SURFACE_STYLE_USAGE(.BOTH.,#12387);
#11840=SURFACE_STYLE_USAGE(.BOTH.,#12388);
#11841=SURFACE_STYLE_USAGE(.BOTH.,#12389);
#11842=SURFACE_STYLE_USAGE(.BOTH.,#12390);
#11843=SURFACE_STYLE_USAGE(.BOTH.,#12391);
#11844=SURFACE_STYLE_USAGE(.BOTH.,#12392);
#11845=SURFACE_STYLE_USAGE(.BOTH.,#12393);
#11846=SURFACE_STYLE_USAGE(.BOTH.,#12394);
#11847=SURFACE_STYLE_USAGE(.BOTH.,#12395);
#11848=SURFACE_STYLE_USAGE(.BOTH.,#12396);
#11849=SURFACE_STYLE_USAGE(.BOTH.,#12397);
#11850=SURFACE_STYLE_USAGE(.BOTH.,#12398);
#11851=SURFACE_STYLE_USAGE(.BOTH.,#12399);
#11852=SURFACE_STYLE_USAGE(.BOTH.,#12400);
#11853=SURFACE_STYLE_USAGE(.BOTH.,#12401);
#11854=SURFACE_STYLE_USAGE(.BOTH.,#12402);
#11855=SURFACE_STYLE_USAGE(.BOTH.,#12403);
#11856=SURFACE_STYLE_USAGE(.BOTH.,#12404);
#11857=SURFACE_STYLE_USAGE(.BOTH.,#12405);
#11858=SURFACE_STYLE_USAGE(.BOTH.,#12406);
#11859=SURFACE_STYLE_USAGE(.BOTH.,#12407);
#11860=SURFACE_STYLE_USAGE(.BOTH.,#12408);
#11861=SURFACE_STYLE_USAGE(.BOTH.,#12409);
#11862=SURFACE_STYLE_USAGE(.BOTH.,#12410);
#11863=SURFACE_STYLE_USAGE(.BOTH.,#12411);
#11864=SURFACE_STYLE_USAGE(.BOTH.,#12412);
#11865=SURFACE_STYLE_USAGE(.BOTH.,#12413);
#11866=SURFACE_STYLE_USAGE(.BOTH.,#12414);
#11867=SURFACE_STYLE_USAGE(.BOTH.,#12415);
#11868=SURFACE_STYLE_USAGE(.BOTH.,#12416);
#11869=SURFACE_STYLE_USAGE(.BOTH.,#12417);
#11870=SURFACE_STYLE_USAGE(.BOTH.,#12418);
#11871=SURFACE_STYLE_USAGE(.BOTH.,#12419);
#11872=SURFACE_STYLE_USAGE(.BOTH.,#12420);
#11873=SURFACE_STYLE_USAGE(.BOTH.,#12421);
#11874=SURFACE_STYLE_USAGE(.BOTH.,#12422);
#11875=SURFACE_STYLE_USAGE(.BOTH.,#12423);
#11876=SURFACE_STYLE_USAGE(.BOTH.,#12424);
#11877=SURFACE_STYLE_USAGE(.BOTH.,#12425);
#11878=SURFACE_STYLE_USAGE(.BOTH.,#12426);
#11879=SURFACE_STYLE_USAGE(.BOTH.,#12427);
#11880=SURFACE_STYLE_USAGE(.BOTH.,#12428);
#11881=SURFACE_STYLE_USAGE(.BOTH.,#12429);
#11882=SURFACE_STYLE_USAGE(.BOTH.,#12430);
#11883=SURFACE_STYLE_USAGE(.BOTH.,#12431);
#11884=SURFACE_STYLE_USAGE(.BOTH.,#12432);
#11885=SURFACE_STYLE_USAGE(.BOTH.,#12433);
#11886=SURFACE_STYLE_USAGE(.BOTH.,#12434);
#11887=SURFACE_STYLE_USAGE(.BOTH.,#12435);
#11888=SURFACE_STYLE_USAGE(.BOTH.,#12436);
#11889=SURFACE_STYLE_USAGE(.BOTH.,#12437);
#11890=SURFACE_STYLE_USAGE(.BOTH.,#12438);
#11891=SURFACE_STYLE_USAGE(.BOTH.,#12439);
#11892=SURFACE_STYLE_USAGE(.BOTH.,#12440);
#11893=SURFACE_STYLE_USAGE(.BOTH.,#12441);
#11894=SURFACE_STYLE_USAGE(.BOTH.,#12442);
#11895=SURFACE_STYLE_USAGE(.BOTH.,#12443);
#11896=SURFACE_STYLE_USAGE(.BOTH.,#12444);
#11897=SURFACE_STYLE_USAGE(.BOTH.,#12445);
#11898=SURFACE_STYLE_USAGE(.BOTH.,#12446);
#11899=SURFACE_STYLE_USAGE(.BOTH.,#12447);
#11900=SURFACE_STYLE_USAGE(.BOTH.,#12448);
#11901=SURFACE_STYLE_USAGE(.BOTH.,#12449);
#11902=SURFACE_STYLE_USAGE(.BOTH.,#12450);
#11903=SURFACE_STYLE_USAGE(.BOTH.,#12451);
#11904=SURFACE_STYLE_USAGE(.BOTH.,#12452);
#11905=SURFACE_STYLE_USAGE(.BOTH.,#12453);
#11906=SURFACE_STYLE_USAGE(.BOTH.,#12454);
#11907=SURFACE_STYLE_USAGE(.BOTH.,#12455);
#11908=SURFACE_STYLE_USAGE(.BOTH.,#12456);
#11909=SURFACE_STYLE_USAGE(.BOTH.,#12457);
#11910=SURFACE_STYLE_USAGE(.BOTH.,#12458);
#11911=SURFACE_STYLE_USAGE(.BOTH.,#12459);
#11912=SURFACE_STYLE_USAGE(.BOTH.,#12460);
#11913=SURFACE_STYLE_USAGE(.BOTH.,#12461);
#11914=SURFACE_STYLE_USAGE(.BOTH.,#12462);
#11915=SURFACE_STYLE_USAGE(.BOTH.,#12463);
#11916=SURFACE_STYLE_USAGE(.BOTH.,#12464);
#11917=SURFACE_STYLE_USAGE(.BOTH.,#12465);
#11918=SURFACE_STYLE_USAGE(.BOTH.,#12466);
#11919=SURFACE_STYLE_USAGE(.BOTH.,#12467);
#11920=SURFACE_STYLE_USAGE(.BOTH.,#12468);
#11921=SURFACE_STYLE_USAGE(.BOTH.,#12469);
#11922=SURFACE_STYLE_USAGE(.BOTH.,#12470);
#11923=SURFACE_STYLE_USAGE(.BOTH.,#12471);
#11924=SURFACE_STYLE_USAGE(.BOTH.,#12472);
#11925=SURFACE_STYLE_USAGE(.BOTH.,#12473);
#11926=SURFACE_STYLE_USAGE(.BOTH.,#12474);
#11927=SURFACE_STYLE_USAGE(.BOTH.,#12475);
#11928=SURFACE_STYLE_USAGE(.BOTH.,#12476);
#11929=SURFACE_STYLE_USAGE(.BOTH.,#12477);
#11930=SURFACE_STYLE_USAGE(.BOTH.,#12478);
#11931=SURFACE_STYLE_USAGE(.BOTH.,#12479);
#11932=SURFACE_STYLE_USAGE(.BOTH.,#12480);
#11933=SURFACE_STYLE_USAGE(.BOTH.,#12481);
#11934=SURFACE_STYLE_USAGE(.BOTH.,#12482);
#11935=SURFACE_STYLE_USAGE(.BOTH.,#12483);
#11936=SURFACE_STYLE_USAGE(.BOTH.,#12484);
#11937=SURFACE_STYLE_USAGE(.BOTH.,#12485);
#11938=SURFACE_STYLE_USAGE(.BOTH.,#12486);
#11939=SURFACE_STYLE_USAGE(.BOTH.,#12487);
#11940=SURFACE_STYLE_USAGE(.BOTH.,#12488);
#11941=SURFACE_STYLE_USAGE(.BOTH.,#12489);
#11942=SURFACE_STYLE_USAGE(.BOTH.,#12490);
#11943=SURFACE_STYLE_USAGE(.BOTH.,#12491);
#11944=SURFACE_STYLE_USAGE(.BOTH.,#12492);
#11945=SURFACE_STYLE_USAGE(.BOTH.,#12493);
#11946=SURFACE_STYLE_USAGE(.BOTH.,#12494);
#11947=SURFACE_STYLE_USAGE(.BOTH.,#12495);
#11948=SURFACE_STYLE_USAGE(.BOTH.,#12496);
#11949=SURFACE_STYLE_USAGE(.BOTH.,#12497);
#11950=SURFACE_STYLE_USAGE(.BOTH.,#12498);
#11951=SURFACE_STYLE_USAGE(.BOTH.,#12499);
#11952=SURFACE_STYLE_USAGE(.BOTH.,#12500);
#11953=SURFACE_STYLE_USAGE(.BOTH.,#12501);
#11954=SURFACE_STYLE_USAGE(.BOTH.,#12502);
#11955=SURFACE_STYLE_USAGE(.BOTH.,#12503);
#11956=SURFACE_STYLE_USAGE(.BOTH.,#12504);
#11957=SURFACE_STYLE_USAGE(.BOTH.,#12505);
#11958=SURFACE_STYLE_USAGE(.BOTH.,#12506);
#11959=SURFACE_STYLE_USAGE(.BOTH.,#12507);
#11960=SURFACE_STYLE_USAGE(.BOTH.,#12508);
#11961=SURFACE_STYLE_USAGE(.BOTH.,#12509);
#11962=SURFACE_STYLE_USAGE(.BOTH.,#12510);
#11963=SURFACE_STYLE_USAGE(.BOTH.,#12511);
#11964=SURFACE_STYLE_USAGE(.BOTH.,#12512);
#11965=SURFACE_STYLE_USAGE(.BOTH.,#12513);
#11966=SURFACE_STYLE_USAGE(.BOTH.,#12514);
#11967=SURFACE_STYLE_USAGE(.BOTH.,#12515);
#11968=SURFACE_STYLE_USAGE(.BOTH.,#12516);
#11969=SURFACE_STYLE_USAGE(.BOTH.,#12517);
#11970=SURFACE_STYLE_USAGE(.BOTH.,#12518);
#11971=SURFACE_STYLE_USAGE(.BOTH.,#12519);
#11972=SURFACE_STYLE_USAGE(.BOTH.,#12520);
#11973=SURFACE_STYLE_USAGE(.BOTH.,#12521);
#11974=SURFACE_STYLE_USAGE(.BOTH.,#12522);
#11975=SURFACE_STYLE_USAGE(.BOTH.,#12523);
#11976=SURFACE_STYLE_USAGE(.BOTH.,#12524);
#11977=SURFACE_STYLE_USAGE(.BOTH.,#12525);
#11978=SURFACE_STYLE_USAGE(.BOTH.,#12526);
#11979=SURFACE_STYLE_USAGE(.BOTH.,#12527);
#11980=SURFACE_STYLE_USAGE(.BOTH.,#12528);
#11981=SURFACE_STYLE_USAGE(.BOTH.,#12529);
#11982=SURFACE_STYLE_USAGE(.BOTH.,#12530);
#11983=SURFACE_STYLE_USAGE(.BOTH.,#12531);
#11984=SURFACE_STYLE_USAGE(.BOTH.,#12532);
#11985=SURFACE_STYLE_USAGE(.BOTH.,#12533);
#11986=SURFACE_STYLE_USAGE(.BOTH.,#12534);
#11987=SURFACE_STYLE_USAGE(.BOTH.,#12535);
#11988=SURFACE_STYLE_USAGE(.BOTH.,#12536);
#11989=SURFACE_STYLE_USAGE(.BOTH.,#12537);
#11990=SURFACE_STYLE_USAGE(.BOTH.,#12538);
#11991=SURFACE_STYLE_USAGE(.BOTH.,#12539);
#11992=SURFACE_STYLE_USAGE(.BOTH.,#12540);
#11993=SURFACE_STYLE_USAGE(.BOTH.,#12541);
#11994=SURFACE_STYLE_USAGE(.BOTH.,#12542);
#11995=SURFACE_STYLE_USAGE(.BOTH.,#12543);
#11996=SURFACE_STYLE_USAGE(.BOTH.,#12544);
#11997=SURFACE_STYLE_USAGE(.BOTH.,#12545);
#11998=SURFACE_STYLE_USAGE(.BOTH.,#12546);
#11999=SURFACE_STYLE_USAGE(.BOTH.,#12547);
#12000=SURFACE_STYLE_USAGE(.BOTH.,#12548);
#12001=SURFACE_STYLE_USAGE(.BOTH.,#12549);
#12002=SURFACE_STYLE_USAGE(.BOTH.,#12550);
#12003=SURFACE_STYLE_USAGE(.BOTH.,#12551);
#12004=SURFACE_STYLE_USAGE(.BOTH.,#12552);
#12005=SURFACE_STYLE_USAGE(.BOTH.,#12553);
#12006=SURFACE_STYLE_USAGE(.BOTH.,#12554);
#12007=SURFACE_STYLE_USAGE(.BOTH.,#12555);
#12008=SURFACE_STYLE_USAGE(.BOTH.,#12556);
#12009=SURFACE_STYLE_USAGE(.BOTH.,#12557);
#12010=SURFACE_STYLE_USAGE(.BOTH.,#12558);
#12011=SURFACE_STYLE_USAGE(.BOTH.,#12559);
#12012=SURFACE_STYLE_USAGE(.BOTH.,#12560);
#12013=SURFACE_STYLE_USAGE(.BOTH.,#12561);
#12014=SURFACE_STYLE_USAGE(.BOTH.,#12562);
#12015=SURFACE_STYLE_USAGE(.BOTH.,#12563);
#12016=SURFACE_STYLE_USAGE(.BOTH.,#12564);
#12017=SURFACE_STYLE_USAGE(.BOTH.,#12565);
#12018=SURFACE_STYLE_USAGE(.BOTH.,#12566);
#12019=SURFACE_STYLE_USAGE(.BOTH.,#12567);
#12020=SURFACE_STYLE_USAGE(.BOTH.,#12568);
#12021=SURFACE_STYLE_USAGE(.BOTH.,#12569);
#12022=SURFACE_STYLE_USAGE(.BOTH.,#12570);
#12023=SURFACE_STYLE_USAGE(.BOTH.,#12571);
#12024=SURFACE_STYLE_USAGE(.BOTH.,#12572);
#12025=SURFACE_STYLE_USAGE(.BOTH.,#12573);
#12026=SURFACE_STYLE_USAGE(.BOTH.,#12574);
#12027=SURFACE_STYLE_USAGE(.BOTH.,#12575);
#12028=SURFACE_STYLE_USAGE(.BOTH.,#12576);
#12029=SURFACE_STYLE_USAGE(.BOTH.,#12577);
#12030=SURFACE_STYLE_USAGE(.BOTH.,#12578);
#12031=SURFACE_STYLE_USAGE(.BOTH.,#12579);
#12032=SURFACE_STYLE_USAGE(.BOTH.,#12580);
#12033=SURFACE_STYLE_USAGE(.BOTH.,#12581);
#12034=SURFACE_STYLE_USAGE(.BOTH.,#12582);
#12035=SURFACE_STYLE_USAGE(.BOTH.,#12583);
#12036=SURFACE_STYLE_USAGE(.BOTH.,#12584);
#12037=SURFACE_STYLE_USAGE(.BOTH.,#12585);
#12038=SURFACE_STYLE_USAGE(.BOTH.,#12586);
#12039=SURFACE_STYLE_USAGE(.BOTH.,#12587);
#12040=SURFACE_STYLE_USAGE(.BOTH.,#12588);
#12041=SURFACE_STYLE_USAGE(.BOTH.,#12589);
#12042=SURFACE_STYLE_USAGE(.BOTH.,#12590);
#12043=SURFACE_STYLE_USAGE(.BOTH.,#12591);
#12044=SURFACE_STYLE_USAGE(.BOTH.,#12592);
#12045=SURFACE_STYLE_USAGE(.BOTH.,#12593);
#12046=SURFACE_STYLE_USAGE(.BOTH.,#12594);
#12047=SURFACE_STYLE_USAGE(.BOTH.,#12595);
#12048=SURFACE_STYLE_USAGE(.BOTH.,#12596);
#12049=SURFACE_STYLE_USAGE(.BOTH.,#12597);
#12050=SURFACE_STYLE_USAGE(.BOTH.,#12598);
#12051=SURFACE_STYLE_USAGE(.BOTH.,#12599);
#12052=SURFACE_STYLE_USAGE(.BOTH.,#12600);
#12053=SURFACE_STYLE_USAGE(.BOTH.,#12601);
#12054=SURFACE_STYLE_USAGE(.BOTH.,#12602);
#12055=SURFACE_STYLE_USAGE(.BOTH.,#12603);
#12056=SURFACE_STYLE_USAGE(.BOTH.,#12604);
#12057=SURFACE_STYLE_USAGE(.BOTH.,#12605);
#12058=SURFACE_STYLE_USAGE(.BOTH.,#12606);
#12059=SURFACE_STYLE_USAGE(.BOTH.,#12607);
#12060=SURFACE_STYLE_USAGE(.BOTH.,#12608);
#12061=SURFACE_STYLE_USAGE(.BOTH.,#12609);
#12062=SURFACE_STYLE_USAGE(.BOTH.,#12610);
#12063=SURFACE_STYLE_USAGE(.BOTH.,#12611);
#12064=SURFACE_STYLE_USAGE(.BOTH.,#12612);
#12065=SURFACE_STYLE_USAGE(.BOTH.,#12613);
#12066=SURFACE_STYLE_USAGE(.BOTH.,#12614);
#12067=SURFACE_STYLE_USAGE(.BOTH.,#12615);
#12068=SURFACE_STYLE_USAGE(.BOTH.,#12616);
#12069=SURFACE_STYLE_USAGE(.BOTH.,#12617);
#12070=SURFACE_STYLE_USAGE(.BOTH.,#12618);
#12071=SURFACE_STYLE_USAGE(.BOTH.,#12619);
#12072=SURFACE_STYLE_USAGE(.BOTH.,#12620);
#12073=SURFACE_STYLE_USAGE(.BOTH.,#12621);
#12074=SURFACE_STYLE_USAGE(.BOTH.,#12622);
#12075=SURFACE_STYLE_USAGE(.BOTH.,#12623);
#12076=SURFACE_STYLE_USAGE(.BOTH.,#12624);
#12077=SURFACE_STYLE_USAGE(.BOTH.,#12625);
#12078=SURFACE_STYLE_USAGE(.BOTH.,#12626);
#12079=SURFACE_STYLE_USAGE(.BOTH.,#12627);
#12080=SURFACE_STYLE_USAGE(.BOTH.,#12628);
#12081=SURFACE_STYLE_USAGE(.BOTH.,#12629);
#12082=SURFACE_STYLE_USAGE(.BOTH.,#12630);
#12083=SURFACE_STYLE_USAGE(.BOTH.,#12631);
#12084=SURFACE_STYLE_USAGE(.BOTH.,#12632);
#12085=SURFACE_STYLE_USAGE(.BOTH.,#12633);
#12086=SURFACE_STYLE_USAGE(.BOTH.,#12634);
#12087=SURFACE_STYLE_USAGE(.BOTH.,#12635);
#12088=SURFACE_STYLE_USAGE(.BOTH.,#12636);
#12089=SURFACE_STYLE_USAGE(.BOTH.,#12637);
#12090=SURFACE_STYLE_USAGE(.BOTH.,#12638);
#12091=SURFACE_STYLE_USAGE(.BOTH.,#12639);
#12092=SURFACE_STYLE_USAGE(.BOTH.,#12640);
#12093=SURFACE_STYLE_USAGE(.BOTH.,#12641);
#12094=SURFACE_STYLE_USAGE(.BOTH.,#12642);
#12095=SURFACE_STYLE_USAGE(.BOTH.,#12643);
#12096=SURFACE_STYLE_USAGE(.BOTH.,#12644);
#12097=SURFACE_STYLE_USAGE(.BOTH.,#12645);
#12098=SURFACE_STYLE_USAGE(.BOTH.,#12646);
#12099=SURFACE_STYLE_USAGE(.BOTH.,#12647);
#12100=SURFACE_STYLE_USAGE(.BOTH.,#12648);
#12101=SURFACE_STYLE_USAGE(.BOTH.,#12649);
#12102=SURFACE_STYLE_USAGE(.BOTH.,#12650);
#12103=SURFACE_STYLE_USAGE(.BOTH.,#12651);
#12104=SURFACE_STYLE_USAGE(.BOTH.,#12652);
#12105=SURFACE_STYLE_USAGE(.BOTH.,#12653);
#12106=SURFACE_STYLE_USAGE(.BOTH.,#12654);
#12107=SURFACE_STYLE_USAGE(.BOTH.,#12655);
#12108=SURFACE_STYLE_USAGE(.BOTH.,#12656);
#12109=SURFACE_STYLE_USAGE(.BOTH.,#12657);
#12110=SURFACE_STYLE_USAGE(.BOTH.,#12658);
#12111=SURFACE_STYLE_USAGE(.BOTH.,#12659);
#12112=SURFACE_STYLE_USAGE(.BOTH.,#12660);
#12113=SURFACE_STYLE_USAGE(.BOTH.,#12661);
#12114=SURFACE_STYLE_USAGE(.BOTH.,#12662);
#12115=SURFACE_STYLE_USAGE(.BOTH.,#12663);
#12116=SURFACE_STYLE_USAGE(.BOTH.,#12664);
#12117=SURFACE_STYLE_USAGE(.BOTH.,#12665);
#12118=SURFACE_STYLE_USAGE(.BOTH.,#12666);
#12119=SURFACE_STYLE_USAGE(.BOTH.,#12667);
#12120=SURFACE_STYLE_USAGE(.BOTH.,#12668);
#12121=SURFACE_STYLE_USAGE(.BOTH.,#12669);
#12122=SURFACE_STYLE_USAGE(.BOTH.,#12670);
#12123=SURFACE_STYLE_USAGE(.BOTH.,#12671);
#12124=SURFACE_STYLE_USAGE(.BOTH.,#12672);
#12125=SURFACE_STYLE_USAGE(.BOTH.,#12673);
#12126=SURFACE_STYLE_USAGE(.BOTH.,#12674);
#12127=SURFACE_STYLE_USAGE(.BOTH.,#12675);
#12128=SURFACE_STYLE_USAGE(.BOTH.,#12676);
#12129=SURFACE_STYLE_USAGE(.BOTH.,#12677);
#12130=SURFACE_STYLE_USAGE(.BOTH.,#12678);
#12131=SURFACE_STYLE_USAGE(.BOTH.,#12679);
#12132=SURFACE_STYLE_USAGE(.BOTH.,#12680);
#12133=SURFACE_STYLE_USAGE(.BOTH.,#12681);
#12134=SURFACE_STYLE_USAGE(.BOTH.,#12682);
#12135=SURFACE_STYLE_USAGE(.BOTH.,#12683);
#12136=SURFACE_SIDE_STYLE('',(#12684));
#12137=SURFACE_SIDE_STYLE('',(#12685));
#12138=SURFACE_SIDE_STYLE('',(#12686));
#12139=SURFACE_SIDE_STYLE('',(#12687));
#12140=SURFACE_SIDE_STYLE('',(#12688));
#12141=SURFACE_SIDE_STYLE('',(#12689));
#12142=SURFACE_SIDE_STYLE('',(#12690));
#12143=SURFACE_SIDE_STYLE('',(#12691));
#12144=SURFACE_SIDE_STYLE('',(#12692));
#12145=SURFACE_SIDE_STYLE('',(#12693));
#12146=SURFACE_SIDE_STYLE('',(#12694));
#12147=SURFACE_SIDE_STYLE('',(#12695));
#12148=SURFACE_SIDE_STYLE('',(#12696));
#12149=SURFACE_SIDE_STYLE('',(#12697));
#12150=SURFACE_SIDE_STYLE('',(#12698));
#12151=SURFACE_SIDE_STYLE('',(#12699));
#12152=SURFACE_SIDE_STYLE('',(#12700));
#12153=SURFACE_SIDE_STYLE('',(#12701));
#12154=SURFACE_SIDE_STYLE('',(#12702));
#12155=SURFACE_SIDE_STYLE('',(#12703));
#12156=SURFACE_SIDE_STYLE('',(#12704));
#12157=SURFACE_SIDE_STYLE('',(#12705));
#12158=SURFACE_SIDE_STYLE('',(#12706));
#12159=SURFACE_SIDE_STYLE('',(#12707));
#12160=SURFACE_SIDE_STYLE('',(#12708));
#12161=SURFACE_SIDE_STYLE('',(#12709));
#12162=SURFACE_SIDE_STYLE('',(#12710));
#12163=SURFACE_SIDE_STYLE('',(#12711));
#12164=SURFACE_SIDE_STYLE('',(#12712));
#12165=SURFACE_SIDE_STYLE('',(#12713));
#12166=SURFACE_SIDE_STYLE('',(#12714));
#12167=SURFACE_SIDE_STYLE('',(#12715));
#12168=SURFACE_SIDE_STYLE('',(#12716));
#12169=SURFACE_SIDE_STYLE('',(#12717));
#12170=SURFACE_SIDE_STYLE('',(#12718));
#12171=SURFACE_SIDE_STYLE('',(#12719));
#12172=SURFACE_SIDE_STYLE('',(#12720));
#12173=SURFACE_SIDE_STYLE('',(#12721));
#12174=SURFACE_SIDE_STYLE('',(#12722));
#12175=SURFACE_SIDE_STYLE('',(#12723));
#12176=SURFACE_SIDE_STYLE('',(#12724));
#12177=SURFACE_SIDE_STYLE('',(#12725));
#12178=SURFACE_SIDE_STYLE('',(#12726));
#12179=SURFACE_SIDE_STYLE('',(#12727));
#12180=SURFACE_SIDE_STYLE('',(#12728));
#12181=SURFACE_SIDE_STYLE('',(#12729));
#12182=SURFACE_SIDE_STYLE('',(#12730));
#12183=SURFACE_SIDE_STYLE('',(#12731));
#12184=SURFACE_SIDE_STYLE('',(#12732));
#12185=SURFACE_SIDE_STYLE('',(#12733));
#12186=SURFACE_SIDE_STYLE('',(#12734));
#12187=SURFACE_SIDE_STYLE('',(#12735));
#12188=SURFACE_SIDE_STYLE('',(#12736));
#12189=SURFACE_SIDE_STYLE('',(#12737));
#12190=SURFACE_SIDE_STYLE('',(#12738));
#12191=SURFACE_SIDE_STYLE('',(#12739));
#12192=SURFACE_SIDE_STYLE('',(#12740));
#12193=SURFACE_SIDE_STYLE('',(#12741));
#12194=SURFACE_SIDE_STYLE('',(#12742));
#12195=SURFACE_SIDE_STYLE('',(#12743));
#12196=SURFACE_SIDE_STYLE('',(#12744));
#12197=SURFACE_SIDE_STYLE('',(#12745));
#12198=SURFACE_SIDE_STYLE('',(#12746));
#12199=SURFACE_SIDE_STYLE('',(#12747));
#12200=SURFACE_SIDE_STYLE('',(#12748));
#12201=SURFACE_SIDE_STYLE('',(#12749));
#12202=SURFACE_SIDE_STYLE('',(#12750));
#12203=SURFACE_SIDE_STYLE('',(#12751));
#12204=SURFACE_SIDE_STYLE('',(#12752));
#12205=SURFACE_SIDE_STYLE('',(#12753));
#12206=SURFACE_SIDE_STYLE('',(#12754));
#12207=SURFACE_SIDE_STYLE('',(#12755));
#12208=SURFACE_SIDE_STYLE('',(#12756));
#12209=SURFACE_SIDE_STYLE('',(#12757));
#12210=SURFACE_SIDE_STYLE('',(#12758));
#12211=SURFACE_SIDE_STYLE('',(#12759));
#12212=SURFACE_SIDE_STYLE('',(#12760));
#12213=SURFACE_SIDE_STYLE('',(#12761));
#12214=SURFACE_SIDE_STYLE('',(#12762));
#12215=SURFACE_SIDE_STYLE('',(#12763));
#12216=SURFACE_SIDE_STYLE('',(#12764));
#12217=SURFACE_SIDE_STYLE('',(#12765));
#12218=SURFACE_SIDE_STYLE('',(#12766));
#12219=SURFACE_SIDE_STYLE('',(#12767));
#12220=SURFACE_SIDE_STYLE('',(#12768));
#12221=SURFACE_SIDE_STYLE('',(#12769));
#12222=SURFACE_SIDE_STYLE('',(#12770));
#12223=SURFACE_SIDE_STYLE('',(#12771));
#12224=SURFACE_SIDE_STYLE('',(#12772));
#12225=SURFACE_SIDE_STYLE('',(#12773));
#12226=SURFACE_SIDE_STYLE('',(#12774));
#12227=SURFACE_SIDE_STYLE('',(#12775));
#12228=SURFACE_SIDE_STYLE('',(#12776));
#12229=SURFACE_SIDE_STYLE('',(#12777));
#12230=SURFACE_SIDE_STYLE('',(#12778));
#12231=SURFACE_SIDE_STYLE('',(#12779));
#12232=SURFACE_SIDE_STYLE('',(#12780));
#12233=SURFACE_SIDE_STYLE('',(#12781));
#12234=SURFACE_SIDE_STYLE('',(#12782));
#12235=SURFACE_SIDE_STYLE('',(#12783));
#12236=SURFACE_SIDE_STYLE('',(#12784));
#12237=SURFACE_SIDE_STYLE('',(#12785));
#12238=SURFACE_SIDE_STYLE('',(#12786));
#12239=SURFACE_SIDE_STYLE('',(#12787));
#12240=SURFACE_SIDE_STYLE('',(#12788));
#12241=SURFACE_SIDE_STYLE('',(#12789));
#12242=SURFACE_SIDE_STYLE('',(#12790));
#12243=SURFACE_SIDE_STYLE('',(#12791));
#12244=SURFACE_SIDE_STYLE('',(#12792));
#12245=SURFACE_SIDE_STYLE('',(#12793));
#12246=SURFACE_SIDE_STYLE('',(#12794));
#12247=SURFACE_SIDE_STYLE('',(#12795));
#12248=SURFACE_SIDE_STYLE('',(#12796));
#12249=SURFACE_SIDE_STYLE('',(#12797));
#12250=SURFACE_SIDE_STYLE('',(#12798));
#12251=SURFACE_SIDE_STYLE('',(#12799));
#12252=SURFACE_SIDE_STYLE('',(#12800));
#12253=SURFACE_SIDE_STYLE('',(#12801));
#12254=SURFACE_SIDE_STYLE('',(#12802));
#12255=SURFACE_SIDE_STYLE('',(#12803));
#12256=SURFACE_SIDE_STYLE('',(#12804));
#12257=SURFACE_SIDE_STYLE('',(#12805));
#12258=SURFACE_SIDE_STYLE('',(#12806));
#12259=SURFACE_SIDE_STYLE('',(#12807));
#12260=SURFACE_SIDE_STYLE('',(#12808));
#12261=SURFACE_SIDE_STYLE('',(#12809));
#12262=SURFACE_SIDE_STYLE('',(#12810));
#12263=SURFACE_SIDE_STYLE('',(#12811));
#12264=SURFACE_SIDE_STYLE('',(#12812));
#12265=SURFACE_SIDE_STYLE('',(#12813));
#12266=SURFACE_SIDE_STYLE('',(#12814));
#12267=SURFACE_SIDE_STYLE('',(#12815));
#12268=SURFACE_SIDE_STYLE('',(#12816));
#12269=SURFACE_SIDE_STYLE('',(#12817));
#12270=SURFACE_SIDE_STYLE('',(#12818));
#12271=SURFACE_SIDE_STYLE('',(#12819));
#12272=SURFACE_SIDE_STYLE('',(#12820));
#12273=SURFACE_SIDE_STYLE('',(#12821));
#12274=SURFACE_SIDE_STYLE('',(#12822));
#12275=SURFACE_SIDE_STYLE('',(#12823));
#12276=SURFACE_SIDE_STYLE('',(#12824));
#12277=SURFACE_SIDE_STYLE('',(#12825));
#12278=SURFACE_SIDE_STYLE('',(#12826));
#12279=SURFACE_SIDE_STYLE('',(#12827));
#12280=SURFACE_SIDE_STYLE('',(#12828));
#12281=SURFACE_SIDE_STYLE('',(#12829));
#12282=SURFACE_SIDE_STYLE('',(#12830));
#12283=SURFACE_SIDE_STYLE('',(#12831));
#12284=SURFACE_SIDE_STYLE('',(#12832));
#12285=SURFACE_SIDE_STYLE('',(#12833));
#12286=SURFACE_SIDE_STYLE('',(#12834));
#12287=SURFACE_SIDE_STYLE('',(#12835));
#12288=SURFACE_SIDE_STYLE('',(#12836));
#12289=SURFACE_SIDE_STYLE('',(#12837));
#12290=SURFACE_SIDE_STYLE('',(#12838));
#12291=SURFACE_SIDE_STYLE('',(#12839));
#12292=SURFACE_SIDE_STYLE('',(#12840));
#12293=SURFACE_SIDE_STYLE('',(#12841));
#12294=SURFACE_SIDE_STYLE('',(#12842));
#12295=SURFACE_SIDE_STYLE('',(#12843));
#12296=SURFACE_SIDE_STYLE('',(#12844));
#12297=SURFACE_SIDE_STYLE('',(#12845));
#12298=SURFACE_SIDE_STYLE('',(#12846));
#12299=SURFACE_SIDE_STYLE('',(#12847));
#12300=SURFACE_SIDE_STYLE('',(#12848));
#12301=SURFACE_SIDE_STYLE('',(#12849));
#12302=SURFACE_SIDE_STYLE('',(#12850));
#12303=SURFACE_SIDE_STYLE('',(#12851));
#12304=SURFACE_SIDE_STYLE('',(#12852));
#12305=SURFACE_SIDE_STYLE('',(#12853));
#12306=SURFACE_SIDE_STYLE('',(#12854));
#12307=SURFACE_SIDE_STYLE('',(#12855));
#12308=SURFACE_SIDE_STYLE('',(#12856));
#12309=SURFACE_SIDE_STYLE('',(#12857));
#12310=SURFACE_SIDE_STYLE('',(#12858));
#12311=SURFACE_SIDE_STYLE('',(#12859));
#12312=SURFACE_SIDE_STYLE('',(#12860));
#12313=SURFACE_SIDE_STYLE('',(#12861));
#12314=SURFACE_SIDE_STYLE('',(#12862));
#12315=SURFACE_SIDE_STYLE('',(#12863));
#12316=SURFACE_SIDE_STYLE('',(#12864));
#12317=SURFACE_SIDE_STYLE('',(#12865));
#12318=SURFACE_SIDE_STYLE('',(#12866));
#12319=SURFACE_SIDE_STYLE('',(#12867));
#12320=SURFACE_SIDE_STYLE('',(#12868));
#12321=SURFACE_SIDE_STYLE('',(#12869));
#12322=SURFACE_SIDE_STYLE('',(#12870));
#12323=SURFACE_SIDE_STYLE('',(#12871));
#12324=SURFACE_SIDE_STYLE('',(#12872));
#12325=SURFACE_SIDE_STYLE('',(#12873));
#12326=SURFACE_SIDE_STYLE('',(#12874));
#12327=SURFACE_SIDE_STYLE('',(#12875));
#12328=SURFACE_SIDE_STYLE('',(#12876));
#12329=SURFACE_SIDE_STYLE('',(#12877));
#12330=SURFACE_SIDE_STYLE('',(#12878));
#12331=SURFACE_SIDE_STYLE('',(#12879));
#12332=SURFACE_SIDE_STYLE('',(#12880));
#12333=SURFACE_SIDE_STYLE('',(#12881));
#12334=SURFACE_SIDE_STYLE('',(#12882));
#12335=SURFACE_SIDE_STYLE('',(#12883));
#12336=SURFACE_SIDE_STYLE('',(#12884));
#12337=SURFACE_SIDE_STYLE('',(#12885));
#12338=SURFACE_SIDE_STYLE('',(#12886));
#12339=SURFACE_SIDE_STYLE('',(#12887));
#12340=SURFACE_SIDE_STYLE('',(#12888));
#12341=SURFACE_SIDE_STYLE('',(#12889));
#12342=SURFACE_SIDE_STYLE('',(#12890));
#12343=SURFACE_SIDE_STYLE('',(#12891));
#12344=SURFACE_SIDE_STYLE('',(#12892));
#12345=SURFACE_SIDE_STYLE('',(#12893));
#12346=SURFACE_SIDE_STYLE('',(#12894));
#12347=SURFACE_SIDE_STYLE('',(#12895));
#12348=SURFACE_SIDE_STYLE('',(#12896));
#12349=SURFACE_SIDE_STYLE('',(#12897));
#12350=SURFACE_SIDE_STYLE('',(#12898));
#12351=SURFACE_SIDE_STYLE('',(#12899));
#12352=SURFACE_SIDE_STYLE('',(#12900));
#12353=SURFACE_SIDE_STYLE('',(#12901));
#12354=SURFACE_SIDE_STYLE('',(#12902));
#12355=SURFACE_SIDE_STYLE('',(#12903));
#12356=SURFACE_SIDE_STYLE('',(#12904));
#12357=SURFACE_SIDE_STYLE('',(#12905));
#12358=SURFACE_SIDE_STYLE('',(#12906));
#12359=SURFACE_SIDE_STYLE('',(#12907));
#12360=SURFACE_SIDE_STYLE('',(#12908));
#12361=SURFACE_SIDE_STYLE('',(#12909));
#12362=SURFACE_SIDE_STYLE('',(#12910));
#12363=SURFACE_SIDE_STYLE('',(#12911));
#12364=SURFACE_SIDE_STYLE('',(#12912));
#12365=SURFACE_SIDE_STYLE('',(#12913));
#12366=SURFACE_SIDE_STYLE('',(#12914));
#12367=SURFACE_SIDE_STYLE('',(#12915));
#12368=SURFACE_SIDE_STYLE('',(#12916));
#12369=SURFACE_SIDE_STYLE('',(#12917));
#12370=SURFACE_SIDE_STYLE('',(#12918));
#12371=SURFACE_SIDE_STYLE('',(#12919));
#12372=SURFACE_SIDE_STYLE('',(#12920));
#12373=SURFACE_SIDE_STYLE('',(#12921));
#12374=SURFACE_SIDE_STYLE('',(#12922));
#12375=SURFACE_SIDE_STYLE('',(#12923));
#12376=SURFACE_SIDE_STYLE('',(#12924));
#12377=SURFACE_SIDE_STYLE('',(#12925));
#12378=SURFACE_SIDE_STYLE('',(#12926));
#12379=SURFACE_SIDE_STYLE('',(#12927));
#12380=SURFACE_SIDE_STYLE('',(#12928));
#12381=SURFACE_SIDE_STYLE('',(#12929));
#12382=SURFACE_SIDE_STYLE('',(#12930));
#12383=SURFACE_SIDE_STYLE('',(#12931));
#12384=SURFACE_SIDE_STYLE('',(#12932));
#12385=SURFACE_SIDE_STYLE('',(#12933));
#12386=SURFACE_SIDE_STYLE('',(#12934));
#12387=SURFACE_SIDE_STYLE('',(#12935));
#12388=SURFACE_SIDE_STYLE('',(#12936));
#12389=SURFACE_SIDE_STYLE('',(#12937));
#12390=SURFACE_SIDE_STYLE('',(#12938));
#12391=SURFACE_SIDE_STYLE('',(#12939));
#12392=SURFACE_SIDE_STYLE('',(#12940));
#12393=SURFACE_SIDE_STYLE('',(#12941));
#12394=SURFACE_SIDE_STYLE('',(#12942));
#12395=SURFACE_SIDE_STYLE('',(#12943));
#12396=SURFACE_SIDE_STYLE('',(#12944));
#12397=SURFACE_SIDE_STYLE('',(#12945));
#12398=SURFACE_SIDE_STYLE('',(#12946));
#12399=SURFACE_SIDE_STYLE('',(#12947));
#12400=SURFACE_SIDE_STYLE('',(#12948));
#12401=SURFACE_SIDE_STYLE('',(#12949));
#12402=SURFACE_SIDE_STYLE('',(#12950));
#12403=SURFACE_SIDE_STYLE('',(#12951));
#12404=SURFACE_SIDE_STYLE('',(#12952));
#12405=SURFACE_SIDE_STYLE('',(#12953));
#12406=SURFACE_SIDE_STYLE('',(#12954));
#12407=SURFACE_SIDE_STYLE('',(#12955));
#12408=SURFACE_SIDE_STYLE('',(#12956));
#12409=SURFACE_SIDE_STYLE('',(#12957));
#12410=SURFACE_SIDE_STYLE('',(#12958));
#12411=SURFACE_SIDE_STYLE('',(#12959));
#12412=SURFACE_SIDE_STYLE('',(#12960));
#12413=SURFACE_SIDE_STYLE('',(#12961));
#12414=SURFACE_SIDE_STYLE('',(#12962));
#12415=SURFACE_SIDE_STYLE('',(#12963));
#12416=SURFACE_SIDE_STYLE('',(#12964));
#12417=SURFACE_SIDE_STYLE('',(#12965));
#12418=SURFACE_SIDE_STYLE('',(#12966));
#12419=SURFACE_SIDE_STYLE('',(#12967));
#12420=SURFACE_SIDE_STYLE('',(#12968));
#12421=SURFACE_SIDE_STYLE('',(#12969));
#12422=SURFACE_SIDE_STYLE('',(#12970));
#12423=SURFACE_SIDE_STYLE('',(#12971));
#12424=SURFACE_SIDE_STYLE('',(#12972));
#12425=SURFACE_SIDE_STYLE('',(#12973));
#12426=SURFACE_SIDE_STYLE('',(#12974));
#12427=SURFACE_SIDE_STYLE('',(#12975));
#12428=SURFACE_SIDE_STYLE('',(#12976));
#12429=SURFACE_SIDE_STYLE('',(#12977));
#12430=SURFACE_SIDE_STYLE('',(#12978));
#12431=SURFACE_SIDE_STYLE('',(#12979));
#12432=SURFACE_SIDE_STYLE('',(#12980));
#12433=SURFACE_SIDE_STYLE('',(#12981));
#12434=SURFACE_SIDE_STYLE('',(#12982));
#12435=SURFACE_SIDE_STYLE('',(#12983));
#12436=SURFACE_SIDE_STYLE('',(#12984));
#12437=SURFACE_SIDE_STYLE('',(#12985));
#12438=SURFACE_SIDE_STYLE('',(#12986));
#12439=SURFACE_SIDE_STYLE('',(#12987));
#12440=SURFACE_SIDE_STYLE('',(#12988));
#12441=SURFACE_SIDE_STYLE('',(#12989));
#12442=SURFACE_SIDE_STYLE('',(#12990));
#12443=SURFACE_SIDE_STYLE('',(#12991));
#12444=SURFACE_SIDE_STYLE('',(#12992));
#12445=SURFACE_SIDE_STYLE('',(#12993));
#12446=SURFACE_SIDE_STYLE('',(#12994));
#12447=SURFACE_SIDE_STYLE('',(#12995));
#12448=SURFACE_SIDE_STYLE('',(#12996));
#12449=SURFACE_SIDE_STYLE('',(#12997));
#12450=SURFACE_SIDE_STYLE('',(#12998));
#12451=SURFACE_SIDE_STYLE('',(#12999));
#12452=SURFACE_SIDE_STYLE('',(#13000));
#12453=SURFACE_SIDE_STYLE('',(#13001));
#12454=SURFACE_SIDE_STYLE('',(#13002));
#12455=SURFACE_SIDE_STYLE('',(#13003));
#12456=SURFACE_SIDE_STYLE('',(#13004));
#12457=SURFACE_SIDE_STYLE('',(#13005));
#12458=SURFACE_SIDE_STYLE('',(#13006));
#12459=SURFACE_SIDE_STYLE('',(#13007));
#12460=SURFACE_SIDE_STYLE('',(#13008));
#12461=SURFACE_SIDE_STYLE('',(#13009));
#12462=SURFACE_SIDE_STYLE('',(#13010));
#12463=SURFACE_SIDE_STYLE('',(#13011));
#12464=SURFACE_SIDE_STYLE('',(#13012));
#12465=SURFACE_SIDE_STYLE('',(#13013));
#12466=SURFACE_SIDE_STYLE('',(#13014));
#12467=SURFACE_SIDE_STYLE('',(#13015));
#12468=SURFACE_SIDE_STYLE('',(#13016));
#12469=SURFACE_SIDE_STYLE('',(#13017));
#12470=SURFACE_SIDE_STYLE('',(#13018));
#12471=SURFACE_SIDE_STYLE('',(#13019));
#12472=SURFACE_SIDE_STYLE('',(#13020));
#12473=SURFACE_SIDE_STYLE('',(#13021));
#12474=SURFACE_SIDE_STYLE('',(#13022));
#12475=SURFACE_SIDE_STYLE('',(#13023));
#12476=SURFACE_SIDE_STYLE('',(#13024));
#12477=SURFACE_SIDE_STYLE('',(#13025));
#12478=SURFACE_SIDE_STYLE('',(#13026));
#12479=SURFACE_SIDE_STYLE('',(#13027));
#12480=SURFACE_SIDE_STYLE('',(#13028));
#12481=SURFACE_SIDE_STYLE('',(#13029));
#12482=SURFACE_SIDE_STYLE('',(#13030));
#12483=SURFACE_SIDE_STYLE('',(#13031));
#12484=SURFACE_SIDE_STYLE('',(#13032));
#12485=SURFACE_SIDE_STYLE('',(#13033));
#12486=SURFACE_SIDE_STYLE('',(#13034));
#12487=SURFACE_SIDE_STYLE('',(#13035));
#12488=SURFACE_SIDE_STYLE('',(#13036));
#12489=SURFACE_SIDE_STYLE('',(#13037));
#12490=SURFACE_SIDE_STYLE('',(#13038));
#12491=SURFACE_SIDE_STYLE('',(#13039));
#12492=SURFACE_SIDE_STYLE('',(#13040));
#12493=SURFACE_SIDE_STYLE('',(#13041));
#12494=SURFACE_SIDE_STYLE('',(#13042));
#12495=SURFACE_SIDE_STYLE('',(#13043));
#12496=SURFACE_SIDE_STYLE('',(#13044));
#12497=SURFACE_SIDE_STYLE('',(#13045));
#12498=SURFACE_SIDE_STYLE('',(#13046));
#12499=SURFACE_SIDE_STYLE('',(#13047));
#12500=SURFACE_SIDE_STYLE('',(#13048));
#12501=SURFACE_SIDE_STYLE('',(#13049));
#12502=SURFACE_SIDE_STYLE('',(#13050));
#12503=SURFACE_SIDE_STYLE('',(#13051));
#12504=SURFACE_SIDE_STYLE('',(#13052));
#12505=SURFACE_SIDE_STYLE('',(#13053));
#12506=SURFACE_SIDE_STYLE('',(#13054));
#12507=SURFACE_SIDE_STYLE('',(#13055));
#12508=SURFACE_SIDE_STYLE('',(#13056));
#12509=SURFACE_SIDE_STYLE('',(#13057));
#12510=SURFACE_SIDE_STYLE('',(#13058));
#12511=SURFACE_SIDE_STYLE('',(#13059));
#12512=SURFACE_SIDE_STYLE('',(#13060));
#12513=SURFACE_SIDE_STYLE('',(#13061));
#12514=SURFACE_SIDE_STYLE('',(#13062));
#12515=SURFACE_SIDE_STYLE('',(#13063));
#12516=SURFACE_SIDE_STYLE('',(#13064));
#12517=SURFACE_SIDE_STYLE('',(#13065));
#12518=SURFACE_SIDE_STYLE('',(#13066));
#12519=SURFACE_SIDE_STYLE('',(#13067));
#12520=SURFACE_SIDE_STYLE('',(#13068));
#12521=SURFACE_SIDE_STYLE('',(#13069));
#12522=SURFACE_SIDE_STYLE('',(#13070));
#12523=SURFACE_SIDE_STYLE('',(#13071));
#12524=SURFACE_SIDE_STYLE('',(#13072));
#12525=SURFACE_SIDE_STYLE('',(#13073));
#12526=SURFACE_SIDE_STYLE('',(#13074));
#12527=SURFACE_SIDE_STYLE('',(#13075));
#12528=SURFACE_SIDE_STYLE('',(#13076));
#12529=SURFACE_SIDE_STYLE('',(#13077));
#12530=SURFACE_SIDE_STYLE('',(#13078));
#12531=SURFACE_SIDE_STYLE('',(#13079));
#12532=SURFACE_SIDE_STYLE('',(#13080));
#12533=SURFACE_SIDE_STYLE('',(#13081));
#12534=SURFACE_SIDE_STYLE('',(#13082));
#12535=SURFACE_SIDE_STYLE('',(#13083));
#12536=SURFACE_SIDE_STYLE('',(#13084));
#12537=SURFACE_SIDE_STYLE('',(#13085));
#12538=SURFACE_SIDE_STYLE('',(#13086));
#12539=SURFACE_SIDE_STYLE('',(#13087));
#12540=SURFACE_SIDE_STYLE('',(#13088));
#12541=SURFACE_SIDE_STYLE('',(#13089));
#12542=SURFACE_SIDE_STYLE('',(#13090));
#12543=SURFACE_SIDE_STYLE('',(#13091));
#12544=SURFACE_SIDE_STYLE('',(#13092));
#12545=SURFACE_SIDE_STYLE('',(#13093));
#12546=SURFACE_SIDE_STYLE('',(#13094));
#12547=SURFACE_SIDE_STYLE('',(#13095));
#12548=SURFACE_SIDE_STYLE('',(#13096));
#12549=SURFACE_SIDE_STYLE('',(#13097));
#12550=SURFACE_SIDE_STYLE('',(#13098));
#12551=SURFACE_SIDE_STYLE('',(#13099));
#12552=SURFACE_SIDE_STYLE('',(#13100));
#12553=SURFACE_SIDE_STYLE('',(#13101));
#12554=SURFACE_SIDE_STYLE('',(#13102));
#12555=SURFACE_SIDE_STYLE('',(#13103));
#12556=SURFACE_SIDE_STYLE('',(#13104));
#12557=SURFACE_SIDE_STYLE('',(#13105));
#12558=SURFACE_SIDE_STYLE('',(#13106));
#12559=SURFACE_SIDE_STYLE('',(#13107));
#12560=SURFACE_SIDE_STYLE('',(#13108));
#12561=SURFACE_SIDE_STYLE('',(#13109));
#12562=SURFACE_SIDE_STYLE('',(#13110));
#12563=SURFACE_SIDE_STYLE('',(#13111));
#12564=SURFACE_SIDE_STYLE('',(#13112));
#12565=SURFACE_SIDE_STYLE('',(#13113));
#12566=SURFACE_SIDE_STYLE('',(#13114));
#12567=SURFACE_SIDE_STYLE('',(#13115));
#12568=SURFACE_SIDE_STYLE('',(#13116));
#12569=SURFACE_SIDE_STYLE('',(#13117));
#12570=SURFACE_SIDE_STYLE('',(#13118));
#12571=SURFACE_SIDE_STYLE('',(#13119));
#12572=SURFACE_SIDE_STYLE('',(#13120));
#12573=SURFACE_SIDE_STYLE('',(#13121));
#12574=SURFACE_SIDE_STYLE('',(#13122));
#12575=SURFACE_SIDE_STYLE('',(#13123));
#12576=SURFACE_SIDE_STYLE('',(#13124));
#12577=SURFACE_SIDE_STYLE('',(#13125));
#12578=SURFACE_SIDE_STYLE('',(#13126));
#12579=SURFACE_SIDE_STYLE('',(#13127));
#12580=SURFACE_SIDE_STYLE('',(#13128));
#12581=SURFACE_SIDE_STYLE('',(#13129));
#12582=SURFACE_SIDE_STYLE('',(#13130));
#12583=SURFACE_SIDE_STYLE('',(#13131));
#12584=SURFACE_SIDE_STYLE('',(#13132));
#12585=SURFACE_SIDE_STYLE('',(#13133));
#12586=SURFACE_SIDE_STYLE('',(#13134));
#12587=SURFACE_SIDE_STYLE('',(#13135));
#12588=SURFACE_SIDE_STYLE('',(#13136));
#12589=SURFACE_SIDE_STYLE('',(#13137));
#12590=SURFACE_SIDE_STYLE('',(#13138));
#12591=SURFACE_SIDE_STYLE('',(#13139));
#12592=SURFACE_SIDE_STYLE('',(#13140));
#12593=SURFACE_SIDE_STYLE('',(#13141));
#12594=SURFACE_SIDE_STYLE('',(#13142));
#12595=SURFACE_SIDE_STYLE('',(#13143));
#12596=SURFACE_SIDE_STYLE('',(#13144));
#12597=SURFACE_SIDE_STYLE('',(#13145));
#12598=SURFACE_SIDE_STYLE('',(#13146));
#12599=SURFACE_SIDE_STYLE('',(#13147));
#12600=SURFACE_SIDE_STYLE('',(#13148));
#12601=SURFACE_SIDE_STYLE('',(#13149));
#12602=SURFACE_SIDE_STYLE('',(#13150));
#12603=SURFACE_SIDE_STYLE('',(#13151));
#12604=SURFACE_SIDE_STYLE('',(#13152));
#12605=SURFACE_SIDE_STYLE('',(#13153));
#12606=SURFACE_SIDE_STYLE('',(#13154));
#12607=SURFACE_SIDE_STYLE('',(#13155));
#12608=SURFACE_SIDE_STYLE('',(#13156));
#12609=SURFACE_SIDE_STYLE('',(#13157));
#12610=SURFACE_SIDE_STYLE('',(#13158));
#12611=SURFACE_SIDE_STYLE('',(#13159));
#12612=SURFACE_SIDE_STYLE('',(#13160));
#12613=SURFACE_SIDE_STYLE('',(#13161));
#12614=SURFACE_SIDE_STYLE('',(#13162));
#12615=SURFACE_SIDE_STYLE('',(#13163));
#12616=SURFACE_SIDE_STYLE('',(#13164));
#12617=SURFACE_SIDE_STYLE('',(#13165));
#12618=SURFACE_SIDE_STYLE('',(#13166));
#12619=SURFACE_SIDE_STYLE('',(#13167));
#12620=SURFACE_SIDE_STYLE('',(#13168));
#12621=SURFACE_SIDE_STYLE('',(#13169));
#12622=SURFACE_SIDE_STYLE('',(#13170));
#12623=SURFACE_SIDE_STYLE('',(#13171));
#12624=SURFACE_SIDE_STYLE('',(#13172));
#12625=SURFACE_SIDE_STYLE('',(#13173));
#12626=SURFACE_SIDE_STYLE('',(#13174));
#12627=SURFACE_SIDE_STYLE('',(#13175));
#12628=SURFACE_SIDE_STYLE('',(#13176));
#12629=SURFACE_SIDE_STYLE('',(#13177));
#12630=SURFACE_SIDE_STYLE('',(#13178));
#12631=SURFACE_SIDE_STYLE('',(#13179));
#12632=SURFACE_SIDE_STYLE('',(#13180));
#12633=SURFACE_SIDE_STYLE('',(#13181));
#12634=SURFACE_SIDE_STYLE('',(#13182));
#12635=SURFACE_SIDE_STYLE('',(#13183));
#12636=SURFACE_SIDE_STYLE('',(#13184));
#12637=SURFACE_SIDE_STYLE('',(#13185));
#12638=SURFACE_SIDE_STYLE('',(#13186));
#12639=SURFACE_SIDE_STYLE('',(#13187));
#12640=SURFACE_SIDE_STYLE('',(#13188));
#12641=SURFACE_SIDE_STYLE('',(#13189));
#12642=SURFACE_SIDE_STYLE('',(#13190));
#12643=SURFACE_SIDE_STYLE('',(#13191));
#12644=SURFACE_SIDE_STYLE('',(#13192));
#12645=SURFACE_SIDE_STYLE('',(#13193));
#12646=SURFACE_SIDE_STYLE('',(#13194));
#12647=SURFACE_SIDE_STYLE('',(#13195));
#12648=SURFACE_SIDE_STYLE('',(#13196));
#12649=SURFACE_SIDE_STYLE('',(#13197));
#12650=SURFACE_SIDE_STYLE('',(#13198));
#12651=SURFACE_SIDE_STYLE('',(#13199));
#12652=SURFACE_SIDE_STYLE('',(#13200));
#12653=SURFACE_SIDE_STYLE('',(#13201));
#12654=SURFACE_SIDE_STYLE('',(#13202));
#12655=SURFACE_SIDE_STYLE('',(#13203));
#12656=SURFACE_SIDE_STYLE('',(#13204));
#12657=SURFACE_SIDE_STYLE('',(#13205));
#12658=SURFACE_SIDE_STYLE('',(#13206));
#12659=SURFACE_SIDE_STYLE('',(#13207));
#12660=SURFACE_SIDE_STYLE('',(#13208));
#12661=SURFACE_SIDE_STYLE('',(#13209));
#12662=SURFACE_SIDE_STYLE('',(#13210));
#12663=SURFACE_SIDE_STYLE('',(#13211));
#12664=SURFACE_SIDE_STYLE('',(#13212));
#12665=SURFACE_SIDE_STYLE('',(#13213));
#12666=SURFACE_SIDE_STYLE('',(#13214));
#12667=SURFACE_SIDE_STYLE('',(#13215));
#12668=SURFACE_SIDE_STYLE('',(#13216));
#12669=SURFACE_SIDE_STYLE('',(#13217));
#12670=SURFACE_SIDE_STYLE('',(#13218));
#12671=SURFACE_SIDE_STYLE('',(#13219));
#12672=SURFACE_SIDE_STYLE('',(#13220));
#12673=SURFACE_SIDE_STYLE('',(#13221));
#12674=SURFACE_SIDE_STYLE('',(#13222));
#12675=SURFACE_SIDE_STYLE('',(#13223));
#12676=SURFACE_SIDE_STYLE('',(#13224));
#12677=SURFACE_SIDE_STYLE('',(#13225));
#12678=SURFACE_SIDE_STYLE('',(#13226));
#12679=SURFACE_SIDE_STYLE('',(#13227));
#12680=SURFACE_SIDE_STYLE('',(#13228));
#12681=SURFACE_SIDE_STYLE('',(#13229));
#12682=SURFACE_SIDE_STYLE('',(#13230));
#12683=SURFACE_SIDE_STYLE('',(#13231));
#12684=SURFACE_STYLE_FILL_AREA(#13232);
#12685=SURFACE_STYLE_FILL_AREA(#13233);
#12686=SURFACE_STYLE_FILL_AREA(#13234);
#12687=SURFACE_STYLE_FILL_AREA(#13235);
#12688=SURFACE_STYLE_FILL_AREA(#13236);
#12689=SURFACE_STYLE_FILL_AREA(#13237);
#12690=SURFACE_STYLE_FILL_AREA(#13238);
#12691=SURFACE_STYLE_FILL_AREA(#13239);
#12692=SURFACE_STYLE_FILL_AREA(#13240);
#12693=SURFACE_STYLE_FILL_AREA(#13241);
#12694=SURFACE_STYLE_FILL_AREA(#13242);
#12695=SURFACE_STYLE_FILL_AREA(#13243);
#12696=SURFACE_STYLE_FILL_AREA(#13244);
#12697=SURFACE_STYLE_FILL_AREA(#13245);
#12698=SURFACE_STYLE_FILL_AREA(#13246);
#12699=SURFACE_STYLE_FILL_AREA(#13247);
#12700=SURFACE_STYLE_FILL_AREA(#13248);
#12701=SURFACE_STYLE_FILL_AREA(#13249);
#12702=SURFACE_STYLE_FILL_AREA(#13250);
#12703=SURFACE_STYLE_FILL_AREA(#13251);
#12704=SURFACE_STYLE_FILL_AREA(#13252);
#12705=SURFACE_STYLE_FILL_AREA(#13253);
#12706=SURFACE_STYLE_FILL_AREA(#13254);
#12707=SURFACE_STYLE_FILL_AREA(#13255);
#12708=SURFACE_STYLE_FILL_AREA(#13256);
#12709=SURFACE_STYLE_FILL_AREA(#13257);
#12710=SURFACE_STYLE_FILL_AREA(#13258);
#12711=SURFACE_STYLE_FILL_AREA(#13259);
#12712=SURFACE_STYLE_FILL_AREA(#13260);
#12713=SURFACE_STYLE_FILL_AREA(#13261);
#12714=SURFACE_STYLE_FILL_AREA(#13262);
#12715=SURFACE_STYLE_FILL_AREA(#13263);
#12716=SURFACE_STYLE_FILL_AREA(#13264);
#12717=SURFACE_STYLE_FILL_AREA(#13265);
#12718=SURFACE_STYLE_FILL_AREA(#13266);
#12719=SURFACE_STYLE_FILL_AREA(#13267);
#12720=SURFACE_STYLE_FILL_AREA(#13268);
#12721=SURFACE_STYLE_FILL_AREA(#13269);
#12722=SURFACE_STYLE_FILL_AREA(#13270);
#12723=SURFACE_STYLE_FILL_AREA(#13271);
#12724=SURFACE_STYLE_FILL_AREA(#13272);
#12725=SURFACE_STYLE_FILL_AREA(#13273);
#12726=SURFACE_STYLE_FILL_AREA(#13274);
#12727=SURFACE_STYLE_FILL_AREA(#13275);
#12728=SURFACE_STYLE_FILL_AREA(#13276);
#12729=SURFACE_STYLE_FILL_AREA(#13277);
#12730=SURFACE_STYLE_FILL_AREA(#13278);
#12731=SURFACE_STYLE_FILL_AREA(#13279);
#12732=SURFACE_STYLE_FILL_AREA(#13280);
#12733=SURFACE_STYLE_FILL_AREA(#13281);
#12734=SURFACE_STYLE_FILL_AREA(#13282);
#12735=SURFACE_STYLE_FILL_AREA(#13283);
#12736=SURFACE_STYLE_FILL_AREA(#13284);
#12737=SURFACE_STYLE_FILL_AREA(#13285);
#12738=SURFACE_STYLE_FILL_AREA(#13286);
#12739=SURFACE_STYLE_FILL_AREA(#13287);
#12740=SURFACE_STYLE_FILL_AREA(#13288);
#12741=SURFACE_STYLE_FILL_AREA(#13289);
#12742=SURFACE_STYLE_FILL_AREA(#13290);
#12743=SURFACE_STYLE_FILL_AREA(#13291);
#12744=SURFACE_STYLE_FILL_AREA(#13292);
#12745=SURFACE_STYLE_FILL_AREA(#13293);
#12746=SURFACE_STYLE_FILL_AREA(#13294);
#12747=SURFACE_STYLE_FILL_AREA(#13295);
#12748=SURFACE_STYLE_FILL_AREA(#13296);
#12749=SURFACE_STYLE_FILL_AREA(#13297);
#12750=SURFACE_STYLE_FILL_AREA(#13298);
#12751=SURFACE_STYLE_FILL_AREA(#13299);
#12752=SURFACE_STYLE_FILL_AREA(#13300);
#12753=SURFACE_STYLE_FILL_AREA(#13301);
#12754=SURFACE_STYLE_FILL_AREA(#13302);
#12755=SURFACE_STYLE_FILL_AREA(#13303);
#12756=SURFACE_STYLE_FILL_AREA(#13304);
#12757=SURFACE_STYLE_FILL_AREA(#13305);
#12758=SURFACE_STYLE_FILL_AREA(#13306);
#12759=SURFACE_STYLE_FILL_AREA(#13307);
#12760=SURFACE_STYLE_FILL_AREA(#13308);
#12761=SURFACE_STYLE_FILL_AREA(#13309);
#12762=SURFACE_STYLE_FILL_AREA(#13310);
#12763=SURFACE_STYLE_FILL_AREA(#13311);
#12764=SURFACE_STYLE_FILL_AREA(#13312);
#12765=SURFACE_STYLE_FILL_AREA(#13313);
#12766=SURFACE_STYLE_FILL_AREA(#13314);
#12767=SURFACE_STYLE_FILL_AREA(#13315);
#12768=SURFACE_STYLE_FILL_AREA(#13316);
#12769=SURFACE_STYLE_FILL_AREA(#13317);
#12770=SURFACE_STYLE_FILL_AREA(#13318);
#12771=SURFACE_STYLE_FILL_AREA(#13319);
#12772=SURFACE_STYLE_FILL_AREA(#13320);
#12773=SURFACE_STYLE_FILL_AREA(#13321);
#12774=SURFACE_STYLE_FILL_AREA(#13322);
#12775=SURFACE_STYLE_FILL_AREA(#13323);
#12776=SURFACE_STYLE_FILL_AREA(#13324);
#12777=SURFACE_STYLE_FILL_AREA(#13325);
#12778=SURFACE_STYLE_FILL_AREA(#13326);
#12779=SURFACE_STYLE_FILL_AREA(#13327);
#12780=SURFACE_STYLE_FILL_AREA(#13328);
#12781=SURFACE_STYLE_FILL_AREA(#13329);
#12782=SURFACE_STYLE_FILL_AREA(#13330);
#12783=SURFACE_STYLE_FILL_AREA(#13331);
#12784=SURFACE_STYLE_FILL_AREA(#13332);
#12785=SURFACE_STYLE_FILL_AREA(#13333);
#12786=SURFACE_STYLE_FILL_AREA(#13334);
#12787=SURFACE_STYLE_FILL_AREA(#13335);
#12788=SURFACE_STYLE_FILL_AREA(#13336);
#12789=SURFACE_STYLE_FILL_AREA(#13337);
#12790=SURFACE_STYLE_FILL_AREA(#13338);
#12791=SURFACE_STYLE_FILL_AREA(#13339);
#12792=SURFACE_STYLE_FILL_AREA(#13340);
#12793=SURFACE_STYLE_FILL_AREA(#13341);
#12794=SURFACE_STYLE_FILL_AREA(#13342);
#12795=SURFACE_STYLE_FILL_AREA(#13343);
#12796=SURFACE_STYLE_FILL_AREA(#13344);
#12797=SURFACE_STYLE_FILL_AREA(#13345);
#12798=SURFACE_STYLE_FILL_AREA(#13346);
#12799=SURFACE_STYLE_FILL_AREA(#13347);
#12800=SURFACE_STYLE_FILL_AREA(#13348);
#12801=SURFACE_STYLE_FILL_AREA(#13349);
#12802=SURFACE_STYLE_FILL_AREA(#13350);
#12803=SURFACE_STYLE_FILL_AREA(#13351);
#12804=SURFACE_STYLE_FILL_AREA(#13352);
#12805=SURFACE_STYLE_FILL_AREA(#13353);
#12806=SURFACE_STYLE_FILL_AREA(#13354);
#12807=SURFACE_STYLE_FILL_AREA(#13355);
#12808=SURFACE_STYLE_FILL_AREA(#13356);
#12809=SURFACE_STYLE_FILL_AREA(#13357);
#12810=SURFACE_STYLE_FILL_AREA(#13358);
#12811=SURFACE_STYLE_FILL_AREA(#13359);
#12812=SURFACE_STYLE_FILL_AREA(#13360);
#12813=SURFACE_STYLE_FILL_AREA(#13361);
#12814=SURFACE_STYLE_FILL_AREA(#13362);
#12815=SURFACE_STYLE_FILL_AREA(#13363);
#12816=SURFACE_STYLE_FILL_AREA(#13364);
#12817=SURFACE_STYLE_FILL_AREA(#13365);
#12818=SURFACE_STYLE_FILL_AREA(#13366);
#12819=SURFACE_STYLE_FILL_AREA(#13367);
#12820=SURFACE_STYLE_FILL_AREA(#13368);
#12821=SURFACE_STYLE_FILL_AREA(#13369);
#12822=SURFACE_STYLE_FILL_AREA(#13370);
#12823=SURFACE_STYLE_FILL_AREA(#13371);
#12824=SURFACE_STYLE_FILL_AREA(#13372);
#12825=SURFACE_STYLE_FILL_AREA(#13373);
#12826=SURFACE_STYLE_FILL_AREA(#13374);
#12827=SURFACE_STYLE_FILL_AREA(#13375);
#12828=SURFACE_STYLE_FILL_AREA(#13376);
#12829=SURFACE_STYLE_FILL_AREA(#13377);
#12830=SURFACE_STYLE_FILL_AREA(#13378);
#12831=SURFACE_STYLE_FILL_AREA(#13379);
#12832=SURFACE_STYLE_FILL_AREA(#13380);
#12833=SURFACE_STYLE_FILL_AREA(#13381);
#12834=SURFACE_STYLE_FILL_AREA(#13382);
#12835=SURFACE_STYLE_FILL_AREA(#13383);
#12836=SURFACE_STYLE_FILL_AREA(#13384);
#12837=SURFACE_STYLE_FILL_AREA(#13385);
#12838=SURFACE_STYLE_FILL_AREA(#13386);
#12839=SURFACE_STYLE_FILL_AREA(#13387);
#12840=SURFACE_STYLE_FILL_AREA(#13388);
#12841=SURFACE_STYLE_FILL_AREA(#13389);
#12842=SURFACE_STYLE_FILL_AREA(#13390);
#12843=SURFACE_STYLE_FILL_AREA(#13391);
#12844=SURFACE_STYLE_FILL_AREA(#13392);
#12845=SURFACE_STYLE_FILL_AREA(#13393);
#12846=SURFACE_STYLE_FILL_AREA(#13394);
#12847=SURFACE_STYLE_FILL_AREA(#13395);
#12848=SURFACE_STYLE_FILL_AREA(#13396);
#12849=SURFACE_STYLE_FILL_AREA(#13397);
#12850=SURFACE_STYLE_FILL_AREA(#13398);
#12851=SURFACE_STYLE_FILL_AREA(#13399);
#12852=SURFACE_STYLE_FILL_AREA(#13400);
#12853=SURFACE_STYLE_FILL_AREA(#13401);
#12854=SURFACE_STYLE_FILL_AREA(#13402);
#12855=SURFACE_STYLE_FILL_AREA(#13403);
#12856=SURFACE_STYLE_FILL_AREA(#13404);
#12857=SURFACE_STYLE_FILL_AREA(#13405);
#12858=SURFACE_STYLE_FILL_AREA(#13406);
#12859=SURFACE_STYLE_FILL_AREA(#13407);
#12860=SURFACE_STYLE_FILL_AREA(#13408);
#12861=SURFACE_STYLE_FILL_AREA(#13409);
#12862=SURFACE_STYLE_FILL_AREA(#13410);
#12863=SURFACE_STYLE_FILL_AREA(#13411);
#12864=SURFACE_STYLE_FILL_AREA(#13412);
#12865=SURFACE_STYLE_FILL_AREA(#13413);
#12866=SURFACE_STYLE_FILL_AREA(#13414);
#12867=SURFACE_STYLE_FILL_AREA(#13415);
#12868=SURFACE_STYLE_FILL_AREA(#13416);
#12869=SURFACE_STYLE_FILL_AREA(#13417);
#12870=SURFACE_STYLE_FILL_AREA(#13418);
#12871=SURFACE_STYLE_FILL_AREA(#13419);
#12872=SURFACE_STYLE_FILL_AREA(#13420);
#12873=SURFACE_STYLE_FILL_AREA(#13421);
#12874=SURFACE_STYLE_FILL_AREA(#13422);
#12875=SURFACE_STYLE_FILL_AREA(#13423);
#12876=SURFACE_STYLE_FILL_AREA(#13424);
#12877=SURFACE_STYLE_FILL_AREA(#13425);
#12878=SURFACE_STYLE_FILL_AREA(#13426);
#12879=SURFACE_STYLE_FILL_AREA(#13427);
#12880=SURFACE_STYLE_FILL_AREA(#13428);
#12881=SURFACE_STYLE_FILL_AREA(#13429);
#12882=SURFACE_STYLE_FILL_AREA(#13430);
#12883=SURFACE_STYLE_FILL_AREA(#13431);
#12884=SURFACE_STYLE_FILL_AREA(#13432);
#12885=SURFACE_STYLE_FILL_AREA(#13433);
#12886=SURFACE_STYLE_FILL_AREA(#13434);
#12887=SURFACE_STYLE_FILL_AREA(#13435);
#12888=SURFACE_STYLE_FILL_AREA(#13436);
#12889=SURFACE_STYLE_FILL_AREA(#13437);
#12890=SURFACE_STYLE_FILL_AREA(#13438);
#12891=SURFACE_STYLE_FILL_AREA(#13439);
#12892=SURFACE_STYLE_FILL_AREA(#13440);
#12893=SURFACE_STYLE_FILL_AREA(#13441);
#12894=SURFACE_STYLE_FILL_AREA(#13442);
#12895=SURFACE_STYLE_FILL_AREA(#13443);
#12896=SURFACE_STYLE_FILL_AREA(#13444);
#12897=SURFACE_STYLE_FILL_AREA(#13445);
#12898=SURFACE_STYLE_FILL_AREA(#13446);
#12899=SURFACE_STYLE_FILL_AREA(#13447);
#12900=SURFACE_STYLE_FILL_AREA(#13448);
#12901=SURFACE_STYLE_FILL_AREA(#13449);
#12902=SURFACE_STYLE_FILL_AREA(#13450);
#12903=SURFACE_STYLE_FILL_AREA(#13451);
#12904=SURFACE_STYLE_FILL_AREA(#13452);
#12905=SURFACE_STYLE_FILL_AREA(#13453);
#12906=SURFACE_STYLE_FILL_AREA(#13454);
#12907=SURFACE_STYLE_FILL_AREA(#13455);
#12908=SURFACE_STYLE_FILL_AREA(#13456);
#12909=SURFACE_STYLE_FILL_AREA(#13457);
#12910=SURFACE_STYLE_FILL_AREA(#13458);
#12911=SURFACE_STYLE_FILL_AREA(#13459);
#12912=SURFACE_STYLE_FILL_AREA(#13460);
#12913=SURFACE_STYLE_FILL_AREA(#13461);
#12914=SURFACE_STYLE_FILL_AREA(#13462);
#12915=SURFACE_STYLE_FILL_AREA(#13463);
#12916=SURFACE_STYLE_FILL_AREA(#13464);
#12917=SURFACE_STYLE_FILL_AREA(#13465);
#12918=SURFACE_STYLE_FILL_AREA(#13466);
#12919=SURFACE_STYLE_FILL_AREA(#13467);
#12920=SURFACE_STYLE_FILL_AREA(#13468);
#12921=SURFACE_STYLE_FILL_AREA(#13469);
#12922=SURFACE_STYLE_FILL_AREA(#13470);
#12923=SURFACE_STYLE_FILL_AREA(#13471);
#12924=SURFACE_STYLE_FILL_AREA(#13472);
#12925=SURFACE_STYLE_FILL_AREA(#13473);
#12926=SURFACE_STYLE_FILL_AREA(#13474);
#12927=SURFACE_STYLE_FILL_AREA(#13475);
#12928=SURFACE_STYLE_FILL_AREA(#13476);
#12929=SURFACE_STYLE_FILL_AREA(#13477);
#12930=SURFACE_STYLE_FILL_AREA(#13478);
#12931=SURFACE_STYLE_FILL_AREA(#13479);
#12932=SURFACE_STYLE_FILL_AREA(#13480);
#12933=SURFACE_STYLE_FILL_AREA(#13481);
#12934=SURFACE_STYLE_FILL_AREA(#13482);
#12935=SURFACE_STYLE_FILL_AREA(#13483);
#12936=SURFACE_STYLE_FILL_AREA(#13484);
#12937=SURFACE_STYLE_FILL_AREA(#13485);
#12938=SURFACE_STYLE_FILL_AREA(#13486);
#12939=SURFACE_STYLE_FILL_AREA(#13487);
#12940=SURFACE_STYLE_FILL_AREA(#13488);
#12941=SURFACE_STYLE_FILL_AREA(#13489);
#12942=SURFACE_STYLE_FILL_AREA(#13490);
#12943=SURFACE_STYLE_FILL_AREA(#13491);
#12944=SURFACE_STYLE_FILL_AREA(#13492);
#12945=SURFACE_STYLE_FILL_AREA(#13493);
#12946=SURFACE_STYLE_FILL_AREA(#13494);
#12947=SURFACE_STYLE_FILL_AREA(#13495);
#12948=SURFACE_STYLE_FILL_AREA(#13496);
#12949=SURFACE_STYLE_FILL_AREA(#13497);
#12950=SURFACE_STYLE_FILL_AREA(#13498);
#12951=SURFACE_STYLE_FILL_AREA(#13499);
#12952=SURFACE_STYLE_FILL_AREA(#13500);
#12953=SURFACE_STYLE_FILL_AREA(#13501);
#12954=SURFACE_STYLE_FILL_AREA(#13502);
#12955=SURFACE_STYLE_FILL_AREA(#13503);
#12956=SURFACE_STYLE_FILL_AREA(#13504);
#12957=SURFACE_STYLE_FILL_AREA(#13505);
#12958=SURFACE_STYLE_FILL_AREA(#13506);
#12959=SURFACE_STYLE_FILL_AREA(#13507);
#12960=SURFACE_STYLE_FILL_AREA(#13508);
#12961=SURFACE_STYLE_FILL_AREA(#13509);
#12962=SURFACE_STYLE_FILL_AREA(#13510);
#12963=SURFACE_STYLE_FILL_AREA(#13511);
#12964=SURFACE_STYLE_FILL_AREA(#13512);
#12965=SURFACE_STYLE_FILL_AREA(#13513);
#12966=SURFACE_STYLE_FILL_AREA(#13514);
#12967=SURFACE_STYLE_FILL_AREA(#13515);
#12968=SURFACE_STYLE_FILL_AREA(#13516);
#12969=SURFACE_STYLE_FILL_AREA(#13517);
#12970=SURFACE_STYLE_FILL_AREA(#13518);
#12971=SURFACE_STYLE_FILL_AREA(#13519);
#12972=SURFACE_STYLE_FILL_AREA(#13520);
#12973=SURFACE_STYLE_FILL_AREA(#13521);
#12974=SURFACE_STYLE_FILL_AREA(#13522);
#12975=SURFACE_STYLE_FILL_AREA(#13523);
#12976=SURFACE_STYLE_FILL_AREA(#13524);
#12977=SURFACE_STYLE_FILL_AREA(#13525);
#12978=SURFACE_STYLE_FILL_AREA(#13526);
#12979=SURFACE_STYLE_FILL_AREA(#13527);
#12980=SURFACE_STYLE_FILL_AREA(#13528);
#12981=SURFACE_STYLE_FILL_AREA(#13529);
#12982=SURFACE_STYLE_FILL_AREA(#13530);
#12983=SURFACE_STYLE_FILL_AREA(#13531);
#12984=SURFACE_STYLE_FILL_AREA(#13532);
#12985=SURFACE_STYLE_FILL_AREA(#13533);
#12986=SURFACE_STYLE_FILL_AREA(#13534);
#12987=SURFACE_STYLE_FILL_AREA(#13535);
#12988=SURFACE_STYLE_FILL_AREA(#13536);
#12989=SURFACE_STYLE_FILL_AREA(#13537);
#12990=SURFACE_STYLE_FILL_AREA(#13538);
#12991=SURFACE_STYLE_FILL_AREA(#13539);
#12992=SURFACE_STYLE_FILL_AREA(#13540);
#12993=SURFACE_STYLE_FILL_AREA(#13541);
#12994=SURFACE_STYLE_FILL_AREA(#13542);
#12995=SURFACE_STYLE_FILL_AREA(#13543);
#12996=SURFACE_STYLE_FILL_AREA(#13544);
#12997=SURFACE_STYLE_FILL_AREA(#13545);
#12998=SURFACE_STYLE_FILL_AREA(#13546);
#12999=SURFACE_STYLE_FILL_AREA(#13547);
#13000=SURFACE_STYLE_FILL_AREA(#13548);
#13001=SURFACE_STYLE_FILL_AREA(#13549);
#13002=SURFACE_STYLE_FILL_AREA(#13550);
#13003=SURFACE_STYLE_FILL_AREA(#13551);
#13004=SURFACE_STYLE_FILL_AREA(#13552);
#13005=SURFACE_STYLE_FILL_AREA(#13553);
#13006=SURFACE_STYLE_FILL_AREA(#13554);
#13007=SURFACE_STYLE_FILL_AREA(#13555);
#13008=SURFACE_STYLE_FILL_AREA(#13556);
#13009=SURFACE_STYLE_FILL_AREA(#13557);
#13010=SURFACE_STYLE_FILL_AREA(#13558);
#13011=SURFACE_STYLE_FILL_AREA(#13559);
#13012=SURFACE_STYLE_FILL_AREA(#13560);
#13013=SURFACE_STYLE_FILL_AREA(#13561);
#13014=SURFACE_STYLE_FILL_AREA(#13562);
#13015=SURFACE_STYLE_FILL_AREA(#13563);
#13016=SURFACE_STYLE_FILL_AREA(#13564);
#13017=SURFACE_STYLE_FILL_AREA(#13565);
#13018=SURFACE_STYLE_FILL_AREA(#13566);
#13019=SURFACE_STYLE_FILL_AREA(#13567);
#13020=SURFACE_STYLE_FILL_AREA(#13568);
#13021=SURFACE_STYLE_FILL_AREA(#13569);
#13022=SURFACE_STYLE_FILL_AREA(#13570);
#13023=SURFACE_STYLE_FILL_AREA(#13571);
#13024=SURFACE_STYLE_FILL_AREA(#13572);
#13025=SURFACE_STYLE_FILL_AREA(#13573);
#13026=SURFACE_STYLE_FILL_AREA(#13574);
#13027=SURFACE_STYLE_FILL_AREA(#13575);
#13028=SURFACE_STYLE_FILL_AREA(#13576);
#13029=SURFACE_STYLE_FILL_AREA(#13577);
#13030=SURFACE_STYLE_FILL_AREA(#13578);
#13031=SURFACE_STYLE_FILL_AREA(#13579);
#13032=SURFACE_STYLE_FILL_AREA(#13580);
#13033=SURFACE_STYLE_FILL_AREA(#13581);
#13034=SURFACE_STYLE_FILL_AREA(#13582);
#13035=SURFACE_STYLE_FILL_AREA(#13583);
#13036=SURFACE_STYLE_FILL_AREA(#13584);
#13037=SURFACE_STYLE_FILL_AREA(#13585);
#13038=SURFACE_STYLE_FILL_AREA(#13586);
#13039=SURFACE_STYLE_FILL_AREA(#13587);
#13040=SURFACE_STYLE_FILL_AREA(#13588);
#13041=SURFACE_STYLE_FILL_AREA(#13589);
#13042=SURFACE_STYLE_FILL_AREA(#13590);
#13043=SURFACE_STYLE_FILL_AREA(#13591);
#13044=SURFACE_STYLE_FILL_AREA(#13592);
#13045=SURFACE_STYLE_FILL_AREA(#13593);
#13046=SURFACE_STYLE_FILL_AREA(#13594);
#13047=SURFACE_STYLE_FILL_AREA(#13595);
#13048=SURFACE_STYLE_FILL_AREA(#13596);
#13049=SURFACE_STYLE_FILL_AREA(#13597);
#13050=SURFACE_STYLE_FILL_AREA(#13598);
#13051=SURFACE_STYLE_FILL_AREA(#13599);
#13052=SURFACE_STYLE_FILL_AREA(#13600);
#13053=SURFACE_STYLE_FILL_AREA(#13601);
#13054=SURFACE_STYLE_FILL_AREA(#13602);
#13055=SURFACE_STYLE_FILL_AREA(#13603);
#13056=SURFACE_STYLE_FILL_AREA(#13604);
#13057=SURFACE_STYLE_FILL_AREA(#13605);
#13058=SURFACE_STYLE_FILL_AREA(#13606);
#13059=SURFACE_STYLE_FILL_AREA(#13607);
#13060=SURFACE_STYLE_FILL_AREA(#13608);
#13061=SURFACE_STYLE_FILL_AREA(#13609);
#13062=SURFACE_STYLE_FILL_AREA(#13610);
#13063=SURFACE_STYLE_FILL_AREA(#13611);
#13064=SURFACE_STYLE_FILL_AREA(#13612);
#13065=SURFACE_STYLE_FILL_AREA(#13613);
#13066=SURFACE_STYLE_FILL_AREA(#13614);
#13067=SURFACE_STYLE_FILL_AREA(#13615);
#13068=SURFACE_STYLE_FILL_AREA(#13616);
#13069=SURFACE_STYLE_FILL_AREA(#13617);
#13070=SURFACE_STYLE_FILL_AREA(#13618);
#13071=SURFACE_STYLE_FILL_AREA(#13619);
#13072=SURFACE_STYLE_FILL_AREA(#13620);
#13073=SURFACE_STYLE_FILL_AREA(#13621);
#13074=SURFACE_STYLE_FILL_AREA(#13622);
#13075=SURFACE_STYLE_FILL_AREA(#13623);
#13076=SURFACE_STYLE_FILL_AREA(#13624);
#13077=SURFACE_STYLE_FILL_AREA(#13625);
#13078=SURFACE_STYLE_FILL_AREA(#13626);
#13079=SURFACE_STYLE_FILL_AREA(#13627);
#13080=SURFACE_STYLE_FILL_AREA(#13628);
#13081=SURFACE_STYLE_FILL_AREA(#13629);
#13082=SURFACE_STYLE_FILL_AREA(#13630);
#13083=SURFACE_STYLE_FILL_AREA(#13631);
#13084=SURFACE_STYLE_FILL_AREA(#13632);
#13085=SURFACE_STYLE_FILL_AREA(#13633);
#13086=SURFACE_STYLE_FILL_AREA(#13634);
#13087=SURFACE_STYLE_FILL_AREA(#13635);
#13088=SURFACE_STYLE_FILL_AREA(#13636);
#13089=SURFACE_STYLE_FILL_AREA(#13637);
#13090=SURFACE_STYLE_FILL_AREA(#13638);
#13091=SURFACE_STYLE_FILL_AREA(#13639);
#13092=SURFACE_STYLE_FILL_AREA(#13640);
#13093=SURFACE_STYLE_FILL_AREA(#13641);
#13094=SURFACE_STYLE_FILL_AREA(#13642);
#13095=SURFACE_STYLE_FILL_AREA(#13643);
#13096=SURFACE_STYLE_FILL_AREA(#13644);
#13097=SURFACE_STYLE_FILL_AREA(#13645);
#13098=SURFACE_STYLE_FILL_AREA(#13646);
#13099=SURFACE_STYLE_FILL_AREA(#13647);
#13100=SURFACE_STYLE_FILL_AREA(#13648);
#13101=SURFACE_STYLE_FILL_AREA(#13649);
#13102=SURFACE_STYLE_FILL_AREA(#13650);
#13103=SURFACE_STYLE_FILL_AREA(#13651);
#13104=SURFACE_STYLE_FILL_AREA(#13652);
#13105=SURFACE_STYLE_FILL_AREA(#13653);
#13106=SURFACE_STYLE_FILL_AREA(#13654);
#13107=SURFACE_STYLE_FILL_AREA(#13655);
#13108=SURFACE_STYLE_FILL_AREA(#13656);
#13109=SURFACE_STYLE_FILL_AREA(#13657);
#13110=SURFACE_STYLE_FILL_AREA(#13658);
#13111=SURFACE_STYLE_FILL_AREA(#13659);
#13112=SURFACE_STYLE_FILL_AREA(#13660);
#13113=SURFACE_STYLE_FILL_AREA(#13661);
#13114=SURFACE_STYLE_FILL_AREA(#13662);
#13115=SURFACE_STYLE_FILL_AREA(#13663);
#13116=SURFACE_STYLE_FILL_AREA(#13664);
#13117=SURFACE_STYLE_FILL_AREA(#13665);
#13118=SURFACE_STYLE_FILL_AREA(#13666);
#13119=SURFACE_STYLE_FILL_AREA(#13667);
#13120=SURFACE_STYLE_FILL_AREA(#13668);
#13121=SURFACE_STYLE_FILL_AREA(#13669);
#13122=SURFACE_STYLE_FILL_AREA(#13670);
#13123=SURFACE_STYLE_FILL_AREA(#13671);
#13124=SURFACE_STYLE_FILL_AREA(#13672);
#13125=SURFACE_STYLE_FILL_AREA(#13673);
#13126=SURFACE_STYLE_FILL_AREA(#13674);
#13127=SURFACE_STYLE_FILL_AREA(#13675);
#13128=SURFACE_STYLE_FILL_AREA(#13676);
#13129=SURFACE_STYLE_FILL_AREA(#13677);
#13130=SURFACE_STYLE_FILL_AREA(#13678);
#13131=SURFACE_STYLE_FILL_AREA(#13679);
#13132=SURFACE_STYLE_FILL_AREA(#13680);
#13133=SURFACE_STYLE_FILL_AREA(#13681);
#13134=SURFACE_STYLE_FILL_AREA(#13682);
#13135=SURFACE_STYLE_FILL_AREA(#13683);
#13136=SURFACE_STYLE_FILL_AREA(#13684);
#13137=SURFACE_STYLE_FILL_AREA(#13685);
#13138=SURFACE_STYLE_FILL_AREA(#13686);
#13139=SURFACE_STYLE_FILL_AREA(#13687);
#13140=SURFACE_STYLE_FILL_AREA(#13688);
#13141=SURFACE_STYLE_FILL_AREA(#13689);
#13142=SURFACE_STYLE_FILL_AREA(#13690);
#13143=SURFACE_STYLE_FILL_AREA(#13691);
#13144=SURFACE_STYLE_FILL_AREA(#13692);
#13145=SURFACE_STYLE_FILL_AREA(#13693);
#13146=SURFACE_STYLE_FILL_AREA(#13694);
#13147=SURFACE_STYLE_FILL_AREA(#13695);
#13148=SURFACE_STYLE_FILL_AREA(#13696);
#13149=SURFACE_STYLE_FILL_AREA(#13697);
#13150=SURFACE_STYLE_FILL_AREA(#13698);
#13151=SURFACE_STYLE_FILL_AREA(#13699);
#13152=SURFACE_STYLE_FILL_AREA(#13700);
#13153=SURFACE_STYLE_FILL_AREA(#13701);
#13154=SURFACE_STYLE_FILL_AREA(#13702);
#13155=SURFACE_STYLE_FILL_AREA(#13703);
#13156=SURFACE_STYLE_FILL_AREA(#13704);
#13157=SURFACE_STYLE_FILL_AREA(#13705);
#13158=SURFACE_STYLE_FILL_AREA(#13706);
#13159=SURFACE_STYLE_FILL_AREA(#13707);
#13160=SURFACE_STYLE_FILL_AREA(#13708);
#13161=SURFACE_STYLE_FILL_AREA(#13709);
#13162=SURFACE_STYLE_FILL_AREA(#13710);
#13163=SURFACE_STYLE_FILL_AREA(#13711);
#13164=SURFACE_STYLE_FILL_AREA(#13712);
#13165=SURFACE_STYLE_FILL_AREA(#13713);
#13166=SURFACE_STYLE_FILL_AREA(#13714);
#13167=SURFACE_STYLE_FILL_AREA(#13715);
#13168=SURFACE_STYLE_FILL_AREA(#13716);
#13169=SURFACE_STYLE_FILL_AREA(#13717);
#13170=SURFACE_STYLE_FILL_AREA(#13718);
#13171=SURFACE_STYLE_FILL_AREA(#13719);
#13172=SURFACE_STYLE_FILL_AREA(#13720);
#13173=SURFACE_STYLE_FILL_AREA(#13721);
#13174=SURFACE_STYLE_FILL_AREA(#13722);
#13175=SURFACE_STYLE_FILL_AREA(#13723);
#13176=SURFACE_STYLE_FILL_AREA(#13724);
#13177=SURFACE_STYLE_FILL_AREA(#13725);
#13178=SURFACE_STYLE_FILL_AREA(#13726);
#13179=SURFACE_STYLE_FILL_AREA(#13727);
#13180=SURFACE_STYLE_FILL_AREA(#13728);
#13181=SURFACE_STYLE_FILL_AREA(#13729);
#13182=SURFACE_STYLE_FILL_AREA(#13730);
#13183=SURFACE_STYLE_FILL_AREA(#13731);
#13184=SURFACE_STYLE_FILL_AREA(#13732);
#13185=SURFACE_STYLE_FILL_AREA(#13733);
#13186=SURFACE_STYLE_FILL_AREA(#13734);
#13187=SURFACE_STYLE_FILL_AREA(#13735);
#13188=SURFACE_STYLE_FILL_AREA(#13736);
#13189=SURFACE_STYLE_FILL_AREA(#13737);
#13190=SURFACE_STYLE_FILL_AREA(#13738);
#13191=SURFACE_STYLE_FILL_AREA(#13739);
#13192=SURFACE_STYLE_FILL_AREA(#13740);
#13193=SURFACE_STYLE_FILL_AREA(#13741);
#13194=SURFACE_STYLE_FILL_AREA(#13742);
#13195=SURFACE_STYLE_FILL_AREA(#13743);
#13196=SURFACE_STYLE_FILL_AREA(#13744);
#13197=SURFACE_STYLE_FILL_AREA(#13745);
#13198=SURFACE_STYLE_FILL_AREA(#13746);
#13199=SURFACE_STYLE_FILL_AREA(#13747);
#13200=SURFACE_STYLE_FILL_AREA(#13748);
#13201=SURFACE_STYLE_FILL_AREA(#13749);
#13202=SURFACE_STYLE_FILL_AREA(#13750);
#13203=SURFACE_STYLE_FILL_AREA(#13751);
#13204=SURFACE_STYLE_FILL_AREA(#13752);
#13205=SURFACE_STYLE_FILL_AREA(#13753);
#13206=SURFACE_STYLE_FILL_AREA(#13754);
#13207=SURFACE_STYLE_FILL_AREA(#13755);
#13208=SURFACE_STYLE_FILL_AREA(#13756);
#13209=SURFACE_STYLE_FILL_AREA(#13757);
#13210=SURFACE_STYLE_FILL_AREA(#13758);
#13211=SURFACE_STYLE_FILL_AREA(#13759);
#13212=SURFACE_STYLE_FILL_AREA(#13760);
#13213=SURFACE_STYLE_FILL_AREA(#13761);
#13214=SURFACE_STYLE_FILL_AREA(#13762);
#13215=SURFACE_STYLE_FILL_AREA(#13763);
#13216=SURFACE_STYLE_FILL_AREA(#13764);
#13217=SURFACE_STYLE_FILL_AREA(#13765);
#13218=SURFACE_STYLE_FILL_AREA(#13766);
#13219=SURFACE_STYLE_FILL_AREA(#13767);
#13220=SURFACE_STYLE_FILL_AREA(#13768);
#13221=SURFACE_STYLE_FILL_AREA(#13769);
#13222=SURFACE_STYLE_FILL_AREA(#13770);
#13223=SURFACE_STYLE_FILL_AREA(#13771);
#13224=SURFACE_STYLE_FILL_AREA(#13772);
#13225=SURFACE_STYLE_FILL_AREA(#13773);
#13226=SURFACE_STYLE_FILL_AREA(#13774);
#13227=SURFACE_STYLE_FILL_AREA(#13775);
#13228=SURFACE_STYLE_FILL_AREA(#13776);
#13229=SURFACE_STYLE_FILL_AREA(#13777);
#13230=SURFACE_STYLE_FILL_AREA(#13778);
#13231=SURFACE_STYLE_FILL_AREA(#13779);
#13232=FILL_AREA_STYLE('',(#13780));
#13233=FILL_AREA_STYLE('',(#13781));
#13234=FILL_AREA_STYLE('',(#13782));
#13235=FILL_AREA_STYLE('',(#13783));
#13236=FILL_AREA_STYLE('',(#13784));
#13237=FILL_AREA_STYLE('',(#13785));
#13238=FILL_AREA_STYLE('',(#13786));
#13239=FILL_AREA_STYLE('',(#13787));
#13240=FILL_AREA_STYLE('',(#13788));
#13241=FILL_AREA_STYLE('',(#13789));
#13242=FILL_AREA_STYLE('',(#13790));
#13243=FILL_AREA_STYLE('',(#13791));
#13244=FILL_AREA_STYLE('',(#13792));
#13245=FILL_AREA_STYLE('',(#13793));
#13246=FILL_AREA_STYLE('',(#13794));
#13247=FILL_AREA_STYLE('',(#13795));
#13248=FILL_AREA_STYLE('',(#13796));
#13249=FILL_AREA_STYLE('',(#13797));
#13250=FILL_AREA_STYLE('',(#13798));
#13251=FILL_AREA_STYLE('',(#13799));
#13252=FILL_AREA_STYLE('',(#13800));
#13253=FILL_AREA_STYLE('',(#13801));
#13254=FILL_AREA_STYLE('',(#13802));
#13255=FILL_AREA_STYLE('',(#13803));
#13256=FILL_AREA_STYLE('',(#13804));
#13257=FILL_AREA_STYLE('',(#13805));
#13258=FILL_AREA_STYLE('',(#13806));
#13259=FILL_AREA_STYLE('',(#13807));
#13260=FILL_AREA_STYLE('',(#13808));
#13261=FILL_AREA_STYLE('',(#13809));
#13262=FILL_AREA_STYLE('',(#13810));
#13263=FILL_AREA_STYLE('',(#13811));
#13264=FILL_AREA_STYLE('',(#13812));
#13265=FILL_AREA_STYLE('',(#13813));
#13266=FILL_AREA_STYLE('',(#13814));
#13267=FILL_AREA_STYLE('',(#13815));
#13268=FILL_AREA_STYLE('',(#13816));
#13269=FILL_AREA_STYLE('',(#13817));
#13270=FILL_AREA_STYLE('',(#13818));
#13271=FILL_AREA_STYLE('',(#13819));
#13272=FILL_AREA_STYLE('',(#13820));
#13273=FILL_AREA_STYLE('',(#13821));
#13274=FILL_AREA_STYLE('',(#13822));
#13275=FILL_AREA_STYLE('',(#13823));
#13276=FILL_AREA_STYLE('',(#13824));
#13277=FILL_AREA_STYLE('',(#13825));
#13278=FILL_AREA_STYLE('',(#13826));
#13279=FILL_AREA_STYLE('',(#13827));
#13280=FILL_AREA_STYLE('',(#13828));
#13281=FILL_AREA_STYLE('',(#13829));
#13282=FILL_AREA_STYLE('',(#13830));
#13283=FILL_AREA_STYLE('',(#13831));
#13284=FILL_AREA_STYLE('',(#13832));
#13285=FILL_AREA_STYLE('',(#13833));
#13286=FILL_AREA_STYLE('',(#13834));
#13287=FILL_AREA_STYLE('',(#13835));
#13288=FILL_AREA_STYLE('',(#13836));
#13289=FILL_AREA_STYLE('',(#13837));
#13290=FILL_AREA_STYLE('',(#13838));
#13291=FILL_AREA_STYLE('',(#13839));
#13292=FILL_AREA_STYLE('',(#13840));
#13293=FILL_AREA_STYLE('',(#13841));
#13294=FILL_AREA_STYLE('',(#13842));
#13295=FILL_AREA_STYLE('',(#13843));
#13296=FILL_AREA_STYLE('',(#13844));
#13297=FILL_AREA_STYLE('',(#13845));
#13298=FILL_AREA_STYLE('',(#13846));
#13299=FILL_AREA_STYLE('',(#13847));
#13300=FILL_AREA_STYLE('',(#13848));
#13301=FILL_AREA_STYLE('',(#13849));
#13302=FILL_AREA_STYLE('',(#13850));
#13303=FILL_AREA_STYLE('',(#13851));
#13304=FILL_AREA_STYLE('',(#13852));
#13305=FILL_AREA_STYLE('',(#13853));
#13306=FILL_AREA_STYLE('',(#13854));
#13307=FILL_AREA_STYLE('',(#13855));
#13308=FILL_AREA_STYLE('',(#13856));
#13309=FILL_AREA_STYLE('',(#13857));
#13310=FILL_AREA_STYLE('',(#13858));
#13311=FILL_AREA_STYLE('',(#13859));
#13312=FILL_AREA_STYLE('',(#13860));
#13313=FILL_AREA_STYLE('',(#13861));
#13314=FILL_AREA_STYLE('',(#13862));
#13315=FILL_AREA_STYLE('',(#13863));
#13316=FILL_AREA_STYLE('',(#13864));
#13317=FILL_AREA_STYLE('',(#13865));
#13318=FILL_AREA_STYLE('',(#13866));
#13319=FILL_AREA_STYLE('',(#13867));
#13320=FILL_AREA_STYLE('',(#13868));
#13321=FILL_AREA_STYLE('',(#13869));
#13322=FILL_AREA_STYLE('',(#13870));
#13323=FILL_AREA_STYLE('',(#13871));
#13324=FILL_AREA_STYLE('',(#13872));
#13325=FILL_AREA_STYLE('',(#13873));
#13326=FILL_AREA_STYLE('',(#13874));
#13327=FILL_AREA_STYLE('',(#13875));
#13328=FILL_AREA_STYLE('',(#13876));
#13329=FILL_AREA_STYLE('',(#13877));
#13330=FILL_AREA_STYLE('',(#13878));
#13331=FILL_AREA_STYLE('',(#13879));
#13332=FILL_AREA_STYLE('',(#13880));
#13333=FILL_AREA_STYLE('',(#13881));
#13334=FILL_AREA_STYLE('',(#13882));
#13335=FILL_AREA_STYLE('',(#13883));
#13336=FILL_AREA_STYLE('',(#13884));
#13337=FILL_AREA_STYLE('',(#13885));
#13338=FILL_AREA_STYLE('',(#13886));
#13339=FILL_AREA_STYLE('',(#13887));
#13340=FILL_AREA_STYLE('',(#13888));
#13341=FILL_AREA_STYLE('',(#13889));
#13342=FILL_AREA_STYLE('',(#13890));
#13343=FILL_AREA_STYLE('',(#13891));
#13344=FILL_AREA_STYLE('',(#13892));
#13345=FILL_AREA_STYLE('',(#13893));
#13346=FILL_AREA_STYLE('',(#13894));
#13347=FILL_AREA_STYLE('',(#13895));
#13348=FILL_AREA_STYLE('',(#13896));
#13349=FILL_AREA_STYLE('',(#13897));
#13350=FILL_AREA_STYLE('',(#13898));
#13351=FILL_AREA_STYLE('',(#13899));
#13352=FILL_AREA_STYLE('',(#13900));
#13353=FILL_AREA_STYLE('',(#13901));
#13354=FILL_AREA_STYLE('',(#13902));
#13355=FILL_AREA_STYLE('',(#13903));
#13356=FILL_AREA_STYLE('',(#13904));
#13357=FILL_AREA_STYLE('',(#13905));
#13358=FILL_AREA_STYLE('',(#13906));
#13359=FILL_AREA_STYLE('',(#13907));
#13360=FILL_AREA_STYLE('',(#13908));
#13361=FILL_AREA_STYLE('',(#13909));
#13362=FILL_AREA_STYLE('',(#13910));
#13363=FILL_AREA_STYLE('',(#13911));
#13364=FILL_AREA_STYLE('',(#13912));
#13365=FILL_AREA_STYLE('',(#13913));
#13366=FILL_AREA_STYLE('',(#13914));
#13367=FILL_AREA_STYLE('',(#13915));
#13368=FILL_AREA_STYLE('',(#13916));
#13369=FILL_AREA_STYLE('',(#13917));
#13370=FILL_AREA_STYLE('',(#13918));
#13371=FILL_AREA_STYLE('',(#13919));
#13372=FILL_AREA_STYLE('',(#13920));
#13373=FILL_AREA_STYLE('',(#13921));
#13374=FILL_AREA_STYLE('',(#13922));
#13375=FILL_AREA_STYLE('',(#13923));
#13376=FILL_AREA_STYLE('',(#13924));
#13377=FILL_AREA_STYLE('',(#13925));
#13378=FILL_AREA_STYLE('',(#13926));
#13379=FILL_AREA_STYLE('',(#13927));
#13380=FILL_AREA_STYLE('',(#13928));
#13381=FILL_AREA_STYLE('',(#13929));
#13382=FILL_AREA_STYLE('',(#13930));
#13383=FILL_AREA_STYLE('',(#13931));
#13384=FILL_AREA_STYLE('',(#13932));
#13385=FILL_AREA_STYLE('',(#13933));
#13386=FILL_AREA_STYLE('',(#13934));
#13387=FILL_AREA_STYLE('',(#13935));
#13388=FILL_AREA_STYLE('',(#13936));
#13389=FILL_AREA_STYLE('',(#13937));
#13390=FILL_AREA_STYLE('',(#13938));
#13391=FILL_AREA_STYLE('',(#13939));
#13392=FILL_AREA_STYLE('',(#13940));
#13393=FILL_AREA_STYLE('',(#13941));
#13394=FILL_AREA_STYLE('',(#13942));
#13395=FILL_AREA_STYLE('',(#13943));
#13396=FILL_AREA_STYLE('',(#13944));
#13397=FILL_AREA_STYLE('',(#13945));
#13398=FILL_AREA_STYLE('',(#13946));
#13399=FILL_AREA_STYLE('',(#13947));
#13400=FILL_AREA_STYLE('',(#13948));
#13401=FILL_AREA_STYLE('',(#13949));
#13402=FILL_AREA_STYLE('',(#13950));
#13403=FILL_AREA_STYLE('',(#13951));
#13404=FILL_AREA_STYLE('',(#13952));
#13405=FILL_AREA_STYLE('',(#13953));
#13406=FILL_AREA_STYLE('',(#13954));
#13407=FILL_AREA_STYLE('',(#13955));
#13408=FILL_AREA_STYLE('',(#13956));
#13409=FILL_AREA_STYLE('',(#13957));
#13410=FILL_AREA_STYLE('',(#13958));
#13411=FILL_AREA_STYLE('',(#13959));
#13412=FILL_AREA_STYLE('',(#13960));
#13413=FILL_AREA_STYLE('',(#13961));
#13414=FILL_AREA_STYLE('',(#13962));
#13415=FILL_AREA_STYLE('',(#13963));
#13416=FILL_AREA_STYLE('',(#13964));
#13417=FILL_AREA_STYLE('',(#13965));
#13418=FILL_AREA_STYLE('',(#13966));
#13419=FILL_AREA_STYLE('',(#13967));
#13420=FILL_AREA_STYLE('',(#13968));
#13421=FILL_AREA_STYLE('',(#13969));
#13422=FILL_AREA_STYLE('',(#13970));
#13423=FILL_AREA_STYLE('',(#13971));
#13424=FILL_AREA_STYLE('',(#13972));
#13425=FILL_AREA_STYLE('',(#13973));
#13426=FILL_AREA_STYLE('',(#13974));
#13427=FILL_AREA_STYLE('',(#13975));
#13428=FILL_AREA_STYLE('',(#13976));
#13429=FILL_AREA_STYLE('',(#13977));
#13430=FILL_AREA_STYLE('',(#13978));
#13431=FILL_AREA_STYLE('',(#13979));
#13432=FILL_AREA_STYLE('',(#13980));
#13433=FILL_AREA_STYLE('',(#13981));
#13434=FILL_AREA_STYLE('',(#13982));
#13435=FILL_AREA_STYLE('',(#13983));
#13436=FILL_AREA_STYLE('',(#13984));
#13437=FILL_AREA_STYLE('',(#13985));
#13438=FILL_AREA_STYLE('',(#13986));
#13439=FILL_AREA_STYLE('',(#13987));
#13440=FILL_AREA_STYLE('',(#13988));
#13441=FILL_AREA_STYLE('',(#13989));
#13442=FILL_AREA_STYLE('',(#13990));
#13443=FILL_AREA_STYLE('',(#13991));
#13444=FILL_AREA_STYLE('',(#13992));
#13445=FILL_AREA_STYLE('',(#13993));
#13446=FILL_AREA_STYLE('',(#13994));
#13447=FILL_AREA_STYLE('',(#13995));
#13448=FILL_AREA_STYLE('',(#13996));
#13449=FILL_AREA_STYLE('',(#13997));
#13450=FILL_AREA_STYLE('',(#13998));
#13451=FILL_AREA_STYLE('',(#13999));
#13452=FILL_AREA_STYLE('',(#14000));
#13453=FILL_AREA_STYLE('',(#14001));
#13454=FILL_AREA_STYLE('',(#14002));
#13455=FILL_AREA_STYLE('',(#14003));
#13456=FILL_AREA_STYLE('',(#14004));
#13457=FILL_AREA_STYLE('',(#14005));
#13458=FILL_AREA_STYLE('',(#14006));
#13459=FILL_AREA_STYLE('',(#14007));
#13460=FILL_AREA_STYLE('',(#14008));
#13461=FILL_AREA_STYLE('',(#14009));
#13462=FILL_AREA_STYLE('',(#14010));
#13463=FILL_AREA_STYLE('',(#14011));
#13464=FILL_AREA_STYLE('',(#14012));
#13465=FILL_AREA_STYLE('',(#14013));
#13466=FILL_AREA_STYLE('',(#14014));
#13467=FILL_AREA_STYLE('',(#14015));
#13468=FILL_AREA_STYLE('',(#14016));
#13469=FILL_AREA_STYLE('',(#14017));
#13470=FILL_AREA_STYLE('',(#14018));
#13471=FILL_AREA_STYLE('',(#14019));
#13472=FILL_AREA_STYLE('',(#14020));
#13473=FILL_AREA_STYLE('',(#14021));
#13474=FILL_AREA_STYLE('',(#14022));
#13475=FILL_AREA_STYLE('',(#14023));
#13476=FILL_AREA_STYLE('',(#14024));
#13477=FILL_AREA_STYLE('',(#14025));
#13478=FILL_AREA_STYLE('',(#14026));
#13479=FILL_AREA_STYLE('',(#14027));
#13480=FILL_AREA_STYLE('',(#14028));
#13481=FILL_AREA_STYLE('',(#14029));
#13482=FILL_AREA_STYLE('',(#14030));
#13483=FILL_AREA_STYLE('',(#14031));
#13484=FILL_AREA_STYLE('',(#14032));
#13485=FILL_AREA_STYLE('',(#14033));
#13486=FILL_AREA_STYLE('',(#14034));
#13487=FILL_AREA_STYLE('',(#14035));
#13488=FILL_AREA_STYLE('',(#14036));
#13489=FILL_AREA_STYLE('',(#14037));
#13490=FILL_AREA_STYLE('',(#14038));
#13491=FILL_AREA_STYLE('',(#14039));
#13492=FILL_AREA_STYLE('',(#14040));
#13493=FILL_AREA_STYLE('',(#14041));
#13494=FILL_AREA_STYLE('',(#14042));
#13495=FILL_AREA_STYLE('',(#14043));
#13496=FILL_AREA_STYLE('',(#14044));
#13497=FILL_AREA_STYLE('',(#14045));
#13498=FILL_AREA_STYLE('',(#14046));
#13499=FILL_AREA_STYLE('',(#14047));
#13500=FILL_AREA_STYLE('',(#14048));
#13501=FILL_AREA_STYLE('',(#14049));
#13502=FILL_AREA_STYLE('',(#14050));
#13503=FILL_AREA_STYLE('',(#14051));
#13504=FILL_AREA_STYLE('',(#14052));
#13505=FILL_AREA_STYLE('',(#14053));
#13506=FILL_AREA_STYLE('',(#14054));
#13507=FILL_AREA_STYLE('',(#14055));
#13508=FILL_AREA_STYLE('',(#14056));
#13509=FILL_AREA_STYLE('',(#14057));
#13510=FILL_AREA_STYLE('',(#14058));
#13511=FILL_AREA_STYLE('',(#14059));
#13512=FILL_AREA_STYLE('',(#14060));
#13513=FILL_AREA_STYLE('',(#14061));
#13514=FILL_AREA_STYLE('',(#14062));
#13515=FILL_AREA_STYLE('',(#14063));
#13516=FILL_AREA_STYLE('',(#14064));
#13517=FILL_AREA_STYLE('',(#14065));
#13518=FILL_AREA_STYLE('',(#14066));
#13519=FILL_AREA_STYLE('',(#14067));
#13520=FILL_AREA_STYLE('',(#14068));
#13521=FILL_AREA_STYLE('',(#14069));
#13522=FILL_AREA_STYLE('',(#14070));
#13523=FILL_AREA_STYLE('',(#14071));
#13524=FILL_AREA_STYLE('',(#14072));
#13525=FILL_AREA_STYLE('',(#14073));
#13526=FILL_AREA_STYLE('',(#14074));
#13527=FILL_AREA_STYLE('',(#14075));
#13528=FILL_AREA_STYLE('',(#14076));
#13529=FILL_AREA_STYLE('',(#14077));
#13530=FILL_AREA_STYLE('',(#14078));
#13531=FILL_AREA_STYLE('',(#14079));
#13532=FILL_AREA_STYLE('',(#14080));
#13533=FILL_AREA_STYLE('',(#14081));
#13534=FILL_AREA_STYLE('',(#14082));
#13535=FILL_AREA_STYLE('',(#14083));
#13536=FILL_AREA_STYLE('',(#14084));
#13537=FILL_AREA_STYLE('',(#14085));
#13538=FILL_AREA_STYLE('',(#14086));
#13539=FILL_AREA_STYLE('',(#14087));
#13540=FILL_AREA_STYLE('',(#14088));
#13541=FILL_AREA_STYLE('',(#14089));
#13542=FILL_AREA_STYLE('',(#14090));
#13543=FILL_AREA_STYLE('',(#14091));
#13544=FILL_AREA_STYLE('',(#14092));
#13545=FILL_AREA_STYLE('',(#14093));
#13546=FILL_AREA_STYLE('',(#14094));
#13547=FILL_AREA_STYLE('',(#14095));
#13548=FILL_AREA_STYLE('',(#14096));
#13549=FILL_AREA_STYLE('',(#14097));
#13550=FILL_AREA_STYLE('',(#14098));
#13551=FILL_AREA_STYLE('',(#14099));
#13552=FILL_AREA_STYLE('',(#14100));
#13553=FILL_AREA_STYLE('',(#14101));
#13554=FILL_AREA_STYLE('',(#14102));
#13555=FILL_AREA_STYLE('',(#14103));
#13556=FILL_AREA_STYLE('',(#14104));
#13557=FILL_AREA_STYLE('',(#14105));
#13558=FILL_AREA_STYLE('',(#14106));
#13559=FILL_AREA_STYLE('',(#14107));
#13560=FILL_AREA_STYLE('',(#14108));
#13561=FILL_AREA_STYLE('',(#14109));
#13562=FILL_AREA_STYLE('',(#14110));
#13563=FILL_AREA_STYLE('',(#14111));
#13564=FILL_AREA_STYLE('',(#14112));
#13565=FILL_AREA_STYLE('',(#14113));
#13566=FILL_AREA_STYLE('',(#14114));
#13567=FILL_AREA_STYLE('',(#14115));
#13568=FILL_AREA_STYLE('',(#14116));
#13569=FILL_AREA_STYLE('',(#14117));
#13570=FILL_AREA_STYLE('',(#14118));
#13571=FILL_AREA_STYLE('',(#14119));
#13572=FILL_AREA_STYLE('',(#14120));
#13573=FILL_AREA_STYLE('',(#14121));
#13574=FILL_AREA_STYLE('',(#14122));
#13575=FILL_AREA_STYLE('',(#14123));
#13576=FILL_AREA_STYLE('',(#14124));
#13577=FILL_AREA_STYLE('',(#14125));
#13578=FILL_AREA_STYLE('',(#14126));
#13579=FILL_AREA_STYLE('',(#14127));
#13580=FILL_AREA_STYLE('',(#14128));
#13581=FILL_AREA_STYLE('',(#14129));
#13582=FILL_AREA_STYLE('',(#14130));
#13583=FILL_AREA_STYLE('',(#14131));
#13584=FILL_AREA_STYLE('',(#14132));
#13585=FILL_AREA_STYLE('',(#14133));
#13586=FILL_AREA_STYLE('',(#14134));
#13587=FILL_AREA_STYLE('',(#14135));
#13588=FILL_AREA_STYLE('',(#14136));
#13589=FILL_AREA_STYLE('',(#14137));
#13590=FILL_AREA_STYLE('',(#14138));
#13591=FILL_AREA_STYLE('',(#14139));
#13592=FILL_AREA_STYLE('',(#14140));
#13593=FILL_AREA_STYLE('',(#14141));
#13594=FILL_AREA_STYLE('',(#14142));
#13595=FILL_AREA_STYLE('',(#14143));
#13596=FILL_AREA_STYLE('',(#14144));
#13597=FILL_AREA_STYLE('',(#14145));
#13598=FILL_AREA_STYLE('',(#14146));
#13599=FILL_AREA_STYLE('',(#14147));
#13600=FILL_AREA_STYLE('',(#14148));
#13601=FILL_AREA_STYLE('',(#14149));
#13602=FILL_AREA_STYLE('',(#14150));
#13603=FILL_AREA_STYLE('',(#14151));
#13604=FILL_AREA_STYLE('',(#14152));
#13605=FILL_AREA_STYLE('',(#14153));
#13606=FILL_AREA_STYLE('',(#14154));
#13607=FILL_AREA_STYLE('',(#14155));
#13608=FILL_AREA_STYLE('',(#14156));
#13609=FILL_AREA_STYLE('',(#14157));
#13610=FILL_AREA_STYLE('',(#14158));
#13611=FILL_AREA_STYLE('',(#14159));
#13612=FILL_AREA_STYLE('',(#14160));
#13613=FILL_AREA_STYLE('',(#14161));
#13614=FILL_AREA_STYLE('',(#14162));
#13615=FILL_AREA_STYLE('',(#14163));
#13616=FILL_AREA_STYLE('',(#14164));
#13617=FILL_AREA_STYLE('',(#14165));
#13618=FILL_AREA_STYLE('',(#14166));
#13619=FILL_AREA_STYLE('',(#14167));
#13620=FILL_AREA_STYLE('',(#14168));
#13621=FILL_AREA_STYLE('',(#14169));
#13622=FILL_AREA_STYLE('',(#14170));
#13623=FILL_AREA_STYLE('',(#14171));
#13624=FILL_AREA_STYLE('',(#14172));
#13625=FILL_AREA_STYLE('',(#14173));
#13626=FILL_AREA_STYLE('',(#14174));
#13627=FILL_AREA_STYLE('',(#14175));
#13628=FILL_AREA_STYLE('',(#14176));
#13629=FILL_AREA_STYLE('',(#14177));
#13630=FILL_AREA_STYLE('',(#14178));
#13631=FILL_AREA_STYLE('',(#14179));
#13632=FILL_AREA_STYLE('',(#14180));
#13633=FILL_AREA_STYLE('',(#14181));
#13634=FILL_AREA_STYLE('',(#14182));
#13635=FILL_AREA_STYLE('',(#14183));
#13636=FILL_AREA_STYLE('',(#14184));
#13637=FILL_AREA_STYLE('',(#14185));
#13638=FILL_AREA_STYLE('',(#14186));
#13639=FILL_AREA_STYLE('',(#14187));
#13640=FILL_AREA_STYLE('',(#14188));
#13641=FILL_AREA_STYLE('',(#14189));
#13642=FILL_AREA_STYLE('',(#14190));
#13643=FILL_AREA_STYLE('',(#14191));
#13644=FILL_AREA_STYLE('',(#14192));
#13645=FILL_AREA_STYLE('',(#14193));
#13646=FILL_AREA_STYLE('',(#14194));
#13647=FILL_AREA_STYLE('',(#14195));
#13648=FILL_AREA_STYLE('',(#14196));
#13649=FILL_AREA_STYLE('',(#14197));
#13650=FILL_AREA_STYLE('',(#14198));
#13651=FILL_AREA_STYLE('',(#14199));
#13652=FILL_AREA_STYLE('',(#14200));
#13653=FILL_AREA_STYLE('',(#14201));
#13654=FILL_AREA_STYLE('',(#14202));
#13655=FILL_AREA_STYLE('',(#14203));
#13656=FILL_AREA_STYLE('',(#14204));
#13657=FILL_AREA_STYLE('',(#14205));
#13658=FILL_AREA_STYLE('',(#14206));
#13659=FILL_AREA_STYLE('',(#14207));
#13660=FILL_AREA_STYLE('',(#14208));
#13661=FILL_AREA_STYLE('',(#14209));
#13662=FILL_AREA_STYLE('',(#14210));
#13663=FILL_AREA_STYLE('',(#14211));
#13664=FILL_AREA_STYLE('',(#14212));
#13665=FILL_AREA_STYLE('',(#14213));
#13666=FILL_AREA_STYLE('',(#14214));
#13667=FILL_AREA_STYLE('',(#14215));
#13668=FILL_AREA_STYLE('',(#14216));
#13669=FILL_AREA_STYLE('',(#14217));
#13670=FILL_AREA_STYLE('',(#14218));
#13671=FILL_AREA_STYLE('',(#14219));
#13672=FILL_AREA_STYLE('',(#14220));
#13673=FILL_AREA_STYLE('',(#14221));
#13674=FILL_AREA_STYLE('',(#14222));
#13675=FILL_AREA_STYLE('',(#14223));
#13676=FILL_AREA_STYLE('',(#14224));
#13677=FILL_AREA_STYLE('',(#14225));
#13678=FILL_AREA_STYLE('',(#14226));
#13679=FILL_AREA_STYLE('',(#14227));
#13680=FILL_AREA_STYLE('',(#14228));
#13681=FILL_AREA_STYLE('',(#14229));
#13682=FILL_AREA_STYLE('',(#14230));
#13683=FILL_AREA_STYLE('',(#14231));
#13684=FILL_AREA_STYLE('',(#14232));
#13685=FILL_AREA_STYLE('',(#14233));
#13686=FILL_AREA_STYLE('',(#14234));
#13687=FILL_AREA_STYLE('',(#14235));
#13688=FILL_AREA_STYLE('',(#14236));
#13689=FILL_AREA_STYLE('',(#14237));
#13690=FILL_AREA_STYLE('',(#14238));
#13691=FILL_AREA_STYLE('',(#14239));
#13692=FILL_AREA_STYLE('',(#14240));
#13693=FILL_AREA_STYLE('',(#14241));
#13694=FILL_AREA_STYLE('',(#14242));
#13695=FILL_AREA_STYLE('',(#14243));
#13696=FILL_AREA_STYLE('',(#14244));
#13697=FILL_AREA_STYLE('',(#14245));
#13698=FILL_AREA_STYLE('',(#14246));
#13699=FILL_AREA_STYLE('',(#14247));
#13700=FILL_AREA_STYLE('',(#14248));
#13701=FILL_AREA_STYLE('',(#14249));
#13702=FILL_AREA_STYLE('',(#14250));
#13703=FILL_AREA_STYLE('',(#14251));
#13704=FILL_AREA_STYLE('',(#14252));
#13705=FILL_AREA_STYLE('',(#14253));
#13706=FILL_AREA_STYLE('',(#14254));
#13707=FILL_AREA_STYLE('',(#14255));
#13708=FILL_AREA_STYLE('',(#14256));
#13709=FILL_AREA_STYLE('',(#14257));
#13710=FILL_AREA_STYLE('',(#14258));
#13711=FILL_AREA_STYLE('',(#14259));
#13712=FILL_AREA_STYLE('',(#14260));
#13713=FILL_AREA_STYLE('',(#14261));
#13714=FILL_AREA_STYLE('',(#14262));
#13715=FILL_AREA_STYLE('',(#14263));
#13716=FILL_AREA_STYLE('',(#14264));
#13717=FILL_AREA_STYLE('',(#14265));
#13718=FILL_AREA_STYLE('',(#14266));
#13719=FILL_AREA_STYLE('',(#14267));
#13720=FILL_AREA_STYLE('',(#14268));
#13721=FILL_AREA_STYLE('',(#14269));
#13722=FILL_AREA_STYLE('',(#14270));
#13723=FILL_AREA_STYLE('',(#14271));
#13724=FILL_AREA_STYLE('',(#14272));
#13725=FILL_AREA_STYLE('',(#14273));
#13726=FILL_AREA_STYLE('',(#14274));
#13727=FILL_AREA_STYLE('',(#14275));
#13728=FILL_AREA_STYLE('',(#14276));
#13729=FILL_AREA_STYLE('',(#14277));
#13730=FILL_AREA_STYLE('',(#14278));
#13731=FILL_AREA_STYLE('',(#14279));
#13732=FILL_AREA_STYLE('',(#14280));
#13733=FILL_AREA_STYLE('',(#14281));
#13734=FILL_AREA_STYLE('',(#14282));
#13735=FILL_AREA_STYLE('',(#14283));
#13736=FILL_AREA_STYLE('',(#14284));
#13737=FILL_AREA_STYLE('',(#14285));
#13738=FILL_AREA_STYLE('',(#14286));
#13739=FILL_AREA_STYLE('',(#14287));
#13740=FILL_AREA_STYLE('',(#14288));
#13741=FILL_AREA_STYLE('',(#14289));
#13742=FILL_AREA_STYLE('',(#14290));
#13743=FILL_AREA_STYLE('',(#14291));
#13744=FILL_AREA_STYLE('',(#14292));
#13745=FILL_AREA_STYLE('',(#14293));
#13746=FILL_AREA_STYLE('',(#14294));
#13747=FILL_AREA_STYLE('',(#14295));
#13748=FILL_AREA_STYLE('',(#14296));
#13749=FILL_AREA_STYLE('',(#14297));
#13750=FILL_AREA_STYLE('',(#14298));
#13751=FILL_AREA_STYLE('',(#14299));
#13752=FILL_AREA_STYLE('',(#14300));
#13753=FILL_AREA_STYLE('',(#14301));
#13754=FILL_AREA_STYLE('',(#14302));
#13755=FILL_AREA_STYLE('',(#14303));
#13756=FILL_AREA_STYLE('',(#14304));
#13757=FILL_AREA_STYLE('',(#14305));
#13758=FILL_AREA_STYLE('',(#14306));
#13759=FILL_AREA_STYLE('',(#14307));
#13760=FILL_AREA_STYLE('',(#14308));
#13761=FILL_AREA_STYLE('',(#14309));
#13762=FILL_AREA_STYLE('',(#14310));
#13763=FILL_AREA_STYLE('',(#14311));
#13764=FILL_AREA_STYLE('',(#14312));
#13765=FILL_AREA_STYLE('',(#14313));
#13766=FILL_AREA_STYLE('',(#14314));
#13767=FILL_AREA_STYLE('',(#14315));
#13768=FILL_AREA_STYLE('',(#14316));
#13769=FILL_AREA_STYLE('',(#14317));
#13770=FILL_AREA_STYLE('',(#14318));
#13771=FILL_AREA_STYLE('',(#14319));
#13772=FILL_AREA_STYLE('',(#14320));
#13773=FILL_AREA_STYLE('',(#14321));
#13774=FILL_AREA_STYLE('',(#14322));
#13775=FILL_AREA_STYLE('',(#14323));
#13776=FILL_AREA_STYLE('',(#14324));
#13777=FILL_AREA_STYLE('',(#14325));
#13778=FILL_AREA_STYLE('',(#14326));
#13779=FILL_AREA_STYLE('',(#14327));
#13780=FILL_AREA_STYLE_COLOUR('',#14328);
#13781=FILL_AREA_STYLE_COLOUR('',#14328);
#13782=FILL_AREA_STYLE_COLOUR('',#14328);
#13783=FILL_AREA_STYLE_COLOUR('',#94);
#13784=FILL_AREA_STYLE_COLOUR('',#95);
#13785=FILL_AREA_STYLE_COLOUR('',#14328);
#13786=FILL_AREA_STYLE_COLOUR('',#14328);
#13787=FILL_AREA_STYLE_COLOUR('',#94);
#13788=FILL_AREA_STYLE_COLOUR('',#94);
#13789=FILL_AREA_STYLE_COLOUR('',#14328);
#13790=FILL_AREA_STYLE_COLOUR('',#14328);
#13791=FILL_AREA_STYLE_COLOUR('',#94);
#13792=FILL_AREA_STYLE_COLOUR('',#14328);
#13793=FILL_AREA_STYLE_COLOUR('',#14328);
#13794=FILL_AREA_STYLE_COLOUR('',#14328);
#13795=FILL_AREA_STYLE_COLOUR('',#14328);
#13796=FILL_AREA_STYLE_COLOUR('',#14328);
#13797=FILL_AREA_STYLE_COLOUR('',#14328);
#13798=FILL_AREA_STYLE_COLOUR('',#14328);
#13799=FILL_AREA_STYLE_COLOUR('',#14328);
#13800=FILL_AREA_STYLE_COLOUR('',#14328);
#13801=FILL_AREA_STYLE_COLOUR('',#14328);
#13802=FILL_AREA_STYLE_COLOUR('',#94);
#13803=FILL_AREA_STYLE_COLOUR('',#94);
#13804=FILL_AREA_STYLE_COLOUR('',#94);
#13805=FILL_AREA_STYLE_COLOUR('',#94);
#13806=FILL_AREA_STYLE_COLOUR('',#94);
#13807=FILL_AREA_STYLE_COLOUR('',#94);
#13808=FILL_AREA_STYLE_COLOUR('',#94);
#13809=FILL_AREA_STYLE_COLOUR('',#94);
#13810=FILL_AREA_STYLE_COLOUR('',#94);
#13811=FILL_AREA_STYLE_COLOUR('',#94);
#13812=FILL_AREA_STYLE_COLOUR('',#94);
#13813=FILL_AREA_STYLE_COLOUR('',#94);
#13814=FILL_AREA_STYLE_COLOUR('',#94);
#13815=FILL_AREA_STYLE_COLOUR('',#94);
#13816=FILL_AREA_STYLE_COLOUR('',#94);
#13817=FILL_AREA_STYLE_COLOUR('',#94);
#13818=FILL_AREA_STYLE_COLOUR('',#96);
#13819=FILL_AREA_STYLE_COLOUR('',#96);
#13820=FILL_AREA_STYLE_COLOUR('',#96);
#13821=FILL_AREA_STYLE_COLOUR('',#96);
#13822=FILL_AREA_STYLE_COLOUR('',#96);
#13823=FILL_AREA_STYLE_COLOUR('',#96);
#13824=FILL_AREA_STYLE_COLOUR('',#96);
#13825=FILL_AREA_STYLE_COLOUR('',#96);
#13826=FILL_AREA_STYLE_COLOUR('',#96);
#13827=FILL_AREA_STYLE_COLOUR('',#96);
#13828=FILL_AREA_STYLE_COLOUR('',#96);
#13829=FILL_AREA_STYLE_COLOUR('',#96);
#13830=FILL_AREA_STYLE_COLOUR('',#96);
#13831=FILL_AREA_STYLE_COLOUR('',#96);
#13832=FILL_AREA_STYLE_COLOUR('',#96);
#13833=FILL_AREA_STYLE_COLOUR('',#96);
#13834=FILL_AREA_STYLE_COLOUR('',#96);
#13835=FILL_AREA_STYLE_COLOUR('',#96);
#13836=FILL_AREA_STYLE_COLOUR('',#96);
#13837=FILL_AREA_STYLE_COLOUR('',#96);
#13838=FILL_AREA_STYLE_COLOUR('',#96);
#13839=FILL_AREA_STYLE_COLOUR('',#96);
#13840=FILL_AREA_STYLE_COLOUR('',#96);
#13841=FILL_AREA_STYLE_COLOUR('',#96);
#13842=FILL_AREA_STYLE_COLOUR('',#96);
#13843=FILL_AREA_STYLE_COLOUR('',#96);
#13844=FILL_AREA_STYLE_COLOUR('',#96);
#13845=FILL_AREA_STYLE_COLOUR('',#96);
#13846=FILL_AREA_STYLE_COLOUR('',#96);
#13847=FILL_AREA_STYLE_COLOUR('',#96);
#13848=FILL_AREA_STYLE_COLOUR('',#96);
#13849=FILL_AREA_STYLE_COLOUR('',#96);
#13850=FILL_AREA_STYLE_COLOUR('',#96);
#13851=FILL_AREA_STYLE_COLOUR('',#96);
#13852=FILL_AREA_STYLE_COLOUR('',#96);
#13853=FILL_AREA_STYLE_COLOUR('',#96);
#13854=FILL_AREA_STYLE_COLOUR('',#96);
#13855=FILL_AREA_STYLE_COLOUR('',#96);
#13856=FILL_AREA_STYLE_COLOUR('',#96);
#13857=FILL_AREA_STYLE_COLOUR('',#96);
#13858=FILL_AREA_STYLE_COLOUR('',#94);
#13859=FILL_AREA_STYLE_COLOUR('',#94);
#13860=FILL_AREA_STYLE_COLOUR('',#94);
#13861=FILL_AREA_STYLE_COLOUR('',#94);
#13862=FILL_AREA_STYLE_COLOUR('',#94);
#13863=FILL_AREA_STYLE_COLOUR('',#94);
#13864=FILL_AREA_STYLE_COLOUR('',#94);
#13865=FILL_AREA_STYLE_COLOUR('',#94);
#13866=FILL_AREA_STYLE_COLOUR('',#94);
#13867=FILL_AREA_STYLE_COLOUR('',#94);
#13868=FILL_AREA_STYLE_COLOUR('',#94);
#13869=FILL_AREA_STYLE_COLOUR('',#94);
#13870=FILL_AREA_STYLE_COLOUR('',#94);
#13871=FILL_AREA_STYLE_COLOUR('',#94);
#13872=FILL_AREA_STYLE_COLOUR('',#94);
#13873=FILL_AREA_STYLE_COLOUR('',#94);
#13874=FILL_AREA_STYLE_COLOUR('',#94);
#13875=FILL_AREA_STYLE_COLOUR('',#94);
#13876=FILL_AREA_STYLE_COLOUR('',#94);
#13877=FILL_AREA_STYLE_COLOUR('',#94);
#13878=FILL_AREA_STYLE_COLOUR('',#94);
#13879=FILL_AREA_STYLE_COLOUR('',#94);
#13880=FILL_AREA_STYLE_COLOUR('',#94);
#13881=FILL_AREA_STYLE_COLOUR('',#94);
#13882=FILL_AREA_STYLE_COLOUR('',#94);
#13883=FILL_AREA_STYLE_COLOUR('',#94);
#13884=FILL_AREA_STYLE_COLOUR('',#94);
#13885=FILL_AREA_STYLE_COLOUR('',#94);
#13886=FILL_AREA_STYLE_COLOUR('',#94);
#13887=FILL_AREA_STYLE_COLOUR('',#94);
#13888=FILL_AREA_STYLE_COLOUR('',#94);
#13889=FILL_AREA_STYLE_COLOUR('',#94);
#13890=FILL_AREA_STYLE_COLOUR('',#94);
#13891=FILL_AREA_STYLE_COLOUR('',#94);
#13892=FILL_AREA_STYLE_COLOUR('',#94);
#13893=FILL_AREA_STYLE_COLOUR('',#94);
#13894=FILL_AREA_STYLE_COLOUR('',#96);
#13895=FILL_AREA_STYLE_COLOUR('',#96);
#13896=FILL_AREA_STYLE_COLOUR('',#96);
#13897=FILL_AREA_STYLE_COLOUR('',#96);
#13898=FILL_AREA_STYLE_COLOUR('',#95);
#13899=FILL_AREA_STYLE_COLOUR('',#96);
#13900=FILL_AREA_STYLE_COLOUR('',#96);
#13901=FILL_AREA_STYLE_COLOUR('',#96);
#13902=FILL_AREA_STYLE_COLOUR('',#96);
#13903=FILL_AREA_STYLE_COLOUR('',#96);
#13904=FILL_AREA_STYLE_COLOUR('',#96);
#13905=FILL_AREA_STYLE_COLOUR('',#96);
#13906=FILL_AREA_STYLE_COLOUR('',#96);
#13907=FILL_AREA_STYLE_COLOUR('',#96);
#13908=FILL_AREA_STYLE_COLOUR('',#96);
#13909=FILL_AREA_STYLE_COLOUR('',#96);
#13910=FILL_AREA_STYLE_COLOUR('',#96);
#13911=FILL_AREA_STYLE_COLOUR('',#96);
#13912=FILL_AREA_STYLE_COLOUR('',#96);
#13913=FILL_AREA_STYLE_COLOUR('',#96);
#13914=FILL_AREA_STYLE_COLOUR('',#96);
#13915=FILL_AREA_STYLE_COLOUR('',#96);
#13916=FILL_AREA_STYLE_COLOUR('',#96);
#13917=FILL_AREA_STYLE_COLOUR('',#96);
#13918=FILL_AREA_STYLE_COLOUR('',#96);
#13919=FILL_AREA_STYLE_COLOUR('',#96);
#13920=FILL_AREA_STYLE_COLOUR('',#96);
#13921=FILL_AREA_STYLE_COLOUR('',#96);
#13922=FILL_AREA_STYLE_COLOUR('',#96);
#13923=FILL_AREA_STYLE_COLOUR('',#96);
#13924=FILL_AREA_STYLE_COLOUR('',#96);
#13925=FILL_AREA_STYLE_COLOUR('',#96);
#13926=FILL_AREA_STYLE_COLOUR('',#96);
#13927=FILL_AREA_STYLE_COLOUR('',#96);
#13928=FILL_AREA_STYLE_COLOUR('',#96);
#13929=FILL_AREA_STYLE_COLOUR('',#96);
#13930=FILL_AREA_STYLE_COLOUR('',#96);
#13931=FILL_AREA_STYLE_COLOUR('',#96);
#13932=FILL_AREA_STYLE_COLOUR('',#96);
#13933=FILL_AREA_STYLE_COLOUR('',#96);
#13934=FILL_AREA_STYLE_COLOUR('',#96);
#13935=FILL_AREA_STYLE_COLOUR('',#96);
#13936=FILL_AREA_STYLE_COLOUR('',#96);
#13937=FILL_AREA_STYLE_COLOUR('',#96);
#13938=FILL_AREA_STYLE_COLOUR('',#96);
#13939=FILL_AREA_STYLE_COLOUR('',#96);
#13940=FILL_AREA_STYLE_COLOUR('',#96);
#13941=FILL_AREA_STYLE_COLOUR('',#96);
#13942=FILL_AREA_STYLE_COLOUR('',#96);
#13943=FILL_AREA_STYLE_COLOUR('',#96);
#13944=FILL_AREA_STYLE_COLOUR('',#96);
#13945=FILL_AREA_STYLE_COLOUR('',#96);
#13946=FILL_AREA_STYLE_COLOUR('',#96);
#13947=FILL_AREA_STYLE_COLOUR('',#96);
#13948=FILL_AREA_STYLE_COLOUR('',#96);
#13949=FILL_AREA_STYLE_COLOUR('',#96);
#13950=FILL_AREA_STYLE_COLOUR('',#96);
#13951=FILL_AREA_STYLE_COLOUR('',#96);
#13952=FILL_AREA_STYLE_COLOUR('',#96);
#13953=FILL_AREA_STYLE_COLOUR('',#96);
#13954=FILL_AREA_STYLE_COLOUR('',#96);
#13955=FILL_AREA_STYLE_COLOUR('',#96);
#13956=FILL_AREA_STYLE_COLOUR('',#96);
#13957=FILL_AREA_STYLE_COLOUR('',#96);
#13958=FILL_AREA_STYLE_COLOUR('',#96);
#13959=FILL_AREA_STYLE_COLOUR('',#96);
#13960=FILL_AREA_STYLE_COLOUR('',#96);
#13961=FILL_AREA_STYLE_COLOUR('',#96);
#13962=FILL_AREA_STYLE_COLOUR('',#96);
#13963=FILL_AREA_STYLE_COLOUR('',#96);
#13964=FILL_AREA_STYLE_COLOUR('',#96);
#13965=FILL_AREA_STYLE_COLOUR('',#96);
#13966=FILL_AREA_STYLE_COLOUR('',#96);
#13967=FILL_AREA_STYLE_COLOUR('',#96);
#13968=FILL_AREA_STYLE_COLOUR('',#96);
#13969=FILL_AREA_STYLE_COLOUR('',#96);
#13970=FILL_AREA_STYLE_COLOUR('',#96);
#13971=FILL_AREA_STYLE_COLOUR('',#96);
#13972=FILL_AREA_STYLE_COLOUR('',#96);
#13973=FILL_AREA_STYLE_COLOUR('',#96);
#13974=FILL_AREA_STYLE_COLOUR('',#96);
#13975=FILL_AREA_STYLE_COLOUR('',#96);
#13976=FILL_AREA_STYLE_COLOUR('',#96);
#13977=FILL_AREA_STYLE_COLOUR('',#96);
#13978=FILL_AREA_STYLE_COLOUR('',#96);
#13979=FILL_AREA_STYLE_COLOUR('',#96);
#13980=FILL_AREA_STYLE_COLOUR('',#96);
#13981=FILL_AREA_STYLE_COLOUR('',#96);
#13982=FILL_AREA_STYLE_COLOUR('',#96);
#13983=FILL_AREA_STYLE_COLOUR('',#96);
#13984=FILL_AREA_STYLE_COLOUR('',#96);
#13985=FILL_AREA_STYLE_COLOUR('',#96);
#13986=FILL_AREA_STYLE_COLOUR('',#96);
#13987=FILL_AREA_STYLE_COLOUR('',#96);
#13988=FILL_AREA_STYLE_COLOUR('',#96);
#13989=FILL_AREA_STYLE_COLOUR('',#96);
#13990=FILL_AREA_STYLE_COLOUR('',#96);
#13991=FILL_AREA_STYLE_COLOUR('',#96);
#13992=FILL_AREA_STYLE_COLOUR('',#96);
#13993=FILL_AREA_STYLE_COLOUR('',#96);
#13994=FILL_AREA_STYLE_COLOUR('',#96);
#13995=FILL_AREA_STYLE_COLOUR('',#96);
#13996=FILL_AREA_STYLE_COLOUR('',#96);
#13997=FILL_AREA_STYLE_COLOUR('',#96);
#13998=FILL_AREA_STYLE_COLOUR('',#96);
#13999=FILL_AREA_STYLE_COLOUR('',#96);
#14000=FILL_AREA_STYLE_COLOUR('',#96);
#14001=FILL_AREA_STYLE_COLOUR('',#96);
#14002=FILL_AREA_STYLE_COLOUR('',#96);
#14003=FILL_AREA_STYLE_COLOUR('',#96);
#14004=FILL_AREA_STYLE_COLOUR('',#96);
#14005=FILL_AREA_STYLE_COLOUR('',#96);
#14006=FILL_AREA_STYLE_COLOUR('',#96);
#14007=FILL_AREA_STYLE_COLOUR('',#96);
#14008=FILL_AREA_STYLE_COLOUR('',#96);
#14009=FILL_AREA_STYLE_COLOUR('',#96);
#14010=FILL_AREA_STYLE_COLOUR('',#96);
#14011=FILL_AREA_STYLE_COLOUR('',#96);
#14012=FILL_AREA_STYLE_COLOUR('',#96);
#14013=FILL_AREA_STYLE_COLOUR('',#96);
#14014=FILL_AREA_STYLE_COLOUR('',#96);
#14015=FILL_AREA_STYLE_COLOUR('',#96);
#14016=FILL_AREA_STYLE_COLOUR('',#96);
#14017=FILL_AREA_STYLE_COLOUR('',#96);
#14018=FILL_AREA_STYLE_COLOUR('',#96);
#14019=FILL_AREA_STYLE_COLOUR('',#96);
#14020=FILL_AREA_STYLE_COLOUR('',#96);
#14021=FILL_AREA_STYLE_COLOUR('',#96);
#14022=FILL_AREA_STYLE_COLOUR('',#96);
#14023=FILL_AREA_STYLE_COLOUR('',#96);
#14024=FILL_AREA_STYLE_COLOUR('',#96);
#14025=FILL_AREA_STYLE_COLOUR('',#96);
#14026=FILL_AREA_STYLE_COLOUR('',#96);
#14027=FILL_AREA_STYLE_COLOUR('',#96);
#14028=FILL_AREA_STYLE_COLOUR('',#96);
#14029=FILL_AREA_STYLE_COLOUR('',#96);
#14030=FILL_AREA_STYLE_COLOUR('',#96);
#14031=FILL_AREA_STYLE_COLOUR('',#96);
#14032=FILL_AREA_STYLE_COLOUR('',#96);
#14033=FILL_AREA_STYLE_COLOUR('',#95);
#14034=FILL_AREA_STYLE_COLOUR('',#96);
#14035=FILL_AREA_STYLE_COLOUR('',#96);
#14036=FILL_AREA_STYLE_COLOUR('',#96);
#14037=FILL_AREA_STYLE_COLOUR('',#96);
#14038=FILL_AREA_STYLE_COLOUR('',#95);
#14039=FILL_AREA_STYLE_COLOUR('',#96);
#14040=FILL_AREA_STYLE_COLOUR('',#96);
#14041=FILL_AREA_STYLE_COLOUR('',#96);
#14042=FILL_AREA_STYLE_COLOUR('',#96);
#14043=FILL_AREA_STYLE_COLOUR('',#96);
#14044=FILL_AREA_STYLE_COLOUR('',#96);
#14045=FILL_AREA_STYLE_COLOUR('',#96);
#14046=FILL_AREA_STYLE_COLOUR('',#96);
#14047=FILL_AREA_STYLE_COLOUR('',#96);
#14048=FILL_AREA_STYLE_COLOUR('',#96);
#14049=FILL_AREA_STYLE_COLOUR('',#96);
#14050=FILL_AREA_STYLE_COLOUR('',#96);
#14051=FILL_AREA_STYLE_COLOUR('',#96);
#14052=FILL_AREA_STYLE_COLOUR('',#96);
#14053=FILL_AREA_STYLE_COLOUR('',#96);
#14054=FILL_AREA_STYLE_COLOUR('',#96);
#14055=FILL_AREA_STYLE_COLOUR('',#96);
#14056=FILL_AREA_STYLE_COLOUR('',#96);
#14057=FILL_AREA_STYLE_COLOUR('',#96);
#14058=FILL_AREA_STYLE_COLOUR('',#96);
#14059=FILL_AREA_STYLE_COLOUR('',#96);
#14060=FILL_AREA_STYLE_COLOUR('',#96);
#14061=FILL_AREA_STYLE_COLOUR('',#96);
#14062=FILL_AREA_STYLE_COLOUR('',#96);
#14063=FILL_AREA_STYLE_COLOUR('',#96);
#14064=FILL_AREA_STYLE_COLOUR('',#96);
#14065=FILL_AREA_STYLE_COLOUR('',#96);
#14066=FILL_AREA_STYLE_COLOUR('',#96);
#14067=FILL_AREA_STYLE_COLOUR('',#96);
#14068=FILL_AREA_STYLE_COLOUR('',#96);
#14069=FILL_AREA_STYLE_COLOUR('',#96);
#14070=FILL_AREA_STYLE_COLOUR('',#96);
#14071=FILL_AREA_STYLE_COLOUR('',#96);
#14072=FILL_AREA_STYLE_COLOUR('',#96);
#14073=FILL_AREA_STYLE_COLOUR('',#96);
#14074=FILL_AREA_STYLE_COLOUR('',#96);
#14075=FILL_AREA_STYLE_COLOUR('',#96);
#14076=FILL_AREA_STYLE_COLOUR('',#96);
#14077=FILL_AREA_STYLE_COLOUR('',#96);
#14078=FILL_AREA_STYLE_COLOUR('',#96);
#14079=FILL_AREA_STYLE_COLOUR('',#96);
#14080=FILL_AREA_STYLE_COLOUR('',#96);
#14081=FILL_AREA_STYLE_COLOUR('',#96);
#14082=FILL_AREA_STYLE_COLOUR('',#96);
#14083=FILL_AREA_STYLE_COLOUR('',#96);
#14084=FILL_AREA_STYLE_COLOUR('',#96);
#14085=FILL_AREA_STYLE_COLOUR('',#96);
#14086=FILL_AREA_STYLE_COLOUR('',#96);
#14087=FILL_AREA_STYLE_COLOUR('',#96);
#14088=FILL_AREA_STYLE_COLOUR('',#96);
#14089=FILL_AREA_STYLE_COLOUR('',#96);
#14090=FILL_AREA_STYLE_COLOUR('',#96);
#14091=FILL_AREA_STYLE_COLOUR('',#96);
#14092=FILL_AREA_STYLE_COLOUR('',#96);
#14093=FILL_AREA_STYLE_COLOUR('',#96);
#14094=FILL_AREA_STYLE_COLOUR('',#95);
#14095=FILL_AREA_STYLE_COLOUR('',#95);
#14096=FILL_AREA_STYLE_COLOUR('',#96);
#14097=FILL_AREA_STYLE_COLOUR('',#96);
#14098=FILL_AREA_STYLE_COLOUR('',#96);
#14099=FILL_AREA_STYLE_COLOUR('',#95);
#14100=FILL_AREA_STYLE_COLOUR('',#96);
#14101=FILL_AREA_STYLE_COLOUR('',#96);
#14102=FILL_AREA_STYLE_COLOUR('',#96);
#14103=FILL_AREA_STYLE_COLOUR('',#95);
#14104=FILL_AREA_STYLE_COLOUR('',#96);
#14105=FILL_AREA_STYLE_COLOUR('',#96);
#14106=FILL_AREA_STYLE_COLOUR('',#96);
#14107=FILL_AREA_STYLE_COLOUR('',#95);
#14108=FILL_AREA_STYLE_COLOUR('',#96);
#14109=FILL_AREA_STYLE_COLOUR('',#96);
#14110=FILL_AREA_STYLE_COLOUR('',#96);
#14111=FILL_AREA_STYLE_COLOUR('',#95);
#14112=FILL_AREA_STYLE_COLOUR('',#96);
#14113=FILL_AREA_STYLE_COLOUR('',#96);
#14114=FILL_AREA_STYLE_COLOUR('',#96);
#14115=FILL_AREA_STYLE_COLOUR('',#95);
#14116=FILL_AREA_STYLE_COLOUR('',#96);
#14117=FILL_AREA_STYLE_COLOUR('',#96);
#14118=FILL_AREA_STYLE_COLOUR('',#96);
#14119=FILL_AREA_STYLE_COLOUR('',#95);
#14120=FILL_AREA_STYLE_COLOUR('',#96);
#14121=FILL_AREA_STYLE_COLOUR('',#96);
#14122=FILL_AREA_STYLE_COLOUR('',#96);
#14123=FILL_AREA_STYLE_COLOUR('',#95);
#14124=FILL_AREA_STYLE_COLOUR('',#96);
#14125=FILL_AREA_STYLE_COLOUR('',#96);
#14126=FILL_AREA_STYLE_COLOUR('',#96);
#14127=FILL_AREA_STYLE_COLOUR('',#95);
#14128=FILL_AREA_STYLE_COLOUR('',#96);
#14129=FILL_AREA_STYLE_COLOUR('',#96);
#14130=FILL_AREA_STYLE_COLOUR('',#96);
#14131=FILL_AREA_STYLE_COLOUR('',#95);
#14132=FILL_AREA_STYLE_COLOUR('',#96);
#14133=FILL_AREA_STYLE_COLOUR('',#96);
#14134=FILL_AREA_STYLE_COLOUR('',#96);
#14135=FILL_AREA_STYLE_COLOUR('',#95);
#14136=FILL_AREA_STYLE_COLOUR('',#96);
#14137=FILL_AREA_STYLE_COLOUR('',#96);
#14138=FILL_AREA_STYLE_COLOUR('',#96);
#14139=FILL_AREA_STYLE_COLOUR('',#95);
#14140=FILL_AREA_STYLE_COLOUR('',#96);
#14141=FILL_AREA_STYLE_COLOUR('',#96);
#14142=FILL_AREA_STYLE_COLOUR('',#96);
#14143=FILL_AREA_STYLE_COLOUR('',#95);
#14144=FILL_AREA_STYLE_COLOUR('',#96);
#14145=FILL_AREA_STYLE_COLOUR('',#96);
#14146=FILL_AREA_STYLE_COLOUR('',#96);
#14147=FILL_AREA_STYLE_COLOUR('',#95);
#14148=FILL_AREA_STYLE_COLOUR('',#96);
#14149=FILL_AREA_STYLE_COLOUR('',#96);
#14150=FILL_AREA_STYLE_COLOUR('',#96);
#14151=FILL_AREA_STYLE_COLOUR('',#95);
#14152=FILL_AREA_STYLE_COLOUR('',#95);
#14153=FILL_AREA_STYLE_COLOUR('',#95);
#14154=FILL_AREA_STYLE_COLOUR('',#96);
#14155=FILL_AREA_STYLE_COLOUR('',#96);
#14156=FILL_AREA_STYLE_COLOUR('',#96);
#14157=FILL_AREA_STYLE_COLOUR('',#95);
#14158=FILL_AREA_STYLE_COLOUR('',#96);
#14159=FILL_AREA_STYLE_COLOUR('',#96);
#14160=FILL_AREA_STYLE_COLOUR('',#96);
#14161=FILL_AREA_STYLE_COLOUR('',#95);
#14162=FILL_AREA_STYLE_COLOUR('',#96);
#14163=FILL_AREA_STYLE_COLOUR('',#96);
#14164=FILL_AREA_STYLE_COLOUR('',#96);
#14165=FILL_AREA_STYLE_COLOUR('',#95);
#14166=FILL_AREA_STYLE_COLOUR('',#96);
#14167=FILL_AREA_STYLE_COLOUR('',#96);
#14168=FILL_AREA_STYLE_COLOUR('',#96);
#14169=FILL_AREA_STYLE_COLOUR('',#95);
#14170=FILL_AREA_STYLE_COLOUR('',#96);
#14171=FILL_AREA_STYLE_COLOUR('',#96);
#14172=FILL_AREA_STYLE_COLOUR('',#96);
#14173=FILL_AREA_STYLE_COLOUR('',#95);
#14174=FILL_AREA_STYLE_COLOUR('',#96);
#14175=FILL_AREA_STYLE_COLOUR('',#96);
#14176=FILL_AREA_STYLE_COLOUR('',#96);
#14177=FILL_AREA_STYLE_COLOUR('',#95);
#14178=FILL_AREA_STYLE_COLOUR('',#96);
#14179=FILL_AREA_STYLE_COLOUR('',#96);
#14180=FILL_AREA_STYLE_COLOUR('',#96);
#14181=FILL_AREA_STYLE_COLOUR('',#95);
#14182=FILL_AREA_STYLE_COLOUR('',#96);
#14183=FILL_AREA_STYLE_COLOUR('',#96);
#14184=FILL_AREA_STYLE_COLOUR('',#96);
#14185=FILL_AREA_STYLE_COLOUR('',#95);
#14186=FILL_AREA_STYLE_COLOUR('',#96);
#14187=FILL_AREA_STYLE_COLOUR('',#96);
#14188=FILL_AREA_STYLE_COLOUR('',#96);
#14189=FILL_AREA_STYLE_COLOUR('',#95);
#14190=FILL_AREA_STYLE_COLOUR('',#96);
#14191=FILL_AREA_STYLE_COLOUR('',#96);
#14192=FILL_AREA_STYLE_COLOUR('',#96);
#14193=FILL_AREA_STYLE_COLOUR('',#95);
#14194=FILL_AREA_STYLE_COLOUR('',#96);
#14195=FILL_AREA_STYLE_COLOUR('',#96);
#14196=FILL_AREA_STYLE_COLOUR('',#96);
#14197=FILL_AREA_STYLE_COLOUR('',#95);
#14198=FILL_AREA_STYLE_COLOUR('',#96);
#14199=FILL_AREA_STYLE_COLOUR('',#96);
#14200=FILL_AREA_STYLE_COLOUR('',#96);
#14201=FILL_AREA_STYLE_COLOUR('',#95);
#14202=FILL_AREA_STYLE_COLOUR('',#96);
#14203=FILL_AREA_STYLE_COLOUR('',#96);
#14204=FILL_AREA_STYLE_COLOUR('',#96);
#14205=FILL_AREA_STYLE_COLOUR('',#95);
#14206=FILL_AREA_STYLE_COLOUR('',#96);
#14207=FILL_AREA_STYLE_COLOUR('',#96);
#14208=FILL_AREA_STYLE_COLOUR('',#96);
#14209=FILL_AREA_STYLE_COLOUR('',#95);
#14210=FILL_AREA_STYLE_COLOUR('',#95);
#14211=FILL_AREA_STYLE_COLOUR('',#96);
#14212=FILL_AREA_STYLE_COLOUR('',#96);
#14213=FILL_AREA_STYLE_COLOUR('',#96);
#14214=FILL_AREA_STYLE_COLOUR('',#95);
#14215=FILL_AREA_STYLE_COLOUR('',#96);
#14216=FILL_AREA_STYLE_COLOUR('',#96);
#14217=FILL_AREA_STYLE_COLOUR('',#96);
#14218=FILL_AREA_STYLE_COLOUR('',#95);
#14219=FILL_AREA_STYLE_COLOUR('',#96);
#14220=FILL_AREA_STYLE_COLOUR('',#96);
#14221=FILL_AREA_STYLE_COLOUR('',#96);
#14222=FILL_AREA_STYLE_COLOUR('',#95);
#14223=FILL_AREA_STYLE_COLOUR('',#96);
#14224=FILL_AREA_STYLE_COLOUR('',#96);
#14225=FILL_AREA_STYLE_COLOUR('',#96);
#14226=FILL_AREA_STYLE_COLOUR('',#95);
#14227=FILL_AREA_STYLE_COLOUR('',#96);
#14228=FILL_AREA_STYLE_COLOUR('',#96);
#14229=FILL_AREA_STYLE_COLOUR('',#96);
#14230=FILL_AREA_STYLE_COLOUR('',#95);
#14231=FILL_AREA_STYLE_COLOUR('',#96);
#14232=FILL_AREA_STYLE_COLOUR('',#96);
#14233=FILL_AREA_STYLE_COLOUR('',#96);
#14234=FILL_AREA_STYLE_COLOUR('',#95);
#14235=FILL_AREA_STYLE_COLOUR('',#96);
#14236=FILL_AREA_STYLE_COLOUR('',#96);
#14237=FILL_AREA_STYLE_COLOUR('',#96);
#14238=FILL_AREA_STYLE_COLOUR('',#95);
#14239=FILL_AREA_STYLE_COLOUR('',#96);
#14240=FILL_AREA_STYLE_COLOUR('',#96);
#14241=FILL_AREA_STYLE_COLOUR('',#96);
#14242=FILL_AREA_STYLE_COLOUR('',#95);
#14243=FILL_AREA_STYLE_COLOUR('',#96);
#14244=FILL_AREA_STYLE_COLOUR('',#96);
#14245=FILL_AREA_STYLE_COLOUR('',#96);
#14246=FILL_AREA_STYLE_COLOUR('',#95);
#14247=FILL_AREA_STYLE_COLOUR('',#96);
#14248=FILL_AREA_STYLE_COLOUR('',#96);
#14249=FILL_AREA_STYLE_COLOUR('',#96);
#14250=FILL_AREA_STYLE_COLOUR('',#95);
#14251=FILL_AREA_STYLE_COLOUR('',#96);
#14252=FILL_AREA_STYLE_COLOUR('',#96);
#14253=FILL_AREA_STYLE_COLOUR('',#96);
#14254=FILL_AREA_STYLE_COLOUR('',#95);
#14255=FILL_AREA_STYLE_COLOUR('',#96);
#14256=FILL_AREA_STYLE_COLOUR('',#96);
#14257=FILL_AREA_STYLE_COLOUR('',#96);
#14258=FILL_AREA_STYLE_COLOUR('',#95);
#14259=FILL_AREA_STYLE_COLOUR('',#14328);
#14260=FILL_AREA_STYLE_COLOUR('',#14328);
#14261=FILL_AREA_STYLE_COLOUR('',#14328);
#14262=FILL_AREA_STYLE_COLOUR('',#14328);
#14263=FILL_AREA_STYLE_COLOUR('',#14328);
#14264=FILL_AREA_STYLE_COLOUR('',#94);
#14265=FILL_AREA_STYLE_COLOUR('',#94);
#14266=FILL_AREA_STYLE_COLOUR('',#94);
#14267=FILL_AREA_STYLE_COLOUR('',#94);
#14268=FILL_AREA_STYLE_COLOUR('',#94);
#14269=FILL_AREA_STYLE_COLOUR('',#94);
#14270=FILL_AREA_STYLE_COLOUR('',#94);
#14271=FILL_AREA_STYLE_COLOUR('',#94);
#14272=FILL_AREA_STYLE_COLOUR('',#94);
#14273=FILL_AREA_STYLE_COLOUR('',#94);
#14274=FILL_AREA_STYLE_COLOUR('',#94);
#14275=FILL_AREA_STYLE_COLOUR('',#94);
#14276=FILL_AREA_STYLE_COLOUR('',#94);
#14277=FILL_AREA_STYLE_COLOUR('',#94);
#14278=FILL_AREA_STYLE_COLOUR('',#94);
#14279=FILL_AREA_STYLE_COLOUR('',#94);
#14280=FILL_AREA_STYLE_COLOUR('',#94);
#14281=FILL_AREA_STYLE_COLOUR('',#94);
#14282=FILL_AREA_STYLE_COLOUR('',#94);
#14283=FILL_AREA_STYLE_COLOUR('',#96);
#14284=FILL_AREA_STYLE_COLOUR('',#96);
#14285=FILL_AREA_STYLE_COLOUR('',#96);
#14286=FILL_AREA_STYLE_COLOUR('',#96);
#14287=FILL_AREA_STYLE_COLOUR('',#96);
#14288=FILL_AREA_STYLE_COLOUR('',#96);
#14289=FILL_AREA_STYLE_COLOUR('',#96);
#14290=FILL_AREA_STYLE_COLOUR('',#96);
#14291=FILL_AREA_STYLE_COLOUR('',#96);
#14292=FILL_AREA_STYLE_COLOUR('',#96);
#14293=FILL_AREA_STYLE_COLOUR('',#96);
#14294=FILL_AREA_STYLE_COLOUR('',#96);
#14295=FILL_AREA_STYLE_COLOUR('',#96);
#14296=FILL_AREA_STYLE_COLOUR('',#96);
#14297=FILL_AREA_STYLE_COLOUR('',#96);
#14298=FILL_AREA_STYLE_COLOUR('',#96);
#14299=FILL_AREA_STYLE_COLOUR('',#96);
#14300=FILL_AREA_STYLE_COLOUR('',#96);
#14301=FILL_AREA_STYLE_COLOUR('',#96);
#14302=FILL_AREA_STYLE_COLOUR('',#96);
#14303=FILL_AREA_STYLE_COLOUR('',#96);
#14304=FILL_AREA_STYLE_COLOUR('',#96);
#14305=FILL_AREA_STYLE_COLOUR('',#96);
#14306=FILL_AREA_STYLE_COLOUR('',#96);
#14307=FILL_AREA_STYLE_COLOUR('',#96);
#14308=FILL_AREA_STYLE_COLOUR('',#96);
#14309=FILL_AREA_STYLE_COLOUR('',#96);
#14310=FILL_AREA_STYLE_COLOUR('',#96);
#14311=FILL_AREA_STYLE_COLOUR('',#96);
#14312=FILL_AREA_STYLE_COLOUR('',#14328);
#14313=FILL_AREA_STYLE_COLOUR('',#95);
#14314=FILL_AREA_STYLE_COLOUR('',#95);
#14315=FILL_AREA_STYLE_COLOUR('',#95);
#14316=FILL_AREA_STYLE_COLOUR('',#95);
#14317=FILL_AREA_STYLE_COLOUR('',#95);
#14318=FILL_AREA_STYLE_COLOUR('',#95);
#14319=FILL_AREA_STYLE_COLOUR('',#95);
#14320=FILL_AREA_STYLE_COLOUR('',#96);
#14321=FILL_AREA_STYLE_COLOUR('',#95);
#14322=FILL_AREA_STYLE_COLOUR('',#96);
#14323=FILL_AREA_STYLE_COLOUR('',#96);
#14324=FILL_AREA_STYLE_COLOUR('',#96);
#14325=FILL_AREA_STYLE_COLOUR('',#96);
#14326=FILL_AREA_STYLE_COLOUR('',#96);
#14327=FILL_AREA_STYLE_COLOUR('',#96);
#14328=DRAUGHTING_PRE_DEFINED_COLOUR('white');
#14329=ADVANCED_FACE('',(#9443),#10015,.F.);
#14330=ADVANCED_FACE('',(#9444),#10016,.F.);
#14331=ADVANCED_FACE('',(#9445),#10017,.F.);
#14332=ADVANCED_FACE('',(#9446,#9447),#29,.F.);
#14333=ADVANCED_FACE('',(#9448,#9449),#10018,.T.);
#14334=ADVANCED_FACE('',(#9450),#10019,.F.);
#14335=ADVANCED_FACE('',(#9451),#10020,.T.);
#14336=ADVANCED_FACE('',(#9452,#9453),#30,.T.);
#14337=ADVANCED_FACE('',(#9454,#9455),#31,.T.);
#14338=ADVANCED_FACE('',(#9456),#32,.T.);
#14339=ADVANCED_FACE('',(#9457),#33,.T.);
#14340=ADVANCED_FACE('',(#9458,#9459),#10021,.T.);
#14341=ADVANCED_FACE('',(#9460),#10022,.T.);
#14342=ADVANCED_FACE('',(#9461),#34,.F.);
#14343=ADVANCED_FACE('',(#9462),#35,.F.);
#14344=ADVANCED_FACE('',(#9463),#10023,.T.);
#14345=ADVANCED_FACE('',(#9464),#10024,.F.);
#14346=ADVANCED_FACE('',(#9465),#36,.F.);
#14347=ADVANCED_FACE('',(#9466),#37,.F.);
#14348=ADVANCED_FACE('',(#9467),#10025,.T.);
#14349=ADVANCED_FACE('',(#9468),#10026,.T.);
#14350=ADVANCED_FACE('',(#9469,#9470),#10027,.F.);
#14351=ADVANCED_FACE('',(#9471,#9472),#38,.T.);
#14352=ADVANCED_FACE('',(#9473),#10028,.F.);
#14353=ADVANCED_FACE('',(#9474,#9475),#28,.T.);
#14354=ADVANCED_FACE('',(#9476,#9477),#24,.F.);
#14355=ADVANCED_FACE('',(#9478,#9479),#25,.T.);
#14356=ADVANCED_FACE('',(#9480,#9481),#26,.T.);
#14357=ADVANCED_FACE('',(#9482,#9483),#39,.T.);
#14358=ADVANCED_FACE('',(#9484),#10029,.T.);
#14359=ADVANCED_FACE('',(#9485),#10030,.T.);
#14360=ADVANCED_FACE('',(#9486),#10031,.T.);
#14361=ADVANCED_FACE('',(#9487),#10032,.T.);
#14362=ADVANCED_FACE('',(#9488),#10033,.T.);
#14363=ADVANCED_FACE('',(#9489),#10034,.T.);
#14364=ADVANCED_FACE('',(#9490),#10035,.T.);
#14365=ADVANCED_FACE('',(#9491),#10036,.T.);
#14366=ADVANCED_FACE('',(#9492),#10037,.T.);
#14367=ADVANCED_FACE('',(#9493),#40,.F.);
#14368=ADVANCED_FACE('',(#9494),#41,.F.);
#14369=ADVANCED_FACE('',(#9495),#42,.F.);
#14370=ADVANCED_FACE('',(#9496),#43,.F.);
#14371=ADVANCED_FACE('',(#9497),#44,.F.);
#14372=ADVANCED_FACE('',(#9498),#45,.F.);
#14373=ADVANCED_FACE('',(#9499),#46,.F.);
#14374=ADVANCED_FACE('',(#9500),#47,.F.);
#14375=ADVANCED_FACE('',(#9501),#48,.F.);
#14376=ADVANCED_FACE('',(#9502),#49,.F.);
#14377=ADVANCED_FACE('',(#9503),#50,.F.);
#14378=ADVANCED_FACE('',(#9504),#51,.F.);
#14379=ADVANCED_FACE('',(#9505),#52,.F.);
#14380=ADVANCED_FACE('',(#9506),#53,.F.);
#14381=ADVANCED_FACE('',(#9507),#54,.F.);
#14382=ADVANCED_FACE('',(#9508),#55,.F.);
#14383=ADVANCED_FACE('',(#9509),#56,.F.);
#14384=ADVANCED_FACE('',(#9510),#57,.F.);
#14385=ADVANCED_FACE('',(#9511),#58,.F.);
#14386=ADVANCED_FACE('',(#9512),#59,.F.);
#14387=ADVANCED_FACE('',(#9513),#60,.F.);
#14388=ADVANCED_FACE('',(#9514),#61,.F.);
#14389=ADVANCED_FACE('',(#9515),#62,.F.);
#14390=ADVANCED_FACE('',(#9516),#63,.F.);
#14391=ADVANCED_FACE('',(#9517),#64,.F.);
#14392=ADVANCED_FACE('',(#9518),#65,.F.);
#14393=ADVANCED_FACE('',(#9519),#66,.F.);
#14394=ADVANCED_FACE('',(#9520),#67,.F.);
#14395=ADVANCED_FACE('',(#9521),#68,.F.);
#14396=ADVANCED_FACE('',(#9522),#69,.F.);
#14397=ADVANCED_FACE('',(#9523),#70,.F.);
#14398=ADVANCED_FACE('',(#9524),#71,.F.);
#14399=ADVANCED_FACE('',(#9525),#72,.F.);
#14400=ADVANCED_FACE('',(#9526),#73,.F.);
#14401=ADVANCED_FACE('',(#9527),#74,.F.);
#14402=ADVANCED_FACE('',(#9528),#75,.F.);
#14403=ADVANCED_FACE('',(#9529),#76,.F.);
#14404=ADVANCED_FACE('',(#9530),#77,.F.);
#14405=ADVANCED_FACE('',(#9531),#78,.F.);
#14406=ADVANCED_FACE('',(#9532),#79,.F.);
#14407=ADVANCED_FACE('',(#9533),#10038,.F.);
#14408=ADVANCED_FACE('',(#9534),#10039,.F.);
#14409=ADVANCED_FACE('',(#9535),#10040,.F.);
#14410=ADVANCED_FACE('',(#9536),#10041,.F.);
#14411=ADVANCED_FACE('',(#9537),#10042,.F.);
#14412=ADVANCED_FACE('',(#9538),#10043,.F.);
#14413=ADVANCED_FACE('',(#9539),#10044,.F.);
#14414=ADVANCED_FACE('',(#9540),#10045,.F.);
#14415=ADVANCED_FACE('',(#9541),#10046,.F.);
#14416=ADVANCED_FACE('',(#9542),#10047,.F.);
#14417=ADVANCED_FACE('',(#9543),#10048,.F.);
#14418=ADVANCED_FACE('',(#9544),#10049,.F.);
#14419=ADVANCED_FACE('',(#9545),#10050,.F.);
#14420=ADVANCED_FACE('',(#9546),#10051,.F.);
#14421=ADVANCED_FACE('',(#9547),#10052,.F.);
#14422=ADVANCED_FACE('',(#9548),#10053,.F.);
#14423=ADVANCED_FACE('',(#9549),#10054,.F.);
#14424=ADVANCED_FACE('',(#9550),#10055,.F.);
#14425=ADVANCED_FACE('',(#9551),#10056,.F.);
#14426=ADVANCED_FACE('',(#9552),#10057,.F.);
#14427=ADVANCED_FACE('',(#9553),#10058,.F.);
#14428=ADVANCED_FACE('',(#9554),#10059,.F.);
#14429=ADVANCED_FACE('',(#9555),#10060,.F.);
#14430=ADVANCED_FACE('',(#9556),#10061,.F.);
#14431=ADVANCED_FACE('',(#9557),#10062,.F.);
#14432=ADVANCED_FACE('',(#9558),#10063,.F.);
#14433=ADVANCED_FACE('',(#9559),#10064,.F.);
#14434=ADVANCED_FACE('',(#9560),#10065,.F.);
#14435=ADVANCED_FACE('',(#9561),#10066,.F.);
#14436=ADVANCED_FACE('',(#9562),#10067,.F.);
#14437=ADVANCED_FACE('',(#9563),#10068,.F.);
#14438=ADVANCED_FACE('',(#9564),#10069,.F.);
#14439=ADVANCED_FACE('',(#9565),#10070,.F.);
#14440=ADVANCED_FACE('',(#9566),#10071,.F.);
#14441=ADVANCED_FACE('',(#9567),#10072,.F.);
#14442=ADVANCED_FACE('',(#9568),#10073,.F.);
#14443=ADVANCED_FACE('',(#9569),#10074,.F.);
#14444=ADVANCED_FACE('',(#9570),#10075,.T.);
#14445=ADVANCED_FACE('',(#9571),#10076,.F.);
#14446=ADVANCED_FACE('',(#9572),#10077,.T.);
#14447=ADVANCED_FACE('',(#9573),#10078,.F.);
#14448=ADVANCED_FACE('',(#9574),#10079,.F.);
#14449=ADVANCED_FACE('',(#9575),#10080,.T.);
#14450=ADVANCED_FACE('',(#9576),#10081,.F.);
#14451=ADVANCED_FACE('',(#9577),#10082,.T.);
#14452=ADVANCED_FACE('',(#9578),#10083,.F.);
#14453=ADVANCED_FACE('',(#9579),#10084,.F.);
#14454=ADVANCED_FACE('',(#9580),#10085,.T.);
#14455=ADVANCED_FACE('',(#9581),#10086,.F.);
#14456=ADVANCED_FACE('',(#9582),#10087,.T.);
#14457=ADVANCED_FACE('',(#9583),#10088,.F.);
#14458=ADVANCED_FACE('',(#9584),#10089,.F.);
#14459=ADVANCED_FACE('',(#9585),#10090,.T.);
#14460=ADVANCED_FACE('',(#9586),#10091,.F.);
#14461=ADVANCED_FACE('',(#9587),#10092,.T.);
#14462=ADVANCED_FACE('',(#9588),#10093,.F.);
#14463=ADVANCED_FACE('',(#9589),#10094,.F.);
#14464=ADVANCED_FACE('',(#9590),#10095,.T.);
#14465=ADVANCED_FACE('',(#9591),#10096,.F.);
#14466=ADVANCED_FACE('',(#9592),#10097,.T.);
#14467=ADVANCED_FACE('',(#9593),#10098,.F.);
#14468=ADVANCED_FACE('',(#9594),#10099,.F.);
#14469=ADVANCED_FACE('',(#9595),#10100,.T.);
#14470=ADVANCED_FACE('',(#9596),#10101,.F.);
#14471=ADVANCED_FACE('',(#9597),#10102,.T.);
#14472=ADVANCED_FACE('',(#9598),#10103,.F.);
#14473=ADVANCED_FACE('',(#9599),#10104,.F.);
#14474=ADVANCED_FACE('',(#9600),#10105,.T.);
#14475=ADVANCED_FACE('',(#9601),#10106,.F.);
#14476=ADVANCED_FACE('',(#9602),#10107,.T.);
#14477=ADVANCED_FACE('',(#9603),#10108,.F.);
#14478=ADVANCED_FACE('',(#9604),#10109,.F.);
#14479=ADVANCED_FACE('',(#9605),#10110,.T.);
#14480=ADVANCED_FACE('',(#9606),#10111,.F.);
#14481=ADVANCED_FACE('',(#9607),#10112,.T.);
#14482=ADVANCED_FACE('',(#9608),#10113,.F.);
#14483=ADVANCED_FACE('',(#9609),#10114,.F.);
#14484=ADVANCED_FACE('',(#9610),#10115,.T.);
#14485=ADVANCED_FACE('',(#9611),#10116,.F.);
#14486=ADVANCED_FACE('',(#9612),#10117,.T.);
#14487=ADVANCED_FACE('',(#9613),#10118,.F.);
#14488=ADVANCED_FACE('',(#9614),#10119,.F.);
#14489=ADVANCED_FACE('',(#9615),#10120,.T.);
#14490=ADVANCED_FACE('',(#9616),#10121,.F.);
#14491=ADVANCED_FACE('',(#9617),#10122,.T.);
#14492=ADVANCED_FACE('',(#9618),#10123,.F.);
#14493=ADVANCED_FACE('',(#9619),#10124,.F.);
#14494=ADVANCED_FACE('',(#9620),#10125,.T.);
#14495=ADVANCED_FACE('',(#9621),#10126,.F.);
#14496=ADVANCED_FACE('',(#9622),#10127,.T.);
#14497=ADVANCED_FACE('',(#9623),#10128,.F.);
#14498=ADVANCED_FACE('',(#9624),#10129,.F.);
#14499=ADVANCED_FACE('',(#9625),#10130,.T.);
#14500=ADVANCED_FACE('',(#9626),#10131,.F.);
#14501=ADVANCED_FACE('',(#9627),#10132,.T.);
#14502=ADVANCED_FACE('',(#9628),#10133,.F.);
#14503=ADVANCED_FACE('',(#9629),#10134,.F.);
#14504=ADVANCED_FACE('',(#9630),#10135,.T.);
#14505=ADVANCED_FACE('',(#9631),#10136,.F.);
#14506=ADVANCED_FACE('',(#9632),#10137,.T.);
#14507=ADVANCED_FACE('',(#9633),#10138,.F.);
#14508=ADVANCED_FACE('',(#9634),#10139,.F.);
#14509=ADVANCED_FACE('',(#9635),#10140,.T.);
#14510=ADVANCED_FACE('',(#9636),#10141,.F.);
#14511=ADVANCED_FACE('',(#9637),#10142,.T.);
#14512=ADVANCED_FACE('',(#9638),#10143,.F.);
#14513=ADVANCED_FACE('',(#9639),#10144,.F.);
#14514=ADVANCED_FACE('',(#9640),#10145,.T.);
#14515=ADVANCED_FACE('',(#9641),#10146,.F.);
#14516=ADVANCED_FACE('',(#9642),#10147,.F.);
#14517=ADVANCED_FACE('',(#9643),#10148,.T.);
#14518=ADVANCED_FACE('',(#9644),#10149,.F.);
#14519=ADVANCED_FACE('',(#9645),#10150,.T.);
#14520=ADVANCED_FACE('',(#9646),#10151,.F.);
#14521=ADVANCED_FACE('',(#9647),#10152,.F.);
#14522=ADVANCED_FACE('',(#9648),#10153,.T.);
#14523=ADVANCED_FACE('',(#9649),#10154,.F.);
#14524=ADVANCED_FACE('',(#9650),#10155,.T.);
#14525=ADVANCED_FACE('',(#9651),#10156,.F.);
#14526=ADVANCED_FACE('',(#9652),#10157,.F.);
#14527=ADVANCED_FACE('',(#9653),#10158,.T.);
#14528=ADVANCED_FACE('',(#9654),#10159,.F.);
#14529=ADVANCED_FACE('',(#9655),#10160,.T.);
#14530=ADVANCED_FACE('',(#9656),#10161,.F.);
#14531=ADVANCED_FACE('',(#9657),#10162,.F.);
#14532=ADVANCED_FACE('',(#9658),#10163,.T.);
#14533=ADVANCED_FACE('',(#9659),#10164,.F.);
#14534=ADVANCED_FACE('',(#9660),#10165,.T.);
#14535=ADVANCED_FACE('',(#9661),#10166,.F.);
#14536=ADVANCED_FACE('',(#9662),#10167,.F.);
#14537=ADVANCED_FACE('',(#9663),#10168,.T.);
#14538=ADVANCED_FACE('',(#9664),#10169,.F.);
#14539=ADVANCED_FACE('',(#9665),#10170,.T.);
#14540=ADVANCED_FACE('',(#9666),#10171,.F.);
#14541=ADVANCED_FACE('',(#9667),#10172,.F.);
#14542=ADVANCED_FACE('',(#9668),#10173,.T.);
#14543=ADVANCED_FACE('',(#9669),#10174,.F.);
#14544=ADVANCED_FACE('',(#9670),#10175,.T.);
#14545=ADVANCED_FACE('',(#9671),#10176,.F.);
#14546=ADVANCED_FACE('',(#9672),#10177,.F.);
#14547=ADVANCED_FACE('',(#9673),#10178,.T.);
#14548=ADVANCED_FACE('',(#9674),#10179,.F.);
#14549=ADVANCED_FACE('',(#9675),#10180,.T.);
#14550=ADVANCED_FACE('',(#9676),#10181,.F.);
#14551=ADVANCED_FACE('',(#9677),#10182,.F.);
#14552=ADVANCED_FACE('',(#9678),#10183,.T.);
#14553=ADVANCED_FACE('',(#9679),#10184,.F.);
#14554=ADVANCED_FACE('',(#9680),#10185,.T.);
#14555=ADVANCED_FACE('',(#9681),#10186,.F.);
#14556=ADVANCED_FACE('',(#9682),#10187,.F.);
#14557=ADVANCED_FACE('',(#9683),#10188,.T.);
#14558=ADVANCED_FACE('',(#9684),#10189,.F.);
#14559=ADVANCED_FACE('',(#9685),#10190,.T.);
#14560=ADVANCED_FACE('',(#9686),#10191,.F.);
#14561=ADVANCED_FACE('',(#9687),#10192,.F.);
#14562=ADVANCED_FACE('',(#9688),#10193,.T.);
#14563=ADVANCED_FACE('',(#9689),#10194,.F.);
#14564=ADVANCED_FACE('',(#9690),#10195,.T.);
#14565=ADVANCED_FACE('',(#9691),#10196,.F.);
#14566=ADVANCED_FACE('',(#9692),#10197,.F.);
#14567=ADVANCED_FACE('',(#9693),#10198,.T.);
#14568=ADVANCED_FACE('',(#9694),#10199,.F.);
#14569=ADVANCED_FACE('',(#9695),#10200,.T.);
#14570=ADVANCED_FACE('',(#9696),#10201,.F.);
#14571=ADVANCED_FACE('',(#9697),#10202,.F.);
#14572=ADVANCED_FACE('',(#9698),#10203,.T.);
#14573=ADVANCED_FACE('',(#9699),#10204,.F.);
#14574=ADVANCED_FACE('',(#9700),#10205,.T.);
#14575=ADVANCED_FACE('',(#9701),#10206,.F.);
#14576=ADVANCED_FACE('',(#9702),#10207,.F.);
#14577=ADVANCED_FACE('',(#9703),#10208,.T.);
#14578=ADVANCED_FACE('',(#9704),#10209,.F.);
#14579=ADVANCED_FACE('',(#9705),#10210,.T.);
#14580=ADVANCED_FACE('',(#9706),#10211,.F.);
#14581=ADVANCED_FACE('',(#9707),#10212,.F.);
#14582=ADVANCED_FACE('',(#9708),#10213,.T.);
#14583=ADVANCED_FACE('',(#9709),#10214,.T.);
#14584=ADVANCED_FACE('',(#9710),#10215,.F.);
#14585=ADVANCED_FACE('',(#9711),#10216,.T.);
#14586=ADVANCED_FACE('',(#9712),#10217,.F.);
#14587=ADVANCED_FACE('',(#9713),#10218,.T.);
#14588=ADVANCED_FACE('',(#9714),#10219,.T.);
#14589=ADVANCED_FACE('',(#9715),#10220,.F.);
#14590=ADVANCED_FACE('',(#9716),#10221,.T.);
#14591=ADVANCED_FACE('',(#9717),#10222,.F.);
#14592=ADVANCED_FACE('',(#9718),#10223,.T.);
#14593=ADVANCED_FACE('',(#9719),#10224,.T.);
#14594=ADVANCED_FACE('',(#9720),#10225,.F.);
#14595=ADVANCED_FACE('',(#9721),#10226,.T.);
#14596=ADVANCED_FACE('',(#9722),#10227,.F.);
#14597=ADVANCED_FACE('',(#9723),#10228,.T.);
#14598=ADVANCED_FACE('',(#9724),#10229,.T.);
#14599=ADVANCED_FACE('',(#9725),#10230,.F.);
#14600=ADVANCED_FACE('',(#9726),#10231,.T.);
#14601=ADVANCED_FACE('',(#9727),#10232,.F.);
#14602=ADVANCED_FACE('',(#9728),#10233,.T.);
#14603=ADVANCED_FACE('',(#9729),#10234,.T.);
#14604=ADVANCED_FACE('',(#9730),#10235,.F.);
#14605=ADVANCED_FACE('',(#9731),#10236,.T.);
#14606=ADVANCED_FACE('',(#9732),#10237,.F.);
#14607=ADVANCED_FACE('',(#9733),#10238,.T.);
#14608=ADVANCED_FACE('',(#9734),#10239,.T.);
#14609=ADVANCED_FACE('',(#9735),#10240,.F.);
#14610=ADVANCED_FACE('',(#9736),#10241,.T.);
#14611=ADVANCED_FACE('',(#9737),#10242,.F.);
#14612=ADVANCED_FACE('',(#9738),#10243,.T.);
#14613=ADVANCED_FACE('',(#9739),#10244,.T.);
#14614=ADVANCED_FACE('',(#9740),#10245,.F.);
#14615=ADVANCED_FACE('',(#9741),#10246,.T.);
#14616=ADVANCED_FACE('',(#9742),#10247,.F.);
#14617=ADVANCED_FACE('',(#9743),#10248,.T.);
#14618=ADVANCED_FACE('',(#9744),#10249,.T.);
#14619=ADVANCED_FACE('',(#9745),#10250,.F.);
#14620=ADVANCED_FACE('',(#9746),#10251,.T.);
#14621=ADVANCED_FACE('',(#9747),#10252,.F.);
#14622=ADVANCED_FACE('',(#9748),#10253,.T.);
#14623=ADVANCED_FACE('',(#9749),#10254,.T.);
#14624=ADVANCED_FACE('',(#9750),#10255,.F.);
#14625=ADVANCED_FACE('',(#9751),#10256,.T.);
#14626=ADVANCED_FACE('',(#9752),#10257,.F.);
#14627=ADVANCED_FACE('',(#9753),#10258,.T.);
#14628=ADVANCED_FACE('',(#9754),#10259,.T.);
#14629=ADVANCED_FACE('',(#9755),#10260,.F.);
#14630=ADVANCED_FACE('',(#9756),#10261,.T.);
#14631=ADVANCED_FACE('',(#9757),#10262,.F.);
#14632=ADVANCED_FACE('',(#9758),#10263,.T.);
#14633=ADVANCED_FACE('',(#9759),#10264,.T.);
#14634=ADVANCED_FACE('',(#9760),#10265,.F.);
#14635=ADVANCED_FACE('',(#9761),#10266,.T.);
#14636=ADVANCED_FACE('',(#9762),#10267,.F.);
#14637=ADVANCED_FACE('',(#9763),#10268,.T.);
#14638=ADVANCED_FACE('',(#9764),#10269,.T.);
#14639=ADVANCED_FACE('',(#9765),#10270,.F.);
#14640=ADVANCED_FACE('',(#9766),#10271,.T.);
#14641=ADVANCED_FACE('',(#9767),#10272,.F.);
#14642=ADVANCED_FACE('',(#9768),#10273,.T.);
#14643=ADVANCED_FACE('',(#9769,#9770,#9771,#9772,#9773,#9774,#9775,#9776,
#9777,#9778),#10274,.F.);
#14644=ADVANCED_FACE('',(#9779),#10275,.T.);
#14645=ADVANCED_FACE('',(#9780),#10276,.F.);
#14646=ADVANCED_FACE('',(#9781),#10277,.F.);
#14647=ADVANCED_FACE('',(#9782),#10278,.F.);
#14648=ADVANCED_FACE('',(#9783),#10279,.T.);
#14649=ADVANCED_FACE('',(#9784),#10280,.F.);
#14650=ADVANCED_FACE('',(#9785),#10281,.F.);
#14651=ADVANCED_FACE('',(#9786),#10282,.F.);
#14652=ADVANCED_FACE('',(#9787),#10283,.T.);
#14653=ADVANCED_FACE('',(#9788),#10284,.F.);
#14654=ADVANCED_FACE('',(#9789),#10285,.F.);
#14655=ADVANCED_FACE('',(#9790),#10286,.F.);
#14656=ADVANCED_FACE('',(#9791),#10287,.T.);
#14657=ADVANCED_FACE('',(#9792),#10288,.F.);
#14658=ADVANCED_FACE('',(#9793),#10289,.F.);
#14659=ADVANCED_FACE('',(#9794),#10290,.F.);
#14660=ADVANCED_FACE('',(#9795),#10291,.T.);
#14661=ADVANCED_FACE('',(#9796),#10292,.F.);
#14662=ADVANCED_FACE('',(#9797),#10293,.F.);
#14663=ADVANCED_FACE('',(#9798),#10294,.F.);
#14664=ADVANCED_FACE('',(#9799),#10295,.T.);
#14665=ADVANCED_FACE('',(#9800),#10296,.F.);
#14666=ADVANCED_FACE('',(#9801),#10297,.F.);
#14667=ADVANCED_FACE('',(#9802),#10298,.F.);
#14668=ADVANCED_FACE('',(#9803),#10299,.T.);
#14669=ADVANCED_FACE('',(#9804),#10300,.F.);
#14670=ADVANCED_FACE('',(#9805),#10301,.F.);
#14671=ADVANCED_FACE('',(#9806),#10302,.F.);
#14672=ADVANCED_FACE('',(#9807),#10303,.T.);
#14673=ADVANCED_FACE('',(#9808),#10304,.F.);
#14674=ADVANCED_FACE('',(#9809),#10305,.F.);
#14675=ADVANCED_FACE('',(#9810),#10306,.F.);
#14676=ADVANCED_FACE('',(#9811),#10307,.T.);
#14677=ADVANCED_FACE('',(#9812),#10308,.F.);
#14678=ADVANCED_FACE('',(#9813),#10309,.F.);
#14679=ADVANCED_FACE('',(#9814),#10310,.F.);
#14680=ADVANCED_FACE('',(#9815),#10311,.T.);
#14681=ADVANCED_FACE('',(#9816),#10312,.F.);
#14682=ADVANCED_FACE('',(#9817),#10313,.F.);
#14683=ADVANCED_FACE('',(#9818),#10314,.F.);
#14684=ADVANCED_FACE('',(#9819),#10315,.T.);
#14685=ADVANCED_FACE('',(#9820),#10316,.F.);
#14686=ADVANCED_FACE('',(#9821),#10317,.F.);
#14687=ADVANCED_FACE('',(#9822),#10318,.F.);
#14688=ADVANCED_FACE('',(#9823),#10319,.T.);
#14689=ADVANCED_FACE('',(#9824),#10320,.F.);
#14690=ADVANCED_FACE('',(#9825),#10321,.F.);
#14691=ADVANCED_FACE('',(#9826),#10322,.F.);
#14692=ADVANCED_FACE('',(#9827),#10323,.T.);
#14693=ADVANCED_FACE('',(#9828),#10324,.F.);
#14694=ADVANCED_FACE('',(#9829),#10325,.F.);
#14695=ADVANCED_FACE('',(#9830),#10326,.F.);
#14696=ADVANCED_FACE('',(#9831),#10327,.T.);
#14697=ADVANCED_FACE('',(#9832),#10328,.F.);
#14698=ADVANCED_FACE('',(#9833),#10329,.F.);
#14699=ADVANCED_FACE('',(#9834),#10330,.F.);
#14700=ADVANCED_FACE('',(#9835),#10331,.T.);
#14701=ADVANCED_FACE('',(#9836),#10332,.T.);
#14702=ADVANCED_FACE('',(#9837),#10333,.T.);
#14703=ADVANCED_FACE('',(#9838),#10334,.T.);
#14704=ADVANCED_FACE('',(#9839),#10335,.F.);
#14705=ADVANCED_FACE('',(#9840),#10336,.T.);
#14706=ADVANCED_FACE('',(#9841),#10337,.T.);
#14707=ADVANCED_FACE('',(#9842),#10338,.T.);
#14708=ADVANCED_FACE('',(#9843),#10339,.F.);
#14709=ADVANCED_FACE('',(#9844),#10340,.T.);
#14710=ADVANCED_FACE('',(#9845),#10341,.T.);
#14711=ADVANCED_FACE('',(#9846),#10342,.T.);
#14712=ADVANCED_FACE('',(#9847),#10343,.F.);
#14713=ADVANCED_FACE('',(#9848),#10344,.T.);
#14714=ADVANCED_FACE('',(#9849),#10345,.T.);
#14715=ADVANCED_FACE('',(#9850),#10346,.T.);
#14716=ADVANCED_FACE('',(#9851),#10347,.F.);
#14717=ADVANCED_FACE('',(#9852),#10348,.T.);
#14718=ADVANCED_FACE('',(#9853),#10349,.T.);
#14719=ADVANCED_FACE('',(#9854),#10350,.T.);
#14720=ADVANCED_FACE('',(#9855),#10351,.F.);
#14721=ADVANCED_FACE('',(#9856),#10352,.T.);
#14722=ADVANCED_FACE('',(#9857),#10353,.T.);
#14723=ADVANCED_FACE('',(#9858),#10354,.T.);
#14724=ADVANCED_FACE('',(#9859),#10355,.F.);
#14725=ADVANCED_FACE('',(#9860),#10356,.T.);
#14726=ADVANCED_FACE('',(#9861),#10357,.T.);
#14727=ADVANCED_FACE('',(#9862),#10358,.T.);
#14728=ADVANCED_FACE('',(#9863),#10359,.F.);
#14729=ADVANCED_FACE('',(#9864),#10360,.T.);
#14730=ADVANCED_FACE('',(#9865),#10361,.T.);
#14731=ADVANCED_FACE('',(#9866),#10362,.T.);
#14732=ADVANCED_FACE('',(#9867),#10363,.F.);
#14733=ADVANCED_FACE('',(#9868),#10364,.T.);
#14734=ADVANCED_FACE('',(#9869),#10365,.T.);
#14735=ADVANCED_FACE('',(#9870),#10366,.T.);
#14736=ADVANCED_FACE('',(#9871),#10367,.F.);
#14737=ADVANCED_FACE('',(#9872),#10368,.T.);
#14738=ADVANCED_FACE('',(#9873),#10369,.T.);
#14739=ADVANCED_FACE('',(#9874),#10370,.T.);
#14740=ADVANCED_FACE('',(#9875),#10371,.F.);
#14741=ADVANCED_FACE('',(#9876),#10372,.T.);
#14742=ADVANCED_FACE('',(#9877),#10373,.T.);
#14743=ADVANCED_FACE('',(#9878),#10374,.T.);
#14744=ADVANCED_FACE('',(#9879),#10375,.F.);
#14745=ADVANCED_FACE('',(#9880),#10376,.T.);
#14746=ADVANCED_FACE('',(#9881),#10377,.T.);
#14747=ADVANCED_FACE('',(#9882),#10378,.T.);
#14748=ADVANCED_FACE('',(#9883),#10379,.F.);
#14749=ADVANCED_FACE('',(#9884),#10380,.T.);
#14750=ADVANCED_FACE('',(#9885),#10381,.T.);
#14751=ADVANCED_FACE('',(#9886),#10382,.T.);
#14752=ADVANCED_FACE('',(#9887),#10383,.F.);
#14753=ADVANCED_FACE('',(#9888),#10384,.T.);
#14754=ADVANCED_FACE('',(#9889),#10385,.T.);
#14755=ADVANCED_FACE('',(#9890),#10386,.T.);
#14756=ADVANCED_FACE('',(#9891),#10387,.F.);
#14757=ADVANCED_FACE('',(#9892),#10388,.T.);
#14758=ADVANCED_FACE('',(#9893),#10389,.T.);
#14759=ADVANCED_FACE('',(#9894),#10390,.T.);
#14760=ADVANCED_FACE('',(#9895),#10391,.T.);
#14761=ADVANCED_FACE('',(#9896),#10392,.T.);
#14762=ADVANCED_FACE('',(#9897),#10393,.T.);
#14763=ADVANCED_FACE('',(#9898),#10394,.T.);
#14764=ADVANCED_FACE('',(#9899),#10395,.T.);
#14765=ADVANCED_FACE('',(#9900),#10396,.T.);
#14766=ADVANCED_FACE('',(#9901),#10397,.T.);
#14767=ADVANCED_FACE('',(#9902),#10398,.T.);
#14768=ADVANCED_FACE('',(#9903),#10399,.T.);
#14769=ADVANCED_FACE('',(#9904),#10400,.T.);
#14770=ADVANCED_FACE('',(#9905),#10401,.T.);
#14771=ADVANCED_FACE('',(#9906),#10402,.T.);
#14772=ADVANCED_FACE('',(#9907),#10403,.T.);
#14773=ADVANCED_FACE('',(#9908),#10404,.T.);
#14774=ADVANCED_FACE('',(#9909),#10405,.T.);
#14775=ADVANCED_FACE('',(#9910),#10406,.T.);
#14776=ADVANCED_FACE('',(#9911),#10407,.T.);
#14777=ADVANCED_FACE('',(#9912),#10408,.T.);
#14778=ADVANCED_FACE('',(#9913),#10409,.T.);
#14779=ADVANCED_FACE('',(#9914),#10410,.T.);
#14780=ADVANCED_FACE('',(#9915),#10411,.T.);
#14781=ADVANCED_FACE('',(#9916),#10412,.T.);
#14782=ADVANCED_FACE('',(#9917),#10413,.T.);
#14783=ADVANCED_FACE('',(#9918),#10414,.T.);
#14784=ADVANCED_FACE('',(#9919),#10415,.T.);
#14785=ADVANCED_FACE('',(#9920),#10416,.T.);
#14786=ADVANCED_FACE('',(#9921),#10417,.T.);
#14787=ADVANCED_FACE('',(#9922),#10418,.T.);
#14788=ADVANCED_FACE('',(#9923),#10419,.T.);
#14789=ADVANCED_FACE('',(#9924),#10420,.T.);
#14790=ADVANCED_FACE('',(#9925),#10421,.T.);
#14791=ADVANCED_FACE('',(#9926),#10422,.T.);
#14792=ADVANCED_FACE('',(#9927),#10423,.T.);
#14793=ADVANCED_FACE('',(#9928),#10424,.T.);
#14794=ADVANCED_FACE('',(#9929),#10425,.T.);
#14795=ADVANCED_FACE('',(#9930),#10426,.T.);
#14796=ADVANCED_FACE('',(#9931),#10427,.T.);
#14797=ADVANCED_FACE('',(#9932),#10428,.T.);
#14798=ADVANCED_FACE('',(#9933),#10429,.T.);
#14799=ADVANCED_FACE('',(#9934),#10430,.T.);
#14800=ADVANCED_FACE('',(#9935),#10431,.T.);
#14801=ADVANCED_FACE('',(#9936),#10432,.T.);
#14802=ADVANCED_FACE('',(#9937),#10433,.T.);
#14803=ADVANCED_FACE('',(#9938),#10434,.T.);
#14804=ADVANCED_FACE('',(#9939),#10435,.T.);
#14805=ADVANCED_FACE('',(#9940),#10436,.T.);
#14806=ADVANCED_FACE('',(#9941),#10437,.T.);
#14807=ADVANCED_FACE('',(#9942),#10438,.T.);
#14808=ADVANCED_FACE('',(#9943),#80,.T.);
#14809=ADVANCED_FACE('',(#9944),#10439,.F.);
#14810=ADVANCED_FACE('',(#9945),#81,.T.);
#14811=ADVANCED_FACE('',(#9946),#82,.T.);
#14812=ADVANCED_FACE('',(#9947),#83,.T.);
#14813=ADVANCED_FACE('',(#9948,#9949),#27,.T.);
#14814=ADVANCED_FACE('',(#9950),#10440,.T.);
#14815=ADVANCED_FACE('',(#9951),#10441,.T.);
#14816=ADVANCED_FACE('',(#9952),#10442,.T.);
#14817=ADVANCED_FACE('',(#9953),#10443,.F.);
#14818=ADVANCED_FACE('',(#9954),#10444,.T.);
#14819=ADVANCED_FACE('',(#9955),#10445,.T.);
#14820=ADVANCED_FACE('',(#9956),#10446,.F.);
#14821=ADVANCED_FACE('',(#9957),#10447,.F.);
#14822=ADVANCED_FACE('',(#9958),#10448,.F.);
#14823=ADVANCED_FACE('',(#9959),#20,.F.);
#14824=ADVANCED_FACE('',(#9960),#10449,.T.);
#14825=ADVANCED_FACE('',(#9961),#10450,.F.);
#14826=ADVANCED_FACE('',(#9962),#10451,.F.);
#14827=ADVANCED_FACE('',(#9963),#10452,.F.);
#14828=ADVANCED_FACE('',(#9964),#10453,.F.);
#14829=ADVANCED_FACE('',(#9965),#10454,.F.);
#14830=ADVANCED_FACE('',(#9966),#10455,.T.);
#14831=ADVANCED_FACE('',(#9967),#10456,.F.);
#14832=ADVANCED_FACE('',(#9968),#10457,.F.);
#14833=ADVANCED_FACE('',(#9969),#10458,.F.);
#14834=ADVANCED_FACE('',(#9970),#10459,.F.);
#14835=ADVANCED_FACE('',(#9971),#10460,.F.);
#14836=ADVANCED_FACE('',(#9972),#10461,.F.);
#14837=ADVANCED_FACE('',(#9973),#10462,.F.);
#14838=ADVANCED_FACE('',(#9974),#84,.F.);
#14839=ADVANCED_FACE('',(#9975),#10463,.F.);
#14840=ADVANCED_FACE('',(#9976),#85,.F.);
#14841=ADVANCED_FACE('',(#9977),#10464,.F.);
#14842=ADVANCED_FACE('',(#9978),#86,.F.);
#14843=ADVANCED_FACE('',(#9979),#10465,.F.);
#14844=ADVANCED_FACE('',(#9980),#10466,.F.);
#14845=ADVANCED_FACE('',(#9981),#10467,.F.);
#14846=ADVANCED_FACE('',(#9982),#10468,.F.);
#14847=ADVANCED_FACE('',(#9983),#10469,.F.);
#14848=ADVANCED_FACE('',(#9984),#10470,.F.);
#14849=ADVANCED_FACE('',(#9985),#10471,.F.);
#14850=ADVANCED_FACE('',(#9986),#10472,.F.);
#14851=ADVANCED_FACE('',(#9987),#10473,.F.);
#14852=ADVANCED_FACE('',(#9988),#10474,.F.);
#14853=ADVANCED_FACE('',(#9989),#10475,.F.);
#14854=ADVANCED_FACE('',(#9990),#10476,.F.);
#14855=ADVANCED_FACE('',(#9991),#10477,.F.);
#14856=ADVANCED_FACE('',(#9992),#10478,.F.);
#14857=ADVANCED_FACE('',(#9993),#10479,.F.);
#14858=ADVANCED_FACE('',(#9994),#10480,.F.);
#14859=ADVANCED_FACE('',(#9995),#10481,.F.);
#14860=ADVANCED_FACE('',(#9996),#10482,.F.);
#14861=ADVANCED_FACE('',(#9997,#9998),#10483,.T.);
#14862=ADVANCED_FACE('',(#9999),#10484,.T.);
#14863=ADVANCED_FACE('',(#10000),#10485,.T.);
#14864=ADVANCED_FACE('',(#10001),#10486,.T.);
#14865=ADVANCED_FACE('',(#10002),#10487,.T.);
#14866=ADVANCED_FACE('',(#10003),#10488,.T.);
#14867=ADVANCED_FACE('',(#10004),#10489,.T.);
#14868=ADVANCED_FACE('',(#10005),#10490,.T.);
#14869=ADVANCED_FACE('',(#10006,#10007),#87,.F.);
#14870=ADVANCED_FACE('',(#10008),#10491,.F.);
#14871=ADVANCED_FACE('',(#10009),#88,.T.);
#14872=ADVANCED_FACE('',(#10010),#89,.T.);
#14873=ADVANCED_FACE('',(#10011),#90,.T.);
#14874=ADVANCED_FACE('',(#10012),#91,.T.);
#14875=ADVANCED_FACE('',(#10013),#92,.T.);
#14876=ADVANCED_FACE('',(#10014),#93,.T.);
#14877=CLOSED_SHELL('',(#14329,#14330,#14331,#14332,#14333,#14334,#14335,
#14336,#14337,#14338,#14339,#14340,#14341,#14342,#14343,#14344,#14345,#14346,
#14347,#14348,#14349,#14350,#14351,#14352,#14353,#14354,#14355,#14356,#14357,
#14358,#14359,#14360,#14361,#14362,#14363,#14364,#14365,#14366,#14367,#14368,
#14369,#14370,#14371,#14372,#14373,#14374,#14375,#14376,#14377,#14378,#14379,
#14380,#14381,#14382,#14383,#14384,#14385,#14386,#14387,#14388,#14389,#14390,
#14391,#14392,#14393,#14394,#14395,#14396,#14397,#14398,#14399,#14400,#14401,
#14402,#14403,#14404,#14405,#14406,#14407,#14408,#14409,#14410,#14411,#14412,
#14413,#14414,#14415,#14416,#14417,#14418,#14419,#14420,#14421,#14422,#14423,
#14424,#14425,#14426,#14427,#14428,#14429,#14430,#14431,#14432,#14433,#14434,
#14435,#14436,#14437,#14438,#14439,#14440,#14441,#14442,#14443,#14444,#14445,
#14446,#14447,#14448,#14449,#14450,#14451,#14452,#14453,#14454,#14455,#14456,
#14457,#14458,#14459,#14460,#14461,#14462,#14463,#14464,#14465,#14466,#14467,
#14468,#14469,#14470,#14471,#14472,#14473,#14474,#14475,#14476,#14477,#14478,
#14479,#14480,#14481,#14482,#14483,#14484,#14485,#14486,#14487,#14488,#14489,
#14490,#14491,#14492,#14493,#14494,#14495,#14496,#14497,#14498,#14499,#14500,
#14501,#14502,#14503,#14504,#14505,#14506,#14507,#14508,#14509,#14510,#14511,
#14512,#14513,#14514,#14515,#14516,#14517,#14518,#14519,#14520,#14521,#14522,
#14523,#14524,#14525,#14526,#14527,#14528,#14529,#14530,#14531,#14532,#14533,
#14534,#14535,#14536,#14537,#14538,#14539,#14540,#14541,#14542,#14543,#14544,
#14545,#14546,#14547,#14548,#14549,#14550,#14551,#14552,#14553,#14554,#14555,
#14556,#14557,#14558,#14559,#14560,#14561,#14562,#14563,#14564,#14565,#14566,
#14567,#14568,#14569,#14570,#14571,#14572,#14573,#14574,#14575,#14576,#14577,
#14578,#14579,#14580,#14581,#14582,#14583,#14584,#14585,#14586,#14587,#14588,
#14589,#14590,#14591,#14592,#14593,#14594,#14595,#14596,#14597,#14598,#14599,
#14600,#14601,#14602,#14603,#14604,#14605,#14606,#14607,#14608,#14609,#14610,
#14611,#14612,#14613,#14614,#14615,#14616,#14617,#14618,#14619,#14620,#14621,
#14622,#14623,#14624,#14625,#14626,#14627,#14628,#14629,#14630,#14631,#14632,
#14633,#14634,#14635,#14636,#14637,#14638,#14639,#14640,#14641,#14642,#14643,
#14644,#14645,#14646,#14647,#14648,#14649,#14650,#14651,#14652,#14653,#14654,
#14655,#14656,#14657,#14658,#14659,#14660,#14661,#14662,#14663,#14664,#14665,
#14666,#14667,#14668,#14669,#14670,#14671,#14672,#14673,#14674,#14675,#14676,
#14677,#14678,#14679,#14680,#14681,#14682,#14683,#14684,#14685,#14686,#14687,
#14688,#14689,#14690,#14691,#14692,#14693,#14694,#14695,#14696,#14697,#14698,
#14699,#14700,#14701,#14702,#14703,#14704,#14705,#14706,#14707,#14708,#14709,
#14710,#14711,#14712,#14713,#14714,#14715,#14716,#14717,#14718,#14719,#14720,
#14721,#14722,#14723,#14724,#14725,#14726,#14727,#14728,#14729,#14730,#14731,
#14732,#14733,#14734,#14735,#14736,#14737,#14738,#14739,#14740,#14741,#14742,
#14743,#14744,#14745,#14746,#14747,#14748,#14749,#14750,#14751,#14752,#14753,
#14754,#14755,#14756,#14757,#14758,#14759,#14760,#14761,#14762,#14763,#14764,
#14765,#14766,#14767,#14768,#14769,#14770,#14771,#14772,#14773,#14774,#14775,
#14776,#14777,#14778,#14779,#14780,#14781,#14782,#14783,#14784,#14785,#14786,
#14787,#14788,#14789,#14790,#14791,#14792,#14793,#14794,#14795,#14796,#14797,
#14798,#14799,#14800,#14801,#14802,#14803,#14804,#14805,#14806,#14807,#14808,
#14809,#14810,#14811,#14812,#14813,#14814,#14815,#14816,#14817,#14818,#14819,
#14820,#14821,#14822,#14823,#14824,#14825,#14826,#14827,#14828,#14829,#14830,
#14831));
#14878=CLOSED_SHELL('',(#14832,#14833,#14834,#14835,#14836,#14837,#14838,
#14839,#14840,#14841,#14842,#14843,#14844,#14845,#14846,#14847,#14848,#14849,
#14850,#14851,#14852,#14853,#14854,#14855,#14856,#14857,#14858,#14859,#14860,
#14861,#14862,#14863,#14864,#14865,#14866,#14867,#14868,#14869,#14870,#14871,
#14872,#14873,#14874,#14875,#14876));
#14879=MANIFOLD_SOLID_BREP('',#14877);
#14880=MANIFOLD_SOLID_BREP('',#14878);
#14881=SHAPE_DEFINITION_REPRESENTATION(#21566,#14882);
#14882=SHAPE_REPRESENTATION('ESP32-S3-WROOM-1U-N8R8',(#14883),#21561);
#14883=AXIS2_PLACEMENT_3D('',#18376,#15570,#15571);
#14884=AXIS2_PLACEMENT_3D('',#18377,#15572,#15573);
#14885=AXIS2_PLACEMENT_3D('',#18394,#15582,#15583);
#14886=AXIS2_PLACEMENT_3D('',#18411,#15592,#15593);
#14887=AXIS2_PLACEMENT_3D('',#18415,#15595,#15596);
#14888=AXIS2_PLACEMENT_3D('',#18419,#15598,#15599);
#14889=AXIS2_PLACEMENT_3D('',#18421,#15600,#15601);
#14890=AXIS2_PLACEMENT_3D('',#18423,#15602,#15603);
#14891=AXIS2_PLACEMENT_3D('',#18424,#15604,#15605);
#14892=AXIS2_PLACEMENT_3D('',#18427,#15607,#15608);
#14893=AXIS2_PLACEMENT_3D('',#18431,#15610,#15611);
#14894=AXIS2_PLACEMENT_3D('',#18435,#15613,#15614);
#14895=AXIS2_PLACEMENT_3D('',#18438,#15616,#15617);
#14896=AXIS2_PLACEMENT_3D('',#18440,#15618,#15619);
#14897=AXIS2_PLACEMENT_3D('',#18446,#15623,#15624);
#14898=AXIS2_PLACEMENT_3D('',#18450,#15626,#15627);
#14899=AXIS2_PLACEMENT_3D('',#18456,#15631,#15632);
#14900=AXIS2_PLACEMENT_3D('',#18468,#15638,#15639);
#14901=AXIS2_PLACEMENT_3D('',#18797,#15804,#15805);
#14902=AXIS2_PLACEMENT_3D('',#18811,#15813,#15814);
#14903=AXIS2_PLACEMENT_3D('',#18812,#15815,#15816);
#14904=AXIS2_PLACEMENT_3D('',#18816,#15818,#15819);
#14905=AXIS2_PLACEMENT_3D('',#18817,#15820,#15821);
#14906=AXIS2_PLACEMENT_3D('',#18821,#15823,#15824);
#14907=AXIS2_PLACEMENT_3D('',#18822,#15825,#15826);
#14908=AXIS2_PLACEMENT_3D('',#18824,#15828,#15829);
#14909=AXIS2_PLACEMENT_3D('',#18825,#15830,#15831);
#14910=AXIS2_PLACEMENT_3D('',#18827,#15832,#15833);
#14911=AXIS2_PLACEMENT_3D('',#18832,#15836,#15837);
#14912=AXIS2_PLACEMENT_3D('',#18833,#15838,#15839);
#14913=AXIS2_PLACEMENT_3D('',#18835,#15840,#15841);
#14914=AXIS2_PLACEMENT_3D('',#18837,#15842,#15843);
#14915=AXIS2_PLACEMENT_3D('',#18840,#15845,#15846);
#14916=AXIS2_PLACEMENT_3D('',#18843,#15848,#15849);
#14917=AXIS2_PLACEMENT_3D('',#18847,#15851,#15852);
#14918=AXIS2_PLACEMENT_3D('',#18851,#15854,#15855);
#14919=AXIS2_PLACEMENT_3D('',#18852,#15856,#15857);
#14920=AXIS2_PLACEMENT_3D('',#18853,#15858,#15859);
#14921=AXIS2_PLACEMENT_3D('',#18855,#15860,#15861);
#14922=AXIS2_PLACEMENT_3D('',#18857,#15862,#15863);
#14923=AXIS2_PLACEMENT_3D('',#18861,#15866,#15867);
#14924=AXIS2_PLACEMENT_3D('',#18862,#15868,#15869);
#14925=AXIS2_PLACEMENT_3D('',#18863,#15870,#15871);
#14926=AXIS2_PLACEMENT_3D('',#18864,#15872,#15873);
#14927=AXIS2_PLACEMENT_3D('',#18867,#15875,#15876);
#14928=AXIS2_PLACEMENT_3D('',#18869,#15878,#15879);
#14929=AXIS2_PLACEMENT_3D('',#18874,#15882,#15883);
#14930=AXIS2_PLACEMENT_3D('',#18875,#15884,#15885);
#14931=AXIS2_PLACEMENT_3D('',#18876,#15886,#15887);
#14932=AXIS2_PLACEMENT_3D('',#18877,#15888,#15889);
#14933=AXIS2_PLACEMENT_3D('',#18880,#15891,#15892);
#14934=AXIS2_PLACEMENT_3D('',#18881,#15893,#15894);
#14935=AXIS2_PLACEMENT_3D('',#18884,#15896,#15897);
#14936=AXIS2_PLACEMENT_3D('',#18886,#15899,#15900);
#14937=AXIS2_PLACEMENT_3D('',#18888,#15902,#15903);
#14938=AXIS2_PLACEMENT_3D('',#18889,#15904,#15905);
#14939=AXIS2_PLACEMENT_3D('',#18891,#15906,#15907);
#14940=AXIS2_PLACEMENT_3D('',#18892,#15908,#15909);
#14941=AXIS2_PLACEMENT_3D('',#18894,#15910,#15911);
#14942=AXIS2_PLACEMENT_3D('',#18895,#15912,#15913);
#14943=AXIS2_PLACEMENT_3D('',#18897,#15914,#15915);
#14944=AXIS2_PLACEMENT_3D('',#18898,#15916,#15917);
#14945=AXIS2_PLACEMENT_3D('',#18899,#15918,#15919);
#14946=AXIS2_PLACEMENT_3D('',#18900,#15920,#15921);
#14947=AXIS2_PLACEMENT_3D('',#18902,#15922,#15923);
#14948=AXIS2_PLACEMENT_3D('',#18903,#15924,#15925);
#14949=AXIS2_PLACEMENT_3D('',#18905,#15926,#15927);
#14950=AXIS2_PLACEMENT_3D('',#18906,#15928,#15929);
#14951=AXIS2_PLACEMENT_3D('',#18915,#15934,#15935);
#14952=AXIS2_PLACEMENT_3D('',#18924,#15940,#15941);
#14953=AXIS2_PLACEMENT_3D('',#18933,#15946,#15947);
#14954=AXIS2_PLACEMENT_3D('',#18942,#15952,#15953);
#14955=AXIS2_PLACEMENT_3D('',#18951,#15958,#15959);
#14956=AXIS2_PLACEMENT_3D('',#18960,#15964,#15965);
#14957=AXIS2_PLACEMENT_3D('',#18969,#15970,#15971);
#14958=AXIS2_PLACEMENT_3D('',#18978,#15976,#15977);
#14959=AXIS2_PLACEMENT_3D('',#18987,#15982,#15983);
#14960=AXIS2_PLACEMENT_3D('',#18991,#15985,#15986);
#14961=AXIS2_PLACEMENT_3D('',#18995,#15988,#15989);
#14962=AXIS2_PLACEMENT_3D('',#18996,#15990,#15991);
#14963=AXIS2_PLACEMENT_3D('',#19000,#15993,#15994);
#14964=AXIS2_PLACEMENT_3D('',#19004,#15996,#15997);
#14965=AXIS2_PLACEMENT_3D('',#19005,#15998,#15999);
#14966=AXIS2_PLACEMENT_3D('',#19009,#16001,#16002);
#14967=AXIS2_PLACEMENT_3D('',#19013,#16004,#16005);
#14968=AXIS2_PLACEMENT_3D('',#19014,#16006,#16007);
#14969=AXIS2_PLACEMENT_3D('',#19018,#16009,#16010);
#14970=AXIS2_PLACEMENT_3D('',#19022,#16012,#16013);
#14971=AXIS2_PLACEMENT_3D('',#19023,#16014,#16015);
#14972=AXIS2_PLACEMENT_3D('',#19027,#16017,#16018);
#14973=AXIS2_PLACEMENT_3D('',#19031,#16020,#16021);
#14974=AXIS2_PLACEMENT_3D('',#19032,#16022,#16023);
#14975=AXIS2_PLACEMENT_3D('',#19036,#16025,#16026);
#14976=AXIS2_PLACEMENT_3D('',#19040,#16028,#16029);
#14977=AXIS2_PLACEMENT_3D('',#19041,#16030,#16031);
#14978=AXIS2_PLACEMENT_3D('',#19045,#16033,#16034);
#14979=AXIS2_PLACEMENT_3D('',#19049,#16036,#16037);
#14980=AXIS2_PLACEMENT_3D('',#19050,#16038,#16039);
#14981=AXIS2_PLACEMENT_3D('',#19054,#16041,#16042);
#14982=AXIS2_PLACEMENT_3D('',#19058,#16044,#16045);
#14983=AXIS2_PLACEMENT_3D('',#19059,#16046,#16047);
#14984=AXIS2_PLACEMENT_3D('',#19063,#16049,#16050);
#14985=AXIS2_PLACEMENT_3D('',#19067,#16052,#16053);
#14986=AXIS2_PLACEMENT_3D('',#19068,#16054,#16055);
#14987=AXIS2_PLACEMENT_3D('',#19072,#16057,#16058);
#14988=AXIS2_PLACEMENT_3D('',#19076,#16060,#16061);
#14989=AXIS2_PLACEMENT_3D('',#19077,#16062,#16063);
#14990=AXIS2_PLACEMENT_3D('',#19081,#16065,#16066);
#14991=AXIS2_PLACEMENT_3D('',#19085,#16068,#16069);
#14992=AXIS2_PLACEMENT_3D('',#19086,#16070,#16071);
#14993=AXIS2_PLACEMENT_3D('',#19090,#16073,#16074);
#14994=AXIS2_PLACEMENT_3D('',#19094,#16076,#16077);
#14995=AXIS2_PLACEMENT_3D('',#19095,#16078,#16079);
#14996=AXIS2_PLACEMENT_3D('',#19099,#16081,#16082);
#14997=AXIS2_PLACEMENT_3D('',#19103,#16084,#16085);
#14998=AXIS2_PLACEMENT_3D('',#19104,#16086,#16087);
#14999=AXIS2_PLACEMENT_3D('',#19108,#16089,#16090);
#15000=AXIS2_PLACEMENT_3D('',#19112,#16092,#16093);
#15001=AXIS2_PLACEMENT_3D('',#19113,#16094,#16095);
#15002=AXIS2_PLACEMENT_3D('',#19117,#16097,#16098);
#15003=AXIS2_PLACEMENT_3D('',#19121,#16100,#16101);
#15004=AXIS2_PLACEMENT_3D('',#19122,#16102,#16103);
#15005=AXIS2_PLACEMENT_3D('',#19126,#16105,#16106);
#15006=AXIS2_PLACEMENT_3D('',#19130,#16108,#16109);
#15007=AXIS2_PLACEMENT_3D('',#19131,#16110,#16111);
#15008=AXIS2_PLACEMENT_3D('',#19135,#16113,#16114);
#15009=AXIS2_PLACEMENT_3D('',#19139,#16116,#16117);
#15010=AXIS2_PLACEMENT_3D('',#19140,#16118,#16119);
#15011=AXIS2_PLACEMENT_3D('',#19144,#16121,#16122);
#15012=AXIS2_PLACEMENT_3D('',#19148,#16124,#16125);
#15013=AXIS2_PLACEMENT_3D('',#19149,#16126,#16127);
#15014=AXIS2_PLACEMENT_3D('',#19153,#16129,#16130);
#15015=AXIS2_PLACEMENT_3D('',#19157,#16132,#16133);
#15016=AXIS2_PLACEMENT_3D('',#19158,#16134,#16135);
#15017=AXIS2_PLACEMENT_3D('',#19162,#16137,#16138);
#15018=AXIS2_PLACEMENT_3D('',#19166,#16140,#16141);
#15019=AXIS2_PLACEMENT_3D('',#19167,#16142,#16143);
#15020=AXIS2_PLACEMENT_3D('',#19171,#16145,#16146);
#15021=AXIS2_PLACEMENT_3D('',#19175,#16148,#16149);
#15022=AXIS2_PLACEMENT_3D('',#19176,#16150,#16151);
#15023=AXIS2_PLACEMENT_3D('',#19180,#16153,#16154);
#15024=AXIS2_PLACEMENT_3D('',#19184,#16156,#16157);
#15025=AXIS2_PLACEMENT_3D('',#19185,#16158,#16159);
#15026=AXIS2_PLACEMENT_3D('',#19189,#16161,#16162);
#15027=AXIS2_PLACEMENT_3D('',#19193,#16164,#16165);
#15028=AXIS2_PLACEMENT_3D('',#19194,#16166,#16167);
#15029=AXIS2_PLACEMENT_3D('',#19198,#16169,#16170);
#15030=AXIS2_PLACEMENT_3D('',#19202,#16172,#16173);
#15031=AXIS2_PLACEMENT_3D('',#19203,#16174,#16175);
#15032=AXIS2_PLACEMENT_3D('',#19207,#16177,#16178);
#15033=AXIS2_PLACEMENT_3D('',#19211,#16180,#16181);
#15034=AXIS2_PLACEMENT_3D('',#19212,#16182,#16183);
#15035=AXIS2_PLACEMENT_3D('',#19216,#16185,#16186);
#15036=AXIS2_PLACEMENT_3D('',#19220,#16188,#16189);
#15037=AXIS2_PLACEMENT_3D('',#19221,#16190,#16191);
#15038=AXIS2_PLACEMENT_3D('',#19225,#16193,#16194);
#15039=AXIS2_PLACEMENT_3D('',#19229,#16196,#16197);
#15040=AXIS2_PLACEMENT_3D('',#19230,#16198,#16199);
#15041=AXIS2_PLACEMENT_3D('',#19234,#16201,#16202);
#15042=AXIS2_PLACEMENT_3D('',#19238,#16204,#16205);
#15043=AXIS2_PLACEMENT_3D('',#19239,#16206,#16207);
#15044=AXIS2_PLACEMENT_3D('',#19240,#16208,#16209);
#15045=AXIS2_PLACEMENT_3D('',#19245,#16211,#16212);
#15046=AXIS2_PLACEMENT_3D('',#19248,#16214,#16215);
#15047=AXIS2_PLACEMENT_3D('',#19249,#16216,#16217);
#15048=AXIS2_PLACEMENT_3D('',#19254,#16219,#16220);
#15049=AXIS2_PLACEMENT_3D('',#19257,#16222,#16223);
#15050=AXIS2_PLACEMENT_3D('',#19258,#16224,#16225);
#15051=AXIS2_PLACEMENT_3D('',#19263,#16227,#16228);
#15052=AXIS2_PLACEMENT_3D('',#19266,#16230,#16231);
#15053=AXIS2_PLACEMENT_3D('',#19267,#16232,#16233);
#15054=AXIS2_PLACEMENT_3D('',#19272,#16235,#16236);
#15055=AXIS2_PLACEMENT_3D('',#19275,#16238,#16239);
#15056=AXIS2_PLACEMENT_3D('',#19276,#16240,#16241);
#15057=AXIS2_PLACEMENT_3D('',#19281,#16243,#16244);
#15058=AXIS2_PLACEMENT_3D('',#19284,#16246,#16247);
#15059=AXIS2_PLACEMENT_3D('',#19285,#16248,#16249);
#15060=AXIS2_PLACEMENT_3D('',#19290,#16251,#16252);
#15061=AXIS2_PLACEMENT_3D('',#19293,#16254,#16255);
#15062=AXIS2_PLACEMENT_3D('',#19294,#16256,#16257);
#15063=AXIS2_PLACEMENT_3D('',#19299,#16259,#16260);
#15064=AXIS2_PLACEMENT_3D('',#19302,#16262,#16263);
#15065=AXIS2_PLACEMENT_3D('',#19303,#16264,#16265);
#15066=AXIS2_PLACEMENT_3D('',#19308,#16267,#16268);
#15067=AXIS2_PLACEMENT_3D('',#19311,#16270,#16271);
#15068=AXIS2_PLACEMENT_3D('',#19312,#16272,#16273);
#15069=AXIS2_PLACEMENT_3D('',#19317,#16275,#16276);
#15070=AXIS2_PLACEMENT_3D('',#19320,#16278,#16279);
#15071=AXIS2_PLACEMENT_3D('',#19321,#16280,#16281);
#15072=AXIS2_PLACEMENT_3D('',#19326,#16283,#16284);
#15073=AXIS2_PLACEMENT_3D('',#19329,#16286,#16287);
#15074=AXIS2_PLACEMENT_3D('',#19330,#16288,#16289);
#15075=AXIS2_PLACEMENT_3D('',#19335,#16291,#16292);
#15076=AXIS2_PLACEMENT_3D('',#19338,#16294,#16295);
#15077=AXIS2_PLACEMENT_3D('',#19339,#16296,#16297);
#15078=AXIS2_PLACEMENT_3D('',#19344,#16299,#16300);
#15079=AXIS2_PLACEMENT_3D('',#19347,#16302,#16303);
#15080=AXIS2_PLACEMENT_3D('',#19353,#16307,#16308);
#15081=AXIS2_PLACEMENT_3D('',#19357,#16311,#16312);
#15082=AXIS2_PLACEMENT_3D('',#19361,#16315,#16316);
#15083=AXIS2_PLACEMENT_3D('',#19363,#16318,#16319);
#15084=AXIS2_PLACEMENT_3D('',#19369,#16323,#16324);
#15085=AXIS2_PLACEMENT_3D('',#19373,#16327,#16328);
#15086=AXIS2_PLACEMENT_3D('',#19377,#16331,#16332);
#15087=AXIS2_PLACEMENT_3D('',#19379,#16334,#16335);
#15088=AXIS2_PLACEMENT_3D('',#19385,#16339,#16340);
#15089=AXIS2_PLACEMENT_3D('',#19389,#16343,#16344);
#15090=AXIS2_PLACEMENT_3D('',#19393,#16347,#16348);
#15091=AXIS2_PLACEMENT_3D('',#19395,#16350,#16351);
#15092=AXIS2_PLACEMENT_3D('',#19401,#16355,#16356);
#15093=AXIS2_PLACEMENT_3D('',#19405,#16359,#16360);
#15094=AXIS2_PLACEMENT_3D('',#19409,#16363,#16364);
#15095=AXIS2_PLACEMENT_3D('',#19411,#16366,#16367);
#15096=AXIS2_PLACEMENT_3D('',#19417,#16371,#16372);
#15097=AXIS2_PLACEMENT_3D('',#19421,#16375,#16376);
#15098=AXIS2_PLACEMENT_3D('',#19425,#16379,#16380);
#15099=AXIS2_PLACEMENT_3D('',#19427,#16382,#16383);
#15100=AXIS2_PLACEMENT_3D('',#19433,#16387,#16388);
#15101=AXIS2_PLACEMENT_3D('',#19437,#16391,#16392);
#15102=AXIS2_PLACEMENT_3D('',#19441,#16395,#16396);
#15103=AXIS2_PLACEMENT_3D('',#19443,#16398,#16399);
#15104=AXIS2_PLACEMENT_3D('',#19449,#16403,#16404);
#15105=AXIS2_PLACEMENT_3D('',#19453,#16407,#16408);
#15106=AXIS2_PLACEMENT_3D('',#19457,#16411,#16412);
#15107=AXIS2_PLACEMENT_3D('',#19459,#16414,#16415);
#15108=AXIS2_PLACEMENT_3D('',#19465,#16419,#16420);
#15109=AXIS2_PLACEMENT_3D('',#19469,#16423,#16424);
#15110=AXIS2_PLACEMENT_3D('',#19473,#16427,#16428);
#15111=AXIS2_PLACEMENT_3D('',#19475,#16430,#16431);
#15112=AXIS2_PLACEMENT_3D('',#19481,#16435,#16436);
#15113=AXIS2_PLACEMENT_3D('',#19485,#16439,#16440);
#15114=AXIS2_PLACEMENT_3D('',#19489,#16443,#16444);
#15115=AXIS2_PLACEMENT_3D('',#19491,#16446,#16447);
#15116=AXIS2_PLACEMENT_3D('',#19497,#16451,#16452);
#15117=AXIS2_PLACEMENT_3D('',#19505,#16457,#16458);
#15118=AXIS2_PLACEMENT_3D('',#19509,#16461,#16462);
#15119=AXIS2_PLACEMENT_3D('',#19515,#16466,#16467);
#15120=AXIS2_PLACEMENT_3D('',#19521,#16471,#16472);
#15121=AXIS2_PLACEMENT_3D('',#19527,#16476,#16477);
#15122=AXIS2_PLACEMENT_3D('',#19535,#16482,#16483);
#15123=AXIS2_PLACEMENT_3D('',#19539,#16486,#16487);
#15124=AXIS2_PLACEMENT_3D('',#19545,#16491,#16492);
#15125=AXIS2_PLACEMENT_3D('',#19551,#16496,#16497);
#15126=AXIS2_PLACEMENT_3D('',#19557,#16501,#16502);
#15127=AXIS2_PLACEMENT_3D('',#19565,#16507,#16508);
#15128=AXIS2_PLACEMENT_3D('',#19569,#16511,#16512);
#15129=AXIS2_PLACEMENT_3D('',#19575,#16516,#16517);
#15130=AXIS2_PLACEMENT_3D('',#19581,#16521,#16522);
#15131=AXIS2_PLACEMENT_3D('',#19587,#16526,#16527);
#15132=AXIS2_PLACEMENT_3D('',#19595,#16532,#16533);
#15133=AXIS2_PLACEMENT_3D('',#19599,#16536,#16537);
#15134=AXIS2_PLACEMENT_3D('',#19605,#16541,#16542);
#15135=AXIS2_PLACEMENT_3D('',#19611,#16546,#16547);
#15136=AXIS2_PLACEMENT_3D('',#19617,#16551,#16552);
#15137=AXIS2_PLACEMENT_3D('',#19625,#16557,#16558);
#15138=AXIS2_PLACEMENT_3D('',#19629,#16561,#16562);
#15139=AXIS2_PLACEMENT_3D('',#19635,#16566,#16567);
#15140=AXIS2_PLACEMENT_3D('',#19641,#16571,#16572);
#15141=AXIS2_PLACEMENT_3D('',#19647,#16576,#16577);
#15142=AXIS2_PLACEMENT_3D('',#19655,#16582,#16583);
#15143=AXIS2_PLACEMENT_3D('',#19659,#16586,#16587);
#15144=AXIS2_PLACEMENT_3D('',#19665,#16591,#16592);
#15145=AXIS2_PLACEMENT_3D('',#19671,#16596,#16597);
#15146=AXIS2_PLACEMENT_3D('',#19677,#16601,#16602);
#15147=AXIS2_PLACEMENT_3D('',#19685,#16607,#16608);
#15148=AXIS2_PLACEMENT_3D('',#19689,#16611,#16612);
#15149=AXIS2_PLACEMENT_3D('',#19695,#16616,#16617);
#15150=AXIS2_PLACEMENT_3D('',#19701,#16621,#16622);
#15151=AXIS2_PLACEMENT_3D('',#19707,#16626,#16627);
#15152=AXIS2_PLACEMENT_3D('',#19715,#16632,#16633);
#15153=AXIS2_PLACEMENT_3D('',#19719,#16636,#16637);
#15154=AXIS2_PLACEMENT_3D('',#19725,#16641,#16642);
#15155=AXIS2_PLACEMENT_3D('',#19731,#16646,#16647);
#15156=AXIS2_PLACEMENT_3D('',#19737,#16651,#16652);
#15157=AXIS2_PLACEMENT_3D('',#19745,#16657,#16658);
#15158=AXIS2_PLACEMENT_3D('',#19749,#16661,#16662);
#15159=AXIS2_PLACEMENT_3D('',#19755,#16666,#16667);
#15160=AXIS2_PLACEMENT_3D('',#19761,#16671,#16672);
#15161=AXIS2_PLACEMENT_3D('',#19767,#16676,#16677);
#15162=AXIS2_PLACEMENT_3D('',#19775,#16682,#16683);
#15163=AXIS2_PLACEMENT_3D('',#19779,#16686,#16687);
#15164=AXIS2_PLACEMENT_3D('',#19785,#16691,#16692);
#15165=AXIS2_PLACEMENT_3D('',#19791,#16696,#16697);
#15166=AXIS2_PLACEMENT_3D('',#19797,#16701,#16702);
#15167=AXIS2_PLACEMENT_3D('',#19805,#16707,#16708);
#15168=AXIS2_PLACEMENT_3D('',#19809,#16711,#16712);
#15169=AXIS2_PLACEMENT_3D('',#19815,#16716,#16717);
#15170=AXIS2_PLACEMENT_3D('',#19821,#16721,#16722);
#15171=AXIS2_PLACEMENT_3D('',#19827,#16726,#16727);
#15172=AXIS2_PLACEMENT_3D('',#19835,#16732,#16733);
#15173=AXIS2_PLACEMENT_3D('',#19839,#16736,#16737);
#15174=AXIS2_PLACEMENT_3D('',#19845,#16741,#16742);
#15175=AXIS2_PLACEMENT_3D('',#19851,#16746,#16747);
#15176=AXIS2_PLACEMENT_3D('',#19857,#16751,#16752);
#15177=AXIS2_PLACEMENT_3D('',#19865,#16757,#16758);
#15178=AXIS2_PLACEMENT_3D('',#19869,#16761,#16762);
#15179=AXIS2_PLACEMENT_3D('',#19875,#16766,#16767);
#15180=AXIS2_PLACEMENT_3D('',#19881,#16771,#16772);
#15181=AXIS2_PLACEMENT_3D('',#19887,#16776,#16777);
#15182=AXIS2_PLACEMENT_3D('',#19895,#16782,#16783);
#15183=AXIS2_PLACEMENT_3D('',#19899,#16786,#16787);
#15184=AXIS2_PLACEMENT_3D('',#19905,#16791,#16792);
#15185=AXIS2_PLACEMENT_3D('',#19911,#16796,#16797);
#15186=AXIS2_PLACEMENT_3D('',#19917,#16801,#16802);
#15187=AXIS2_PLACEMENT_3D('',#19925,#16807,#16808);
#15188=AXIS2_PLACEMENT_3D('',#19929,#16811,#16812);
#15189=AXIS2_PLACEMENT_3D('',#19935,#16816,#16817);
#15190=AXIS2_PLACEMENT_3D('',#19941,#16821,#16822);
#15191=AXIS2_PLACEMENT_3D('',#19947,#16826,#16827);
#15192=AXIS2_PLACEMENT_3D('',#19955,#16832,#16833);
#15193=AXIS2_PLACEMENT_3D('',#19959,#16836,#16837);
#15194=AXIS2_PLACEMENT_3D('',#19965,#16841,#16842);
#15195=AXIS2_PLACEMENT_3D('',#19971,#16846,#16847);
#15196=AXIS2_PLACEMENT_3D('',#19977,#16851,#16852);
#15197=AXIS2_PLACEMENT_3D('',#19985,#16857,#16858);
#15198=AXIS2_PLACEMENT_3D('',#19989,#16861,#16862);
#15199=AXIS2_PLACEMENT_3D('',#19995,#16866,#16867);
#15200=AXIS2_PLACEMENT_3D('',#20001,#16871,#16872);
#15201=AXIS2_PLACEMENT_3D('',#20007,#16876,#16877);
#15202=AXIS2_PLACEMENT_3D('',#20015,#16882,#16883);
#15203=AXIS2_PLACEMENT_3D('',#20019,#16886,#16887);
#15204=AXIS2_PLACEMENT_3D('',#20025,#16891,#16892);
#15205=AXIS2_PLACEMENT_3D('',#20031,#16896,#16897);
#15206=AXIS2_PLACEMENT_3D('',#20037,#16901,#16902);
#15207=AXIS2_PLACEMENT_3D('',#20045,#16907,#16908);
#15208=AXIS2_PLACEMENT_3D('',#20049,#16911,#16912);
#15209=AXIS2_PLACEMENT_3D('',#20055,#16916,#16917);
#15210=AXIS2_PLACEMENT_3D('',#20061,#16921,#16922);
#15211=AXIS2_PLACEMENT_3D('',#20067,#16926,#16927);
#15212=AXIS2_PLACEMENT_3D('',#20075,#16932,#16933);
#15213=AXIS2_PLACEMENT_3D('',#20079,#16936,#16937);
#15214=AXIS2_PLACEMENT_3D('',#20085,#16941,#16942);
#15215=AXIS2_PLACEMENT_3D('',#20091,#16946,#16947);
#15216=AXIS2_PLACEMENT_3D('',#20097,#16951,#16952);
#15217=AXIS2_PLACEMENT_3D('',#20105,#16957,#16958);
#15218=AXIS2_PLACEMENT_3D('',#20109,#16961,#16962);
#15219=AXIS2_PLACEMENT_3D('',#20115,#16966,#16967);
#15220=AXIS2_PLACEMENT_3D('',#20121,#16971,#16972);
#15221=AXIS2_PLACEMENT_3D('',#20127,#16976,#16977);
#15222=AXIS2_PLACEMENT_3D('',#20135,#16982,#16983);
#15223=AXIS2_PLACEMENT_3D('',#20139,#16986,#16987);
#15224=AXIS2_PLACEMENT_3D('',#20145,#16991,#16992);
#15225=AXIS2_PLACEMENT_3D('',#20151,#16996,#16997);
#15226=AXIS2_PLACEMENT_3D('',#20157,#17001,#17002);
#15227=AXIS2_PLACEMENT_3D('',#20165,#17007,#17008);
#15228=AXIS2_PLACEMENT_3D('',#20169,#17011,#17012);
#15229=AXIS2_PLACEMENT_3D('',#20175,#17016,#17017);
#15230=AXIS2_PLACEMENT_3D('',#20181,#17021,#17022);
#15231=AXIS2_PLACEMENT_3D('',#20187,#17026,#17027);
#15232=AXIS2_PLACEMENT_3D('',#20195,#17032,#17033);
#15233=AXIS2_PLACEMENT_3D('',#20199,#17036,#17037);
#15234=AXIS2_PLACEMENT_3D('',#20205,#17041,#17042);
#15235=AXIS2_PLACEMENT_3D('',#20211,#17046,#17047);
#15236=AXIS2_PLACEMENT_3D('',#20217,#17051,#17052);
#15237=AXIS2_PLACEMENT_3D('',#20225,#17057,#17058);
#15238=AXIS2_PLACEMENT_3D('',#20229,#17061,#17062);
#15239=AXIS2_PLACEMENT_3D('',#20235,#17066,#17067);
#15240=AXIS2_PLACEMENT_3D('',#20241,#17071,#17072);
#15241=AXIS2_PLACEMENT_3D('',#20247,#17076,#17077);
#15242=AXIS2_PLACEMENT_3D('',#20255,#17082,#17083);
#15243=AXIS2_PLACEMENT_3D('',#20259,#17086,#17087);
#15244=AXIS2_PLACEMENT_3D('',#20265,#17091,#17092);
#15245=AXIS2_PLACEMENT_3D('',#20271,#17096,#17097);
#15246=AXIS2_PLACEMENT_3D('',#20277,#17101,#17102);
#15247=AXIS2_PLACEMENT_3D('',#20285,#17107,#17108);
#15248=AXIS2_PLACEMENT_3D('',#20289,#17111,#17112);
#15249=AXIS2_PLACEMENT_3D('',#20295,#17116,#17117);
#15250=AXIS2_PLACEMENT_3D('',#20301,#17121,#17122);
#15251=AXIS2_PLACEMENT_3D('',#20307,#17126,#17127);
#15252=AXIS2_PLACEMENT_3D('',#20315,#17132,#17133);
#15253=AXIS2_PLACEMENT_3D('',#20319,#17136,#17137);
#15254=AXIS2_PLACEMENT_3D('',#20325,#17141,#17142);
#15255=AXIS2_PLACEMENT_3D('',#20331,#17146,#17147);
#15256=AXIS2_PLACEMENT_3D('',#20337,#17151,#17152);
#15257=AXIS2_PLACEMENT_3D('',#20345,#17157,#17158);
#15258=AXIS2_PLACEMENT_3D('',#20349,#17161,#17162);
#15259=AXIS2_PLACEMENT_3D('',#20355,#17166,#17167);
#15260=AXIS2_PLACEMENT_3D('',#20361,#17171,#17172);
#15261=AXIS2_PLACEMENT_3D('',#20367,#17176,#17177);
#15262=AXIS2_PLACEMENT_3D('',#20375,#17182,#17183);
#15263=AXIS2_PLACEMENT_3D('',#20379,#17186,#17187);
#15264=AXIS2_PLACEMENT_3D('',#20385,#17191,#17192);
#15265=AXIS2_PLACEMENT_3D('',#20391,#17196,#17197);
#15266=AXIS2_PLACEMENT_3D('',#20397,#17201,#17202);
#15267=AXIS2_PLACEMENT_3D('',#20405,#17207,#17208);
#15268=AXIS2_PLACEMENT_3D('',#20409,#17211,#17212);
#15269=AXIS2_PLACEMENT_3D('',#20415,#17216,#17217);
#15270=AXIS2_PLACEMENT_3D('',#20421,#17221,#17222);
#15271=AXIS2_PLACEMENT_3D('',#20427,#17226,#17227);
#15272=AXIS2_PLACEMENT_3D('',#20435,#17232,#17233);
#15273=AXIS2_PLACEMENT_3D('',#20439,#17236,#17237);
#15274=AXIS2_PLACEMENT_3D('',#20445,#17241,#17242);
#15275=AXIS2_PLACEMENT_3D('',#20451,#17246,#17247);
#15276=AXIS2_PLACEMENT_3D('',#20457,#17251,#17252);
#15277=AXIS2_PLACEMENT_3D('',#20465,#17257,#17258);
#15278=AXIS2_PLACEMENT_3D('',#20469,#17261,#17262);
#15279=AXIS2_PLACEMENT_3D('',#20475,#17266,#17267);
#15280=AXIS2_PLACEMENT_3D('',#20481,#17271,#17272);
#15281=AXIS2_PLACEMENT_3D('',#20487,#17276,#17277);
#15282=AXIS2_PLACEMENT_3D('',#20495,#17282,#17283);
#15283=AXIS2_PLACEMENT_3D('',#20499,#17286,#17287);
#15284=AXIS2_PLACEMENT_3D('',#20505,#17291,#17292);
#15285=AXIS2_PLACEMENT_3D('',#20511,#17296,#17297);
#15286=AXIS2_PLACEMENT_3D('',#20517,#17301,#17302);
#15287=AXIS2_PLACEMENT_3D('',#20525,#17307,#17308);
#15288=AXIS2_PLACEMENT_3D('',#20529,#17311,#17312);
#15289=AXIS2_PLACEMENT_3D('',#20535,#17316,#17317);
#15290=AXIS2_PLACEMENT_3D('',#20541,#17321,#17322);
#15291=AXIS2_PLACEMENT_3D('',#20547,#17326,#17327);
#15292=AXIS2_PLACEMENT_3D('',#20555,#17332,#17333);
#15293=AXIS2_PLACEMENT_3D('',#20559,#17336,#17337);
#15294=AXIS2_PLACEMENT_3D('',#20565,#17341,#17342);
#15295=AXIS2_PLACEMENT_3D('',#20571,#17346,#17347);
#15296=AXIS2_PLACEMENT_3D('',#20577,#17351,#17352);
#15297=AXIS2_PLACEMENT_3D('',#20585,#17357,#17358);
#15298=AXIS2_PLACEMENT_3D('',#20589,#17361,#17362);
#15299=AXIS2_PLACEMENT_3D('',#20595,#17366,#17367);
#15300=AXIS2_PLACEMENT_3D('',#20601,#17371,#17372);
#15301=AXIS2_PLACEMENT_3D('',#20607,#17376,#17377);
#15302=AXIS2_PLACEMENT_3D('',#20615,#17382,#17383);
#15303=AXIS2_PLACEMENT_3D('',#20619,#17386,#17387);
#15304=AXIS2_PLACEMENT_3D('',#20625,#17391,#17392);
#15305=AXIS2_PLACEMENT_3D('',#20631,#17396,#17397);
#15306=AXIS2_PLACEMENT_3D('',#20637,#17401,#17402);
#15307=AXIS2_PLACEMENT_3D('',#20645,#17407,#17408);
#15308=AXIS2_PLACEMENT_3D('',#20649,#17411,#17412);
#15309=AXIS2_PLACEMENT_3D('',#20655,#17416,#17417);
#15310=AXIS2_PLACEMENT_3D('',#20661,#17421,#17422);
#15311=AXIS2_PLACEMENT_3D('',#20667,#17426,#17427);
#15312=AXIS2_PLACEMENT_3D('',#20675,#17432,#17433);
#15313=AXIS2_PLACEMENT_3D('',#20679,#17436,#17437);
#15314=AXIS2_PLACEMENT_3D('',#20685,#17441,#17442);
#15315=AXIS2_PLACEMENT_3D('',#20691,#17446,#17447);
#15316=AXIS2_PLACEMENT_3D('',#20900,#17572,#17573);
#15317=AXIS2_PLACEMENT_3D('',#20903,#17576,#17577);
#15318=AXIS2_PLACEMENT_3D('',#20905,#17579,#17580);
#15319=AXIS2_PLACEMENT_3D('',#20907,#17582,#17583);
#15320=AXIS2_PLACEMENT_3D('',#20909,#17585,#17586);
#15321=AXIS2_PLACEMENT_3D('',#20911,#17588,#17589);
#15322=AXIS2_PLACEMENT_3D('',#20913,#17591,#17592);
#15323=AXIS2_PLACEMENT_3D('',#20915,#17594,#17595);
#15324=AXIS2_PLACEMENT_3D('',#20917,#17597,#17598);
#15325=AXIS2_PLACEMENT_3D('',#20919,#17600,#17601);
#15326=AXIS2_PLACEMENT_3D('',#20921,#17603,#17604);
#15327=AXIS2_PLACEMENT_3D('',#20923,#17606,#17607);
#15328=AXIS2_PLACEMENT_3D('',#20925,#17609,#17610);
#15329=AXIS2_PLACEMENT_3D('',#20927,#17612,#17613);
#15330=AXIS2_PLACEMENT_3D('',#20929,#17615,#17616);
#15331=AXIS2_PLACEMENT_3D('',#20931,#17618,#17619);
#15332=AXIS2_PLACEMENT_3D('',#20933,#17621,#17622);
#15333=AXIS2_PLACEMENT_3D('',#20935,#17624,#17625);
#15334=AXIS2_PLACEMENT_3D('',#20937,#17627,#17628);
#15335=AXIS2_PLACEMENT_3D('',#20939,#17630,#17631);
#15336=AXIS2_PLACEMENT_3D('',#20941,#17633,#17634);
#15337=AXIS2_PLACEMENT_3D('',#20943,#17636,#17637);
#15338=AXIS2_PLACEMENT_3D('',#20945,#17639,#17640);
#15339=AXIS2_PLACEMENT_3D('',#20947,#17642,#17643);
#15340=AXIS2_PLACEMENT_3D('',#20949,#17645,#17646);
#15341=AXIS2_PLACEMENT_3D('',#20951,#17648,#17649);
#15342=AXIS2_PLACEMENT_3D('',#20953,#17651,#17652);
#15343=AXIS2_PLACEMENT_3D('',#20955,#17654,#17655);
#15344=AXIS2_PLACEMENT_3D('',#20957,#17657,#17658);
#15345=AXIS2_PLACEMENT_3D('',#20959,#17660,#17661);
#15346=AXIS2_PLACEMENT_3D('',#20961,#17663,#17664);
#15347=AXIS2_PLACEMENT_3D('',#20963,#17666,#17667);
#15348=AXIS2_PLACEMENT_3D('',#20965,#17669,#17670);
#15349=AXIS2_PLACEMENT_3D('',#20967,#17672,#17673);
#15350=AXIS2_PLACEMENT_3D('',#20969,#17675,#17676);
#15351=AXIS2_PLACEMENT_3D('',#20971,#17678,#17679);
#15352=AXIS2_PLACEMENT_3D('',#20973,#17681,#17682);
#15353=AXIS2_PLACEMENT_3D('',#20975,#17684,#17685);
#15354=AXIS2_PLACEMENT_3D('',#20977,#17687,#17688);
#15355=AXIS2_PLACEMENT_3D('',#20979,#17690,#17691);
#15356=AXIS2_PLACEMENT_3D('',#20981,#17693,#17694);
#15357=AXIS2_PLACEMENT_3D('',#20983,#17696,#17697);
#15358=AXIS2_PLACEMENT_3D('',#20985,#17699,#17700);
#15359=AXIS2_PLACEMENT_3D('',#20987,#17702,#17703);
#15360=AXIS2_PLACEMENT_3D('',#20989,#17705,#17706);
#15361=AXIS2_PLACEMENT_3D('',#20991,#17708,#17709);
#15362=AXIS2_PLACEMENT_3D('',#20993,#17711,#17712);
#15363=AXIS2_PLACEMENT_3D('',#20995,#17714,#17715);
#15364=AXIS2_PLACEMENT_3D('',#20997,#17717,#17718);
#15365=AXIS2_PLACEMENT_3D('',#20999,#17720,#17721);
#15366=AXIS2_PLACEMENT_3D('',#21001,#17723,#17724);
#15367=AXIS2_PLACEMENT_3D('',#21003,#17726,#17727);
#15368=AXIS2_PLACEMENT_3D('',#21005,#17729,#17730);
#15369=AXIS2_PLACEMENT_3D('',#21007,#17732,#17733);
#15370=AXIS2_PLACEMENT_3D('',#21009,#17735,#17736);
#15371=AXIS2_PLACEMENT_3D('',#21011,#17738,#17739);
#15372=AXIS2_PLACEMENT_3D('',#21013,#17741,#17742);
#15373=AXIS2_PLACEMENT_3D('',#21015,#17744,#17745);
#15374=AXIS2_PLACEMENT_3D('',#21017,#17747,#17748);
#15375=AXIS2_PLACEMENT_3D('',#21019,#17750,#17751);
#15376=AXIS2_PLACEMENT_3D('',#21021,#17753,#17754);
#15377=AXIS2_PLACEMENT_3D('',#21023,#17756,#17757);
#15378=AXIS2_PLACEMENT_3D('',#21025,#17759,#17760);
#15379=AXIS2_PLACEMENT_3D('',#21027,#17762,#17763);
#15380=AXIS2_PLACEMENT_3D('',#21029,#17765,#17766);
#15381=AXIS2_PLACEMENT_3D('',#21031,#17768,#17769);
#15382=AXIS2_PLACEMENT_3D('',#21033,#17771,#17772);
#15383=AXIS2_PLACEMENT_3D('',#21035,#17774,#17775);
#15384=AXIS2_PLACEMENT_3D('',#21037,#17777,#17778);
#15385=AXIS2_PLACEMENT_3D('',#21039,#17780,#17781);
#15386=AXIS2_PLACEMENT_3D('',#21041,#17783,#17784);
#15387=AXIS2_PLACEMENT_3D('',#21043,#17786,#17787);
#15388=AXIS2_PLACEMENT_3D('',#21045,#17789,#17790);
#15389=AXIS2_PLACEMENT_3D('',#21047,#17792,#17793);
#15390=AXIS2_PLACEMENT_3D('',#21049,#17795,#17796);
#15391=AXIS2_PLACEMENT_3D('',#21051,#17798,#17799);
#15392=AXIS2_PLACEMENT_3D('',#21053,#17801,#17802);
#15393=AXIS2_PLACEMENT_3D('',#21055,#17804,#17805);
#15394=AXIS2_PLACEMENT_3D('',#21057,#17807,#17808);
#15395=AXIS2_PLACEMENT_3D('',#21059,#17810,#17811);
#15396=AXIS2_PLACEMENT_3D('',#21061,#17813,#17814);
#15397=AXIS2_PLACEMENT_3D('',#21063,#17816,#17817);
#15398=AXIS2_PLACEMENT_3D('',#21065,#17819,#17820);
#15399=AXIS2_PLACEMENT_3D('',#21067,#17822,#17823);
#15400=AXIS2_PLACEMENT_3D('',#21069,#17825,#17826);
#15401=AXIS2_PLACEMENT_3D('',#21071,#17828,#17829);
#15402=AXIS2_PLACEMENT_3D('',#21073,#17831,#17832);
#15403=AXIS2_PLACEMENT_3D('',#21075,#17834,#17835);
#15404=AXIS2_PLACEMENT_3D('',#21077,#17837,#17838);
#15405=AXIS2_PLACEMENT_3D('',#21079,#17840,#17841);
#15406=AXIS2_PLACEMENT_3D('',#21081,#17843,#17844);
#15407=AXIS2_PLACEMENT_3D('',#21083,#17846,#17847);
#15408=AXIS2_PLACEMENT_3D('',#21085,#17849,#17850);
#15409=AXIS2_PLACEMENT_3D('',#21087,#17852,#17853);
#15410=AXIS2_PLACEMENT_3D('',#21089,#17855,#17856);
#15411=AXIS2_PLACEMENT_3D('',#21091,#17858,#17859);
#15412=AXIS2_PLACEMENT_3D('',#21093,#17861,#17862);
#15413=AXIS2_PLACEMENT_3D('',#21095,#17864,#17865);
#15414=AXIS2_PLACEMENT_3D('',#21097,#17867,#17868);
#15415=AXIS2_PLACEMENT_3D('',#21099,#17870,#17871);
#15416=AXIS2_PLACEMENT_3D('',#21101,#17873,#17874);
#15417=AXIS2_PLACEMENT_3D('',#21103,#17876,#17877);
#15418=AXIS2_PLACEMENT_3D('',#21105,#17879,#17880);
#15419=AXIS2_PLACEMENT_3D('',#21107,#17882,#17883);
#15420=AXIS2_PLACEMENT_3D('',#21109,#17885,#17886);
#15421=AXIS2_PLACEMENT_3D('',#21111,#17888,#17889);
#15422=AXIS2_PLACEMENT_3D('',#21113,#17891,#17892);
#15423=AXIS2_PLACEMENT_3D('',#21115,#17894,#17895);
#15424=AXIS2_PLACEMENT_3D('',#21117,#17897,#17898);
#15425=AXIS2_PLACEMENT_3D('',#21119,#17900,#17901);
#15426=AXIS2_PLACEMENT_3D('',#21121,#17903,#17904);
#15427=AXIS2_PLACEMENT_3D('',#21123,#17906,#17907);
#15428=AXIS2_PLACEMENT_3D('',#21125,#17909,#17910);
#15429=AXIS2_PLACEMENT_3D('',#21127,#17912,#17913);
#15430=AXIS2_PLACEMENT_3D('',#21129,#17915,#17916);
#15431=AXIS2_PLACEMENT_3D('',#21131,#17918,#17919);
#15432=AXIS2_PLACEMENT_3D('',#21133,#17921,#17922);
#15433=AXIS2_PLACEMENT_3D('',#21135,#17924,#17925);
#15434=AXIS2_PLACEMENT_3D('',#21137,#17927,#17928);
#15435=AXIS2_PLACEMENT_3D('',#21139,#17930,#17931);
#15436=AXIS2_PLACEMENT_3D('',#21141,#17933,#17934);
#15437=AXIS2_PLACEMENT_3D('',#21143,#17936,#17937);
#15438=AXIS2_PLACEMENT_3D('',#21145,#17939,#17940);
#15439=AXIS2_PLACEMENT_3D('',#21147,#17942,#17943);
#15440=AXIS2_PLACEMENT_3D('',#21149,#17945,#17946);
#15441=AXIS2_PLACEMENT_3D('',#21151,#17948,#17949);
#15442=AXIS2_PLACEMENT_3D('',#21153,#17951,#17952);
#15443=AXIS2_PLACEMENT_3D('',#21155,#17954,#17955);
#15444=AXIS2_PLACEMENT_3D('',#21157,#17957,#17958);
#15445=AXIS2_PLACEMENT_3D('',#21159,#17960,#17961);
#15446=AXIS2_PLACEMENT_3D('',#21161,#17963,#17964);
#15447=AXIS2_PLACEMENT_3D('',#21163,#17966,#17967);
#15448=AXIS2_PLACEMENT_3D('',#21165,#17969,#17970);
#15449=AXIS2_PLACEMENT_3D('',#21167,#17972,#17973);
#15450=AXIS2_PLACEMENT_3D('',#21169,#17975,#17976);
#15451=AXIS2_PLACEMENT_3D('',#21171,#17978,#17979);
#15452=AXIS2_PLACEMENT_3D('',#21173,#17981,#17982);
#15453=AXIS2_PLACEMENT_3D('',#21175,#17984,#17985);
#15454=AXIS2_PLACEMENT_3D('',#21177,#17987,#17988);
#15455=AXIS2_PLACEMENT_3D('',#21179,#17990,#17991);
#15456=AXIS2_PLACEMENT_3D('',#21181,#17993,#17994);
#15457=AXIS2_PLACEMENT_3D('',#21183,#17996,#17997);
#15458=AXIS2_PLACEMENT_3D('',#21185,#17999,#18000);
#15459=AXIS2_PLACEMENT_3D('',#21187,#18002,#18003);
#15460=AXIS2_PLACEMENT_3D('',#21189,#18005,#18006);
#15461=AXIS2_PLACEMENT_3D('',#21191,#18008,#18009);
#15462=AXIS2_PLACEMENT_3D('',#21193,#18011,#18012);
#15463=AXIS2_PLACEMENT_3D('',#21195,#18014,#18015);
#15464=AXIS2_PLACEMENT_3D('',#21197,#18017,#18018);
#15465=AXIS2_PLACEMENT_3D('',#21199,#18020,#18021);
#15466=AXIS2_PLACEMENT_3D('',#21201,#18023,#18024);
#15467=AXIS2_PLACEMENT_3D('',#21203,#18026,#18027);
#15468=AXIS2_PLACEMENT_3D('',#21205,#18029,#18030);
#15469=AXIS2_PLACEMENT_3D('',#21207,#18032,#18033);
#15470=AXIS2_PLACEMENT_3D('',#21209,#18035,#18036);
#15471=AXIS2_PLACEMENT_3D('',#21211,#18038,#18039);
#15472=AXIS2_PLACEMENT_3D('',#21213,#18041,#18042);
#15473=AXIS2_PLACEMENT_3D('',#21215,#18044,#18045);
#15474=AXIS2_PLACEMENT_3D('',#21217,#18047,#18048);
#15475=AXIS2_PLACEMENT_3D('',#21219,#18050,#18051);
#15476=AXIS2_PLACEMENT_3D('',#21221,#18053,#18054);
#15477=AXIS2_PLACEMENT_3D('',#21223,#18056,#18057);
#15478=AXIS2_PLACEMENT_3D('',#21225,#18059,#18060);
#15479=AXIS2_PLACEMENT_3D('',#21227,#18062,#18063);
#15480=AXIS2_PLACEMENT_3D('',#21228,#18064,#18065);
#15481=AXIS2_PLACEMENT_3D('',#21230,#18067,#18068);
#15482=AXIS2_PLACEMENT_3D('',#21237,#18073,#18074);
#15483=AXIS2_PLACEMENT_3D('',#21238,#18075,#18076);
#15484=AXIS2_PLACEMENT_3D('',#21239,#18077,#18078);
#15485=AXIS2_PLACEMENT_3D('',#21240,#18079,#18080);
#15486=AXIS2_PLACEMENT_3D('',#21241,#18081,#18082);
#15487=AXIS2_PLACEMENT_3D('',#21245,#18084,#18085);
#15488=AXIS2_PLACEMENT_3D('',#21250,#18088,#18089);
#15489=AXIS2_PLACEMENT_3D('',#21256,#18093,#18094);
#15490=AXIS2_PLACEMENT_3D('',#21262,#18096,#18097);
#15491=AXIS2_PLACEMENT_3D('',#21268,#18099,#18100);
#15492=AXIS2_PLACEMENT_3D('',#21269,#18101,#18102);
#15493=AXIS2_PLACEMENT_3D('',#21273,#18105,#18106);
#15494=AXIS2_PLACEMENT_3D('',#21277,#18109,#18110);
#15495=AXIS2_PLACEMENT_3D('',#21279,#18112,#18113);
#15496=AXIS2_PLACEMENT_3D('',#21280,#18114,#18115);
#15497=AXIS2_PLACEMENT_3D('',#21281,#18116,#18117);
#15498=AXIS2_PLACEMENT_3D('',#21287,#18121,#18122);
#15499=AXIS2_PLACEMENT_3D('',#21289,#18124,#18125);
#15500=AXIS2_PLACEMENT_3D('',#21291,#18127,#18128);
#15501=AXIS2_PLACEMENT_3D('',#21292,#18129,#18130);
#15502=AXIS2_PLACEMENT_3D('',#21296,#18133,#18134);
#15503=AXIS2_PLACEMENT_3D('',#21300,#18137,#18138);
#15504=AXIS2_PLACEMENT_3D('',#21302,#18140,#18141);
#15505=AXIS2_PLACEMENT_3D('',#21303,#18142,#18143);
#15506=AXIS2_PLACEMENT_3D('',#21307,#18145,#18146);
#15507=AXIS2_PLACEMENT_3D('',#21318,#18152,#18153);
#15508=AXIS2_PLACEMENT_3D('',#21322,#18155,#18156);
#15509=AXIS2_PLACEMENT_3D('',#21333,#18162,#18163);
#15510=AXIS2_PLACEMENT_3D('',#21337,#18165,#18166);
#15511=AXIS2_PLACEMENT_3D('',#21348,#18172,#18173);
#15512=AXIS2_PLACEMENT_3D('',#21352,#18175,#18176);
#15513=AXIS2_PLACEMENT_3D('',#21363,#18182,#18183);
#15514=AXIS2_PLACEMENT_3D('',#21367,#18185,#18186);
#15515=AXIS2_PLACEMENT_3D('',#21378,#18192,#18193);
#15516=AXIS2_PLACEMENT_3D('',#21382,#18195,#18196);
#15517=AXIS2_PLACEMENT_3D('',#21393,#18202,#18203);
#15518=AXIS2_PLACEMENT_3D('',#21402,#18205,#18206);
#15519=AXIS2_PLACEMENT_3D('',#21406,#18208,#18209);
#15520=AXIS2_PLACEMENT_3D('',#21407,#18210,#18211);
#15521=AXIS2_PLACEMENT_3D('',#21413,#18215,#18216);
#15522=AXIS2_PLACEMENT_3D('',#21414,#18217,#18218);
#15523=AXIS2_PLACEMENT_3D('',#21416,#18219,#18220);
#15524=AXIS2_PLACEMENT_3D('',#21419,#18222,#18223);
#15525=AXIS2_PLACEMENT_3D('',#21425,#18227,#18228);
#15526=AXIS2_PLACEMENT_3D('',#21426,#18229,#18230);
#15527=AXIS2_PLACEMENT_3D('',#21427,#18231,#18232);
#15528=AXIS2_PLACEMENT_3D('',#21428,#18233,#18234);
#15529=AXIS2_PLACEMENT_3D('',#21432,#18236,#18237);
#15530=AXIS2_PLACEMENT_3D('',#21440,#18242,#18243);
#15531=AXIS2_PLACEMENT_3D('',#21444,#18245,#18246);
#15532=AXIS2_PLACEMENT_3D('',#21450,#18250,#18251);
#15533=AXIS2_PLACEMENT_3D('',#21454,#18253,#18254);
#15534=AXIS2_PLACEMENT_3D('',#21462,#18259,#18260);
#15535=AXIS2_PLACEMENT_3D('',#21466,#18262,#18263);
#15536=AXIS2_PLACEMENT_3D('',#21474,#18268,#18269);
#15537=AXIS2_PLACEMENT_3D('',#21478,#18271,#18272);
#15538=AXIS2_PLACEMENT_3D('',#21486,#18277,#18278);
#15539=AXIS2_PLACEMENT_3D('',#21490,#18280,#18281);
#15540=AXIS2_PLACEMENT_3D('',#21498,#18286,#18287);
#15541=AXIS2_PLACEMENT_3D('',#21501,#18290,#18291);
#15542=AXIS2_PLACEMENT_3D('',#21504,#18294,#18295);
#15543=AXIS2_PLACEMENT_3D('',#21507,#18298,#18299);
#15544=AXIS2_PLACEMENT_3D('',#21510,#18302,#18303);
#15545=AXIS2_PLACEMENT_3D('',#21513,#18306,#18307);
#15546=AXIS2_PLACEMENT_3D('',#21516,#18310,#18311);
#15547=AXIS2_PLACEMENT_3D('',#21518,#18313,#18314);
#15548=AXIS2_PLACEMENT_3D('',#21520,#18316,#18317);
#15549=AXIS2_PLACEMENT_3D('',#21522,#18319,#18320);
#15550=AXIS2_PLACEMENT_3D('',#21524,#18322,#18323);
#15551=AXIS2_PLACEMENT_3D('',#21526,#18325,#18326);
#15552=AXIS2_PLACEMENT_3D('',#21528,#18328,#18329);
#15553=AXIS2_PLACEMENT_3D('',#21529,#18330,#18331);
#15554=AXIS2_PLACEMENT_3D('',#21537,#18338,#18339);
#15555=AXIS2_PLACEMENT_3D('',#21539,#18341,#18342);
#15556=AXIS2_PLACEMENT_3D('',#21541,#18344,#18345);
#15557=AXIS2_PLACEMENT_3D('',#21543,#18347,#18348);
#15558=AXIS2_PLACEMENT_3D('',#21545,#18350,#18351);
#15559=AXIS2_PLACEMENT_3D('',#21547,#18353,#18354);
#15560=AXIS2_PLACEMENT_3D('',#21549,#18356,#18357);
#15561=AXIS2_PLACEMENT_3D('',#21550,#18358,#18359);
#15562=AXIS2_PLACEMENT_3D('',#21551,#18360,#18361);
#15563=AXIS2_PLACEMENT_3D('',#21553,#18362,#18363);
#15564=AXIS2_PLACEMENT_3D('',#21554,#18364,#18365);
#15565=AXIS2_PLACEMENT_3D('',#21555,#18366,#18367);
#15566=AXIS2_PLACEMENT_3D('',#21556,#18368,#18369);
#15567=AXIS2_PLACEMENT_3D('',#21557,#18370,#18371);
#15568=AXIS2_PLACEMENT_3D('',#21558,#18372,#18373);
#15569=AXIS2_PLACEMENT_3D('',#21559,#18374,#18375);
#15570=DIRECTION('',(0.,0.,1.));
#15571=DIRECTION('',(1.,0.,0.));
#15572=DIRECTION('',(0.,-1.,0.));
#15573=DIRECTION('',(0.,0.,-1.));
#15574=DIRECTION('',(0.,0.,1.));
#15575=DIRECTION('',(-1.,0.,0.));
#15576=DIRECTION('',(0.,0.,-1.));
#15577=DIRECTION('',(-1.,0.,0.));
#15578=DIRECTION('',(0.,0.,-1.));
#15579=DIRECTION('',(-1.,0.,0.));
#15580=DIRECTION('',(0.,0.,-1.));
#15581=DIRECTION('',(-1.,0.,0.));
#15582=DIRECTION('',(0.,1.,0.));
#15583=DIRECTION('',(0.,0.,1.));
#15584=DIRECTION('',(0.,0.,-1.));
#15585=DIRECTION('',(1.,0.,0.));
#15586=DIRECTION('',(0.,0.,1.));
#15587=DIRECTION('',(1.,0.,0.));
#15588=DIRECTION('',(0.,0.,-1.));
#15589=DIRECTION('',(1.,0.,0.));
#15590=DIRECTION('',(0.,0.,-1.));
#15591=DIRECTION('',(1.,0.,0.));
#15592=DIRECTION('',(0.,0.,-1.));
#15593=DIRECTION('',(-1.,0.,0.));
#15594=DIRECTION('',(0.,1.,0.));
#15595=DIRECTION('',(0.,0.,-1.));
#15596=DIRECTION('',(-1.,0.,0.));
#15597=DIRECTION('',(0.,1.,0.));
#15598=DIRECTION('',(0.,0.,-1.));
#15599=DIRECTION('',(1.,0.,0.));
#15600=DIRECTION('',(0.,0.,1.));
#15601=DIRECTION('',(-1.,0.,0.));
#15602=DIRECTION('',(0.,0.,-1.));
#15603=DIRECTION('',(1.,0.,0.));
#15604=DIRECTION('',(0.,0.,1.));
#15605=DIRECTION('',(1.,0.,0.));
#15606=DIRECTION('',(0.,0.,1.));
#15607=DIRECTION('',(0.,0.,-1.));
#15608=DIRECTION('',(1.,0.,0.));
#15609=DIRECTION('',(0.,0.,1.));
#15610=DIRECTION('',(0.,0.,-1.));
#15611=DIRECTION('',(1.,0.,0.));
#15612=DIRECTION('',(0.,0.,1.));
#15613=DIRECTION('',(0.,0.,-1.));
#15614=DIRECTION('',(1.,0.,0.));
#15615=DIRECTION('',(0.,0.,1.));
#15616=DIRECTION('',(0.,0.,1.));
#15617=DIRECTION('',(1.,0.,0.));
#15618=DIRECTION('',(0.,0.,1.));
#15619=DIRECTION('',(1.,0.,0.));
#15620=DIRECTION('',(0.,-1.,0.));
#15621=DIRECTION('',(-1.,0.,0.));
#15622=DIRECTION('',(0.,1.,0.));
#15623=DIRECTION('',(0.,0.,1.));
#15624=DIRECTION('',(1.,0.,0.));
#15625=DIRECTION('',(0.,1.,0.));
#15626=DIRECTION('',(0.,0.,1.));
#15627=DIRECTION('',(1.,0.,0.));
#15628=DIRECTION('',(0.,1.,0.));
#15629=DIRECTION('',(1.,0.,0.));
#15630=DIRECTION('',(0.,-1.,0.));
#15631=DIRECTION('',(0.,0.,1.));
#15632=DIRECTION('',(1.,0.,0.));
#15633=DIRECTION('',(0.,-1.,0.));
#15634=DIRECTION('',(-1.,0.,0.));
#15635=DIRECTION('',(0.,-1.,0.));
#15636=DIRECTION('',(-1.,0.,0.));
#15637=DIRECTION('',(0.,-1.,0.));
#15638=DIRECTION('',(0.,0.,1.));
#15639=DIRECTION('',(1.,0.,0.));
#15640=DIRECTION('',(1.,0.,0.));
#15641=DIRECTION('',(0.,1.,0.));
#15642=DIRECTION('',(1.,0.,0.));
#15643=DIRECTION('',(0.,-1.,0.));
#15644=DIRECTION('',(1.,0.,0.));
#15645=DIRECTION('',(0.,1.,0.));
#15646=DIRECTION('',(1.,0.,0.));
#15647=DIRECTION('',(0.,-1.,0.));
#15648=DIRECTION('',(1.,0.,0.));
#15649=DIRECTION('',(0.,1.,0.));
#15650=DIRECTION('',(1.,0.,0.));
#15651=DIRECTION('',(0.,-1.,0.));
#15652=DIRECTION('',(1.,0.,0.));
#15653=DIRECTION('',(0.,1.,0.));
#15654=DIRECTION('',(1.,0.,0.));
#15655=DIRECTION('',(0.,-1.,0.));
#15656=DIRECTION('',(1.,0.,0.));
#15657=DIRECTION('',(0.,1.,0.));
#15658=DIRECTION('',(1.,0.,0.));
#15659=DIRECTION('',(0.,-1.,0.));
#15660=DIRECTION('',(1.,0.,0.));
#15661=DIRECTION('',(0.,1.,0.));
#15662=DIRECTION('',(1.,0.,0.));
#15663=DIRECTION('',(0.,-1.,0.));
#15664=DIRECTION('',(1.,0.,0.));
#15665=DIRECTION('',(0.,1.,0.));
#15666=DIRECTION('',(1.,0.,0.));
#15667=DIRECTION('',(0.,-1.,0.));
#15668=DIRECTION('',(1.,0.,0.));
#15669=DIRECTION('',(0.,1.,0.));
#15670=DIRECTION('',(1.,0.,0.));
#15671=DIRECTION('',(0.,-1.,0.));
#15672=DIRECTION('',(1.,0.,0.));
#15673=DIRECTION('',(0.,1.,0.));
#15674=DIRECTION('',(1.,0.,0.));
#15675=DIRECTION('',(0.,-1.,0.));
#15676=DIRECTION('',(1.,0.,0.));
#15677=DIRECTION('',(0.,1.,0.));
#15678=DIRECTION('',(1.,0.,0.));
#15679=DIRECTION('',(0.,-1.,0.));
#15680=DIRECTION('',(1.,0.,0.));
#15681=DIRECTION('',(0.,1.,0.));
#15682=DIRECTION('',(1.,0.,0.));
#15683=DIRECTION('',(0.,-1.,0.));
#15684=DIRECTION('',(1.,0.,0.));
#15685=DIRECTION('',(0.,1.,0.));
#15686=DIRECTION('',(1.,0.,0.));
#15687=DIRECTION('',(0.,-1.,0.));
#15688=DIRECTION('',(1.,0.,0.));
#15689=DIRECTION('',(0.,1.,0.));
#15690=DIRECTION('',(1.,0.,0.));
#15691=DIRECTION('',(0.,-1.,0.));
#15692=DIRECTION('',(-1.,0.,0.));
#15693=DIRECTION('',(0.,1.,0.));
#15694=DIRECTION('',(1.,0.,0.));
#15695=DIRECTION('',(0.,-1.,0.));
#15696=DIRECTION('',(-1.,0.,0.));
#15697=DIRECTION('',(0.,1.,0.));
#15698=DIRECTION('',(1.,0.,0.));
#15699=DIRECTION('',(0.,-1.,0.));
#15700=DIRECTION('',(-1.,0.,0.));
#15701=DIRECTION('',(0.,1.,0.));
#15702=DIRECTION('',(1.,0.,0.));
#15703=DIRECTION('',(0.,-1.,0.));
#15704=DIRECTION('',(-1.,0.,0.));
#15705=DIRECTION('',(0.,1.,0.));
#15706=DIRECTION('',(1.,0.,0.));
#15707=DIRECTION('',(0.,-1.,0.));
#15708=DIRECTION('',(-1.,0.,0.));
#15709=DIRECTION('',(0.,1.,0.));
#15710=DIRECTION('',(1.,0.,0.));
#15711=DIRECTION('',(0.,-1.,0.));
#15712=DIRECTION('',(-1.,0.,0.));
#15713=DIRECTION('',(0.,1.,0.));
#15714=DIRECTION('',(1.,0.,0.));
#15715=DIRECTION('',(0.,-1.,0.));
#15716=DIRECTION('',(-1.,0.,0.));
#15717=DIRECTION('',(0.,1.,0.));
#15718=DIRECTION('',(1.,0.,0.));
#15719=DIRECTION('',(0.,-1.,0.));
#15720=DIRECTION('',(-1.,0.,0.));
#15721=DIRECTION('',(0.,1.,0.));
#15722=DIRECTION('',(1.,0.,0.));
#15723=DIRECTION('',(0.,-1.,0.));
#15724=DIRECTION('',(-1.,0.,0.));
#15725=DIRECTION('',(0.,1.,0.));
#15726=DIRECTION('',(1.,0.,0.));
#15727=DIRECTION('',(0.,-1.,0.));
#15728=DIRECTION('',(-1.,0.,0.));
#15729=DIRECTION('',(0.,1.,0.));
#15730=DIRECTION('',(1.,0.,0.));
#15731=DIRECTION('',(0.,-1.,0.));
#15732=DIRECTION('',(-1.,0.,0.));
#15733=DIRECTION('',(0.,1.,0.));
#15734=DIRECTION('',(1.,0.,0.));
#15735=DIRECTION('',(0.,-1.,0.));
#15736=DIRECTION('',(-1.,0.,0.));
#15737=DIRECTION('',(0.,1.,0.));
#15738=DIRECTION('',(1.,0.,0.));
#15739=DIRECTION('',(0.,-1.,0.));
#15740=DIRECTION('',(-1.,0.,0.));
#15741=DIRECTION('',(0.,1.,0.));
#15742=DIRECTION('',(1.,0.,0.));
#15743=DIRECTION('',(0.,-1.,0.));
#15744=DIRECTION('',(-1.,0.,0.));
#15745=DIRECTION('',(0.,1.,0.));
#15746=DIRECTION('',(-1.,0.,0.));
#15747=DIRECTION('',(0.,-1.,0.));
#15748=DIRECTION('',(-1.,0.,0.));
#15749=DIRECTION('',(0.,1.,0.));
#15750=DIRECTION('',(1.,0.,0.));
#15751=DIRECTION('',(0.,-1.,0.));
#15752=DIRECTION('',(-1.,0.,0.));
#15753=DIRECTION('',(0.,1.,0.));
#15754=DIRECTION('',(1.,0.,0.));
#15755=DIRECTION('',(0.,-1.,0.));
#15756=DIRECTION('',(-1.,0.,0.));
#15757=DIRECTION('',(0.,1.,0.));
#15758=DIRECTION('',(1.,0.,0.));
#15759=DIRECTION('',(0.,-1.,0.));
#15760=DIRECTION('',(-1.,0.,0.));
#15761=DIRECTION('',(0.,1.,0.));
#15762=DIRECTION('',(1.,0.,0.));
#15763=DIRECTION('',(0.,-1.,0.));
#15764=DIRECTION('',(-1.,0.,0.));
#15765=DIRECTION('',(0.,1.,0.));
#15766=DIRECTION('',(1.,0.,0.));
#15767=DIRECTION('',(0.,-1.,0.));
#15768=DIRECTION('',(-1.,0.,0.));
#15769=DIRECTION('',(0.,1.,0.));
#15770=DIRECTION('',(1.,0.,0.));
#15771=DIRECTION('',(0.,-1.,0.));
#15772=DIRECTION('',(-1.,0.,0.));
#15773=DIRECTION('',(0.,1.,0.));
#15774=DIRECTION('',(1.,0.,0.));
#15775=DIRECTION('',(0.,-1.,0.));
#15776=DIRECTION('',(-1.,0.,0.));
#15777=DIRECTION('',(0.,1.,0.));
#15778=DIRECTION('',(1.,0.,0.));
#15779=DIRECTION('',(0.,-1.,0.));
#15780=DIRECTION('',(-1.,0.,0.));
#15781=DIRECTION('',(0.,1.,0.));
#15782=DIRECTION('',(1.,0.,0.));
#15783=DIRECTION('',(0.,-1.,0.));
#15784=DIRECTION('',(-1.,0.,0.));
#15785=DIRECTION('',(0.,1.,0.));
#15786=DIRECTION('',(1.,0.,0.));
#15787=DIRECTION('',(0.,-1.,0.));
#15788=DIRECTION('',(-1.,0.,0.));
#15789=DIRECTION('',(0.,1.,0.));
#15790=DIRECTION('',(1.,0.,0.));
#15791=DIRECTION('',(0.,-1.,0.));
#15792=DIRECTION('',(-1.,0.,0.));
#15793=DIRECTION('',(0.,1.,0.));
#15794=DIRECTION('',(1.,0.,0.));
#15795=DIRECTION('',(0.,-1.,0.));
#15796=DIRECTION('',(-1.,0.,0.));
#15797=DIRECTION('',(0.,1.,0.));
#15798=DIRECTION('',(1.,0.,0.));
#15799=DIRECTION('',(0.,-1.,0.));
#15800=DIRECTION('',(-1.,0.,0.));
#15801=DIRECTION('',(0.,1.,0.));
#15802=DIRECTION('',(1.,0.,0.));
#15803=DIRECTION('',(0.,-1.,0.));
#15804=DIRECTION('',(-1.,0.,0.));
#15805=DIRECTION('',(0.,0.,1.));
#15806=DIRECTION('',(0.,0.,1.));
#15807=DIRECTION('',(0.,-1.,0.));
#15808=DIRECTION('',(0.,0.,1.));
#15809=DIRECTION('',(0.,1.,0.));
#15810=DIRECTION('',(0.,0.,-1.));
#15811=DIRECTION('',(0.,0.,-1.));
#15812=DIRECTION('',(0.,1.,0.));
#15813=DIRECTION('',(0.,0.,1.));
#15814=DIRECTION('',(1.,0.,0.));
#15815=DIRECTION('',(0.,0.,-1.));
#15816=DIRECTION('',(1.,0.,0.));
#15817=DIRECTION('',(1.,0.,0.));
#15818=DIRECTION('',(0.,0.,1.));
#15819=DIRECTION('',(1.,0.,0.));
#15820=DIRECTION('',(0.,0.,1.));
#15821=DIRECTION('',(1.,0.,0.));
#15822=DIRECTION('',(0.,-1.,0.));
#15823=DIRECTION('',(0.,0.,1.));
#15824=DIRECTION('',(1.,0.,0.));
#15825=DIRECTION('',(0.,0.,1.));
#15826=DIRECTION('',(1.,0.,0.));
#15827=DIRECTION('',(1.,0.,0.));
#15828=DIRECTION('',(0.,0.,1.));
#15829=DIRECTION('',(1.,0.,0.));
#15830=DIRECTION('',(0.,0.,-1.));
#15831=DIRECTION('',(-1.,0.,0.));
#15832=DIRECTION('',(9.85638338623186E-17,0.,1.));
#15833=DIRECTION('',(1.,0.,-9.85638338623186E-17));
#15834=DIRECTION('',(0.,0.,1.));
#15835=DIRECTION('',(0.,0.,1.));
#15836=DIRECTION('',(0.,0.,1.));
#15837=DIRECTION('',(1.,0.,0.));
#15838=DIRECTION('',(0.,0.,1.));
#15839=DIRECTION('',(1.,0.,0.));
#15840=DIRECTION('',(0.,0.,1.));
#15841=DIRECTION('',(1.,0.,0.));
#15842=DIRECTION('',(0.,0.,1.));
#15843=DIRECTION('',(1.,0.,0.));
#15844=DIRECTION('',(0.,0.,1.));
#15845=DIRECTION('',(0.,0.,-1.));
#15846=DIRECTION('',(-1.,0.,0.));
#15847=DIRECTION('',(0.,0.,1.));
#15848=DIRECTION('',(0.,0.,1.));
#15849=DIRECTION('',(1.,0.,0.));
#15850=DIRECTION('',(0.,0.,1.));
#15851=DIRECTION('',(0.,0.,-1.));
#15852=DIRECTION('',(1.,0.,0.));
#15853=DIRECTION('',(0.,0.,1.));
#15854=DIRECTION('',(0.,0.,1.));
#15855=DIRECTION('',(1.,0.,0.));
#15856=DIRECTION('',(0.,0.,1.));
#15857=DIRECTION('',(1.,0.,0.));
#15858=DIRECTION('',(0.,0.,1.));
#15859=DIRECTION('',(1.,0.,0.));
#15860=DIRECTION('',(0.,0.,1.));
#15861=DIRECTION('',(1.,0.,0.));
#15862=DIRECTION('',(1.,0.,0.));
#15863=DIRECTION('',(0.,0.,-1.));
#15864=DIRECTION('',(0.,-1.,0.));
#15865=DIRECTION('',(0.,0.,1.));
#15866=DIRECTION('',(0.,0.,1.));
#15867=DIRECTION('',(1.,0.,0.));
#15868=DIRECTION('',(0.,0.,1.));
#15869=DIRECTION('',(1.,0.,0.));
#15870=DIRECTION('',(0.,0.,1.));
#15871=DIRECTION('',(1.,0.,0.));
#15872=DIRECTION('',(0.,0.,1.));
#15873=DIRECTION('',(1.,0.,0.));
#15874=DIRECTION('',(0.,0.,1.));
#15875=DIRECTION('',(1.,0.,0.));
#15876=DIRECTION('',(0.,0.,-1.));
#15877=DIRECTION('',(0.,-1.,0.));
#15878=DIRECTION('',(0.,0.,-1.));
#15879=DIRECTION('',(-1.,0.,0.));
#15880=DIRECTION('',(0.,-1.,0.));
#15881=DIRECTION('',(0.,-1.,0.));
#15882=DIRECTION('',(0.,0.,-1.));
#15883=DIRECTION('',(-1.,0.,0.));
#15884=DIRECTION('',(0.,0.,-1.));
#15885=DIRECTION('',(1.,0.,0.));
#15886=DIRECTION('',(0.,0.,1.));
#15887=DIRECTION('',(1.,0.,0.));
#15888=DIRECTION('',(0.,0.,1.));
#15889=DIRECTION('',(-1.,0.,0.));
#15890=DIRECTION('',(0.,0.,1.));
#15891=DIRECTION('',(0.,0.,1.));
#15892=DIRECTION('',(1.,0.,0.));
#15893=DIRECTION('',(0.,0.,1.));
#15894=DIRECTION('',(-1.,0.,0.));
#15895=DIRECTION('',(0.,0.,1.));
#15896=DIRECTION('',(-1.,0.,0.));
#15897=DIRECTION('',(0.,0.,1.));
#15898=DIRECTION('',(0.,1.,0.));
#15899=DIRECTION('',(-1.,0.,0.));
#15900=DIRECTION('',(0.,0.,1.));
#15901=DIRECTION('',(0.,1.,0.));
#15902=DIRECTION('',(0.,0.,-1.));
#15903=DIRECTION('',(-1.,0.,0.));
#15904=DIRECTION('',(0.,0.,-1.));
#15905=DIRECTION('',(0.,-1.,0.));
#15906=DIRECTION('',(0.,0.,-1.));
#15907=DIRECTION('',(-1.,0.,0.));
#15908=DIRECTION('',(0.,0.,-1.));
#15909=DIRECTION('',(-1.,0.,0.));
#15910=DIRECTION('',(0.,0.,-1.));
#15911=DIRECTION('',(-1.,0.,0.));
#15912=DIRECTION('',(0.,0.,-1.));
#15913=DIRECTION('',(-1.,0.,0.));
#15914=DIRECTION('',(0.,0.,-1.));
#15915=DIRECTION('',(-1.,0.,0.));
#15916=DIRECTION('',(0.,0.,1.));
#15917=DIRECTION('',(1.,0.,0.));
#15918=DIRECTION('',(0.,0.,-1.));
#15919=DIRECTION('',(-1.,0.,0.));
#15920=DIRECTION('',(0.,0.,1.));
#15921=DIRECTION('',(1.,0.,0.));
#15922=DIRECTION('',(0.,0.,1.));
#15923=DIRECTION('',(1.,0.,0.));
#15924=DIRECTION('',(0.,0.,1.));
#15925=DIRECTION('',(1.,0.,0.));
#15926=DIRECTION('',(0.,0.,1.));
#15927=DIRECTION('',(1.,0.,0.));
#15928=DIRECTION('',(0.,0.,-1.));
#15929=DIRECTION('',(-1.,0.,0.));
#15930=DIRECTION('',(1.,4.8186763221578E-16,0.));
#15931=DIRECTION('',(0.,-1.,0.));
#15932=DIRECTION('',(-1.,0.,0.));
#15933=DIRECTION('',(0.,1.,0.));
#15934=DIRECTION('',(0.,0.,-1.));
#15935=DIRECTION('',(-1.,0.,0.));
#15936=DIRECTION('',(1.,4.8186763221578E-16,0.));
#15937=DIRECTION('',(0.,-1.,0.));
#15938=DIRECTION('',(-1.,0.,0.));
#15939=DIRECTION('',(0.,1.,0.));
#15940=DIRECTION('',(0.,0.,-1.));
#15941=DIRECTION('',(-1.,0.,0.));
#15942=DIRECTION('',(1.,4.8186763221578E-16,0.));
#15943=DIRECTION('',(0.,-1.,0.));
#15944=DIRECTION('',(-1.,0.,0.));
#15945=DIRECTION('',(0.,1.,0.));
#15946=DIRECTION('',(0.,0.,-1.));
#15947=DIRECTION('',(-1.,0.,0.));
#15948=DIRECTION('',(1.,4.8186763221578E-16,0.));
#15949=DIRECTION('',(0.,-1.,0.));
#15950=DIRECTION('',(-1.,0.,0.));
#15951=DIRECTION('',(0.,1.,0.));
#15952=DIRECTION('',(0.,0.,-1.));
#15953=DIRECTION('',(-1.,0.,0.));
#15954=DIRECTION('',(1.,4.8186763221578E-16,0.));
#15955=DIRECTION('',(0.,-1.,0.));
#15956=DIRECTION('',(-1.,0.,0.));
#15957=DIRECTION('',(0.,1.,0.));
#15958=DIRECTION('',(0.,0.,-1.));
#15959=DIRECTION('',(-1.,0.,0.));
#15960=DIRECTION('',(1.,4.8186763221578E-16,0.));
#15961=DIRECTION('',(0.,-1.,0.));
#15962=DIRECTION('',(-1.,0.,0.));
#15963=DIRECTION('',(0.,1.,0.));
#15964=DIRECTION('',(0.,0.,-1.));
#15965=DIRECTION('',(-1.,0.,0.));
#15966=DIRECTION('',(1.,4.8186763221578E-16,0.));
#15967=DIRECTION('',(0.,-1.,0.));
#15968=DIRECTION('',(-1.,0.,0.));
#15969=DIRECTION('',(0.,1.,0.));
#15970=DIRECTION('',(0.,0.,-1.));
#15971=DIRECTION('',(-1.,0.,0.));
#15972=DIRECTION('',(1.,4.8186763221578E-16,0.));
#15973=DIRECTION('',(0.,-1.,0.));
#15974=DIRECTION('',(-1.,0.,0.));
#15975=DIRECTION('',(0.,1.,0.));
#15976=DIRECTION('',(0.,0.,-1.));
#15977=DIRECTION('',(-1.,0.,0.));
#15978=DIRECTION('',(1.,4.8186763221578E-16,0.));
#15979=DIRECTION('',(0.,-1.,0.));
#15980=DIRECTION('',(-1.,0.,0.));
#15981=DIRECTION('',(0.,1.,0.));
#15982=DIRECTION('',(0.,0.,1.));
#15983=DIRECTION('',(1.,0.,0.));
#15984=DIRECTION('',(0.,0.,1.));
#15985=DIRECTION('',(0.,0.,-1.));
#15986=DIRECTION('',(-1.,0.,0.));
#15987=DIRECTION('',(0.,0.,1.));
#15988=DIRECTION('',(0.,0.,-1.));
#15989=DIRECTION('',(-1.,0.,0.));
#15990=DIRECTION('',(0.,0.,1.));
#15991=DIRECTION('',(1.,0.,0.));
#15992=DIRECTION('',(0.,0.,1.));
#15993=DIRECTION('',(0.,0.,-1.));
#15994=DIRECTION('',(-1.,0.,0.));
#15995=DIRECTION('',(0.,0.,1.));
#15996=DIRECTION('',(0.,0.,-1.));
#15997=DIRECTION('',(-1.,0.,0.));
#15998=DIRECTION('',(0.,0.,1.));
#15999=DIRECTION('',(1.,0.,0.));
#16000=DIRECTION('',(0.,0.,1.));
#16001=DIRECTION('',(0.,0.,-1.));
#16002=DIRECTION('',(-1.,0.,0.));
#16003=DIRECTION('',(0.,0.,1.));
#16004=DIRECTION('',(0.,0.,-1.));
#16005=DIRECTION('',(-1.,0.,0.));
#16006=DIRECTION('',(0.,0.,1.));
#16007=DIRECTION('',(1.,0.,0.));
#16008=DIRECTION('',(0.,0.,1.));
#16009=DIRECTION('',(0.,0.,-1.));
#16010=DIRECTION('',(-1.,0.,0.));
#16011=DIRECTION('',(0.,0.,1.));
#16012=DIRECTION('',(0.,0.,-1.));
#16013=DIRECTION('',(-1.,0.,0.));
#16014=DIRECTION('',(0.,0.,1.));
#16015=DIRECTION('',(1.,0.,0.));
#16016=DIRECTION('',(0.,0.,1.));
#16017=DIRECTION('',(0.,0.,-1.));
#16018=DIRECTION('',(-1.,0.,0.));
#16019=DIRECTION('',(0.,0.,1.));
#16020=DIRECTION('',(0.,0.,-1.));
#16021=DIRECTION('',(-1.,0.,0.));
#16022=DIRECTION('',(0.,0.,1.));
#16023=DIRECTION('',(1.,0.,0.));
#16024=DIRECTION('',(0.,0.,1.));
#16025=DIRECTION('',(0.,0.,-1.));
#16026=DIRECTION('',(-1.,0.,0.));
#16027=DIRECTION('',(0.,0.,1.));
#16028=DIRECTION('',(0.,0.,-1.));
#16029=DIRECTION('',(-1.,0.,0.));
#16030=DIRECTION('',(0.,0.,1.));
#16031=DIRECTION('',(1.,0.,0.));
#16032=DIRECTION('',(0.,0.,1.));
#16033=DIRECTION('',(0.,0.,-1.));
#16034=DIRECTION('',(-1.,0.,0.));
#16035=DIRECTION('',(0.,0.,1.));
#16036=DIRECTION('',(0.,0.,-1.));
#16037=DIRECTION('',(-1.,0.,0.));
#16038=DIRECTION('',(0.,0.,1.));
#16039=DIRECTION('',(1.,0.,0.));
#16040=DIRECTION('',(0.,0.,1.));
#16041=DIRECTION('',(0.,0.,-1.));
#16042=DIRECTION('',(-1.,0.,0.));
#16043=DIRECTION('',(0.,0.,1.));
#16044=DIRECTION('',(0.,0.,-1.));
#16045=DIRECTION('',(-1.,0.,0.));
#16046=DIRECTION('',(0.,0.,1.));
#16047=DIRECTION('',(1.,0.,0.));
#16048=DIRECTION('',(0.,0.,1.));
#16049=DIRECTION('',(0.,0.,-1.));
#16050=DIRECTION('',(-1.,0.,0.));
#16051=DIRECTION('',(0.,0.,1.));
#16052=DIRECTION('',(0.,0.,-1.));
#16053=DIRECTION('',(-1.,0.,0.));
#16054=DIRECTION('',(0.,0.,1.));
#16055=DIRECTION('',(1.,0.,0.));
#16056=DIRECTION('',(0.,0.,1.));
#16057=DIRECTION('',(0.,0.,-1.));
#16058=DIRECTION('',(-1.,0.,0.));
#16059=DIRECTION('',(0.,0.,1.));
#16060=DIRECTION('',(0.,0.,-1.));
#16061=DIRECTION('',(-1.,0.,0.));
#16062=DIRECTION('',(0.,0.,1.));
#16063=DIRECTION('',(1.,0.,0.));
#16064=DIRECTION('',(0.,0.,1.));
#16065=DIRECTION('',(0.,0.,-1.));
#16066=DIRECTION('',(-1.,0.,0.));
#16067=DIRECTION('',(0.,0.,1.));
#16068=DIRECTION('',(0.,0.,-1.));
#16069=DIRECTION('',(-1.,0.,0.));
#16070=DIRECTION('',(0.,0.,1.));
#16071=DIRECTION('',(1.,0.,0.));
#16072=DIRECTION('',(0.,0.,1.));
#16073=DIRECTION('',(0.,0.,-1.));
#16074=DIRECTION('',(-1.,0.,0.));
#16075=DIRECTION('',(0.,0.,1.));
#16076=DIRECTION('',(0.,0.,-1.));
#16077=DIRECTION('',(-1.,0.,0.));
#16078=DIRECTION('',(0.,0.,1.));
#16079=DIRECTION('',(1.,0.,0.));
#16080=DIRECTION('',(0.,0.,1.));
#16081=DIRECTION('',(0.,0.,-1.));
#16082=DIRECTION('',(-1.,0.,0.));
#16083=DIRECTION('',(0.,0.,1.));
#16084=DIRECTION('',(0.,0.,-1.));
#16085=DIRECTION('',(-1.,0.,0.));
#16086=DIRECTION('',(0.,0.,1.));
#16087=DIRECTION('',(1.,0.,0.));
#16088=DIRECTION('',(0.,0.,1.));
#16089=DIRECTION('',(0.,0.,-1.));
#16090=DIRECTION('',(-1.,0.,0.));
#16091=DIRECTION('',(0.,0.,1.));
#16092=DIRECTION('',(0.,0.,-1.));
#16093=DIRECTION('',(-1.,0.,0.));
#16094=DIRECTION('',(0.,0.,1.));
#16095=DIRECTION('',(1.,0.,0.));
#16096=DIRECTION('',(0.,0.,1.));
#16097=DIRECTION('',(0.,0.,1.));
#16098=DIRECTION('',(1.,0.,0.));
#16099=DIRECTION('',(0.,0.,1.));
#16100=DIRECTION('',(0.,0.,-1.));
#16101=DIRECTION('',(1.,0.,0.));
#16102=DIRECTION('',(0.,0.,1.));
#16103=DIRECTION('',(1.,0.,0.));
#16104=DIRECTION('',(0.,0.,1.));
#16105=DIRECTION('',(0.,0.,1.));
#16106=DIRECTION('',(1.,0.,0.));
#16107=DIRECTION('',(0.,0.,1.));
#16108=DIRECTION('',(0.,0.,-1.));
#16109=DIRECTION('',(1.,0.,0.));
#16110=DIRECTION('',(0.,0.,1.));
#16111=DIRECTION('',(1.,0.,0.));
#16112=DIRECTION('',(0.,0.,1.));
#16113=DIRECTION('',(0.,0.,1.));
#16114=DIRECTION('',(1.,0.,0.));
#16115=DIRECTION('',(0.,0.,1.));
#16116=DIRECTION('',(0.,0.,-1.));
#16117=DIRECTION('',(1.,0.,0.));
#16118=DIRECTION('',(0.,0.,1.));
#16119=DIRECTION('',(1.,0.,0.));
#16120=DIRECTION('',(0.,0.,1.));
#16121=DIRECTION('',(0.,0.,1.));
#16122=DIRECTION('',(1.,0.,0.));
#16123=DIRECTION('',(0.,0.,1.));
#16124=DIRECTION('',(0.,0.,-1.));
#16125=DIRECTION('',(1.,0.,0.));
#16126=DIRECTION('',(0.,0.,1.));
#16127=DIRECTION('',(1.,0.,0.));
#16128=DIRECTION('',(0.,0.,1.));
#16129=DIRECTION('',(0.,0.,1.));
#16130=DIRECTION('',(1.,0.,0.));
#16131=DIRECTION('',(0.,0.,1.));
#16132=DIRECTION('',(0.,0.,-1.));
#16133=DIRECTION('',(1.,0.,0.));
#16134=DIRECTION('',(0.,0.,1.));
#16135=DIRECTION('',(1.,0.,0.));
#16136=DIRECTION('',(0.,0.,1.));
#16137=DIRECTION('',(0.,0.,1.));
#16138=DIRECTION('',(1.,0.,0.));
#16139=DIRECTION('',(0.,0.,1.));
#16140=DIRECTION('',(0.,0.,-1.));
#16141=DIRECTION('',(1.,0.,0.));
#16142=DIRECTION('',(0.,0.,1.));
#16143=DIRECTION('',(1.,0.,0.));
#16144=DIRECTION('',(0.,0.,1.));
#16145=DIRECTION('',(0.,0.,1.));
#16146=DIRECTION('',(1.,0.,0.));
#16147=DIRECTION('',(0.,0.,1.));
#16148=DIRECTION('',(0.,0.,-1.));
#16149=DIRECTION('',(1.,0.,0.));
#16150=DIRECTION('',(0.,0.,1.));
#16151=DIRECTION('',(1.,0.,0.));
#16152=DIRECTION('',(0.,0.,1.));
#16153=DIRECTION('',(0.,0.,1.));
#16154=DIRECTION('',(1.,0.,0.));
#16155=DIRECTION('',(0.,0.,1.));
#16156=DIRECTION('',(0.,0.,-1.));
#16157=DIRECTION('',(1.,0.,0.));
#16158=DIRECTION('',(0.,0.,1.));
#16159=DIRECTION('',(1.,0.,0.));
#16160=DIRECTION('',(0.,0.,1.));
#16161=DIRECTION('',(0.,0.,1.));
#16162=DIRECTION('',(1.,0.,0.));
#16163=DIRECTION('',(0.,0.,1.));
#16164=DIRECTION('',(0.,0.,-1.));
#16165=DIRECTION('',(1.,0.,0.));
#16166=DIRECTION('',(0.,0.,1.));
#16167=DIRECTION('',(1.,0.,0.));
#16168=DIRECTION('',(0.,0.,1.));
#16169=DIRECTION('',(0.,0.,1.));
#16170=DIRECTION('',(1.,0.,0.));
#16171=DIRECTION('',(0.,0.,1.));
#16172=DIRECTION('',(0.,0.,-1.));
#16173=DIRECTION('',(1.,0.,0.));
#16174=DIRECTION('',(0.,0.,1.));
#16175=DIRECTION('',(1.,0.,0.));
#16176=DIRECTION('',(0.,0.,1.));
#16177=DIRECTION('',(0.,0.,1.));
#16178=DIRECTION('',(1.,0.,0.));
#16179=DIRECTION('',(0.,0.,1.));
#16180=DIRECTION('',(0.,0.,-1.));
#16181=DIRECTION('',(1.,0.,0.));
#16182=DIRECTION('',(0.,0.,1.));
#16183=DIRECTION('',(1.,0.,0.));
#16184=DIRECTION('',(0.,0.,1.));
#16185=DIRECTION('',(0.,0.,1.));
#16186=DIRECTION('',(1.,0.,0.));
#16187=DIRECTION('',(0.,0.,1.));
#16188=DIRECTION('',(0.,0.,-1.));
#16189=DIRECTION('',(1.,0.,0.));
#16190=DIRECTION('',(0.,0.,1.));
#16191=DIRECTION('',(1.,0.,0.));
#16192=DIRECTION('',(0.,0.,1.));
#16193=DIRECTION('',(0.,0.,1.));
#16194=DIRECTION('',(1.,0.,0.));
#16195=DIRECTION('',(0.,0.,1.));
#16196=DIRECTION('',(0.,0.,-1.));
#16197=DIRECTION('',(1.,0.,0.));
#16198=DIRECTION('',(0.,0.,1.));
#16199=DIRECTION('',(1.,0.,0.));
#16200=DIRECTION('',(0.,0.,1.));
#16201=DIRECTION('',(0.,0.,1.));
#16202=DIRECTION('',(1.,0.,0.));
#16203=DIRECTION('',(0.,0.,1.));
#16204=DIRECTION('',(0.,0.,-1.));
#16205=DIRECTION('',(1.,0.,0.));
#16206=DIRECTION('',(0.,0.,1.));
#16207=DIRECTION('',(1.,0.,0.));
#16208=DIRECTION('',(0.,0.,-1.));
#16209=DIRECTION('',(0.,-1.,0.));
#16210=DIRECTION('',(0.,0.,1.));
#16211=DIRECTION('',(0.,0.,1.));
#16212=DIRECTION('',(1.,0.,0.));
#16213=DIRECTION('',(0.,0.,1.));
#16214=DIRECTION('',(0.,0.,1.));
#16215=DIRECTION('',(1.,0.,0.));
#16216=DIRECTION('',(0.,0.,-1.));
#16217=DIRECTION('',(0.,-1.,0.));
#16218=DIRECTION('',(0.,0.,1.));
#16219=DIRECTION('',(0.,0.,1.));
#16220=DIRECTION('',(1.,0.,0.));
#16221=DIRECTION('',(0.,0.,1.));
#16222=DIRECTION('',(0.,0.,1.));
#16223=DIRECTION('',(1.,0.,0.));
#16224=DIRECTION('',(0.,0.,-1.));
#16225=DIRECTION('',(0.,-1.,0.));
#16226=DIRECTION('',(0.,0.,1.));
#16227=DIRECTION('',(0.,0.,1.));
#16228=DIRECTION('',(1.,0.,0.));
#16229=DIRECTION('',(0.,0.,1.));
#16230=DIRECTION('',(0.,0.,1.));
#16231=DIRECTION('',(1.,0.,0.));
#16232=DIRECTION('',(0.,0.,-1.));
#16233=DIRECTION('',(0.,-1.,0.));
#16234=DIRECTION('',(0.,0.,1.));
#16235=DIRECTION('',(0.,0.,1.));
#16236=DIRECTION('',(1.,0.,0.));
#16237=DIRECTION('',(0.,0.,1.));
#16238=DIRECTION('',(0.,0.,1.));
#16239=DIRECTION('',(1.,0.,0.));
#16240=DIRECTION('',(0.,0.,-1.));
#16241=DIRECTION('',(0.,-1.,0.));
#16242=DIRECTION('',(0.,0.,1.));
#16243=DIRECTION('',(0.,0.,1.));
#16244=DIRECTION('',(1.,0.,0.));
#16245=DIRECTION('',(0.,0.,1.));
#16246=DIRECTION('',(0.,0.,1.));
#16247=DIRECTION('',(1.,0.,0.));
#16248=DIRECTION('',(0.,0.,-1.));
#16249=DIRECTION('',(0.,-1.,0.));
#16250=DIRECTION('',(0.,0.,1.));
#16251=DIRECTION('',(0.,0.,1.));
#16252=DIRECTION('',(1.,0.,0.));
#16253=DIRECTION('',(0.,0.,1.));
#16254=DIRECTION('',(0.,0.,1.));
#16255=DIRECTION('',(1.,0.,0.));
#16256=DIRECTION('',(0.,0.,-1.));
#16257=DIRECTION('',(0.,-1.,0.));
#16258=DIRECTION('',(0.,0.,1.));
#16259=DIRECTION('',(0.,0.,1.));
#16260=DIRECTION('',(1.,0.,0.));
#16261=DIRECTION('',(0.,0.,1.));
#16262=DIRECTION('',(0.,0.,1.));
#16263=DIRECTION('',(1.,0.,0.));
#16264=DIRECTION('',(0.,0.,-1.));
#16265=DIRECTION('',(0.,-1.,0.));
#16266=DIRECTION('',(0.,0.,1.));
#16267=DIRECTION('',(0.,0.,1.));
#16268=DIRECTION('',(1.,0.,0.));
#16269=DIRECTION('',(0.,0.,1.));
#16270=DIRECTION('',(0.,0.,1.));
#16271=DIRECTION('',(1.,0.,0.));
#16272=DIRECTION('',(0.,0.,-1.));
#16273=DIRECTION('',(0.,-1.,0.));
#16274=DIRECTION('',(0.,0.,1.));
#16275=DIRECTION('',(0.,0.,1.));
#16276=DIRECTION('',(1.,0.,0.));
#16277=DIRECTION('',(0.,0.,1.));
#16278=DIRECTION('',(0.,0.,1.));
#16279=DIRECTION('',(1.,0.,0.));
#16280=DIRECTION('',(0.,0.,-1.));
#16281=DIRECTION('',(0.,-1.,0.));
#16282=DIRECTION('',(0.,0.,1.));
#16283=DIRECTION('',(0.,0.,1.));
#16284=DIRECTION('',(1.,0.,0.));
#16285=DIRECTION('',(0.,0.,1.));
#16286=DIRECTION('',(0.,0.,1.));
#16287=DIRECTION('',(1.,0.,0.));
#16288=DIRECTION('',(0.,0.,-1.));
#16289=DIRECTION('',(0.,-1.,0.));
#16290=DIRECTION('',(0.,0.,1.));
#16291=DIRECTION('',(0.,0.,1.));
#16292=DIRECTION('',(1.,0.,0.));
#16293=DIRECTION('',(0.,0.,1.));
#16294=DIRECTION('',(0.,0.,1.));
#16295=DIRECTION('',(1.,0.,0.));
#16296=DIRECTION('',(0.,0.,-1.));
#16297=DIRECTION('',(0.,-1.,0.));
#16298=DIRECTION('',(0.,0.,1.));
#16299=DIRECTION('',(0.,0.,1.));
#16300=DIRECTION('',(1.,0.,0.));
#16301=DIRECTION('',(0.,0.,1.));
#16302=DIRECTION('',(-1.,0.,0.));
#16303=DIRECTION('',(0.,0.,1.));
#16304=DIRECTION('',(0.,-1.,0.));
#16305=DIRECTION('',(0.,0.,1.));
#16306=DIRECTION('',(0.,0.,1.));
#16307=DIRECTION('',(0.,1.,0.));
#16308=DIRECTION('',(0.,0.,1.));
#16309=DIRECTION('',(-1.,0.,0.));
#16310=DIRECTION('',(0.,0.,1.));
#16311=DIRECTION('',(1.,0.,0.));
#16312=DIRECTION('',(0.,0.,-1.));
#16313=DIRECTION('',(0.,1.,0.));
#16314=DIRECTION('',(0.,0.,1.));
#16315=DIRECTION('',(4.8186763221578E-16,-1.,0.));
#16316=DIRECTION('',(1.,4.8186763221578E-16,0.));
#16317=DIRECTION('',(1.,4.8186763221578E-16,0.));
#16318=DIRECTION('',(-1.,0.,0.));
#16319=DIRECTION('',(0.,0.,1.));
#16320=DIRECTION('',(0.,-1.,0.));
#16321=DIRECTION('',(0.,0.,1.));
#16322=DIRECTION('',(0.,0.,1.));
#16323=DIRECTION('',(0.,1.,0.));
#16324=DIRECTION('',(0.,0.,1.));
#16325=DIRECTION('',(-1.,0.,0.));
#16326=DIRECTION('',(0.,0.,1.));
#16327=DIRECTION('',(1.,0.,0.));
#16328=DIRECTION('',(0.,0.,-1.));
#16329=DIRECTION('',(0.,1.,0.));
#16330=DIRECTION('',(0.,0.,1.));
#16331=DIRECTION('',(4.8186763221578E-16,-1.,0.));
#16332=DIRECTION('',(1.,4.8186763221578E-16,0.));
#16333=DIRECTION('',(1.,4.8186763221578E-16,0.));
#16334=DIRECTION('',(-1.,0.,0.));
#16335=DIRECTION('',(0.,0.,1.));
#16336=DIRECTION('',(0.,-1.,0.));
#16337=DIRECTION('',(0.,0.,1.));
#16338=DIRECTION('',(0.,0.,1.));
#16339=DIRECTION('',(0.,1.,0.));
#16340=DIRECTION('',(0.,0.,1.));
#16341=DIRECTION('',(-1.,0.,0.));
#16342=DIRECTION('',(0.,0.,1.));
#16343=DIRECTION('',(1.,0.,0.));
#16344=DIRECTION('',(0.,0.,-1.));
#16345=DIRECTION('',(0.,1.,0.));
#16346=DIRECTION('',(0.,0.,1.));
#16347=DIRECTION('',(4.8186763221578E-16,-1.,0.));
#16348=DIRECTION('',(1.,4.8186763221578E-16,0.));
#16349=DIRECTION('',(1.,4.8186763221578E-16,0.));
#16350=DIRECTION('',(-1.,0.,0.));
#16351=DIRECTION('',(0.,0.,1.));
#16352=DIRECTION('',(0.,-1.,0.));
#16353=DIRECTION('',(0.,0.,1.));
#16354=DIRECTION('',(0.,0.,1.));
#16355=DIRECTION('',(0.,1.,0.));
#16356=DIRECTION('',(0.,0.,1.));
#16357=DIRECTION('',(-1.,0.,0.));
#16358=DIRECTION('',(0.,0.,1.));
#16359=DIRECTION('',(1.,0.,0.));
#16360=DIRECTION('',(0.,0.,-1.));
#16361=DIRECTION('',(0.,1.,0.));
#16362=DIRECTION('',(0.,0.,1.));
#16363=DIRECTION('',(4.8186763221578E-16,-1.,0.));
#16364=DIRECTION('',(1.,4.8186763221578E-16,0.));
#16365=DIRECTION('',(1.,4.8186763221578E-16,0.));
#16366=DIRECTION('',(-1.,0.,0.));
#16367=DIRECTION('',(0.,0.,1.));
#16368=DIRECTION('',(0.,-1.,0.));
#16369=DIRECTION('',(0.,0.,1.));
#16370=DIRECTION('',(0.,0.,1.));
#16371=DIRECTION('',(0.,1.,0.));
#16372=DIRECTION('',(0.,0.,1.));
#16373=DIRECTION('',(-1.,0.,0.));
#16374=DIRECTION('',(0.,0.,1.));
#16375=DIRECTION('',(1.,0.,0.));
#16376=DIRECTION('',(0.,0.,-1.));
#16377=DIRECTION('',(0.,1.,0.));
#16378=DIRECTION('',(0.,0.,1.));
#16379=DIRECTION('',(4.8186763221578E-16,-1.,0.));
#16380=DIRECTION('',(1.,4.8186763221578E-16,0.));
#16381=DIRECTION('',(1.,4.8186763221578E-16,0.));
#16382=DIRECTION('',(-1.,0.,0.));
#16383=DIRECTION('',(0.,0.,1.));
#16384=DIRECTION('',(0.,-1.,0.));
#16385=DIRECTION('',(0.,0.,1.));
#16386=DIRECTION('',(0.,0.,1.));
#16387=DIRECTION('',(0.,1.,0.));
#16388=DIRECTION('',(0.,0.,1.));
#16389=DIRECTION('',(-1.,0.,0.));
#16390=DIRECTION('',(0.,0.,1.));
#16391=DIRECTION('',(1.,0.,0.));
#16392=DIRECTION('',(0.,0.,-1.));
#16393=DIRECTION('',(0.,1.,0.));
#16394=DIRECTION('',(0.,0.,1.));
#16395=DIRECTION('',(4.8186763221578E-16,-1.,0.));
#16396=DIRECTION('',(1.,4.8186763221578E-16,0.));
#16397=DIRECTION('',(1.,4.8186763221578E-16,0.));
#16398=DIRECTION('',(-1.,0.,0.));
#16399=DIRECTION('',(0.,0.,1.));
#16400=DIRECTION('',(0.,-1.,0.));
#16401=DIRECTION('',(0.,0.,1.));
#16402=DIRECTION('',(0.,0.,1.));
#16403=DIRECTION('',(0.,1.,0.));
#16404=DIRECTION('',(0.,0.,1.));
#16405=DIRECTION('',(-1.,0.,0.));
#16406=DIRECTION('',(0.,0.,1.));
#16407=DIRECTION('',(1.,0.,0.));
#16408=DIRECTION('',(0.,0.,-1.));
#16409=DIRECTION('',(0.,1.,0.));
#16410=DIRECTION('',(0.,0.,1.));
#16411=DIRECTION('',(4.8186763221578E-16,-1.,0.));
#16412=DIRECTION('',(1.,4.8186763221578E-16,0.));
#16413=DIRECTION('',(1.,4.8186763221578E-16,0.));
#16414=DIRECTION('',(-1.,0.,0.));
#16415=DIRECTION('',(0.,0.,1.));
#16416=DIRECTION('',(0.,-1.,0.));
#16417=DIRECTION('',(0.,0.,1.));
#16418=DIRECTION('',(0.,0.,1.));
#16419=DIRECTION('',(0.,1.,0.));
#16420=DIRECTION('',(0.,0.,1.));
#16421=DIRECTION('',(-1.,0.,0.));
#16422=DIRECTION('',(0.,0.,1.));
#16423=DIRECTION('',(1.,0.,0.));
#16424=DIRECTION('',(0.,0.,-1.));
#16425=DIRECTION('',(0.,1.,0.));
#16426=DIRECTION('',(0.,0.,1.));
#16427=DIRECTION('',(4.8186763221578E-16,-1.,0.));
#16428=DIRECTION('',(1.,4.8186763221578E-16,0.));
#16429=DIRECTION('',(1.,4.8186763221578E-16,0.));
#16430=DIRECTION('',(-1.,0.,0.));
#16431=DIRECTION('',(0.,0.,1.));
#16432=DIRECTION('',(0.,-1.,0.));
#16433=DIRECTION('',(0.,0.,1.));
#16434=DIRECTION('',(0.,0.,1.));
#16435=DIRECTION('',(0.,1.,0.));
#16436=DIRECTION('',(0.,0.,1.));
#16437=DIRECTION('',(-1.,0.,0.));
#16438=DIRECTION('',(0.,0.,1.));
#16439=DIRECTION('',(1.,0.,0.));
#16440=DIRECTION('',(0.,0.,-1.));
#16441=DIRECTION('',(0.,1.,0.));
#16442=DIRECTION('',(0.,0.,1.));
#16443=DIRECTION('',(4.8186763221578E-16,-1.,0.));
#16444=DIRECTION('',(1.,4.8186763221578E-16,0.));
#16445=DIRECTION('',(1.,4.8186763221578E-16,0.));
#16446=DIRECTION('',(1.,0.,0.));
#16447=DIRECTION('',(0.,0.,-1.));
#16448=DIRECTION('',(0.,1.,0.));
#16449=DIRECTION('',(0.,0.,1.));
#16450=DIRECTION('',(0.,1.,0.));
#16451=DIRECTION('',(0.,0.,1.));
#16452=DIRECTION('',(1.,0.,0.));
#16453=DIRECTION('',(0.,1.,0.));
#16454=DIRECTION('',(1.,0.,0.));
#16455=DIRECTION('',(0.,1.,0.));
#16456=DIRECTION('',(-1.,0.,0.));
#16457=DIRECTION('',(1.,0.,0.));
#16458=DIRECTION('',(0.,0.,-1.));
#16459=DIRECTION('',(0.,0.,1.));
#16460=DIRECTION('',(0.,1.,0.));
#16461=DIRECTION('',(0.,0.,-1.));
#16462=DIRECTION('',(-1.,0.,0.));
#16463=DIRECTION('',(1.,0.,0.));
#16464=DIRECTION('',(0.,-1.,0.));
#16465=DIRECTION('',(-1.,0.,0.));
#16466=DIRECTION('',(-1.,0.,0.));
#16467=DIRECTION('',(0.,0.,1.));
#16468=DIRECTION('',(0.,-1.,0.));
#16469=DIRECTION('',(0.,0.,1.));
#16470=DIRECTION('',(0.,0.,1.));
#16471=DIRECTION('',(1.,0.,0.));
#16472=DIRECTION('',(0.,0.,-1.));
#16473=DIRECTION('',(0.,1.,0.));
#16474=DIRECTION('',(0.,0.,1.));
#16475=DIRECTION('',(0.,1.,0.));
#16476=DIRECTION('',(0.,0.,1.));
#16477=DIRECTION('',(1.,0.,0.));
#16478=DIRECTION('',(0.,1.,0.));
#16479=DIRECTION('',(1.,0.,0.));
#16480=DIRECTION('',(0.,1.,0.));
#16481=DIRECTION('',(-1.,0.,0.));
#16482=DIRECTION('',(1.,0.,0.));
#16483=DIRECTION('',(0.,0.,-1.));
#16484=DIRECTION('',(0.,0.,1.));
#16485=DIRECTION('',(0.,1.,0.));
#16486=DIRECTION('',(0.,0.,-1.));
#16487=DIRECTION('',(-1.,0.,0.));
#16488=DIRECTION('',(1.,0.,0.));
#16489=DIRECTION('',(0.,-1.,0.));
#16490=DIRECTION('',(-1.,0.,0.));
#16491=DIRECTION('',(-1.,0.,0.));
#16492=DIRECTION('',(0.,0.,1.));
#16493=DIRECTION('',(0.,-1.,0.));
#16494=DIRECTION('',(0.,0.,1.));
#16495=DIRECTION('',(0.,0.,1.));
#16496=DIRECTION('',(1.,0.,0.));
#16497=DIRECTION('',(0.,0.,-1.));
#16498=DIRECTION('',(0.,1.,0.));
#16499=DIRECTION('',(0.,0.,1.));
#16500=DIRECTION('',(0.,1.,0.));
#16501=DIRECTION('',(0.,0.,1.));
#16502=DIRECTION('',(1.,0.,0.));
#16503=DIRECTION('',(0.,1.,0.));
#16504=DIRECTION('',(1.,0.,0.));
#16505=DIRECTION('',(0.,1.,0.));
#16506=DIRECTION('',(-1.,0.,0.));
#16507=DIRECTION('',(1.,0.,0.));
#16508=DIRECTION('',(0.,0.,-1.));
#16509=DIRECTION('',(0.,0.,1.));
#16510=DIRECTION('',(0.,1.,0.));
#16511=DIRECTION('',(0.,0.,-1.));
#16512=DIRECTION('',(-1.,0.,0.));
#16513=DIRECTION('',(1.,0.,0.));
#16514=DIRECTION('',(0.,-1.,0.));
#16515=DIRECTION('',(-1.,0.,0.));
#16516=DIRECTION('',(-1.,0.,0.));
#16517=DIRECTION('',(0.,0.,1.));
#16518=DIRECTION('',(0.,-1.,0.));
#16519=DIRECTION('',(0.,0.,1.));
#16520=DIRECTION('',(0.,0.,1.));
#16521=DIRECTION('',(1.,0.,0.));
#16522=DIRECTION('',(0.,0.,-1.));
#16523=DIRECTION('',(0.,1.,0.));
#16524=DIRECTION('',(0.,0.,1.));
#16525=DIRECTION('',(0.,1.,0.));
#16526=DIRECTION('',(0.,0.,1.));
#16527=DIRECTION('',(1.,0.,0.));
#16528=DIRECTION('',(0.,1.,0.));
#16529=DIRECTION('',(1.,0.,0.));
#16530=DIRECTION('',(0.,1.,0.));
#16531=DIRECTION('',(-1.,0.,0.));
#16532=DIRECTION('',(1.,0.,0.));
#16533=DIRECTION('',(0.,0.,-1.));
#16534=DIRECTION('',(0.,0.,1.));
#16535=DIRECTION('',(0.,1.,0.));
#16536=DIRECTION('',(0.,0.,-1.));
#16537=DIRECTION('',(-1.,0.,0.));
#16538=DIRECTION('',(1.,0.,0.));
#16539=DIRECTION('',(0.,-1.,0.));
#16540=DIRECTION('',(-1.,0.,0.));
#16541=DIRECTION('',(-1.,0.,0.));
#16542=DIRECTION('',(0.,0.,1.));
#16543=DIRECTION('',(0.,-1.,0.));
#16544=DIRECTION('',(0.,0.,1.));
#16545=DIRECTION('',(0.,0.,1.));
#16546=DIRECTION('',(1.,0.,0.));
#16547=DIRECTION('',(0.,0.,-1.));
#16548=DIRECTION('',(0.,1.,0.));
#16549=DIRECTION('',(0.,0.,1.));
#16550=DIRECTION('',(0.,1.,0.));
#16551=DIRECTION('',(0.,0.,1.));
#16552=DIRECTION('',(1.,0.,0.));
#16553=DIRECTION('',(0.,1.,0.));
#16554=DIRECTION('',(1.,0.,0.));
#16555=DIRECTION('',(0.,1.,0.));
#16556=DIRECTION('',(-1.,0.,0.));
#16557=DIRECTION('',(1.,0.,0.));
#16558=DIRECTION('',(0.,0.,-1.));
#16559=DIRECTION('',(0.,0.,1.));
#16560=DIRECTION('',(0.,1.,0.));
#16561=DIRECTION('',(0.,0.,-1.));
#16562=DIRECTION('',(-1.,0.,0.));
#16563=DIRECTION('',(1.,0.,0.));
#16564=DIRECTION('',(0.,-1.,0.));
#16565=DIRECTION('',(-1.,0.,0.));
#16566=DIRECTION('',(-1.,0.,0.));
#16567=DIRECTION('',(0.,0.,1.));
#16568=DIRECTION('',(0.,-1.,0.));
#16569=DIRECTION('',(0.,0.,1.));
#16570=DIRECTION('',(0.,0.,1.));
#16571=DIRECTION('',(1.,0.,0.));
#16572=DIRECTION('',(0.,0.,-1.));
#16573=DIRECTION('',(0.,1.,0.));
#16574=DIRECTION('',(0.,0.,1.));
#16575=DIRECTION('',(0.,1.,0.));
#16576=DIRECTION('',(0.,0.,1.));
#16577=DIRECTION('',(1.,0.,0.));
#16578=DIRECTION('',(0.,1.,0.));
#16579=DIRECTION('',(1.,0.,0.));
#16580=DIRECTION('',(0.,1.,0.));
#16581=DIRECTION('',(-1.,0.,0.));
#16582=DIRECTION('',(1.,0.,0.));
#16583=DIRECTION('',(0.,0.,-1.));
#16584=DIRECTION('',(0.,0.,1.));
#16585=DIRECTION('',(0.,1.,0.));
#16586=DIRECTION('',(0.,0.,-1.));
#16587=DIRECTION('',(-1.,0.,0.));
#16588=DIRECTION('',(1.,0.,0.));
#16589=DIRECTION('',(0.,-1.,0.));
#16590=DIRECTION('',(-1.,0.,0.));
#16591=DIRECTION('',(-1.,0.,0.));
#16592=DIRECTION('',(0.,0.,1.));
#16593=DIRECTION('',(0.,-1.,0.));
#16594=DIRECTION('',(0.,0.,1.));
#16595=DIRECTION('',(0.,0.,1.));
#16596=DIRECTION('',(1.,0.,0.));
#16597=DIRECTION('',(0.,0.,-1.));
#16598=DIRECTION('',(0.,1.,0.));
#16599=DIRECTION('',(0.,0.,1.));
#16600=DIRECTION('',(0.,1.,0.));
#16601=DIRECTION('',(0.,0.,1.));
#16602=DIRECTION('',(1.,0.,0.));
#16603=DIRECTION('',(0.,1.,0.));
#16604=DIRECTION('',(1.,0.,0.));
#16605=DIRECTION('',(0.,1.,0.));
#16606=DIRECTION('',(-1.,0.,0.));
#16607=DIRECTION('',(1.,0.,0.));
#16608=DIRECTION('',(0.,0.,-1.));
#16609=DIRECTION('',(0.,0.,1.));
#16610=DIRECTION('',(0.,1.,0.));
#16611=DIRECTION('',(0.,0.,-1.));
#16612=DIRECTION('',(-1.,0.,0.));
#16613=DIRECTION('',(1.,0.,0.));
#16614=DIRECTION('',(0.,-1.,0.));
#16615=DIRECTION('',(-1.,0.,0.));
#16616=DIRECTION('',(-1.,0.,0.));
#16617=DIRECTION('',(0.,0.,1.));
#16618=DIRECTION('',(0.,-1.,0.));
#16619=DIRECTION('',(0.,0.,1.));
#16620=DIRECTION('',(0.,0.,1.));
#16621=DIRECTION('',(1.,0.,0.));
#16622=DIRECTION('',(0.,0.,-1.));
#16623=DIRECTION('',(0.,1.,0.));
#16624=DIRECTION('',(0.,0.,1.));
#16625=DIRECTION('',(0.,1.,0.));
#16626=DIRECTION('',(0.,0.,1.));
#16627=DIRECTION('',(1.,0.,0.));
#16628=DIRECTION('',(0.,1.,0.));
#16629=DIRECTION('',(1.,0.,0.));
#16630=DIRECTION('',(0.,1.,0.));
#16631=DIRECTION('',(-1.,0.,0.));
#16632=DIRECTION('',(1.,0.,0.));
#16633=DIRECTION('',(0.,0.,-1.));
#16634=DIRECTION('',(0.,0.,1.));
#16635=DIRECTION('',(0.,1.,0.));
#16636=DIRECTION('',(0.,0.,-1.));
#16637=DIRECTION('',(-1.,0.,0.));
#16638=DIRECTION('',(1.,0.,0.));
#16639=DIRECTION('',(0.,-1.,0.));
#16640=DIRECTION('',(-1.,0.,0.));
#16641=DIRECTION('',(-1.,0.,0.));
#16642=DIRECTION('',(0.,0.,1.));
#16643=DIRECTION('',(0.,-1.,0.));
#16644=DIRECTION('',(0.,0.,1.));
#16645=DIRECTION('',(0.,0.,1.));
#16646=DIRECTION('',(1.,0.,0.));
#16647=DIRECTION('',(0.,0.,-1.));
#16648=DIRECTION('',(0.,1.,0.));
#16649=DIRECTION('',(0.,0.,1.));
#16650=DIRECTION('',(0.,1.,0.));
#16651=DIRECTION('',(0.,0.,1.));
#16652=DIRECTION('',(1.,0.,0.));
#16653=DIRECTION('',(0.,1.,0.));
#16654=DIRECTION('',(1.,0.,0.));
#16655=DIRECTION('',(0.,1.,0.));
#16656=DIRECTION('',(-1.,0.,0.));
#16657=DIRECTION('',(1.,0.,0.));
#16658=DIRECTION('',(0.,0.,-1.));
#16659=DIRECTION('',(0.,0.,1.));
#16660=DIRECTION('',(0.,1.,0.));
#16661=DIRECTION('',(0.,0.,-1.));
#16662=DIRECTION('',(-1.,0.,0.));
#16663=DIRECTION('',(1.,0.,0.));
#16664=DIRECTION('',(0.,-1.,0.));
#16665=DIRECTION('',(-1.,0.,0.));
#16666=DIRECTION('',(-1.,0.,0.));
#16667=DIRECTION('',(0.,0.,1.));
#16668=DIRECTION('',(0.,-1.,0.));
#16669=DIRECTION('',(0.,0.,1.));
#16670=DIRECTION('',(0.,0.,1.));
#16671=DIRECTION('',(1.,0.,0.));
#16672=DIRECTION('',(0.,0.,-1.));
#16673=DIRECTION('',(0.,1.,0.));
#16674=DIRECTION('',(0.,0.,1.));
#16675=DIRECTION('',(0.,1.,0.));
#16676=DIRECTION('',(0.,0.,1.));
#16677=DIRECTION('',(1.,0.,0.));
#16678=DIRECTION('',(0.,1.,0.));
#16679=DIRECTION('',(1.,0.,0.));
#16680=DIRECTION('',(0.,1.,0.));
#16681=DIRECTION('',(-1.,0.,0.));
#16682=DIRECTION('',(1.,0.,0.));
#16683=DIRECTION('',(0.,0.,-1.));
#16684=DIRECTION('',(0.,0.,1.));
#16685=DIRECTION('',(0.,1.,0.));
#16686=DIRECTION('',(0.,0.,-1.));
#16687=DIRECTION('',(-1.,0.,0.));
#16688=DIRECTION('',(1.,0.,0.));
#16689=DIRECTION('',(0.,-1.,0.));
#16690=DIRECTION('',(-1.,0.,0.));
#16691=DIRECTION('',(-1.,0.,0.));
#16692=DIRECTION('',(0.,0.,1.));
#16693=DIRECTION('',(0.,-1.,0.));
#16694=DIRECTION('',(0.,0.,1.));
#16695=DIRECTION('',(0.,0.,1.));
#16696=DIRECTION('',(1.,0.,0.));
#16697=DIRECTION('',(0.,0.,-1.));
#16698=DIRECTION('',(0.,1.,0.));
#16699=DIRECTION('',(0.,0.,1.));
#16700=DIRECTION('',(0.,1.,0.));
#16701=DIRECTION('',(0.,0.,1.));
#16702=DIRECTION('',(1.,0.,0.));
#16703=DIRECTION('',(0.,1.,0.));
#16704=DIRECTION('',(1.,0.,0.));
#16705=DIRECTION('',(0.,1.,0.));
#16706=DIRECTION('',(-1.,0.,0.));
#16707=DIRECTION('',(1.,0.,0.));
#16708=DIRECTION('',(0.,0.,-1.));
#16709=DIRECTION('',(0.,0.,1.));
#16710=DIRECTION('',(0.,1.,0.));
#16711=DIRECTION('',(0.,0.,-1.));
#16712=DIRECTION('',(-1.,0.,0.));
#16713=DIRECTION('',(1.,0.,0.));
#16714=DIRECTION('',(0.,-1.,0.));
#16715=DIRECTION('',(-1.,0.,0.));
#16716=DIRECTION('',(-1.,0.,0.));
#16717=DIRECTION('',(0.,0.,1.));
#16718=DIRECTION('',(0.,-1.,0.));
#16719=DIRECTION('',(0.,0.,1.));
#16720=DIRECTION('',(0.,0.,1.));
#16721=DIRECTION('',(1.,0.,0.));
#16722=DIRECTION('',(0.,0.,-1.));
#16723=DIRECTION('',(0.,1.,0.));
#16724=DIRECTION('',(0.,0.,1.));
#16725=DIRECTION('',(0.,1.,0.));
#16726=DIRECTION('',(0.,0.,1.));
#16727=DIRECTION('',(1.,0.,0.));
#16728=DIRECTION('',(0.,1.,0.));
#16729=DIRECTION('',(1.,0.,0.));
#16730=DIRECTION('',(0.,1.,0.));
#16731=DIRECTION('',(-1.,0.,0.));
#16732=DIRECTION('',(1.,0.,0.));
#16733=DIRECTION('',(0.,0.,-1.));
#16734=DIRECTION('',(0.,0.,1.));
#16735=DIRECTION('',(0.,1.,0.));
#16736=DIRECTION('',(0.,0.,-1.));
#16737=DIRECTION('',(-1.,0.,0.));
#16738=DIRECTION('',(1.,0.,0.));
#16739=DIRECTION('',(0.,-1.,0.));
#16740=DIRECTION('',(-1.,0.,0.));
#16741=DIRECTION('',(-1.,0.,0.));
#16742=DIRECTION('',(0.,0.,1.));
#16743=DIRECTION('',(0.,-1.,0.));
#16744=DIRECTION('',(0.,0.,1.));
#16745=DIRECTION('',(0.,0.,1.));
#16746=DIRECTION('',(1.,0.,0.));
#16747=DIRECTION('',(0.,0.,-1.));
#16748=DIRECTION('',(0.,1.,0.));
#16749=DIRECTION('',(0.,0.,1.));
#16750=DIRECTION('',(0.,1.,0.));
#16751=DIRECTION('',(0.,0.,1.));
#16752=DIRECTION('',(1.,0.,0.));
#16753=DIRECTION('',(0.,1.,0.));
#16754=DIRECTION('',(1.,0.,0.));
#16755=DIRECTION('',(0.,1.,0.));
#16756=DIRECTION('',(-1.,0.,0.));
#16757=DIRECTION('',(1.,0.,0.));
#16758=DIRECTION('',(0.,0.,-1.));
#16759=DIRECTION('',(0.,0.,1.));
#16760=DIRECTION('',(0.,1.,0.));
#16761=DIRECTION('',(0.,0.,-1.));
#16762=DIRECTION('',(-1.,0.,0.));
#16763=DIRECTION('',(1.,0.,0.));
#16764=DIRECTION('',(0.,-1.,0.));
#16765=DIRECTION('',(-1.,0.,0.));
#16766=DIRECTION('',(-1.,0.,0.));
#16767=DIRECTION('',(0.,0.,1.));
#16768=DIRECTION('',(0.,-1.,0.));
#16769=DIRECTION('',(0.,0.,1.));
#16770=DIRECTION('',(0.,0.,1.));
#16771=DIRECTION('',(1.,0.,0.));
#16772=DIRECTION('',(0.,0.,-1.));
#16773=DIRECTION('',(0.,1.,0.));
#16774=DIRECTION('',(0.,0.,1.));
#16775=DIRECTION('',(0.,1.,0.));
#16776=DIRECTION('',(0.,0.,1.));
#16777=DIRECTION('',(1.,0.,0.));
#16778=DIRECTION('',(0.,1.,0.));
#16779=DIRECTION('',(1.,0.,0.));
#16780=DIRECTION('',(0.,1.,0.));
#16781=DIRECTION('',(-1.,0.,0.));
#16782=DIRECTION('',(1.,0.,0.));
#16783=DIRECTION('',(0.,0.,-1.));
#16784=DIRECTION('',(0.,0.,1.));
#16785=DIRECTION('',(0.,1.,0.));
#16786=DIRECTION('',(0.,0.,-1.));
#16787=DIRECTION('',(-1.,0.,0.));
#16788=DIRECTION('',(1.,0.,0.));
#16789=DIRECTION('',(0.,-1.,0.));
#16790=DIRECTION('',(-1.,0.,0.));
#16791=DIRECTION('',(-1.,0.,0.));
#16792=DIRECTION('',(0.,0.,1.));
#16793=DIRECTION('',(0.,-1.,0.));
#16794=DIRECTION('',(0.,0.,1.));
#16795=DIRECTION('',(0.,0.,1.));
#16796=DIRECTION('',(-1.,0.,0.));
#16797=DIRECTION('',(0.,0.,1.));
#16798=DIRECTION('',(0.,-1.,0.));
#16799=DIRECTION('',(0.,0.,1.));
#16800=DIRECTION('',(0.,-1.,0.));
#16801=DIRECTION('',(0.,0.,1.));
#16802=DIRECTION('',(1.,0.,0.));
#16803=DIRECTION('',(0.,-1.,0.));
#16804=DIRECTION('',(-1.,0.,0.));
#16805=DIRECTION('',(0.,-1.,0.));
#16806=DIRECTION('',(1.,0.,0.));
#16807=DIRECTION('',(-1.,0.,0.));
#16808=DIRECTION('',(0.,0.,1.));
#16809=DIRECTION('',(0.,0.,1.));
#16810=DIRECTION('',(0.,-1.,0.));
#16811=DIRECTION('',(0.,0.,1.));
#16812=DIRECTION('',(1.,0.,0.));
#16813=DIRECTION('',(1.,0.,0.));
#16814=DIRECTION('',(0.,-1.,0.));
#16815=DIRECTION('',(-1.,0.,0.));
#16816=DIRECTION('',(-1.,0.,0.));
#16817=DIRECTION('',(0.,0.,1.));
#16818=DIRECTION('',(0.,-1.,0.));
#16819=DIRECTION('',(0.,0.,1.));
#16820=DIRECTION('',(0.,0.,1.));
#16821=DIRECTION('',(-1.,0.,0.));
#16822=DIRECTION('',(0.,0.,1.));
#16823=DIRECTION('',(0.,-1.,0.));
#16824=DIRECTION('',(0.,0.,1.));
#16825=DIRECTION('',(0.,-1.,0.));
#16826=DIRECTION('',(0.,0.,1.));
#16827=DIRECTION('',(1.,0.,0.));
#16828=DIRECTION('',(0.,-1.,0.));
#16829=DIRECTION('',(-1.,0.,0.));
#16830=DIRECTION('',(0.,-1.,0.));
#16831=DIRECTION('',(1.,0.,0.));
#16832=DIRECTION('',(-1.,0.,0.));
#16833=DIRECTION('',(0.,0.,1.));
#16834=DIRECTION('',(0.,0.,1.));
#16835=DIRECTION('',(0.,-1.,0.));
#16836=DIRECTION('',(0.,0.,1.));
#16837=DIRECTION('',(1.,0.,0.));
#16838=DIRECTION('',(1.,0.,0.));
#16839=DIRECTION('',(0.,-1.,0.));
#16840=DIRECTION('',(-1.,0.,0.));
#16841=DIRECTION('',(-1.,0.,0.));
#16842=DIRECTION('',(0.,0.,1.));
#16843=DIRECTION('',(0.,-1.,0.));
#16844=DIRECTION('',(0.,0.,1.));
#16845=DIRECTION('',(0.,0.,1.));
#16846=DIRECTION('',(-1.,0.,0.));
#16847=DIRECTION('',(0.,0.,1.));
#16848=DIRECTION('',(0.,-1.,0.));
#16849=DIRECTION('',(0.,0.,1.));
#16850=DIRECTION('',(0.,-1.,0.));
#16851=DIRECTION('',(0.,0.,1.));
#16852=DIRECTION('',(1.,0.,0.));
#16853=DIRECTION('',(0.,-1.,0.));
#16854=DIRECTION('',(-1.,0.,0.));
#16855=DIRECTION('',(0.,-1.,0.));
#16856=DIRECTION('',(1.,0.,0.));
#16857=DIRECTION('',(-1.,0.,0.));
#16858=DIRECTION('',(0.,0.,1.));
#16859=DIRECTION('',(0.,0.,1.));
#16860=DIRECTION('',(0.,-1.,0.));
#16861=DIRECTION('',(0.,0.,1.));
#16862=DIRECTION('',(1.,0.,0.));
#16863=DIRECTION('',(1.,0.,0.));
#16864=DIRECTION('',(0.,-1.,0.));
#16865=DIRECTION('',(-1.,0.,0.));
#16866=DIRECTION('',(-1.,0.,0.));
#16867=DIRECTION('',(0.,0.,1.));
#16868=DIRECTION('',(0.,-1.,0.));
#16869=DIRECTION('',(0.,0.,1.));
#16870=DIRECTION('',(0.,0.,1.));
#16871=DIRECTION('',(-1.,0.,0.));
#16872=DIRECTION('',(0.,0.,1.));
#16873=DIRECTION('',(0.,-1.,0.));
#16874=DIRECTION('',(0.,0.,1.));
#16875=DIRECTION('',(0.,-1.,0.));
#16876=DIRECTION('',(0.,0.,1.));
#16877=DIRECTION('',(1.,0.,0.));
#16878=DIRECTION('',(0.,-1.,0.));
#16879=DIRECTION('',(-1.,0.,0.));
#16880=DIRECTION('',(0.,-1.,0.));
#16881=DIRECTION('',(1.,0.,0.));
#16882=DIRECTION('',(-1.,0.,0.));
#16883=DIRECTION('',(0.,0.,1.));
#16884=DIRECTION('',(0.,0.,1.));
#16885=DIRECTION('',(0.,-1.,0.));
#16886=DIRECTION('',(0.,0.,1.));
#16887=DIRECTION('',(1.,0.,0.));
#16888=DIRECTION('',(1.,0.,0.));
#16889=DIRECTION('',(0.,-1.,0.));
#16890=DIRECTION('',(-1.,0.,0.));
#16891=DIRECTION('',(-1.,0.,0.));
#16892=DIRECTION('',(0.,0.,1.));
#16893=DIRECTION('',(0.,-1.,0.));
#16894=DIRECTION('',(0.,0.,1.));
#16895=DIRECTION('',(0.,0.,1.));
#16896=DIRECTION('',(-1.,0.,0.));
#16897=DIRECTION('',(0.,0.,1.));
#16898=DIRECTION('',(0.,-1.,0.));
#16899=DIRECTION('',(0.,0.,1.));
#16900=DIRECTION('',(0.,-1.,0.));
#16901=DIRECTION('',(0.,0.,1.));
#16902=DIRECTION('',(1.,0.,0.));
#16903=DIRECTION('',(0.,-1.,0.));
#16904=DIRECTION('',(-1.,0.,0.));
#16905=DIRECTION('',(0.,-1.,0.));
#16906=DIRECTION('',(1.,0.,0.));
#16907=DIRECTION('',(-1.,0.,0.));
#16908=DIRECTION('',(0.,0.,1.));
#16909=DIRECTION('',(0.,0.,1.));
#16910=DIRECTION('',(0.,-1.,0.));
#16911=DIRECTION('',(0.,0.,1.));
#16912=DIRECTION('',(1.,0.,0.));
#16913=DIRECTION('',(1.,0.,0.));
#16914=DIRECTION('',(0.,-1.,0.));
#16915=DIRECTION('',(-1.,0.,0.));
#16916=DIRECTION('',(-1.,0.,0.));
#16917=DIRECTION('',(0.,0.,1.));
#16918=DIRECTION('',(0.,-1.,0.));
#16919=DIRECTION('',(0.,0.,1.));
#16920=DIRECTION('',(0.,0.,1.));
#16921=DIRECTION('',(-1.,0.,0.));
#16922=DIRECTION('',(0.,0.,1.));
#16923=DIRECTION('',(0.,-1.,0.));
#16924=DIRECTION('',(0.,0.,1.));
#16925=DIRECTION('',(0.,-1.,0.));
#16926=DIRECTION('',(0.,0.,1.));
#16927=DIRECTION('',(1.,0.,0.));
#16928=DIRECTION('',(0.,-1.,0.));
#16929=DIRECTION('',(-1.,0.,0.));
#16930=DIRECTION('',(0.,-1.,0.));
#16931=DIRECTION('',(1.,0.,0.));
#16932=DIRECTION('',(-1.,0.,0.));
#16933=DIRECTION('',(0.,0.,1.));
#16934=DIRECTION('',(0.,0.,1.));
#16935=DIRECTION('',(0.,-1.,0.));
#16936=DIRECTION('',(0.,0.,1.));
#16937=DIRECTION('',(1.,0.,0.));
#16938=DIRECTION('',(1.,0.,0.));
#16939=DIRECTION('',(0.,-1.,0.));
#16940=DIRECTION('',(-1.,0.,0.));
#16941=DIRECTION('',(-1.,0.,0.));
#16942=DIRECTION('',(0.,0.,1.));
#16943=DIRECTION('',(0.,-1.,0.));
#16944=DIRECTION('',(0.,0.,1.));
#16945=DIRECTION('',(0.,0.,1.));
#16946=DIRECTION('',(-1.,0.,0.));
#16947=DIRECTION('',(0.,0.,1.));
#16948=DIRECTION('',(0.,-1.,0.));
#16949=DIRECTION('',(0.,0.,1.));
#16950=DIRECTION('',(0.,-1.,0.));
#16951=DIRECTION('',(0.,0.,1.));
#16952=DIRECTION('',(1.,0.,0.));
#16953=DIRECTION('',(0.,-1.,0.));
#16954=DIRECTION('',(-1.,0.,0.));
#16955=DIRECTION('',(0.,-1.,0.));
#16956=DIRECTION('',(1.,0.,0.));
#16957=DIRECTION('',(-1.,0.,0.));
#16958=DIRECTION('',(0.,0.,1.));
#16959=DIRECTION('',(0.,0.,1.));
#16960=DIRECTION('',(0.,-1.,0.));
#16961=DIRECTION('',(0.,0.,1.));
#16962=DIRECTION('',(1.,0.,0.));
#16963=DIRECTION('',(1.,0.,0.));
#16964=DIRECTION('',(0.,-1.,0.));
#16965=DIRECTION('',(-1.,0.,0.));
#16966=DIRECTION('',(-1.,0.,0.));
#16967=DIRECTION('',(0.,0.,1.));
#16968=DIRECTION('',(0.,-1.,0.));
#16969=DIRECTION('',(0.,0.,1.));
#16970=DIRECTION('',(0.,0.,1.));
#16971=DIRECTION('',(-1.,0.,0.));
#16972=DIRECTION('',(0.,0.,1.));
#16973=DIRECTION('',(0.,-1.,0.));
#16974=DIRECTION('',(0.,0.,1.));
#16975=DIRECTION('',(0.,-1.,0.));
#16976=DIRECTION('',(0.,0.,1.));
#16977=DIRECTION('',(1.,0.,0.));
#16978=DIRECTION('',(0.,-1.,0.));
#16979=DIRECTION('',(-1.,0.,0.));
#16980=DIRECTION('',(0.,-1.,0.));
#16981=DIRECTION('',(1.,0.,0.));
#16982=DIRECTION('',(-1.,0.,0.));
#16983=DIRECTION('',(0.,0.,1.));
#16984=DIRECTION('',(0.,0.,1.));
#16985=DIRECTION('',(0.,-1.,0.));
#16986=DIRECTION('',(0.,0.,1.));
#16987=DIRECTION('',(1.,0.,0.));
#16988=DIRECTION('',(1.,0.,0.));
#16989=DIRECTION('',(0.,-1.,0.));
#16990=DIRECTION('',(-1.,0.,0.));
#16991=DIRECTION('',(-1.,0.,0.));
#16992=DIRECTION('',(0.,0.,1.));
#16993=DIRECTION('',(0.,-1.,0.));
#16994=DIRECTION('',(0.,0.,1.));
#16995=DIRECTION('',(0.,0.,1.));
#16996=DIRECTION('',(-1.,0.,0.));
#16997=DIRECTION('',(0.,0.,1.));
#16998=DIRECTION('',(0.,-1.,0.));
#16999=DIRECTION('',(0.,0.,1.));
#17000=DIRECTION('',(0.,-1.,0.));
#17001=DIRECTION('',(0.,0.,1.));
#17002=DIRECTION('',(1.,0.,0.));
#17003=DIRECTION('',(0.,-1.,0.));
#17004=DIRECTION('',(-1.,0.,0.));
#17005=DIRECTION('',(0.,-1.,0.));
#17006=DIRECTION('',(1.,0.,0.));
#17007=DIRECTION('',(-1.,0.,0.));
#17008=DIRECTION('',(0.,0.,1.));
#17009=DIRECTION('',(0.,0.,1.));
#17010=DIRECTION('',(0.,-1.,0.));
#17011=DIRECTION('',(0.,0.,1.));
#17012=DIRECTION('',(1.,0.,0.));
#17013=DIRECTION('',(1.,0.,0.));
#17014=DIRECTION('',(0.,-1.,0.));
#17015=DIRECTION('',(-1.,0.,0.));
#17016=DIRECTION('',(-1.,0.,0.));
#17017=DIRECTION('',(0.,0.,1.));
#17018=DIRECTION('',(0.,-1.,0.));
#17019=DIRECTION('',(0.,0.,1.));
#17020=DIRECTION('',(0.,0.,1.));
#17021=DIRECTION('',(-1.,0.,0.));
#17022=DIRECTION('',(0.,0.,1.));
#17023=DIRECTION('',(0.,-1.,0.));
#17024=DIRECTION('',(0.,0.,1.));
#17025=DIRECTION('',(0.,-1.,0.));
#17026=DIRECTION('',(0.,0.,1.));
#17027=DIRECTION('',(1.,0.,0.));
#17028=DIRECTION('',(0.,-1.,0.));
#17029=DIRECTION('',(-1.,0.,0.));
#17030=DIRECTION('',(0.,-1.,0.));
#17031=DIRECTION('',(1.,0.,0.));
#17032=DIRECTION('',(-1.,0.,0.));
#17033=DIRECTION('',(0.,0.,1.));
#17034=DIRECTION('',(0.,0.,1.));
#17035=DIRECTION('',(0.,-1.,0.));
#17036=DIRECTION('',(0.,0.,1.));
#17037=DIRECTION('',(1.,0.,0.));
#17038=DIRECTION('',(1.,0.,0.));
#17039=DIRECTION('',(0.,-1.,0.));
#17040=DIRECTION('',(-1.,0.,0.));
#17041=DIRECTION('',(-1.,0.,0.));
#17042=DIRECTION('',(0.,0.,1.));
#17043=DIRECTION('',(0.,-1.,0.));
#17044=DIRECTION('',(0.,0.,1.));
#17045=DIRECTION('',(0.,0.,1.));
#17046=DIRECTION('',(-1.,0.,0.));
#17047=DIRECTION('',(0.,0.,1.));
#17048=DIRECTION('',(0.,-1.,0.));
#17049=DIRECTION('',(0.,0.,1.));
#17050=DIRECTION('',(0.,-1.,0.));
#17051=DIRECTION('',(0.,0.,1.));
#17052=DIRECTION('',(1.,0.,0.));
#17053=DIRECTION('',(0.,-1.,0.));
#17054=DIRECTION('',(-1.,0.,0.));
#17055=DIRECTION('',(0.,-1.,0.));
#17056=DIRECTION('',(1.,0.,0.));
#17057=DIRECTION('',(-1.,0.,0.));
#17058=DIRECTION('',(0.,0.,1.));
#17059=DIRECTION('',(0.,0.,1.));
#17060=DIRECTION('',(0.,-1.,0.));
#17061=DIRECTION('',(0.,0.,1.));
#17062=DIRECTION('',(1.,0.,0.));
#17063=DIRECTION('',(1.,0.,0.));
#17064=DIRECTION('',(0.,-1.,0.));
#17065=DIRECTION('',(-1.,0.,0.));
#17066=DIRECTION('',(-1.,0.,0.));
#17067=DIRECTION('',(0.,0.,1.));
#17068=DIRECTION('',(0.,-1.,0.));
#17069=DIRECTION('',(0.,0.,1.));
#17070=DIRECTION('',(0.,0.,1.));
#17071=DIRECTION('',(-1.,0.,0.));
#17072=DIRECTION('',(0.,0.,1.));
#17073=DIRECTION('',(0.,-1.,0.));
#17074=DIRECTION('',(0.,0.,1.));
#17075=DIRECTION('',(0.,-1.,0.));
#17076=DIRECTION('',(0.,0.,1.));
#17077=DIRECTION('',(1.,0.,0.));
#17078=DIRECTION('',(0.,-1.,0.));
#17079=DIRECTION('',(-1.,0.,0.));
#17080=DIRECTION('',(0.,-1.,0.));
#17081=DIRECTION('',(1.,0.,0.));
#17082=DIRECTION('',(-1.,0.,0.));
#17083=DIRECTION('',(0.,0.,1.));
#17084=DIRECTION('',(0.,0.,1.));
#17085=DIRECTION('',(0.,-1.,0.));
#17086=DIRECTION('',(0.,0.,1.));
#17087=DIRECTION('',(1.,0.,0.));
#17088=DIRECTION('',(1.,0.,0.));
#17089=DIRECTION('',(0.,-1.,0.));
#17090=DIRECTION('',(-1.,0.,0.));
#17091=DIRECTION('',(-1.,0.,0.));
#17092=DIRECTION('',(0.,0.,1.));
#17093=DIRECTION('',(0.,-1.,0.));
#17094=DIRECTION('',(0.,0.,1.));
#17095=DIRECTION('',(0.,0.,1.));
#17096=DIRECTION('',(-1.,0.,0.));
#17097=DIRECTION('',(0.,0.,1.));
#17098=DIRECTION('',(0.,-1.,0.));
#17099=DIRECTION('',(0.,0.,1.));
#17100=DIRECTION('',(0.,-1.,0.));
#17101=DIRECTION('',(0.,0.,1.));
#17102=DIRECTION('',(1.,0.,0.));
#17103=DIRECTION('',(0.,-1.,0.));
#17104=DIRECTION('',(-1.,0.,0.));
#17105=DIRECTION('',(0.,-1.,0.));
#17106=DIRECTION('',(1.,0.,0.));
#17107=DIRECTION('',(-1.,0.,0.));
#17108=DIRECTION('',(0.,0.,1.));
#17109=DIRECTION('',(0.,0.,1.));
#17110=DIRECTION('',(0.,-1.,0.));
#17111=DIRECTION('',(0.,0.,1.));
#17112=DIRECTION('',(1.,0.,0.));
#17113=DIRECTION('',(1.,0.,0.));
#17114=DIRECTION('',(0.,-1.,0.));
#17115=DIRECTION('',(-1.,0.,0.));
#17116=DIRECTION('',(-1.,0.,0.));
#17117=DIRECTION('',(0.,0.,1.));
#17118=DIRECTION('',(0.,-1.,0.));
#17119=DIRECTION('',(0.,0.,1.));
#17120=DIRECTION('',(0.,0.,1.));
#17121=DIRECTION('',(-1.,0.,0.));
#17122=DIRECTION('',(0.,0.,1.));
#17123=DIRECTION('',(0.,-1.,0.));
#17124=DIRECTION('',(0.,0.,1.));
#17125=DIRECTION('',(0.,-1.,0.));
#17126=DIRECTION('',(0.,0.,1.));
#17127=DIRECTION('',(1.,0.,0.));
#17128=DIRECTION('',(0.,-1.,0.));
#17129=DIRECTION('',(-1.,0.,0.));
#17130=DIRECTION('',(0.,-1.,0.));
#17131=DIRECTION('',(1.,0.,0.));
#17132=DIRECTION('',(-1.,0.,0.));
#17133=DIRECTION('',(0.,0.,1.));
#17134=DIRECTION('',(0.,0.,1.));
#17135=DIRECTION('',(0.,-1.,0.));
#17136=DIRECTION('',(0.,0.,1.));
#17137=DIRECTION('',(1.,0.,0.));
#17138=DIRECTION('',(1.,0.,0.));
#17139=DIRECTION('',(0.,-1.,0.));
#17140=DIRECTION('',(-1.,0.,0.));
#17141=DIRECTION('',(-1.,0.,0.));
#17142=DIRECTION('',(0.,0.,1.));
#17143=DIRECTION('',(0.,-1.,0.));
#17144=DIRECTION('',(0.,0.,1.));
#17145=DIRECTION('',(0.,0.,1.));
#17146=DIRECTION('',(0.,-1.,0.));
#17147=DIRECTION('',(0.,0.,-1.));
#17148=DIRECTION('',(1.,0.,0.));
#17149=DIRECTION('',(1.,0.,0.));
#17150=DIRECTION('',(0.,0.,1.));
#17151=DIRECTION('',(0.,0.,-1.));
#17152=DIRECTION('',(-1.,0.,0.));
#17153=DIRECTION('',(1.,0.,0.));
#17154=DIRECTION('',(0.,-1.,0.));
#17155=DIRECTION('',(1.,0.,0.));
#17156=DIRECTION('',(0.,1.,0.));
#17157=DIRECTION('',(0.,-1.,0.));
#17158=DIRECTION('',(0.,0.,-1.));
#17159=DIRECTION('',(1.,0.,0.));
#17160=DIRECTION('',(0.,0.,1.));
#17161=DIRECTION('',(0.,0.,1.));
#17162=DIRECTION('',(1.,0.,0.));
#17163=DIRECTION('',(0.,-1.,0.));
#17164=DIRECTION('',(-1.,0.,0.));
#17165=DIRECTION('',(0.,1.,0.));
#17166=DIRECTION('',(0.,1.,0.));
#17167=DIRECTION('',(0.,0.,1.));
#17168=DIRECTION('',(-1.,0.,0.));
#17169=DIRECTION('',(0.,0.,1.));
#17170=DIRECTION('',(0.,0.,1.));
#17171=DIRECTION('',(0.,-1.,0.));
#17172=DIRECTION('',(0.,0.,-1.));
#17173=DIRECTION('',(1.,0.,0.));
#17174=DIRECTION('',(1.,0.,0.));
#17175=DIRECTION('',(0.,0.,1.));
#17176=DIRECTION('',(0.,0.,-1.));
#17177=DIRECTION('',(-1.,0.,0.));
#17178=DIRECTION('',(1.,0.,0.));
#17179=DIRECTION('',(0.,-1.,0.));
#17180=DIRECTION('',(1.,0.,0.));
#17181=DIRECTION('',(0.,1.,0.));
#17182=DIRECTION('',(0.,-1.,0.));
#17183=DIRECTION('',(0.,0.,-1.));
#17184=DIRECTION('',(1.,0.,0.));
#17185=DIRECTION('',(0.,0.,1.));
#17186=DIRECTION('',(0.,0.,1.));
#17187=DIRECTION('',(1.,0.,0.));
#17188=DIRECTION('',(0.,-1.,0.));
#17189=DIRECTION('',(-1.,0.,0.));
#17190=DIRECTION('',(0.,1.,0.));
#17191=DIRECTION('',(0.,1.,0.));
#17192=DIRECTION('',(0.,0.,1.));
#17193=DIRECTION('',(-1.,0.,0.));
#17194=DIRECTION('',(0.,0.,1.));
#17195=DIRECTION('',(0.,0.,1.));
#17196=DIRECTION('',(0.,-1.,0.));
#17197=DIRECTION('',(0.,0.,-1.));
#17198=DIRECTION('',(1.,0.,0.));
#17199=DIRECTION('',(1.,0.,0.));
#17200=DIRECTION('',(0.,0.,1.));
#17201=DIRECTION('',(0.,0.,-1.));
#17202=DIRECTION('',(-1.,0.,0.));
#17203=DIRECTION('',(1.,0.,0.));
#17204=DIRECTION('',(0.,-1.,0.));
#17205=DIRECTION('',(1.,0.,0.));
#17206=DIRECTION('',(0.,1.,0.));
#17207=DIRECTION('',(0.,-1.,0.));
#17208=DIRECTION('',(0.,0.,-1.));
#17209=DIRECTION('',(1.,0.,0.));
#17210=DIRECTION('',(0.,0.,1.));
#17211=DIRECTION('',(0.,0.,1.));
#17212=DIRECTION('',(1.,0.,0.));
#17213=DIRECTION('',(0.,-1.,0.));
#17214=DIRECTION('',(-1.,0.,0.));
#17215=DIRECTION('',(0.,1.,0.));
#17216=DIRECTION('',(0.,1.,0.));
#17217=DIRECTION('',(0.,0.,1.));
#17218=DIRECTION('',(-1.,0.,0.));
#17219=DIRECTION('',(0.,0.,1.));
#17220=DIRECTION('',(0.,0.,1.));
#17221=DIRECTION('',(0.,-1.,0.));
#17222=DIRECTION('',(0.,0.,-1.));
#17223=DIRECTION('',(1.,0.,0.));
#17224=DIRECTION('',(1.,0.,0.));
#17225=DIRECTION('',(0.,0.,1.));
#17226=DIRECTION('',(0.,0.,-1.));
#17227=DIRECTION('',(-1.,0.,0.));
#17228=DIRECTION('',(1.,0.,0.));
#17229=DIRECTION('',(0.,-1.,0.));
#17230=DIRECTION('',(1.,0.,0.));
#17231=DIRECTION('',(0.,1.,0.));
#17232=DIRECTION('',(0.,-1.,0.));
#17233=DIRECTION('',(0.,0.,-1.));
#17234=DIRECTION('',(1.,0.,0.));
#17235=DIRECTION('',(0.,0.,1.));
#17236=DIRECTION('',(0.,0.,1.));
#17237=DIRECTION('',(1.,0.,0.));
#17238=DIRECTION('',(0.,-1.,0.));
#17239=DIRECTION('',(-1.,0.,0.));
#17240=DIRECTION('',(0.,1.,0.));
#17241=DIRECTION('',(0.,1.,0.));
#17242=DIRECTION('',(0.,0.,1.));
#17243=DIRECTION('',(-1.,0.,0.));
#17244=DIRECTION('',(0.,0.,1.));
#17245=DIRECTION('',(0.,0.,1.));
#17246=DIRECTION('',(0.,-1.,0.));
#17247=DIRECTION('',(0.,0.,-1.));
#17248=DIRECTION('',(1.,0.,0.));
#17249=DIRECTION('',(1.,0.,0.));
#17250=DIRECTION('',(0.,0.,1.));
#17251=DIRECTION('',(0.,0.,-1.));
#17252=DIRECTION('',(-1.,0.,0.));
#17253=DIRECTION('',(1.,0.,0.));
#17254=DIRECTION('',(0.,-1.,0.));
#17255=DIRECTION('',(1.,0.,0.));
#17256=DIRECTION('',(0.,1.,0.));
#17257=DIRECTION('',(0.,-1.,0.));
#17258=DIRECTION('',(0.,0.,-1.));
#17259=DIRECTION('',(1.,0.,0.));
#17260=DIRECTION('',(0.,0.,1.));
#17261=DIRECTION('',(0.,0.,1.));
#17262=DIRECTION('',(1.,0.,0.));
#17263=DIRECTION('',(0.,-1.,0.));
#17264=DIRECTION('',(-1.,0.,0.));
#17265=DIRECTION('',(0.,1.,0.));
#17266=DIRECTION('',(0.,1.,0.));
#17267=DIRECTION('',(0.,0.,1.));
#17268=DIRECTION('',(-1.,0.,0.));
#17269=DIRECTION('',(0.,0.,1.));
#17270=DIRECTION('',(0.,0.,1.));
#17271=DIRECTION('',(0.,-1.,0.));
#17272=DIRECTION('',(0.,0.,-1.));
#17273=DIRECTION('',(1.,0.,0.));
#17274=DIRECTION('',(1.,0.,0.));
#17275=DIRECTION('',(0.,0.,1.));
#17276=DIRECTION('',(0.,0.,-1.));
#17277=DIRECTION('',(-1.,0.,0.));
#17278=DIRECTION('',(1.,0.,0.));
#17279=DIRECTION('',(0.,-1.,0.));
#17280=DIRECTION('',(1.,0.,0.));
#17281=DIRECTION('',(0.,1.,0.));
#17282=DIRECTION('',(0.,-1.,0.));
#17283=DIRECTION('',(0.,0.,-1.));
#17284=DIRECTION('',(1.,0.,0.));
#17285=DIRECTION('',(0.,0.,1.));
#17286=DIRECTION('',(0.,0.,1.));
#17287=DIRECTION('',(1.,0.,0.));
#17288=DIRECTION('',(0.,-1.,0.));
#17289=DIRECTION('',(-1.,0.,0.));
#17290=DIRECTION('',(0.,1.,0.));
#17291=DIRECTION('',(0.,1.,0.));
#17292=DIRECTION('',(0.,0.,1.));
#17293=DIRECTION('',(-1.,0.,0.));
#17294=DIRECTION('',(0.,0.,1.));
#17295=DIRECTION('',(0.,0.,1.));
#17296=DIRECTION('',(0.,-1.,0.));
#17297=DIRECTION('',(0.,0.,-1.));
#17298=DIRECTION('',(1.,0.,0.));
#17299=DIRECTION('',(1.,0.,0.));
#17300=DIRECTION('',(0.,0.,1.));
#17301=DIRECTION('',(0.,0.,-1.));
#17302=DIRECTION('',(-1.,0.,0.));
#17303=DIRECTION('',(1.,0.,0.));
#17304=DIRECTION('',(0.,-1.,0.));
#17305=DIRECTION('',(1.,0.,0.));
#17306=DIRECTION('',(0.,1.,0.));
#17307=DIRECTION('',(0.,-1.,0.));
#17308=DIRECTION('',(0.,0.,-1.));
#17309=DIRECTION('',(1.,0.,0.));
#17310=DIRECTION('',(0.,0.,1.));
#17311=DIRECTION('',(0.,0.,1.));
#17312=DIRECTION('',(1.,0.,0.));
#17313=DIRECTION('',(0.,-1.,0.));
#17314=DIRECTION('',(-1.,0.,0.));
#17315=DIRECTION('',(0.,1.,0.));
#17316=DIRECTION('',(0.,1.,0.));
#17317=DIRECTION('',(0.,0.,1.));
#17318=DIRECTION('',(-1.,0.,0.));
#17319=DIRECTION('',(0.,0.,1.));
#17320=DIRECTION('',(0.,0.,1.));
#17321=DIRECTION('',(0.,-1.,0.));
#17322=DIRECTION('',(0.,0.,-1.));
#17323=DIRECTION('',(1.,0.,0.));
#17324=DIRECTION('',(1.,0.,0.));
#17325=DIRECTION('',(0.,0.,1.));
#17326=DIRECTION('',(0.,0.,-1.));
#17327=DIRECTION('',(-1.,0.,0.));
#17328=DIRECTION('',(1.,0.,0.));
#17329=DIRECTION('',(0.,-1.,0.));
#17330=DIRECTION('',(1.,0.,0.));
#17331=DIRECTION('',(0.,1.,0.));
#17332=DIRECTION('',(0.,-1.,0.));
#17333=DIRECTION('',(0.,0.,-1.));
#17334=DIRECTION('',(1.,0.,0.));
#17335=DIRECTION('',(0.,0.,1.));
#17336=DIRECTION('',(0.,0.,1.));
#17337=DIRECTION('',(1.,0.,0.));
#17338=DIRECTION('',(0.,-1.,0.));
#17339=DIRECTION('',(-1.,0.,0.));
#17340=DIRECTION('',(0.,1.,0.));
#17341=DIRECTION('',(0.,1.,0.));
#17342=DIRECTION('',(0.,0.,1.));
#17343=DIRECTION('',(-1.,0.,0.));
#17344=DIRECTION('',(0.,0.,1.));
#17345=DIRECTION('',(0.,0.,1.));
#17346=DIRECTION('',(0.,-1.,0.));
#17347=DIRECTION('',(0.,0.,-1.));
#17348=DIRECTION('',(1.,0.,0.));
#17349=DIRECTION('',(1.,0.,0.));
#17350=DIRECTION('',(0.,0.,1.));
#17351=DIRECTION('',(0.,0.,-1.));
#17352=DIRECTION('',(-1.,0.,0.));
#17353=DIRECTION('',(1.,0.,0.));
#17354=DIRECTION('',(0.,-1.,0.));
#17355=DIRECTION('',(1.,0.,0.));
#17356=DIRECTION('',(0.,1.,0.));
#17357=DIRECTION('',(0.,-1.,0.));
#17358=DIRECTION('',(0.,0.,-1.));
#17359=DIRECTION('',(1.,0.,0.));
#17360=DIRECTION('',(0.,0.,1.));
#17361=DIRECTION('',(0.,0.,1.));
#17362=DIRECTION('',(1.,0.,0.));
#17363=DIRECTION('',(0.,-1.,0.));
#17364=DIRECTION('',(-1.,0.,0.));
#17365=DIRECTION('',(0.,1.,0.));
#17366=DIRECTION('',(0.,1.,0.));
#17367=DIRECTION('',(0.,0.,1.));
#17368=DIRECTION('',(-1.,0.,0.));
#17369=DIRECTION('',(0.,0.,1.));
#17370=DIRECTION('',(0.,0.,1.));
#17371=DIRECTION('',(0.,-1.,0.));
#17372=DIRECTION('',(0.,0.,-1.));
#17373=DIRECTION('',(1.,0.,0.));
#17374=DIRECTION('',(1.,0.,0.));
#17375=DIRECTION('',(0.,0.,1.));
#17376=DIRECTION('',(0.,0.,-1.));
#17377=DIRECTION('',(-1.,0.,0.));
#17378=DIRECTION('',(1.,0.,0.));
#17379=DIRECTION('',(0.,-1.,0.));
#17380=DIRECTION('',(1.,0.,0.));
#17381=DIRECTION('',(0.,1.,0.));
#17382=DIRECTION('',(0.,-1.,0.));
#17383=DIRECTION('',(0.,0.,-1.));
#17384=DIRECTION('',(1.,0.,0.));
#17385=DIRECTION('',(0.,0.,1.));
#17386=DIRECTION('',(0.,0.,1.));
#17387=DIRECTION('',(1.,0.,0.));
#17388=DIRECTION('',(0.,-1.,0.));
#17389=DIRECTION('',(-1.,0.,0.));
#17390=DIRECTION('',(0.,1.,0.));
#17391=DIRECTION('',(0.,1.,0.));
#17392=DIRECTION('',(0.,0.,1.));
#17393=DIRECTION('',(-1.,0.,0.));
#17394=DIRECTION('',(0.,0.,1.));
#17395=DIRECTION('',(0.,0.,1.));
#17396=DIRECTION('',(0.,-1.,0.));
#17397=DIRECTION('',(0.,0.,-1.));
#17398=DIRECTION('',(1.,0.,0.));
#17399=DIRECTION('',(1.,0.,0.));
#17400=DIRECTION('',(0.,0.,1.));
#17401=DIRECTION('',(0.,0.,-1.));
#17402=DIRECTION('',(-1.,0.,0.));
#17403=DIRECTION('',(1.,0.,0.));
#17404=DIRECTION('',(0.,-1.,0.));
#17405=DIRECTION('',(1.,0.,0.));
#17406=DIRECTION('',(0.,1.,0.));
#17407=DIRECTION('',(0.,-1.,0.));
#17408=DIRECTION('',(0.,0.,-1.));
#17409=DIRECTION('',(1.,0.,0.));
#17410=DIRECTION('',(0.,0.,1.));
#17411=DIRECTION('',(0.,0.,1.));
#17412=DIRECTION('',(1.,0.,0.));
#17413=DIRECTION('',(0.,-1.,0.));
#17414=DIRECTION('',(-1.,0.,0.));
#17415=DIRECTION('',(0.,1.,0.));
#17416=DIRECTION('',(0.,1.,0.));
#17417=DIRECTION('',(0.,0.,1.));
#17418=DIRECTION('',(-1.,0.,0.));
#17419=DIRECTION('',(0.,0.,1.));
#17420=DIRECTION('',(0.,0.,1.));
#17421=DIRECTION('',(0.,-1.,0.));
#17422=DIRECTION('',(0.,0.,-1.));
#17423=DIRECTION('',(1.,0.,0.));
#17424=DIRECTION('',(1.,0.,0.));
#17425=DIRECTION('',(0.,0.,1.));
#17426=DIRECTION('',(0.,0.,-1.));
#17427=DIRECTION('',(-1.,0.,0.));
#17428=DIRECTION('',(1.,0.,0.));
#17429=DIRECTION('',(0.,-1.,0.));
#17430=DIRECTION('',(1.,0.,0.));
#17431=DIRECTION('',(0.,1.,0.));
#17432=DIRECTION('',(0.,-1.,0.));
#17433=DIRECTION('',(0.,0.,-1.));
#17434=DIRECTION('',(1.,0.,0.));
#17435=DIRECTION('',(0.,0.,1.));
#17436=DIRECTION('',(0.,0.,1.));
#17437=DIRECTION('',(1.,0.,0.));
#17438=DIRECTION('',(0.,-1.,0.));
#17439=DIRECTION('',(-1.,0.,0.));
#17440=DIRECTION('',(0.,1.,0.));
#17441=DIRECTION('',(0.,1.,0.));
#17442=DIRECTION('',(0.,0.,1.));
#17443=DIRECTION('',(-1.,0.,0.));
#17444=DIRECTION('',(0.,0.,1.));
#17445=DIRECTION('',(0.,0.,1.));
#17446=DIRECTION('',(0.,0.,1.));
#17447=DIRECTION('',(1.,0.,0.));
#17448=DIRECTION('',(1.,0.,0.));
#17449=DIRECTION('',(0.,-1.,0.));
#17450=DIRECTION('',(-1.,0.,0.));
#17451=DIRECTION('',(1.,0.,0.));
#17452=DIRECTION('',(0.,-1.,0.));
#17453=DIRECTION('',(-1.,0.,0.));
#17454=DIRECTION('',(1.,0.,0.));
#17455=DIRECTION('',(0.,-1.,0.));
#17456=DIRECTION('',(-1.,0.,0.));
#17457=DIRECTION('',(1.,0.,0.));
#17458=DIRECTION('',(0.,-1.,0.));
#17459=DIRECTION('',(-1.,0.,0.));
#17460=DIRECTION('',(1.,0.,0.));
#17461=DIRECTION('',(0.,-1.,0.));
#17462=DIRECTION('',(-1.,0.,0.));
#17463=DIRECTION('',(1.,0.,0.));
#17464=DIRECTION('',(0.,-1.,0.));
#17465=DIRECTION('',(-1.,0.,0.));
#17466=DIRECTION('',(1.,0.,0.));
#17467=DIRECTION('',(0.,-1.,0.));
#17468=DIRECTION('',(-1.,0.,0.));
#17469=DIRECTION('',(1.,0.,0.));
#17470=DIRECTION('',(0.,-1.,0.));
#17471=DIRECTION('',(-1.,0.,0.));
#17472=DIRECTION('',(1.,0.,0.));
#17473=DIRECTION('',(0.,-1.,0.));
#17474=DIRECTION('',(-1.,0.,0.));
#17475=DIRECTION('',(1.,0.,0.));
#17476=DIRECTION('',(0.,-1.,0.));
#17477=DIRECTION('',(-1.,0.,0.));
#17478=DIRECTION('',(1.,0.,0.));
#17479=DIRECTION('',(0.,-1.,0.));
#17480=DIRECTION('',(-1.,0.,0.));
#17481=DIRECTION('',(1.,0.,0.));
#17482=DIRECTION('',(0.,-1.,0.));
#17483=DIRECTION('',(-1.,0.,0.));
#17484=DIRECTION('',(1.,0.,0.));
#17485=DIRECTION('',(0.,-1.,0.));
#17486=DIRECTION('',(-1.,0.,0.));
#17487=DIRECTION('',(1.,0.,0.));
#17488=DIRECTION('',(0.,-1.,0.));
#17489=DIRECTION('',(-1.,0.,0.));
#17490=DIRECTION('',(1.,0.,0.));
#17491=DIRECTION('',(0.,-1.,0.));
#17492=DIRECTION('',(-1.,0.,0.));
#17493=DIRECTION('',(0.,1.,0.));
#17494=DIRECTION('',(-1.,0.,0.));
#17495=DIRECTION('',(1.,0.,0.));
#17496=DIRECTION('',(0.,1.,0.));
#17497=DIRECTION('',(-1.,0.,0.));
#17498=DIRECTION('',(1.,0.,0.));
#17499=DIRECTION('',(0.,1.,0.));
#17500=DIRECTION('',(-1.,0.,0.));
#17501=DIRECTION('',(1.,0.,0.));
#17502=DIRECTION('',(0.,1.,0.));
#17503=DIRECTION('',(-1.,0.,0.));
#17504=DIRECTION('',(1.,0.,0.));
#17505=DIRECTION('',(0.,1.,0.));
#17506=DIRECTION('',(-1.,0.,0.));
#17507=DIRECTION('',(1.,0.,0.));
#17508=DIRECTION('',(0.,1.,0.));
#17509=DIRECTION('',(-1.,0.,0.));
#17510=DIRECTION('',(1.,0.,0.));
#17511=DIRECTION('',(0.,1.,0.));
#17512=DIRECTION('',(-1.,0.,0.));
#17513=DIRECTION('',(1.,0.,0.));
#17514=DIRECTION('',(0.,1.,0.));
#17515=DIRECTION('',(-1.,0.,0.));
#17516=DIRECTION('',(1.,0.,0.));
#17517=DIRECTION('',(0.,1.,0.));
#17518=DIRECTION('',(-1.,0.,0.));
#17519=DIRECTION('',(1.,0.,0.));
#17520=DIRECTION('',(0.,1.,0.));
#17521=DIRECTION('',(-1.,0.,0.));
#17522=DIRECTION('',(1.,0.,0.));
#17523=DIRECTION('',(0.,1.,0.));
#17524=DIRECTION('',(-1.,0.,0.));
#17525=DIRECTION('',(1.,0.,0.));
#17526=DIRECTION('',(0.,1.,0.));
#17527=DIRECTION('',(-1.,0.,0.));
#17528=DIRECTION('',(1.,0.,0.));
#17529=DIRECTION('',(0.,1.,0.));
#17530=DIRECTION('',(-1.,0.,0.));
#17531=DIRECTION('',(1.,0.,0.));
#17532=DIRECTION('',(0.,1.,0.));
#17533=DIRECTION('',(-1.,0.,0.));
#17534=DIRECTION('',(1.,0.,0.));
#17535=DIRECTION('',(0.,1.,0.));
#17536=DIRECTION('',(1.,0.,0.));
#17537=DIRECTION('',(0.,1.,0.));
#17538=DIRECTION('',(0.,-1.,0.));
#17539=DIRECTION('',(1.,0.,0.));
#17540=DIRECTION('',(0.,1.,0.));
#17541=DIRECTION('',(0.,-1.,0.));
#17542=DIRECTION('',(1.,0.,0.));
#17543=DIRECTION('',(0.,1.,0.));
#17544=DIRECTION('',(0.,-1.,0.));
#17545=DIRECTION('',(1.,0.,0.));
#17546=DIRECTION('',(0.,1.,0.));
#17547=DIRECTION('',(0.,-1.,0.));
#17548=DIRECTION('',(1.,0.,0.));
#17549=DIRECTION('',(0.,1.,0.));
#17550=DIRECTION('',(0.,-1.,0.));
#17551=DIRECTION('',(1.,0.,0.));
#17552=DIRECTION('',(0.,1.,0.));
#17553=DIRECTION('',(0.,-1.,0.));
#17554=DIRECTION('',(1.,0.,0.));
#17555=DIRECTION('',(0.,1.,0.));
#17556=DIRECTION('',(0.,-1.,0.));
#17557=DIRECTION('',(1.,0.,0.));
#17558=DIRECTION('',(0.,1.,0.));
#17559=DIRECTION('',(0.,-1.,0.));
#17560=DIRECTION('',(1.,0.,0.));
#17561=DIRECTION('',(0.,1.,0.));
#17562=DIRECTION('',(0.,-1.,0.));
#17563=DIRECTION('',(1.,0.,0.));
#17564=DIRECTION('',(0.,1.,0.));
#17565=DIRECTION('',(0.,-1.,0.));
#17566=DIRECTION('',(1.,0.,0.));
#17567=DIRECTION('',(0.,1.,0.));
#17568=DIRECTION('',(0.,-1.,0.));
#17569=DIRECTION('',(1.,0.,0.));
#17570=DIRECTION('',(0.,1.,0.));
#17571=DIRECTION('',(0.,-1.,0.));
#17572=DIRECTION('',(-1.,0.,0.));
#17573=DIRECTION('',(0.,0.,1.));
#17574=DIRECTION('',(0.,0.,1.));
#17575=DIRECTION('',(0.,0.,1.));
#17576=DIRECTION('',(0.,1.,0.));
#17577=DIRECTION('',(0.,0.,1.));
#17578=DIRECTION('',(0.,0.,-1.));
#17579=DIRECTION('',(-1.,0.,0.));
#17580=DIRECTION('',(0.,0.,1.));
#17581=DIRECTION('',(0.,0.,-1.));
#17582=DIRECTION('',(0.,-1.,0.));
#17583=DIRECTION('',(0.,0.,-1.));
#17584=DIRECTION('',(0.,0.,1.));
#17585=DIRECTION('',(-1.,0.,0.));
#17586=DIRECTION('',(0.,0.,1.));
#17587=DIRECTION('',(0.,0.,1.));
#17588=DIRECTION('',(0.,1.,0.));
#17589=DIRECTION('',(0.,0.,1.));
#17590=DIRECTION('',(0.,0.,-1.));
#17591=DIRECTION('',(-1.,0.,0.));
#17592=DIRECTION('',(0.,0.,1.));
#17593=DIRECTION('',(0.,0.,-1.));
#17594=DIRECTION('',(0.,-1.,0.));
#17595=DIRECTION('',(0.,0.,-1.));
#17596=DIRECTION('',(0.,0.,1.));
#17597=DIRECTION('',(-1.,0.,0.));
#17598=DIRECTION('',(0.,0.,1.));
#17599=DIRECTION('',(0.,0.,1.));
#17600=DIRECTION('',(0.,1.,0.));
#17601=DIRECTION('',(0.,0.,1.));
#17602=DIRECTION('',(0.,0.,-1.));
#17603=DIRECTION('',(-1.,0.,0.));
#17604=DIRECTION('',(0.,0.,1.));
#17605=DIRECTION('',(0.,0.,-1.));
#17606=DIRECTION('',(0.,-1.,0.));
#17607=DIRECTION('',(0.,0.,-1.));
#17608=DIRECTION('',(0.,0.,1.));
#17609=DIRECTION('',(-1.,0.,0.));
#17610=DIRECTION('',(0.,0.,1.));
#17611=DIRECTION('',(0.,0.,1.));
#17612=DIRECTION('',(0.,1.,0.));
#17613=DIRECTION('',(0.,0.,1.));
#17614=DIRECTION('',(0.,0.,-1.));
#17615=DIRECTION('',(-1.,0.,0.));
#17616=DIRECTION('',(0.,0.,1.));
#17617=DIRECTION('',(0.,0.,-1.));
#17618=DIRECTION('',(0.,-1.,0.));
#17619=DIRECTION('',(0.,0.,-1.));
#17620=DIRECTION('',(0.,0.,1.));
#17621=DIRECTION('',(-1.,0.,0.));
#17622=DIRECTION('',(0.,0.,1.));
#17623=DIRECTION('',(0.,0.,1.));
#17624=DIRECTION('',(0.,1.,0.));
#17625=DIRECTION('',(0.,0.,1.));
#17626=DIRECTION('',(0.,0.,-1.));
#17627=DIRECTION('',(-1.,0.,0.));
#17628=DIRECTION('',(0.,0.,1.));
#17629=DIRECTION('',(0.,0.,-1.));
#17630=DIRECTION('',(0.,-1.,0.));
#17631=DIRECTION('',(0.,0.,-1.));
#17632=DIRECTION('',(0.,0.,1.));
#17633=DIRECTION('',(-1.,0.,0.));
#17634=DIRECTION('',(0.,0.,1.));
#17635=DIRECTION('',(0.,0.,1.));
#17636=DIRECTION('',(0.,1.,0.));
#17637=DIRECTION('',(0.,0.,1.));
#17638=DIRECTION('',(0.,0.,-1.));
#17639=DIRECTION('',(-1.,0.,0.));
#17640=DIRECTION('',(0.,0.,1.));
#17641=DIRECTION('',(0.,0.,-1.));
#17642=DIRECTION('',(0.,-1.,0.));
#17643=DIRECTION('',(0.,0.,-1.));
#17644=DIRECTION('',(0.,0.,1.));
#17645=DIRECTION('',(-1.,0.,0.));
#17646=DIRECTION('',(0.,0.,1.));
#17647=DIRECTION('',(0.,0.,1.));
#17648=DIRECTION('',(0.,1.,0.));
#17649=DIRECTION('',(0.,0.,1.));
#17650=DIRECTION('',(0.,0.,-1.));
#17651=DIRECTION('',(-1.,0.,0.));
#17652=DIRECTION('',(0.,0.,1.));
#17653=DIRECTION('',(0.,0.,-1.));
#17654=DIRECTION('',(0.,-1.,0.));
#17655=DIRECTION('',(0.,0.,-1.));
#17656=DIRECTION('',(0.,0.,1.));
#17657=DIRECTION('',(-1.,0.,0.));
#17658=DIRECTION('',(0.,0.,1.));
#17659=DIRECTION('',(0.,0.,1.));
#17660=DIRECTION('',(0.,1.,0.));
#17661=DIRECTION('',(0.,0.,1.));
#17662=DIRECTION('',(0.,0.,-1.));
#17663=DIRECTION('',(-1.,0.,0.));
#17664=DIRECTION('',(0.,0.,1.));
#17665=DIRECTION('',(0.,0.,-1.));
#17666=DIRECTION('',(0.,-1.,0.));
#17667=DIRECTION('',(0.,0.,-1.));
#17668=DIRECTION('',(0.,0.,1.));
#17669=DIRECTION('',(-1.,0.,0.));
#17670=DIRECTION('',(0.,0.,1.));
#17671=DIRECTION('',(0.,0.,1.));
#17672=DIRECTION('',(0.,1.,0.));
#17673=DIRECTION('',(0.,0.,1.));
#17674=DIRECTION('',(0.,0.,-1.));
#17675=DIRECTION('',(-1.,0.,0.));
#17676=DIRECTION('',(0.,0.,1.));
#17677=DIRECTION('',(0.,0.,-1.));
#17678=DIRECTION('',(0.,-1.,0.));
#17679=DIRECTION('',(0.,0.,-1.));
#17680=DIRECTION('',(0.,0.,1.));
#17681=DIRECTION('',(-1.,0.,0.));
#17682=DIRECTION('',(0.,0.,1.));
#17683=DIRECTION('',(0.,0.,1.));
#17684=DIRECTION('',(0.,1.,0.));
#17685=DIRECTION('',(0.,0.,1.));
#17686=DIRECTION('',(0.,0.,-1.));
#17687=DIRECTION('',(-1.,0.,0.));
#17688=DIRECTION('',(0.,0.,1.));
#17689=DIRECTION('',(0.,0.,-1.));
#17690=DIRECTION('',(0.,-1.,0.));
#17691=DIRECTION('',(0.,0.,-1.));
#17692=DIRECTION('',(0.,0.,1.));
#17693=DIRECTION('',(-1.,0.,0.));
#17694=DIRECTION('',(0.,0.,1.));
#17695=DIRECTION('',(0.,0.,1.));
#17696=DIRECTION('',(0.,1.,0.));
#17697=DIRECTION('',(0.,0.,1.));
#17698=DIRECTION('',(0.,0.,-1.));
#17699=DIRECTION('',(-1.,0.,0.));
#17700=DIRECTION('',(0.,0.,1.));
#17701=DIRECTION('',(0.,0.,-1.));
#17702=DIRECTION('',(0.,-1.,0.));
#17703=DIRECTION('',(0.,0.,-1.));
#17704=DIRECTION('',(0.,0.,1.));
#17705=DIRECTION('',(-1.,0.,0.));
#17706=DIRECTION('',(0.,0.,1.));
#17707=DIRECTION('',(0.,0.,1.));
#17708=DIRECTION('',(0.,1.,0.));
#17709=DIRECTION('',(0.,0.,1.));
#17710=DIRECTION('',(0.,0.,-1.));
#17711=DIRECTION('',(-1.,0.,0.));
#17712=DIRECTION('',(0.,0.,1.));
#17713=DIRECTION('',(0.,0.,-1.));
#17714=DIRECTION('',(0.,-1.,0.));
#17715=DIRECTION('',(0.,0.,-1.));
#17716=DIRECTION('',(0.,0.,1.));
#17717=DIRECTION('',(-1.,0.,0.));
#17718=DIRECTION('',(0.,0.,1.));
#17719=DIRECTION('',(0.,0.,1.));
#17720=DIRECTION('',(0.,1.,0.));
#17721=DIRECTION('',(0.,0.,1.));
#17722=DIRECTION('',(0.,0.,-1.));
#17723=DIRECTION('',(-1.,0.,0.));
#17724=DIRECTION('',(0.,0.,1.));
#17725=DIRECTION('',(0.,0.,-1.));
#17726=DIRECTION('',(0.,-1.,0.));
#17727=DIRECTION('',(0.,0.,-1.));
#17728=DIRECTION('',(0.,0.,1.));
#17729=DIRECTION('',(-1.,0.,0.));
#17730=DIRECTION('',(0.,0.,1.));
#17731=DIRECTION('',(0.,0.,1.));
#17732=DIRECTION('',(0.,1.,0.));
#17733=DIRECTION('',(0.,0.,1.));
#17734=DIRECTION('',(0.,0.,-1.));
#17735=DIRECTION('',(-1.,0.,0.));
#17736=DIRECTION('',(0.,0.,1.));
#17737=DIRECTION('',(0.,0.,-1.));
#17738=DIRECTION('',(0.,-1.,0.));
#17739=DIRECTION('',(0.,0.,-1.));
#17740=DIRECTION('',(0.,0.,1.));
#17741=DIRECTION('',(-1.,0.,0.));
#17742=DIRECTION('',(0.,0.,1.));
#17743=DIRECTION('',(0.,0.,1.));
#17744=DIRECTION('',(0.,1.,0.));
#17745=DIRECTION('',(0.,0.,1.));
#17746=DIRECTION('',(0.,0.,1.));
#17747=DIRECTION('',(1.,0.,0.));
#17748=DIRECTION('',(0.,0.,-1.));
#17749=DIRECTION('',(0.,0.,1.));
#17750=DIRECTION('',(0.,1.,0.));
#17751=DIRECTION('',(0.,0.,1.));
#17752=DIRECTION('',(0.,0.,-1.));
#17753=DIRECTION('',(1.,0.,0.));
#17754=DIRECTION('',(0.,0.,-1.));
#17755=DIRECTION('',(0.,0.,-1.));
#17756=DIRECTION('',(0.,-1.,0.));
#17757=DIRECTION('',(0.,0.,-1.));
#17758=DIRECTION('',(0.,0.,1.));
#17759=DIRECTION('',(1.,0.,0.));
#17760=DIRECTION('',(0.,0.,-1.));
#17761=DIRECTION('',(0.,0.,1.));
#17762=DIRECTION('',(0.,1.,0.));
#17763=DIRECTION('',(0.,0.,1.));
#17764=DIRECTION('',(0.,0.,-1.));
#17765=DIRECTION('',(1.,0.,0.));
#17766=DIRECTION('',(0.,0.,-1.));
#17767=DIRECTION('',(0.,0.,-1.));
#17768=DIRECTION('',(0.,-1.,0.));
#17769=DIRECTION('',(0.,0.,-1.));
#17770=DIRECTION('',(0.,0.,1.));
#17771=DIRECTION('',(1.,0.,0.));
#17772=DIRECTION('',(0.,0.,-1.));
#17773=DIRECTION('',(0.,0.,1.));
#17774=DIRECTION('',(0.,1.,0.));
#17775=DIRECTION('',(0.,0.,1.));
#17776=DIRECTION('',(0.,0.,-1.));
#17777=DIRECTION('',(1.,0.,0.));
#17778=DIRECTION('',(0.,0.,-1.));
#17779=DIRECTION('',(0.,0.,-1.));
#17780=DIRECTION('',(0.,-1.,0.));
#17781=DIRECTION('',(0.,0.,-1.));
#17782=DIRECTION('',(0.,0.,1.));
#17783=DIRECTION('',(1.,0.,0.));
#17784=DIRECTION('',(0.,0.,-1.));
#17785=DIRECTION('',(0.,0.,1.));
#17786=DIRECTION('',(0.,1.,0.));
#17787=DIRECTION('',(0.,0.,1.));
#17788=DIRECTION('',(0.,0.,-1.));
#17789=DIRECTION('',(1.,0.,0.));
#17790=DIRECTION('',(0.,0.,-1.));
#17791=DIRECTION('',(0.,0.,-1.));
#17792=DIRECTION('',(0.,-1.,0.));
#17793=DIRECTION('',(0.,0.,-1.));
#17794=DIRECTION('',(0.,0.,1.));
#17795=DIRECTION('',(1.,0.,0.));
#17796=DIRECTION('',(0.,0.,-1.));
#17797=DIRECTION('',(0.,0.,1.));
#17798=DIRECTION('',(0.,1.,0.));
#17799=DIRECTION('',(0.,0.,1.));
#17800=DIRECTION('',(0.,0.,-1.));
#17801=DIRECTION('',(1.,0.,0.));
#17802=DIRECTION('',(0.,0.,-1.));
#17803=DIRECTION('',(0.,0.,-1.));
#17804=DIRECTION('',(0.,-1.,0.));
#17805=DIRECTION('',(0.,0.,-1.));
#17806=DIRECTION('',(0.,0.,1.));
#17807=DIRECTION('',(1.,0.,0.));
#17808=DIRECTION('',(0.,0.,-1.));
#17809=DIRECTION('',(0.,0.,1.));
#17810=DIRECTION('',(0.,1.,0.));
#17811=DIRECTION('',(0.,0.,1.));
#17812=DIRECTION('',(0.,0.,-1.));
#17813=DIRECTION('',(1.,0.,0.));
#17814=DIRECTION('',(0.,0.,-1.));
#17815=DIRECTION('',(0.,0.,-1.));
#17816=DIRECTION('',(0.,-1.,0.));
#17817=DIRECTION('',(0.,0.,-1.));
#17818=DIRECTION('',(0.,0.,1.));
#17819=DIRECTION('',(1.,0.,0.));
#17820=DIRECTION('',(0.,0.,-1.));
#17821=DIRECTION('',(0.,0.,1.));
#17822=DIRECTION('',(0.,1.,0.));
#17823=DIRECTION('',(0.,0.,1.));
#17824=DIRECTION('',(0.,0.,-1.));
#17825=DIRECTION('',(1.,0.,0.));
#17826=DIRECTION('',(0.,0.,-1.));
#17827=DIRECTION('',(0.,0.,-1.));
#17828=DIRECTION('',(0.,-1.,0.));
#17829=DIRECTION('',(0.,0.,-1.));
#17830=DIRECTION('',(0.,0.,1.));
#17831=DIRECTION('',(1.,0.,0.));
#17832=DIRECTION('',(0.,0.,-1.));
#17833=DIRECTION('',(0.,0.,1.));
#17834=DIRECTION('',(0.,1.,0.));
#17835=DIRECTION('',(0.,0.,1.));
#17836=DIRECTION('',(0.,0.,-1.));
#17837=DIRECTION('',(1.,0.,0.));
#17838=DIRECTION('',(0.,0.,-1.));
#17839=DIRECTION('',(0.,0.,-1.));
#17840=DIRECTION('',(0.,-1.,0.));
#17841=DIRECTION('',(0.,0.,-1.));
#17842=DIRECTION('',(0.,0.,1.));
#17843=DIRECTION('',(1.,0.,0.));
#17844=DIRECTION('',(0.,0.,-1.));
#17845=DIRECTION('',(0.,0.,1.));
#17846=DIRECTION('',(0.,1.,0.));
#17847=DIRECTION('',(0.,0.,1.));
#17848=DIRECTION('',(0.,0.,-1.));
#17849=DIRECTION('',(1.,0.,0.));
#17850=DIRECTION('',(0.,0.,-1.));
#17851=DIRECTION('',(0.,0.,-1.));
#17852=DIRECTION('',(0.,-1.,0.));
#17853=DIRECTION('',(0.,0.,-1.));
#17854=DIRECTION('',(0.,0.,1.));
#17855=DIRECTION('',(1.,0.,0.));
#17856=DIRECTION('',(0.,0.,-1.));
#17857=DIRECTION('',(0.,0.,1.));
#17858=DIRECTION('',(0.,1.,0.));
#17859=DIRECTION('',(0.,0.,1.));
#17860=DIRECTION('',(0.,0.,-1.));
#17861=DIRECTION('',(1.,0.,0.));
#17862=DIRECTION('',(0.,0.,-1.));
#17863=DIRECTION('',(0.,0.,-1.));
#17864=DIRECTION('',(0.,-1.,0.));
#17865=DIRECTION('',(0.,0.,-1.));
#17866=DIRECTION('',(0.,0.,1.));
#17867=DIRECTION('',(1.,0.,0.));
#17868=DIRECTION('',(0.,0.,-1.));
#17869=DIRECTION('',(0.,0.,1.));
#17870=DIRECTION('',(0.,1.,0.));
#17871=DIRECTION('',(0.,0.,1.));
#17872=DIRECTION('',(0.,0.,-1.));
#17873=DIRECTION('',(1.,0.,0.));
#17874=DIRECTION('',(0.,0.,-1.));
#17875=DIRECTION('',(0.,0.,-1.));
#17876=DIRECTION('',(0.,-1.,0.));
#17877=DIRECTION('',(0.,0.,-1.));
#17878=DIRECTION('',(0.,0.,1.));
#17879=DIRECTION('',(1.,0.,0.));
#17880=DIRECTION('',(0.,0.,-1.));
#17881=DIRECTION('',(0.,0.,1.));
#17882=DIRECTION('',(0.,1.,0.));
#17883=DIRECTION('',(0.,0.,1.));
#17884=DIRECTION('',(0.,0.,-1.));
#17885=DIRECTION('',(1.,0.,0.));
#17886=DIRECTION('',(0.,0.,-1.));
#17887=DIRECTION('',(0.,0.,-1.));
#17888=DIRECTION('',(0.,-1.,0.));
#17889=DIRECTION('',(0.,0.,-1.));
#17890=DIRECTION('',(0.,0.,1.));
#17891=DIRECTION('',(1.,0.,0.));
#17892=DIRECTION('',(0.,0.,-1.));
#17893=DIRECTION('',(0.,0.,1.));
#17894=DIRECTION('',(0.,1.,0.));
#17895=DIRECTION('',(0.,0.,1.));
#17896=DIRECTION('',(0.,0.,-1.));
#17897=DIRECTION('',(1.,0.,0.));
#17898=DIRECTION('',(0.,0.,-1.));
#17899=DIRECTION('',(0.,0.,-1.));
#17900=DIRECTION('',(0.,-1.,0.));
#17901=DIRECTION('',(0.,0.,-1.));
#17902=DIRECTION('',(0.,0.,1.));
#17903=DIRECTION('',(1.,0.,0.));
#17904=DIRECTION('',(0.,0.,-1.));
#17905=DIRECTION('',(0.,0.,1.));
#17906=DIRECTION('',(0.,1.,0.));
#17907=DIRECTION('',(0.,0.,1.));
#17908=DIRECTION('',(0.,0.,-1.));
#17909=DIRECTION('',(1.,0.,0.));
#17910=DIRECTION('',(0.,0.,-1.));
#17911=DIRECTION('',(0.,0.,-1.));
#17912=DIRECTION('',(0.,-1.,0.));
#17913=DIRECTION('',(0.,0.,-1.));
#17914=DIRECTION('',(0.,0.,1.));
#17915=DIRECTION('',(1.,0.,0.));
#17916=DIRECTION('',(0.,0.,-1.));
#17917=DIRECTION('',(0.,0.,1.));
#17918=DIRECTION('',(0.,-1.,0.));
#17919=DIRECTION('',(0.,0.,-1.));
#17920=DIRECTION('',(0.,0.,1.));
#17921=DIRECTION('',(1.,0.,0.));
#17922=DIRECTION('',(0.,0.,-1.));
#17923=DIRECTION('',(0.,0.,-1.));
#17924=DIRECTION('',(0.,1.,0.));
#17925=DIRECTION('',(0.,0.,1.));
#17926=DIRECTION('',(0.,0.,-1.));
#17927=DIRECTION('',(-1.,0.,0.));
#17928=DIRECTION('',(0.,0.,1.));
#17929=DIRECTION('',(0.,0.,1.));
#17930=DIRECTION('',(0.,-1.,0.));
#17931=DIRECTION('',(0.,0.,-1.));
#17932=DIRECTION('',(0.,0.,1.));
#17933=DIRECTION('',(1.,0.,0.));
#17934=DIRECTION('',(0.,0.,-1.));
#17935=DIRECTION('',(0.,0.,-1.));
#17936=DIRECTION('',(0.,1.,0.));
#17937=DIRECTION('',(0.,0.,1.));
#17938=DIRECTION('',(0.,0.,-1.));
#17939=DIRECTION('',(-1.,0.,0.));
#17940=DIRECTION('',(0.,0.,1.));
#17941=DIRECTION('',(0.,0.,1.));
#17942=DIRECTION('',(0.,-1.,0.));
#17943=DIRECTION('',(0.,0.,-1.));
#17944=DIRECTION('',(0.,0.,1.));
#17945=DIRECTION('',(1.,0.,0.));
#17946=DIRECTION('',(0.,0.,-1.));
#17947=DIRECTION('',(0.,0.,-1.));
#17948=DIRECTION('',(0.,1.,0.));
#17949=DIRECTION('',(0.,0.,1.));
#17950=DIRECTION('',(0.,0.,-1.));
#17951=DIRECTION('',(-1.,0.,0.));
#17952=DIRECTION('',(0.,0.,1.));
#17953=DIRECTION('',(0.,0.,1.));
#17954=DIRECTION('',(0.,-1.,0.));
#17955=DIRECTION('',(0.,0.,-1.));
#17956=DIRECTION('',(0.,0.,1.));
#17957=DIRECTION('',(1.,0.,0.));
#17958=DIRECTION('',(0.,0.,-1.));
#17959=DIRECTION('',(0.,0.,-1.));
#17960=DIRECTION('',(0.,1.,0.));
#17961=DIRECTION('',(0.,0.,1.));
#17962=DIRECTION('',(0.,0.,-1.));
#17963=DIRECTION('',(-1.,0.,0.));
#17964=DIRECTION('',(0.,0.,1.));
#17965=DIRECTION('',(0.,0.,1.));
#17966=DIRECTION('',(0.,-1.,0.));
#17967=DIRECTION('',(0.,0.,-1.));
#17968=DIRECTION('',(0.,0.,1.));
#17969=DIRECTION('',(1.,0.,0.));
#17970=DIRECTION('',(0.,0.,-1.));
#17971=DIRECTION('',(0.,0.,-1.));
#17972=DIRECTION('',(0.,1.,0.));
#17973=DIRECTION('',(0.,0.,1.));
#17974=DIRECTION('',(0.,0.,-1.));
#17975=DIRECTION('',(-1.,0.,0.));
#17976=DIRECTION('',(0.,0.,1.));
#17977=DIRECTION('',(0.,0.,1.));
#17978=DIRECTION('',(0.,-1.,0.));
#17979=DIRECTION('',(0.,0.,-1.));
#17980=DIRECTION('',(0.,0.,1.));
#17981=DIRECTION('',(1.,0.,0.));
#17982=DIRECTION('',(0.,0.,-1.));
#17983=DIRECTION('',(0.,0.,-1.));
#17984=DIRECTION('',(0.,1.,0.));
#17985=DIRECTION('',(0.,0.,1.));
#17986=DIRECTION('',(0.,0.,-1.));
#17987=DIRECTION('',(-1.,0.,0.));
#17988=DIRECTION('',(0.,0.,1.));
#17989=DIRECTION('',(0.,0.,1.));
#17990=DIRECTION('',(0.,-1.,0.));
#17991=DIRECTION('',(0.,0.,-1.));
#17992=DIRECTION('',(0.,0.,1.));
#17993=DIRECTION('',(1.,0.,0.));
#17994=DIRECTION('',(0.,0.,-1.));
#17995=DIRECTION('',(0.,0.,-1.));
#17996=DIRECTION('',(0.,1.,0.));
#17997=DIRECTION('',(0.,0.,1.));
#17998=DIRECTION('',(0.,0.,-1.));
#17999=DIRECTION('',(-1.,0.,0.));
#18000=DIRECTION('',(0.,0.,1.));
#18001=DIRECTION('',(0.,0.,1.));
#18002=DIRECTION('',(0.,-1.,0.));
#18003=DIRECTION('',(0.,0.,-1.));
#18004=DIRECTION('',(0.,0.,1.));
#18005=DIRECTION('',(1.,0.,0.));
#18006=DIRECTION('',(0.,0.,-1.));
#18007=DIRECTION('',(0.,0.,-1.));
#18008=DIRECTION('',(0.,1.,0.));
#18009=DIRECTION('',(0.,0.,1.));
#18010=DIRECTION('',(0.,0.,-1.));
#18011=DIRECTION('',(-1.,0.,0.));
#18012=DIRECTION('',(0.,0.,1.));
#18013=DIRECTION('',(0.,0.,1.));
#18014=DIRECTION('',(0.,-1.,0.));
#18015=DIRECTION('',(0.,0.,-1.));
#18016=DIRECTION('',(0.,0.,1.));
#18017=DIRECTION('',(1.,0.,0.));
#18018=DIRECTION('',(0.,0.,-1.));
#18019=DIRECTION('',(0.,0.,-1.));
#18020=DIRECTION('',(0.,1.,0.));
#18021=DIRECTION('',(0.,0.,1.));
#18022=DIRECTION('',(0.,0.,-1.));
#18023=DIRECTION('',(-1.,0.,0.));
#18024=DIRECTION('',(0.,0.,1.));
#18025=DIRECTION('',(0.,0.,1.));
#18026=DIRECTION('',(0.,-1.,0.));
#18027=DIRECTION('',(0.,0.,-1.));
#18028=DIRECTION('',(0.,0.,1.));
#18029=DIRECTION('',(1.,0.,0.));
#18030=DIRECTION('',(0.,0.,-1.));
#18031=DIRECTION('',(0.,0.,-1.));
#18032=DIRECTION('',(0.,1.,0.));
#18033=DIRECTION('',(0.,0.,1.));
#18034=DIRECTION('',(0.,0.,-1.));
#18035=DIRECTION('',(-1.,0.,0.));
#18036=DIRECTION('',(0.,0.,1.));
#18037=DIRECTION('',(0.,0.,1.));
#18038=DIRECTION('',(0.,-1.,0.));
#18039=DIRECTION('',(0.,0.,-1.));
#18040=DIRECTION('',(0.,0.,1.));
#18041=DIRECTION('',(1.,0.,0.));
#18042=DIRECTION('',(0.,0.,-1.));
#18043=DIRECTION('',(0.,0.,-1.));
#18044=DIRECTION('',(0.,1.,0.));
#18045=DIRECTION('',(0.,0.,1.));
#18046=DIRECTION('',(0.,0.,-1.));
#18047=DIRECTION('',(-1.,0.,0.));
#18048=DIRECTION('',(0.,0.,1.));
#18049=DIRECTION('',(0.,0.,1.));
#18050=DIRECTION('',(0.,-1.,0.));
#18051=DIRECTION('',(0.,0.,-1.));
#18052=DIRECTION('',(0.,0.,1.));
#18053=DIRECTION('',(1.,0.,0.));
#18054=DIRECTION('',(0.,0.,-1.));
#18055=DIRECTION('',(0.,0.,-1.));
#18056=DIRECTION('',(0.,1.,0.));
#18057=DIRECTION('',(0.,0.,1.));
#18058=DIRECTION('',(0.,0.,-1.));
#18059=DIRECTION('',(-1.,0.,0.));
#18060=DIRECTION('',(0.,0.,1.));
#18061=DIRECTION('',(0.,0.,1.));
#18062=DIRECTION('',(0.,-1.,0.));
#18063=DIRECTION('',(0.,0.,-1.));
#18064=DIRECTION('',(0.,0.,-1.));
#18065=DIRECTION('',(-1.,0.,0.));
#18066=DIRECTION('',(0.,0.,-1.));
#18067=DIRECTION('',(1.,0.,0.));
#18068=DIRECTION('',(0.,0.,-1.));
#18069=DIRECTION('',(0.,0.,1.));
#18070=DIRECTION('',(0.,1.,0.));
#18071=DIRECTION('',(0.,0.,1.));
#18072=DIRECTION('',(0.,0.,-1.));
#18073=DIRECTION('',(0.,0.,-1.));
#18074=DIRECTION('',(-1.,0.,0.));
#18075=DIRECTION('',(0.,0.,-1.));
#18076=DIRECTION('',(-1.,0.,0.));
#18077=DIRECTION('',(0.,0.,-1.));
#18078=DIRECTION('',(-1.,0.,0.));
#18079=DIRECTION('',(0.,0.,-1.));
#18080=DIRECTION('',(-1.,0.,0.));
#18081=DIRECTION('',(9.85638338623186E-17,0.,1.));
#18082=DIRECTION('',(1.,0.,-9.85638338623186E-17));
#18083=DIRECTION('',(-1.,0.,9.85638338623186E-17));
#18084=DIRECTION('',(9.85638338623186E-17,0.,1.));
#18085=DIRECTION('',(1.,0.,-9.85638338623186E-17));
#18086=DIRECTION('',(-1.,0.,9.85638338623186E-17));
#18087=DIRECTION('',(0.,-1.,0.));
#18088=DIRECTION('',(1.,0.,0.));
#18089=DIRECTION('',(0.,0.,-1.));
#18090=DIRECTION('',(0.,0.,1.));
#18091=DIRECTION('',(0.,-1.,0.));
#18092=DIRECTION('',(0.,0.,1.));
#18093=DIRECTION('',(0.,-1.,0.));
#18094=DIRECTION('',(0.,0.,-1.));
#18095=DIRECTION('',(1.,0.,0.));
#18096=DIRECTION('',(0.,-1.,0.));
#18097=DIRECTION('',(0.,0.,-1.));
#18098=DIRECTION('',(1.,0.,0.));
#18099=DIRECTION('',(0.,0.,-1.));
#18100=DIRECTION('',(-1.,0.,0.));
#18101=DIRECTION('',(0.,1.,0.));
#18102=DIRECTION('',(0.,0.,1.));
#18103=DIRECTION('',(0.,0.,1.));
#18104=DIRECTION('',(1.,0.,-1.07080876247063E-16));
#18105=DIRECTION('',(0.,1.,0.));
#18106=DIRECTION('',(0.,0.,1.));
#18107=DIRECTION('',(1.,0.,-1.07080876247063E-16));
#18108=DIRECTION('',(0.,0.,1.));
#18109=DIRECTION('',(-1.07080876247063E-16,0.,-1.));
#18110=DIRECTION('',(-1.,0.,1.07080876247063E-16));
#18111=DIRECTION('',(0.,-1.,0.));
#18112=DIRECTION('',(1.,0.,0.));
#18113=DIRECTION('',(0.,0.,-1.));
#18114=DIRECTION('',(9.85638338623186E-17,0.,1.));
#18115=DIRECTION('',(1.,0.,-9.85638338623186E-17));
#18116=DIRECTION('',(0.,0.,1.));
#18117=DIRECTION('',(1.,0.,0.));
#18118=DIRECTION('',(0.,-1.,0.));
#18119=DIRECTION('',(1.,0.,0.));
#18120=DIRECTION('',(0.,1.,0.));
#18121=DIRECTION('',(-1.,0.,0.));
#18122=DIRECTION('',(0.,0.,1.));
#18123=DIRECTION('',(0.,0.,-1.));
#18124=DIRECTION('',(1.,0.,0.));
#18125=DIRECTION('',(0.,0.,-1.));
#18126=DIRECTION('',(0.,0.,-1.));
#18127=DIRECTION('',(0.,1.,0.));
#18128=DIRECTION('',(0.,0.,1.));
#18129=DIRECTION('',(1.,0.,0.));
#18130=DIRECTION('',(0.,0.,-1.));
#18131=DIRECTION('',(0.,-1.,0.));
#18132=DIRECTION('',(0.,0.,-1.));
#18133=DIRECTION('',(-1.,0.,0.));
#18134=DIRECTION('',(0.,0.,1.));
#18135=DIRECTION('',(0.,1.,0.));
#18136=DIRECTION('',(0.,0.,-1.));
#18137=DIRECTION('',(0.,0.,1.));
#18138=DIRECTION('',(1.,0.,0.));
#18139=DIRECTION('',(-1.,0.,0.));
#18140=DIRECTION('',(0.,-1.,0.));
#18141=DIRECTION('',(0.,0.,-1.));
#18142=DIRECTION('',(0.,-1.,0.));
#18143=DIRECTION('',(0.,0.,-1.));
#18144=DIRECTION('',(1.,0.,0.));
#18145=DIRECTION('',(0.,-1.,0.));
#18146=DIRECTION('',(0.,0.,-1.));
#18147=DIRECTION('',(0.,0.,1.));
#18148=DIRECTION('',(1.,0.,0.));
#18149=DIRECTION('',(0.,0.,-1.));
#18150=DIRECTION('',(-1.,0.,0.));
#18151=DIRECTION('',(0.,0.,1.));
#18152=DIRECTION('',(1.,0.,0.));
#18153=DIRECTION('',(0.,0.,-1.));
#18154=DIRECTION('',(0.,1.,0.));
#18155=DIRECTION('',(1.,0.,0.));
#18156=DIRECTION('',(0.,0.,-1.));
#18157=DIRECTION('',(0.,0.,1.));
#18158=DIRECTION('',(0.,1.,0.));
#18159=DIRECTION('',(0.,0.,-1.));
#18160=DIRECTION('',(0.,-1.,0.));
#18161=DIRECTION('',(0.,0.,1.));
#18162=DIRECTION('',(0.,-1.,0.));
#18163=DIRECTION('',(0.,0.,-1.));
#18164=DIRECTION('',(1.,0.,0.));
#18165=DIRECTION('',(0.,-1.,0.));
#18166=DIRECTION('',(0.,0.,-1.));
#18167=DIRECTION('',(0.,0.,1.));
#18168=DIRECTION('',(1.,0.,0.));
#18169=DIRECTION('',(0.,0.,-1.));
#18170=DIRECTION('',(-1.,-1.73472347597673E-14,0.));
#18171=DIRECTION('',(0.,0.,1.));
#18172=DIRECTION('',(-1.,0.,0.));
#18173=DIRECTION('',(0.,0.,1.));
#18174=DIRECTION('',(0.,-1.,0.));
#18175=DIRECTION('',(-1.,0.,0.));
#18176=DIRECTION('',(0.,0.,1.));
#18177=DIRECTION('',(0.,0.,1.));
#18178=DIRECTION('',(0.,-1.,0.));
#18179=DIRECTION('',(0.,0.,-1.));
#18180=DIRECTION('',(-1.73472347597682E-14,1.,0.));
#18181=DIRECTION('',(0.,0.,1.));
#18182=DIRECTION('',(0.,1.,0.));
#18183=DIRECTION('',(0.,0.,1.));
#18184=DIRECTION('',(-1.,0.,0.));
#18185=DIRECTION('',(0.,1.,0.));
#18186=DIRECTION('',(0.,0.,1.));
#18187=DIRECTION('',(0.,0.,1.));
#18188=DIRECTION('',(-1.,0.,0.));
#18189=DIRECTION('',(0.,0.,-1.));
#18190=DIRECTION('',(1.,3.46944695195358E-14,0.));
#18191=DIRECTION('',(0.,0.,1.));
#18192=DIRECTION('',(1.,0.,0.));
#18193=DIRECTION('',(0.,0.,-1.));
#18194=DIRECTION('',(0.,1.,0.));
#18195=DIRECTION('',(1.,0.,0.));
#18196=DIRECTION('',(0.,0.,-1.));
#18197=DIRECTION('',(0.,0.,1.));
#18198=DIRECTION('',(0.,1.,0.));
#18199=DIRECTION('',(0.,0.,-1.));
#18200=DIRECTION('',(0.,-1.,0.));
#18201=DIRECTION('',(0.,0.,1.));
#18202=DIRECTION('',(0.,0.,1.));
#18203=DIRECTION('',(1.,0.,0.));
#18204=DIRECTION('',(0.,0.,1.));
#18205=DIRECTION('',(0.,0.,1.));
#18206=DIRECTION('',(1.,0.,0.));
#18207=DIRECTION('',(0.,0.,1.));
#18208=DIRECTION('',(0.,0.,-1.));
#18209=DIRECTION('',(1.,0.,0.));
#18210=DIRECTION('',(-1.,0.,0.));
#18211=DIRECTION('',(0.,0.,1.));
#18212=DIRECTION('',(0.,1.,0.));
#18213=DIRECTION('',(0.,-1.,0.));
#18214=DIRECTION('',(0.,0.,1.));
#18215=DIRECTION('',(0.,0.,1.));
#18216=DIRECTION('',(1.,0.,0.));
#18217=DIRECTION('',(0.,0.,-1.));
#18218=DIRECTION('',(1.,0.,0.));
#18219=DIRECTION('',(0.,0.,1.));
#18220=DIRECTION('',(1.,0.,0.));
#18221=DIRECTION('',(0.,0.,1.));
#18222=DIRECTION('',(0.,-1.,0.));
#18223=DIRECTION('',(0.,0.,-1.));
#18224=DIRECTION('',(-1.,0.,0.));
#18225=DIRECTION('',(1.,0.,0.));
#18226=DIRECTION('',(0.,0.,1.));
#18227=DIRECTION('',(0.,0.,1.));
#18228=DIRECTION('',(1.,0.,0.));
#18229=DIRECTION('',(0.,0.,-1.));
#18230=DIRECTION('',(1.,0.,0.));
#18231=DIRECTION('',(0.,0.,1.));
#18232=DIRECTION('',(-1.,0.,0.));
#18233=DIRECTION('',(-1.,0.,0.));
#18234=DIRECTION('',(0.,0.,1.));
#18235=DIRECTION('',(0.,0.,1.));
#18236=DIRECTION('',(-1.,0.,0.));
#18237=DIRECTION('',(0.,0.,1.));
#18238=DIRECTION('',(0.,-1.,0.));
#18239=DIRECTION('',(0.,1.,0.));
#18240=DIRECTION('',(0.,0.,1.));
#18241=DIRECTION('',(0.,-1.,0.));
#18242=DIRECTION('',(0.,1.,0.));
#18243=DIRECTION('',(0.,0.,1.));
#18244=DIRECTION('',(0.,0.,1.));
#18245=DIRECTION('',(0.,1.,0.));
#18246=DIRECTION('',(0.,0.,1.));
#18247=DIRECTION('',(1.,0.,0.));
#18248=DIRECTION('',(0.,0.,1.));
#18249=DIRECTION('',(-1.,0.,0.));
#18250=DIRECTION('',(-1.,0.,0.));
#18251=DIRECTION('',(0.,0.,1.));
#18252=DIRECTION('',(0.,0.,1.));
#18253=DIRECTION('',(-1.,0.,0.));
#18254=DIRECTION('',(0.,0.,1.));
#18255=DIRECTION('',(0.,-1.,0.));
#18256=DIRECTION('',(0.,1.,0.));
#18257=DIRECTION('',(0.,0.,1.));
#18258=DIRECTION('',(0.,-1.,0.));
#18259=DIRECTION('',(0.,1.,0.));
#18260=DIRECTION('',(0.,0.,1.));
#18261=DIRECTION('',(0.,0.,1.));
#18262=DIRECTION('',(0.,1.,0.));
#18263=DIRECTION('',(0.,0.,1.));
#18264=DIRECTION('',(-1.,0.,0.));
#18265=DIRECTION('',(1.,0.,0.));
#18266=DIRECTION('',(0.,0.,1.));
#18267=DIRECTION('',(-1.,0.,0.));
#18268=DIRECTION('',(1.,0.,0.));
#18269=DIRECTION('',(0.,0.,-1.));
#18270=DIRECTION('',(0.,0.,1.));
#18271=DIRECTION('',(1.,0.,0.));
#18272=DIRECTION('',(0.,0.,-1.));
#18273=DIRECTION('',(0.,1.,0.));
#18274=DIRECTION('',(0.,-1.,0.));
#18275=DIRECTION('',(0.,0.,1.));
#18276=DIRECTION('',(0.,1.,0.));
#18277=DIRECTION('',(0.,-1.,0.));
#18278=DIRECTION('',(0.,0.,-1.));
#18279=DIRECTION('',(0.,0.,1.));
#18280=DIRECTION('',(0.,-1.,0.));
#18281=DIRECTION('',(0.,0.,-1.));
#18282=DIRECTION('',(1.,0.,0.));
#18283=DIRECTION('',(-1.,0.,0.));
#18284=DIRECTION('',(0.,0.,1.));
#18285=DIRECTION('',(1.,0.,0.));
#18286=DIRECTION('',(0.,0.,1.));
#18287=DIRECTION('',(1.,0.,0.));
#18288=DIRECTION('',(0.,-1.,0.));
#18289=DIRECTION('',(1.37676466347366E-16,-1.,0.));
#18290=DIRECTION('',(0.,0.,1.));
#18291=DIRECTION('',(1.,0.,0.));
#18292=DIRECTION('',(1.,0.,0.));
#18293=DIRECTION('',(1.,0.,0.));
#18294=DIRECTION('',(0.,0.,1.));
#18295=DIRECTION('',(1.,0.,0.));
#18296=DIRECTION('',(0.,-1.,0.));
#18297=DIRECTION('',(1.12466506797218E-16,-1.,0.));
#18298=DIRECTION('',(0.,0.,1.));
#18299=DIRECTION('',(1.,0.,0.));
#18300=DIRECTION('',(1.,0.,0.));
#18301=DIRECTION('',(1.,-1.69241314729445E-16,0.));
#18302=DIRECTION('',(0.,0.,1.));
#18303=DIRECTION('',(1.,0.,0.));
#18304=DIRECTION('',(0.,1.,0.));
#18305=DIRECTION('',(0.,1.,0.));
#18306=DIRECTION('',(0.,0.,1.));
#18307=DIRECTION('',(1.,0.,0.));
#18308=DIRECTION('',(-1.,0.,0.));
#18309=DIRECTION('',(-1.,0.,0.));
#18310=DIRECTION('',(-1.69241314729445E-16,-1.,0.));
#18311=DIRECTION('',(1.,-1.69241314729445E-16,0.));
#18312=DIRECTION('',(1.,-1.69241314729445E-16,0.));
#18313=DIRECTION('',(-1.,-1.12466506797218E-16,0.));
#18314=DIRECTION('',(1.12466506797218E-16,-1.,0.));
#18315=DIRECTION('',(1.12466506797218E-16,-1.,0.));
#18316=DIRECTION('',(0.,-1.,0.));
#18317=DIRECTION('',(0.,0.,-1.));
#18318=DIRECTION('',(1.,0.,0.));
#18319=DIRECTION('',(-1.,-1.37676466347366E-16,0.));
#18320=DIRECTION('',(1.37676466347366E-16,-1.,0.));
#18321=DIRECTION('',(1.37676466347366E-16,-1.,0.));
#18322=DIRECTION('',(0.,1.,0.));
#18323=DIRECTION('',(0.,0.,1.));
#18324=DIRECTION('',(-1.,0.,0.));
#18325=DIRECTION('',(1.,0.,0.));
#18326=DIRECTION('',(0.,0.,-1.));
#18327=DIRECTION('',(0.,1.,0.));
#18328=DIRECTION('',(0.,0.,1.));
#18329=DIRECTION('',(1.,0.,0.));
#18330=DIRECTION('',(0.,0.,-1.));
#18331=DIRECTION('',(1.,0.,0.));
#18332=DIRECTION('',(1.37676466347366E-16,-1.,0.));
#18333=DIRECTION('',(1.,0.,0.));
#18334=DIRECTION('',(1.12466506797218E-16,-1.,0.));
#18335=DIRECTION('',(1.,-1.69241314729445E-16,0.));
#18336=DIRECTION('',(0.,1.,0.));
#18337=DIRECTION('',(-1.,0.,0.));
#18338=DIRECTION('',(-1.,0.,0.));
#18339=DIRECTION('',(0.,0.,1.));
#18340=DIRECTION('',(0.,1.,0.));
#18341=DIRECTION('',(0.,-1.,0.));
#18342=DIRECTION('',(0.,0.,-1.));
#18343=DIRECTION('',(-1.,0.,0.));
#18344=DIRECTION('',(-1.,0.,0.));
#18345=DIRECTION('',(0.,0.,1.));
#18346=DIRECTION('',(0.,1.,0.));
#18347=DIRECTION('',(0.,-1.,0.));
#18348=DIRECTION('',(0.,0.,-1.));
#18349=DIRECTION('',(-1.,0.,0.));
#18350=DIRECTION('',(1.,0.,0.));
#18351=DIRECTION('',(0.,0.,-1.));
#18352=DIRECTION('',(0.,-1.,0.));
#18353=DIRECTION('',(0.,1.,0.));
#18354=DIRECTION('',(0.,0.,1.));
#18355=DIRECTION('',(1.,0.,0.));
#18356=DIRECTION('',(0.,0.,-1.));
#18357=DIRECTION('',(-1.,0.,0.));
#18358=DIRECTION('',(0.,0.,1.));
#18359=DIRECTION('',(1.,0.,0.));
#18360=DIRECTION('',(0.,0.,-1.));
#18361=DIRECTION('',(1.,0.,0.));
#18362=DIRECTION('',(0.,0.,-1.));
#18363=DIRECTION('',(-1.,0.,0.));
#18364=DIRECTION('',(-1.,0.,0.));
#18365=DIRECTION('',(0.,0.,1.));
#18366=DIRECTION('',(1.,0.,0.));
#18367=DIRECTION('',(0.,0.,-1.));
#18368=DIRECTION('',(0.,-1.,0.));
#18369=DIRECTION('',(0.,0.,-1.));
#18370=DIRECTION('',(-1.12466506797218E-16,1.,0.));
#18371=DIRECTION('',(-1.,-1.12466506797218E-16,0.));
#18372=DIRECTION('',(-1.,1.69241314729445E-16,0.));
#18373=DIRECTION('',(-1.69241314729445E-16,-1.,0.));
#18374=DIRECTION('',(-1.37676466347366E-16,1.,0.));
#18375=DIRECTION('',(-1.,-1.37676466347366E-16,0.));
#18376=CARTESIAN_POINT('',(0.,0.,0.));
#18377=CARTESIAN_POINT('',(7.30000000000001,8.44,1.25));
#18378=CARTESIAN_POINT('',(5.1,8.44,1.25));
#18379=CARTESIAN_POINT('',(5.1,8.44,0.));
#18380=CARTESIAN_POINT('',(5.1,8.44,0.15));
#18381=CARTESIAN_POINT('',(7.30000000000001,8.44,0.));
#18382=CARTESIAN_POINT('',(4.97,8.44,0.));
#18383=CARTESIAN_POINT('',(4.97,8.44,1.25));
#18384=CARTESIAN_POINT('',(4.97,8.44,0.35));
#18385=CARTESIAN_POINT('',(7.30000000000001,8.44,0.35));
#18386=CARTESIAN_POINT('',(7.03000000000001,8.44,0.35));
#18387=CARTESIAN_POINT('',(7.03000000000001,8.44,1.25));
#18388=CARTESIAN_POINT('',(7.03000000000001,8.44,0.));
#18389=CARTESIAN_POINT('',(7.30000000000001,8.44,0.));
#18390=CARTESIAN_POINT('',(6.9,8.44,0.));
#18391=CARTESIAN_POINT('',(6.9,8.44,1.25));
#18392=CARTESIAN_POINT('',(6.9,8.44,0.15));
#18393=CARTESIAN_POINT('',(7.30000000000001,8.44,0.15));
#18394=CARTESIAN_POINT('',(4.7,5.84,1.25));
#18395=CARTESIAN_POINT('',(5.1,5.84,1.25));
#18396=CARTESIAN_POINT('',(5.1,5.84,0.15));
#18397=CARTESIAN_POINT('',(5.1,5.84,0.));
#18398=CARTESIAN_POINT('',(4.7,5.84,0.15));
#18399=CARTESIAN_POINT('',(6.9,5.84,0.15));
#18400=CARTESIAN_POINT('',(6.9,5.84,1.25));
#18401=CARTESIAN_POINT('',(6.9,5.84,0.));
#18402=CARTESIAN_POINT('',(4.7,5.84,0.));
#18403=CARTESIAN_POINT('',(7.03000000000001,5.84,0.));
#18404=CARTESIAN_POINT('',(7.03000000000001,5.84,1.25));
#18405=CARTESIAN_POINT('',(7.03000000000001,5.84,0.35));
#18406=CARTESIAN_POINT('',(4.7,5.84,0.35));
#18407=CARTESIAN_POINT('',(4.97,5.84,0.35));
#18408=CARTESIAN_POINT('',(4.97,5.84,1.25));
#18409=CARTESIAN_POINT('',(4.97,5.84,0.));
#18410=CARTESIAN_POINT('',(4.7,5.84,0.));
#18411=CARTESIAN_POINT('',(6.,7.14,0.35));
#18412=CARTESIAN_POINT('',(6.3493028446937,6.36508870011537,0.35));
#18413=CARTESIAN_POINT('',(6.3493028446937,6.36508870011537,0.35));
#18414=CARTESIAN_POINT('',(6.3493028446937,6.70554407156749,0.35));
#18415=CARTESIAN_POINT('',(6.,7.14,0.35));
#18416=CARTESIAN_POINT('',(6.3493028446937,7.91491129988463,0.35));
#18417=CARTESIAN_POINT('',(6.3493028446937,7.91491129988463,0.35));
#18418=CARTESIAN_POINT('',(6.3493028446937,7.57445592843251,0.35));
#18419=CARTESIAN_POINT('',(6.4493028446937,7.57445592843251,0.35));
#18420=CARTESIAN_POINT('',(6.37741438954271,7.50494297988331,0.35));
#18421=CARTESIAN_POINT('',(6.,7.14,0.35));
#18422=CARTESIAN_POINT('',(6.37741438954271,6.77505702011669,0.35));
#18423=CARTESIAN_POINT('',(6.4493028446937,6.70554407156749,0.35));
#18424=CARTESIAN_POINT('',(6.,7.14,0.35));
#18425=CARTESIAN_POINT('',(6.3493028446937,6.36508870011537,0.35));
#18426=CARTESIAN_POINT('',(6.3493028446937,6.36508870011537,0.4));
#18427=CARTESIAN_POINT('',(6.,7.14,0.4));
#18428=CARTESIAN_POINT('',(5.65069715530631,6.36508870011537,0.4));
#18429=CARTESIAN_POINT('',(5.65069715530631,6.36508870011537,0.35));
#18430=CARTESIAN_POINT('',(5.65069715530631,6.36508870011537,0.35));
#18431=CARTESIAN_POINT('',(6.,7.14,0.35));
#18432=CARTESIAN_POINT('',(5.65069715530631,7.91491129988463,0.35));
#18433=CARTESIAN_POINT('',(5.65069715530631,7.91491129988463,0.35));
#18434=CARTESIAN_POINT('',(5.65069715530631,7.91491129988463,0.4));
#18435=CARTESIAN_POINT('',(6.,7.14,0.4));
#18436=CARTESIAN_POINT('',(6.3493028446937,7.91491129988463,0.4));
#18437=CARTESIAN_POINT('',(6.3493028446937,7.91491129988463,0.35));
#18438=CARTESIAN_POINT('',(6.,7.14,1.13));
#18439=CARTESIAN_POINT('',(6.85,7.14,1.13));
#18440=CARTESIAN_POINT('',(0.,0.,0.));
#18441=CARTESIAN_POINT('',(5.1,8.64,0.));
#18442=CARTESIAN_POINT('',(5.1,8.64,0.));
#18443=CARTESIAN_POINT('',(6.9,8.64,0.));
#18444=CARTESIAN_POINT('',(6.9,8.64,0.));
#18445=CARTESIAN_POINT('',(6.9,5.64,0.));
#18446=CARTESIAN_POINT('',(7.03000000000001,8.17,0.));
#18447=CARTESIAN_POINT('',(7.30000000000001,8.17,0.));
#18448=CARTESIAN_POINT('',(7.30000000000001,5.84,0.));
#18449=CARTESIAN_POINT('',(7.30000000000001,6.11,0.));
#18450=CARTESIAN_POINT('',(7.03000000000001,6.11,0.));
#18451=CARTESIAN_POINT('',(6.9,5.64,0.));
#18452=CARTESIAN_POINT('',(6.9,5.64,0.));
#18453=CARTESIAN_POINT('',(5.1,5.64,0.));
#18454=CARTESIAN_POINT('',(5.1,5.64,0.));
#18455=CARTESIAN_POINT('',(5.1,8.64,0.));
#18456=CARTESIAN_POINT('',(4.97,6.11,0.));
#18457=CARTESIAN_POINT('',(4.7,6.11,0.));
#18458=CARTESIAN_POINT('',(4.7,8.44,0.));
#18459=CARTESIAN_POINT('',(4.7,6.84,0.));
#18460=CARTESIAN_POINT('',(4.95625387580131,6.84,0.));
#18461=CARTESIAN_POINT('',(4.45,6.84,0.));
#18462=CARTESIAN_POINT('',(4.45,7.44,0.));
#18463=CARTESIAN_POINT('',(4.45,7.44,0.));
#18464=CARTESIAN_POINT('',(4.95625387580131,7.44,0.));
#18465=CARTESIAN_POINT('',(4.7,7.44,0.));
#18466=CARTESIAN_POINT('',(4.7,8.44,0.));
#18467=CARTESIAN_POINT('',(4.7,8.17,0.));
#18468=CARTESIAN_POINT('',(4.97,8.17,0.));
#18469=CARTESIAN_POINT('',(-9.,-9.6,0.));
#18470=CARTESIAN_POINT('',(-9.,-9.6,0.));
#18471=CARTESIAN_POINT('',(-7.435,-9.6,-4.33680868994202E-16));
#18472=CARTESIAN_POINT('',(-7.435,-9.6,0.));
#18473=CARTESIAN_POINT('',(-7.435,-9.15,0.));
#18474=CARTESIAN_POINT('',(-7.435,-9.15,0.));
#18475=CARTESIAN_POINT('',(-6.535,-9.15,0.));
#18476=CARTESIAN_POINT('',(-6.535,-9.15,0.));
#18477=CARTESIAN_POINT('',(-6.535,-9.6,0.));
#18478=CARTESIAN_POINT('',(-9.,-9.6,0.));
#18479=CARTESIAN_POINT('',(-6.165,-9.6,-4.33680868994202E-16));
#18480=CARTESIAN_POINT('',(-6.165,-9.6,0.));
#18481=CARTESIAN_POINT('',(-6.165,-9.15,0.));
#18482=CARTESIAN_POINT('',(-6.165,-9.15,0.));
#18483=CARTESIAN_POINT('',(-5.265,-9.15,0.));
#18484=CARTESIAN_POINT('',(-5.265,-9.15,0.));
#18485=CARTESIAN_POINT('',(-5.265,-9.6,0.));
#18486=CARTESIAN_POINT('',(-9.,-9.6,0.));
#18487=CARTESIAN_POINT('',(-4.895,-9.6,-4.33680868994202E-16));
#18488=CARTESIAN_POINT('',(-4.895,-9.6,0.));
#18489=CARTESIAN_POINT('',(-4.895,-9.15,0.));
#18490=CARTESIAN_POINT('',(-4.895,-9.15,0.));
#18491=CARTESIAN_POINT('',(-3.995,-9.15,0.));
#18492=CARTESIAN_POINT('',(-3.995,-9.15,0.));
#18493=CARTESIAN_POINT('',(-3.995,-9.6,0.));
#18494=CARTESIAN_POINT('',(-9.,-9.6,0.));
#18495=CARTESIAN_POINT('',(-3.625,-9.6,-4.33680868994202E-16));
#18496=CARTESIAN_POINT('',(-3.625,-9.6,0.));
#18497=CARTESIAN_POINT('',(-3.625,-9.15,0.));
#18498=CARTESIAN_POINT('',(-3.625,-9.15,0.));
#18499=CARTESIAN_POINT('',(-2.725,-9.15,0.));
#18500=CARTESIAN_POINT('',(-2.725,-9.15,0.));
#18501=CARTESIAN_POINT('',(-2.725,-9.6,0.));
#18502=CARTESIAN_POINT('',(-9.,-9.6,0.));
#18503=CARTESIAN_POINT('',(-2.355,-9.6,-4.33680868994202E-16));
#18504=CARTESIAN_POINT('',(-2.355,-9.6,0.));
#18505=CARTESIAN_POINT('',(-2.355,-9.15,0.));
#18506=CARTESIAN_POINT('',(-2.355,-9.15,0.));
#18507=CARTESIAN_POINT('',(-1.455,-9.15,0.));
#18508=CARTESIAN_POINT('',(-1.455,-9.15,0.));
#18509=CARTESIAN_POINT('',(-1.455,-9.6,0.));
#18510=CARTESIAN_POINT('',(-9.,-9.6,0.));
#18511=CARTESIAN_POINT('',(-1.085,-9.6,-4.33680868994202E-16));
#18512=CARTESIAN_POINT('',(-1.085,-9.6,0.));
#18513=CARTESIAN_POINT('',(-1.085,-9.15,0.));
#18514=CARTESIAN_POINT('',(-1.085,-9.15,0.));
#18515=CARTESIAN_POINT('',(-0.184999999999999,-9.15,0.));
#18516=CARTESIAN_POINT('',(-0.184999999999999,-9.15,0.));
#18517=CARTESIAN_POINT('',(-0.184999999999999,-9.6,0.));
#18518=CARTESIAN_POINT('',(-9.,-9.6,0.));
#18519=CARTESIAN_POINT('',(0.185,-9.6,-4.33680868994202E-16));
#18520=CARTESIAN_POINT('',(0.185,-9.6,0.));
#18521=CARTESIAN_POINT('',(0.185,-9.15,0.));
#18522=CARTESIAN_POINT('',(0.185,-9.15,0.));
#18523=CARTESIAN_POINT('',(1.085,-9.15,0.));
#18524=CARTESIAN_POINT('',(1.085,-9.15,0.));
#18525=CARTESIAN_POINT('',(1.085,-9.6,0.));
#18526=CARTESIAN_POINT('',(-9.,-9.6,0.));
#18527=CARTESIAN_POINT('',(1.455,-9.6,-4.33680868994202E-16));
#18528=CARTESIAN_POINT('',(1.455,-9.6,0.));
#18529=CARTESIAN_POINT('',(1.455,-9.15,0.));
#18530=CARTESIAN_POINT('',(1.455,-9.15,0.));
#18531=CARTESIAN_POINT('',(2.355,-9.15,0.));
#18532=CARTESIAN_POINT('',(2.355,-9.15,0.));
#18533=CARTESIAN_POINT('',(2.355,-9.6,0.));
#18534=CARTESIAN_POINT('',(-9.,-9.6,0.));
#18535=CARTESIAN_POINT('',(2.725,-9.6,-4.33680868994202E-16));
#18536=CARTESIAN_POINT('',(2.725,-9.6,0.));
#18537=CARTESIAN_POINT('',(2.725,-9.15,0.));
#18538=CARTESIAN_POINT('',(2.725,-9.15,0.));
#18539=CARTESIAN_POINT('',(3.625,-9.15,0.));
#18540=CARTESIAN_POINT('',(3.625,-9.15,0.));
#18541=CARTESIAN_POINT('',(3.625,-9.6,0.));
#18542=CARTESIAN_POINT('',(-9.,-9.6,0.));
#18543=CARTESIAN_POINT('',(3.995,-9.6,-4.33680868994202E-16));
#18544=CARTESIAN_POINT('',(3.995,-9.6,0.));
#18545=CARTESIAN_POINT('',(3.995,-9.15,0.));
#18546=CARTESIAN_POINT('',(3.995,-9.15,0.));
#18547=CARTESIAN_POINT('',(4.895,-9.15,0.));
#18548=CARTESIAN_POINT('',(4.895,-9.15,0.));
#18549=CARTESIAN_POINT('',(4.895,-9.6,0.));
#18550=CARTESIAN_POINT('',(-9.,-9.6,0.));
#18551=CARTESIAN_POINT('',(5.265,-9.6,-4.33680868994202E-16));
#18552=CARTESIAN_POINT('',(5.265,-9.6,0.));
#18553=CARTESIAN_POINT('',(5.265,-9.15,0.));
#18554=CARTESIAN_POINT('',(5.265,-9.15,0.));
#18555=CARTESIAN_POINT('',(6.165,-9.15,0.));
#18556=CARTESIAN_POINT('',(6.165,-9.15,0.));
#18557=CARTESIAN_POINT('',(6.165,-9.6,0.));
#18558=CARTESIAN_POINT('',(-9.,-9.6,0.));
#18559=CARTESIAN_POINT('',(6.535,-9.6,-4.33680868994202E-16));
#18560=CARTESIAN_POINT('',(6.535,-9.6,0.));
#18561=CARTESIAN_POINT('',(6.535,-9.15,0.));
#18562=CARTESIAN_POINT('',(6.535,-9.15,0.));
#18563=CARTESIAN_POINT('',(7.435,-9.15,0.));
#18564=CARTESIAN_POINT('',(7.435,-9.15,0.));
#18565=CARTESIAN_POINT('',(7.435,-9.6,0.));
#18566=CARTESIAN_POINT('',(-9.,-9.6,0.));
#18567=CARTESIAN_POINT('',(9.,-9.6,0.));
#18568=CARTESIAN_POINT('',(9.,-9.6,0.));
#18569=CARTESIAN_POINT('',(9.00000000000001,-8.55,-4.33680868994202E-16));
#18570=CARTESIAN_POINT('',(8.55,-8.55,0.));
#18571=CARTESIAN_POINT('',(8.55,-8.55,0.));
#18572=CARTESIAN_POINT('',(8.55,-7.65,0.));
#18573=CARTESIAN_POINT('',(8.55,-7.65,0.));
#18574=CARTESIAN_POINT('',(9.00000000000001,-7.65,0.));
#18575=CARTESIAN_POINT('',(9.,-7.65,0.));
#18576=CARTESIAN_POINT('',(9.,-9.6,0.));
#18577=CARTESIAN_POINT('',(9.00000000000001,-7.28,-4.33680868994202E-16));
#18578=CARTESIAN_POINT('',(8.55,-7.28,0.));
#18579=CARTESIAN_POINT('',(8.55,-7.28,0.));
#18580=CARTESIAN_POINT('',(8.55,-6.38,0.));
#18581=CARTESIAN_POINT('',(8.55,-6.38,0.));
#18582=CARTESIAN_POINT('',(9.00000000000001,-6.38,0.));
#18583=CARTESIAN_POINT('',(9.,-6.38,0.));
#18584=CARTESIAN_POINT('',(9.,-9.6,0.));
#18585=CARTESIAN_POINT('',(9.00000000000001,-6.01,-4.33680868994202E-16));
#18586=CARTESIAN_POINT('',(8.55,-6.01,0.));
#18587=CARTESIAN_POINT('',(8.55,-6.01,0.));
#18588=CARTESIAN_POINT('',(8.55,-5.11,0.));
#18589=CARTESIAN_POINT('',(8.55,-5.11,0.));
#18590=CARTESIAN_POINT('',(9.00000000000001,-5.11,0.));
#18591=CARTESIAN_POINT('',(9.,-5.11,0.));
#18592=CARTESIAN_POINT('',(9.,-9.6,0.));
#18593=CARTESIAN_POINT('',(9.00000000000001,-4.74,-4.33680868994202E-16));
#18594=CARTESIAN_POINT('',(8.55,-4.74,0.));
#18595=CARTESIAN_POINT('',(8.55,-4.74,0.));
#18596=CARTESIAN_POINT('',(8.55,-3.84,0.));
#18597=CARTESIAN_POINT('',(8.55,-3.84,0.));
#18598=CARTESIAN_POINT('',(9.00000000000001,-3.84,0.));
#18599=CARTESIAN_POINT('',(9.,-3.84,0.));
#18600=CARTESIAN_POINT('',(9.,-9.6,0.));
#18601=CARTESIAN_POINT('',(9.00000000000001,-3.47,-4.33680868994202E-16));
#18602=CARTESIAN_POINT('',(8.55,-3.47,0.));
#18603=CARTESIAN_POINT('',(8.55,-3.47,0.));
#18604=CARTESIAN_POINT('',(8.55,-2.57,0.));
#18605=CARTESIAN_POINT('',(8.55,-2.57,0.));
#18606=CARTESIAN_POINT('',(9.00000000000001,-2.57,0.));
#18607=CARTESIAN_POINT('',(9.,-2.57,0.));
#18608=CARTESIAN_POINT('',(9.,-9.6,0.));
#18609=CARTESIAN_POINT('',(9.00000000000001,-2.2,-4.33680868994202E-16));
#18610=CARTESIAN_POINT('',(8.55,-2.2,0.));
#18611=CARTESIAN_POINT('',(8.55,-2.2,0.));
#18612=CARTESIAN_POINT('',(8.55,-1.3,0.));
#18613=CARTESIAN_POINT('',(8.55,-1.3,0.));
#18614=CARTESIAN_POINT('',(9.00000000000001,-1.3,0.));
#18615=CARTESIAN_POINT('',(9.,-1.3,0.));
#18616=CARTESIAN_POINT('',(9.,-9.6,0.));
#18617=CARTESIAN_POINT('',(9.00000000000001,-0.930000000000002,-4.33680868994202E-16));
#18618=CARTESIAN_POINT('',(8.55,-0.930000000000002,0.));
#18619=CARTESIAN_POINT('',(8.55,-0.930000000000002,0.));
#18620=CARTESIAN_POINT('',(8.55,-0.0300000000000005,0.));
#18621=CARTESIAN_POINT('',(8.55,-0.0300000000000005,0.));
#18622=CARTESIAN_POINT('',(9.00000000000001,-0.0300000000000005,0.));
#18623=CARTESIAN_POINT('',(9.,-0.0300000000000005,0.));
#18624=CARTESIAN_POINT('',(9.,-9.6,0.));
#18625=CARTESIAN_POINT('',(9.00000000000001,0.339999999999998,-4.33680868994202E-16));
#18626=CARTESIAN_POINT('',(8.55,0.339999999999998,0.));
#18627=CARTESIAN_POINT('',(8.55,0.339999999999998,0.));
#18628=CARTESIAN_POINT('',(8.55,1.24,0.));
#18629=CARTESIAN_POINT('',(8.55,1.24,0.));
#18630=CARTESIAN_POINT('',(9.00000000000001,1.24,0.));
#18631=CARTESIAN_POINT('',(9.,1.24,0.));
#18632=CARTESIAN_POINT('',(9.,-9.6,0.));
#18633=CARTESIAN_POINT('',(9.00000000000001,1.61,-4.33680868994202E-16));
#18634=CARTESIAN_POINT('',(8.55,1.61,0.));
#18635=CARTESIAN_POINT('',(8.55,1.61,0.));
#18636=CARTESIAN_POINT('',(8.55,2.51,0.));
#18637=CARTESIAN_POINT('',(8.55,2.51,0.));
#18638=CARTESIAN_POINT('',(9.00000000000001,2.51,0.));
#18639=CARTESIAN_POINT('',(9.,2.51,0.));
#18640=CARTESIAN_POINT('',(9.,-9.6,0.));
#18641=CARTESIAN_POINT('',(9.00000000000001,2.88,-4.33680868994202E-16));
#18642=CARTESIAN_POINT('',(8.55,2.88,0.));
#18643=CARTESIAN_POINT('',(8.55,2.88,0.));
#18644=CARTESIAN_POINT('',(8.55,3.78,0.));
#18645=CARTESIAN_POINT('',(8.55,3.78,0.));
#18646=CARTESIAN_POINT('',(9.00000000000001,3.78,0.));
#18647=CARTESIAN_POINT('',(9.,3.78,0.));
#18648=CARTESIAN_POINT('',(9.,-9.6,0.));
#18649=CARTESIAN_POINT('',(9.00000000000001,4.15,-4.33680868994202E-16));
#18650=CARTESIAN_POINT('',(8.55,4.15,0.));
#18651=CARTESIAN_POINT('',(8.55,4.15,0.));
#18652=CARTESIAN_POINT('',(8.55,5.05,0.));
#18653=CARTESIAN_POINT('',(8.55,5.05,0.));
#18654=CARTESIAN_POINT('',(9.00000000000001,5.05,0.));
#18655=CARTESIAN_POINT('',(9.,5.05,0.));
#18656=CARTESIAN_POINT('',(9.,-9.6,0.));
#18657=CARTESIAN_POINT('',(9.00000000000001,5.42,-4.33680868994202E-16));
#18658=CARTESIAN_POINT('',(8.55,5.42,0.));
#18659=CARTESIAN_POINT('',(8.55,5.42,0.));
#18660=CARTESIAN_POINT('',(8.55,6.32,0.));
#18661=CARTESIAN_POINT('',(8.55,6.32,0.));
#18662=CARTESIAN_POINT('',(9.00000000000001,6.32,0.));
#18663=CARTESIAN_POINT('',(9.,6.32,0.));
#18664=CARTESIAN_POINT('',(9.,-9.6,0.));
#18665=CARTESIAN_POINT('',(9.00000000000001,6.69,-4.33680868994202E-16));
#18666=CARTESIAN_POINT('',(8.55,6.69,0.));
#18667=CARTESIAN_POINT('',(8.55,6.69,0.));
#18668=CARTESIAN_POINT('',(8.55,7.59,0.));
#18669=CARTESIAN_POINT('',(8.55,7.59,0.));
#18670=CARTESIAN_POINT('',(9.00000000000001,7.59,0.));
#18671=CARTESIAN_POINT('',(9.,7.59,0.));
#18672=CARTESIAN_POINT('',(9.,-9.6,0.));
#18673=CARTESIAN_POINT('',(9.00000000000001,7.96,-4.33680868994202E-16));
#18674=CARTESIAN_POINT('',(8.55,7.96,0.));
#18675=CARTESIAN_POINT('',(8.55,7.96,0.));
#18676=CARTESIAN_POINT('',(8.55,8.86,0.));
#18677=CARTESIAN_POINT('',(8.55,8.86,0.));
#18678=CARTESIAN_POINT('',(9.00000000000001,8.86,0.));
#18679=CARTESIAN_POINT('',(9.,8.86,0.));
#18680=CARTESIAN_POINT('',(9.,-9.6,0.));
#18681=CARTESIAN_POINT('',(9.,9.6,0.));
#18682=CARTESIAN_POINT('',(9.,9.6,0.));
#18683=CARTESIAN_POINT('',(-9.,9.6,0.));
#18684=CARTESIAN_POINT('',(-9.,9.6,0.));
#18685=CARTESIAN_POINT('',(-9.00000000000001,8.86,-4.33680868994202E-16));
#18686=CARTESIAN_POINT('',(-9.00000000000001,8.86,0.));
#18687=CARTESIAN_POINT('',(-8.55,8.86,0.));
#18688=CARTESIAN_POINT('',(-8.55,8.86,0.));
#18689=CARTESIAN_POINT('',(-8.55,7.96,0.));
#18690=CARTESIAN_POINT('',(-8.55,7.96,0.));
#18691=CARTESIAN_POINT('',(-9.,7.96,0.));
#18692=CARTESIAN_POINT('',(-9.,9.6,0.));
#18693=CARTESIAN_POINT('',(-9.00000000000001,7.59,-4.33680868994202E-16));
#18694=CARTESIAN_POINT('',(-9.00000000000001,7.59,0.));
#18695=CARTESIAN_POINT('',(-8.55,7.59,0.));
#18696=CARTESIAN_POINT('',(-8.55,7.59,0.));
#18697=CARTESIAN_POINT('',(-8.55,6.69,0.));
#18698=CARTESIAN_POINT('',(-8.55,6.69,0.));
#18699=CARTESIAN_POINT('',(-9.,6.69,0.));
#18700=CARTESIAN_POINT('',(-9.,9.6,0.));
#18701=CARTESIAN_POINT('',(-9.00000000000001,6.32,-4.33680868994202E-16));
#18702=CARTESIAN_POINT('',(-9.00000000000001,6.32,0.));
#18703=CARTESIAN_POINT('',(-8.55,6.32,0.));
#18704=CARTESIAN_POINT('',(-8.55,6.32,0.));
#18705=CARTESIAN_POINT('',(-8.55,5.42,0.));
#18706=CARTESIAN_POINT('',(-8.55,5.42,0.));
#18707=CARTESIAN_POINT('',(-9.,5.42,0.));
#18708=CARTESIAN_POINT('',(-9.,9.6,0.));
#18709=CARTESIAN_POINT('',(-9.00000000000001,5.05,-4.33680868994202E-16));
#18710=CARTESIAN_POINT('',(-9.00000000000001,5.05,0.));
#18711=CARTESIAN_POINT('',(-8.55,5.05,0.));
#18712=CARTESIAN_POINT('',(-8.55,5.05,0.));
#18713=CARTESIAN_POINT('',(-8.55,4.15,0.));
#18714=CARTESIAN_POINT('',(-8.55,4.15,0.));
#18715=CARTESIAN_POINT('',(-9.,4.15,0.));
#18716=CARTESIAN_POINT('',(-9.,9.6,0.));
#18717=CARTESIAN_POINT('',(-9.00000000000001,3.78,-4.33680868994202E-16));
#18718=CARTESIAN_POINT('',(-9.00000000000001,3.78,0.));
#18719=CARTESIAN_POINT('',(-8.55,3.78,0.));
#18720=CARTESIAN_POINT('',(-8.55,3.78,0.));
#18721=CARTESIAN_POINT('',(-8.55,2.88,0.));
#18722=CARTESIAN_POINT('',(-8.55,2.88,0.));
#18723=CARTESIAN_POINT('',(-9.,2.88,0.));
#18724=CARTESIAN_POINT('',(-9.,9.6,0.));
#18725=CARTESIAN_POINT('',(-9.00000000000001,2.51,-4.33680868994202E-16));
#18726=CARTESIAN_POINT('',(-9.00000000000001,2.51,0.));
#18727=CARTESIAN_POINT('',(-8.55,2.51,0.));
#18728=CARTESIAN_POINT('',(-8.55,2.51,0.));
#18729=CARTESIAN_POINT('',(-8.55,1.61,0.));
#18730=CARTESIAN_POINT('',(-8.55,1.61,0.));
#18731=CARTESIAN_POINT('',(-9.,1.61,0.));
#18732=CARTESIAN_POINT('',(-9.,9.6,0.));
#18733=CARTESIAN_POINT('',(-9.00000000000001,1.24,-4.33680868994202E-16));
#18734=CARTESIAN_POINT('',(-9.00000000000001,1.24,0.));
#18735=CARTESIAN_POINT('',(-8.55,1.24,0.));
#18736=CARTESIAN_POINT('',(-8.55,1.24,0.));
#18737=CARTESIAN_POINT('',(-8.55,0.339999999999998,0.));
#18738=CARTESIAN_POINT('',(-8.55,0.339999999999998,0.));
#18739=CARTESIAN_POINT('',(-9.,0.34,0.));
#18740=CARTESIAN_POINT('',(-9.,9.6,0.));
#18741=CARTESIAN_POINT('',(-9.00000000000001,-0.0300000000000005,-4.33680868994202E-16));
#18742=CARTESIAN_POINT('',(-9.00000000000001,-0.0300000000000005,0.));
#18743=CARTESIAN_POINT('',(-8.55,-0.0300000000000005,0.));
#18744=CARTESIAN_POINT('',(-8.55,-0.0300000000000005,0.));
#18745=CARTESIAN_POINT('',(-8.55,-0.930000000000002,0.));
#18746=CARTESIAN_POINT('',(-8.55,-0.930000000000002,0.));
#18747=CARTESIAN_POINT('',(-9.,-0.93,0.));
#18748=CARTESIAN_POINT('',(-9.,9.6,0.));
#18749=CARTESIAN_POINT('',(-9.00000000000001,-1.3,-4.33680868994202E-16));
#18750=CARTESIAN_POINT('',(-9.00000000000001,-1.3,0.));
#18751=CARTESIAN_POINT('',(-8.55,-1.3,0.));
#18752=CARTESIAN_POINT('',(-8.55,-1.3,0.));
#18753=CARTESIAN_POINT('',(-8.55,-2.2,0.));
#18754=CARTESIAN_POINT('',(-8.55,-2.2,0.));
#18755=CARTESIAN_POINT('',(-9.,-2.2,0.));
#18756=CARTESIAN_POINT('',(-9.,9.6,0.));
#18757=CARTESIAN_POINT('',(-9.00000000000001,-2.57,-4.33680868994202E-16));
#18758=CARTESIAN_POINT('',(-9.00000000000001,-2.57,0.));
#18759=CARTESIAN_POINT('',(-8.55,-2.57,0.));
#18760=CARTESIAN_POINT('',(-8.55,-2.57,0.));
#18761=CARTESIAN_POINT('',(-8.55,-3.47,0.));
#18762=CARTESIAN_POINT('',(-8.55,-3.47,0.));
#18763=CARTESIAN_POINT('',(-9.,-3.47,0.));
#18764=CARTESIAN_POINT('',(-9.,9.6,0.));
#18765=CARTESIAN_POINT('',(-9.00000000000001,-3.84,-4.33680868994202E-16));
#18766=CARTESIAN_POINT('',(-9.00000000000001,-3.84,0.));
#18767=CARTESIAN_POINT('',(-8.55,-3.84,0.));
#18768=CARTESIAN_POINT('',(-8.55,-3.84,0.));
#18769=CARTESIAN_POINT('',(-8.55,-4.74,0.));
#18770=CARTESIAN_POINT('',(-8.55,-4.74,0.));
#18771=CARTESIAN_POINT('',(-9.,-4.74,0.));
#18772=CARTESIAN_POINT('',(-9.,9.6,0.));
#18773=CARTESIAN_POINT('',(-9.00000000000001,-5.11,-4.33680868994202E-16));
#18774=CARTESIAN_POINT('',(-9.00000000000001,-5.11,0.));
#18775=CARTESIAN_POINT('',(-8.55,-5.11,0.));
#18776=CARTESIAN_POINT('',(-8.55,-5.11,0.));
#18777=CARTESIAN_POINT('',(-8.55,-6.01,0.));
#18778=CARTESIAN_POINT('',(-8.55,-6.01,0.));
#18779=CARTESIAN_POINT('',(-9.,-6.01,0.));
#18780=CARTESIAN_POINT('',(-9.,9.6,0.));
#18781=CARTESIAN_POINT('',(-9.00000000000001,-6.38,-4.33680868994202E-16));
#18782=CARTESIAN_POINT('',(-9.00000000000001,-6.38,0.));
#18783=CARTESIAN_POINT('',(-8.55,-6.38,0.));
#18784=CARTESIAN_POINT('',(-8.55,-6.38,0.));
#18785=CARTESIAN_POINT('',(-8.55,-7.28,0.));
#18786=CARTESIAN_POINT('',(-8.55,-7.28,0.));
#18787=CARTESIAN_POINT('',(-9.,-7.28,0.));
#18788=CARTESIAN_POINT('',(-9.,9.6,0.));
#18789=CARTESIAN_POINT('',(-9.00000000000001,-7.65,-4.33680868994202E-16));
#18790=CARTESIAN_POINT('',(-9.00000000000001,-7.65,0.));
#18791=CARTESIAN_POINT('',(-8.55,-7.65,0.));
#18792=CARTESIAN_POINT('',(-8.55,-7.65,0.));
#18793=CARTESIAN_POINT('',(-8.55,-8.55,0.));
#18794=CARTESIAN_POINT('',(-8.55,-8.55,0.));
#18795=CARTESIAN_POINT('',(-9.,-8.55,0.));
#18796=CARTESIAN_POINT('',(-9.,9.6,0.));
#18797=CARTESIAN_POINT('',(7.30000000000001,5.84,1.25));
#18798=CARTESIAN_POINT('',(7.30000000000001,7.44,1.25));
#18799=CARTESIAN_POINT('',(7.30000000000001,7.44,0.202891815487999));
#18800=CARTESIAN_POINT('',(7.30000000000001,7.44,0.35));
#18801=CARTESIAN_POINT('',(7.30000000000001,5.84,0.202891815487999));
#18802=CARTESIAN_POINT('',(7.30000000000001,6.84,0.202891815487999));
#18803=CARTESIAN_POINT('',(7.30000000000001,6.84,1.25));
#18804=CARTESIAN_POINT('',(7.30000000000001,6.84,0.35));
#18805=CARTESIAN_POINT('',(7.30000000000001,5.84,0.35));
#18806=CARTESIAN_POINT('',(7.30000000000001,6.11,0.35));
#18807=CARTESIAN_POINT('',(7.30000000000001,6.11,1.25));
#18808=CARTESIAN_POINT('',(7.30000000000001,8.17,1.25));
#18809=CARTESIAN_POINT('',(7.30000000000001,8.17,0.35));
#18810=CARTESIAN_POINT('',(7.30000000000001,5.84,0.35));
#18811=CARTESIAN_POINT('',(0.,0.,0.35));
#18812=CARTESIAN_POINT('',(6.,7.14,0.35));
#18813=CARTESIAN_POINT('',(6.95393920141695,6.84,0.35));
#18814=CARTESIAN_POINT('',(6.95393920141695,7.44,0.35));
#18815=CARTESIAN_POINT('',(0.,7.44,0.35));
#18816=CARTESIAN_POINT('',(7.03000000000001,8.17,0.35));
#18817=CARTESIAN_POINT('',(4.97,8.17,0.35));
#18818=CARTESIAN_POINT('',(4.7,8.17,0.35));
#18819=CARTESIAN_POINT('',(4.7,8.44,0.35));
#18820=CARTESIAN_POINT('',(4.7,6.11,0.35));
#18821=CARTESIAN_POINT('',(4.97,6.11,0.35));
#18822=CARTESIAN_POINT('',(7.03000000000001,6.11,0.35));
#18823=CARTESIAN_POINT('',(0.,6.84,0.35));
#18824=CARTESIAN_POINT('',(6.,7.14,0.35));
#18825=CARTESIAN_POINT('',(6.,7.14,0.487191214314279));
#18826=CARTESIAN_POINT('',(5.,7.14,0.487191214314279));
#18827=CARTESIAN_POINT('',(6.,7.14,0.406891815487998));
#18828=CARTESIAN_POINT('',(6.95393920141695,6.84,0.406891815487998));
#18829=CARTESIAN_POINT('',(6.95393920141695,7.44,0.406891815487998));
#18830=CARTESIAN_POINT('',(6.95393920141695,7.44,0.35));
#18831=CARTESIAN_POINT('',(6.95393920141695,6.84,0.35));
#18832=CARTESIAN_POINT('',(6.,7.14,0.35));
#18833=CARTESIAN_POINT('',(6.,7.14,1.226));
#18834=CARTESIAN_POINT('',(7.,7.14,1.226));
#18835=CARTESIAN_POINT('',(6.,7.14,0.706486258221767));
#18836=CARTESIAN_POINT('',(7.,7.14,0.706486258221767));
#18837=CARTESIAN_POINT('',(6.,7.14,0.35));
#18838=CARTESIAN_POINT('',(6.37741438954271,7.50494297988331,0.35));
#18839=CARTESIAN_POINT('',(6.37741438954271,7.50494297988331,0.4));
#18840=CARTESIAN_POINT('',(6.,7.14,0.4));
#18841=CARTESIAN_POINT('',(6.37741438954271,6.77505702011669,0.4));
#18842=CARTESIAN_POINT('',(6.37741438954271,6.77505702011669,0.35));
#18843=CARTESIAN_POINT('',(6.,7.14,0.35));
#18844=CARTESIAN_POINT('',(5.6225856104573,6.77505702011669,0.35));
#18845=CARTESIAN_POINT('',(5.6225856104573,6.77505702011669,0.35));
#18846=CARTESIAN_POINT('',(5.6225856104573,6.77505702011669,0.4));
#18847=CARTESIAN_POINT('',(6.,7.14,0.4));
#18848=CARTESIAN_POINT('',(5.6225856104573,7.50494297988331,0.4));
#18849=CARTESIAN_POINT('',(5.6225856104573,7.50494297988331,0.35));
#18850=CARTESIAN_POINT('',(5.6225856104573,7.50494297988331,0.35));
#18851=CARTESIAN_POINT('',(6.,7.14,0.35));
#18852=CARTESIAN_POINT('',(0.,0.,1.25));
#18853=CARTESIAN_POINT('',(6.,7.14,1.25));
#18854=CARTESIAN_POINT('',(6.976,7.14,1.25));
#18855=CARTESIAN_POINT('',(6.,7.14,1.25));
#18856=CARTESIAN_POINT('',(6.97000000000001,7.14,1.25));
#18857=CARTESIAN_POINT('',(6.3493028446937,6.36508870011537,0.35));
#18858=CARTESIAN_POINT('',(6.3493028446937,6.36508870011537,0.4));
#18859=CARTESIAN_POINT('',(6.3493028446937,6.70554407156749,0.4));
#18860=CARTESIAN_POINT('',(6.3493028446937,6.70554407156749,0.35));
#18861=CARTESIAN_POINT('',(6.4493028446937,6.70554407156749,0.35));
#18862=CARTESIAN_POINT('',(6.4493028446937,6.70554407156749,0.4));
#18863=CARTESIAN_POINT('',(6.4493028446937,7.57445592843251,0.35));
#18864=CARTESIAN_POINT('',(6.4493028446937,7.57445592843251,0.4));
#18865=CARTESIAN_POINT('',(6.3493028446937,7.57445592843251,0.4));
#18866=CARTESIAN_POINT('',(6.3493028446937,7.57445592843251,0.35));
#18867=CARTESIAN_POINT('',(6.3493028446937,7.91491129988463,0.35));
#18868=CARTESIAN_POINT('',(6.3493028446937,7.91491129988463,0.4));
#18869=CARTESIAN_POINT('',(5.55069715530631,7.57445592843251,0.35));
#18870=CARTESIAN_POINT('',(5.65069715530631,7.57445592843251,0.35));
#18871=CARTESIAN_POINT('',(5.65069715530631,7.57445592843251,0.35));
#18872=CARTESIAN_POINT('',(5.65069715530631,6.70554407156749,0.35));
#18873=CARTESIAN_POINT('',(5.65069715530631,6.70554407156749,0.35));
#18874=CARTESIAN_POINT('',(5.55069715530631,6.70554407156749,0.35));
#18875=CARTESIAN_POINT('',(5.55069715530631,7.57445592843251,0.35));
#18876=CARTESIAN_POINT('',(5.55069715530631,7.57445592843251,0.35));
#18877=CARTESIAN_POINT('',(5.55069715530631,7.57445592843251,0.4));
#18878=CARTESIAN_POINT('',(5.65069715530631,7.57445592843251,0.4));
#18879=CARTESIAN_POINT('',(5.65069715530631,7.57445592843251,0.35));
#18880=CARTESIAN_POINT('',(5.55069715530631,6.70554407156749,0.35));
#18881=CARTESIAN_POINT('',(5.55069715530631,6.70554407156749,0.4));
#18882=CARTESIAN_POINT('',(5.65069715530631,6.70554407156749,0.4));
#18883=CARTESIAN_POINT('',(5.65069715530631,6.70554407156749,0.35));
#18884=CARTESIAN_POINT('',(5.65069715530631,6.70554407156749,0.35));
#18885=CARTESIAN_POINT('',(5.65069715530631,6.70554407156749,0.4));
#18886=CARTESIAN_POINT('',(5.65069715530631,7.57445592843251,0.35));
#18887=CARTESIAN_POINT('',(5.65069715530631,7.57445592843251,0.4));
#18888=CARTESIAN_POINT('',(6.,7.14,0.4));
#18889=CARTESIAN_POINT('',(6.,7.14,0.4));
#18890=CARTESIAN_POINT('',(6.,6.89,0.4));
#18891=CARTESIAN_POINT('',(6.,7.14,1.23843403265489));
#18892=CARTESIAN_POINT('',(6.,7.14,0.998434032654889));
#18893=CARTESIAN_POINT('',(5.75,7.14,0.998434032654889));
#18894=CARTESIAN_POINT('',(6.,7.14,1.23843403265489));
#18895=CARTESIAN_POINT('',(6.,7.14,1.23843403265489));
#18896=CARTESIAN_POINT('',(5.99,7.14,1.23843403265489));
#18897=CARTESIAN_POINT('',(6.,7.14,0.998434032654889));
#18898=CARTESIAN_POINT('',(6.,7.14,1.25));
#18899=CARTESIAN_POINT('',(6.,7.14,0.477173704114239));
#18900=CARTESIAN_POINT('',(6.,7.14,0.551444985320853));
#18901=CARTESIAN_POINT('',(6.93478721748587,7.14,0.551444985320853));
#18902=CARTESIAN_POINT('',(6.,7.14,0.640300150595482));
#18903=CARTESIAN_POINT('',(6.,7.14,0.640300150595482));
#18904=CARTESIAN_POINT('',(6.93478721748587,7.14,0.640300150595482));
#18905=CARTESIAN_POINT('',(6.,7.14,0.26));
#18906=CARTESIAN_POINT('',(0.,0.,-0.825));
#18907=CARTESIAN_POINT('',(-3.35,2.54,-0.825));
#18908=CARTESIAN_POINT('',(-3.35,2.54,-0.825));
#18909=CARTESIAN_POINT('',(-2.45,2.54,-0.825));
#18910=CARTESIAN_POINT('',(-2.45,2.54,-0.825));
#18911=CARTESIAN_POINT('',(-2.45,1.64,-0.825));
#18912=CARTESIAN_POINT('',(-2.45,1.64,-0.825));
#18913=CARTESIAN_POINT('',(-3.35,1.64,-0.825));
#18914=CARTESIAN_POINT('',(-3.35,1.64,-0.825));
#18915=CARTESIAN_POINT('',(0.,-1.4,-0.825));
#18916=CARTESIAN_POINT('',(-3.35,1.14,-0.825));
#18917=CARTESIAN_POINT('',(-3.35,1.14,-0.825));
#18918=CARTESIAN_POINT('',(-2.45,1.14,-0.825));
#18919=CARTESIAN_POINT('',(-2.45,1.14,-0.825));
#18920=CARTESIAN_POINT('',(-2.45,0.24,-0.825));
#18921=CARTESIAN_POINT('',(-2.45,0.24,-0.825));
#18922=CARTESIAN_POINT('',(-3.35,0.24,-0.825));
#18923=CARTESIAN_POINT('',(-3.35,0.24,-0.825));
#18924=CARTESIAN_POINT('',(0.,-2.8,-0.825));
#18925=CARTESIAN_POINT('',(-3.35,-0.26,-0.825));
#18926=CARTESIAN_POINT('',(-3.35,-0.26,-0.825));
#18927=CARTESIAN_POINT('',(-2.45,-0.26,-0.825));
#18928=CARTESIAN_POINT('',(-2.45,-0.26,-0.825));
#18929=CARTESIAN_POINT('',(-2.45,-1.16,-0.825));
#18930=CARTESIAN_POINT('',(-2.45,-1.16,-0.825));
#18931=CARTESIAN_POINT('',(-3.35,-1.16,-0.825));
#18932=CARTESIAN_POINT('',(-3.35,-1.16,-0.825));
#18933=CARTESIAN_POINT('',(1.4,0.,-0.825));
#18934=CARTESIAN_POINT('',(-1.95,2.54,-0.825));
#18935=CARTESIAN_POINT('',(-1.95,2.54,-0.825));
#18936=CARTESIAN_POINT('',(-1.05,2.54,-0.825));
#18937=CARTESIAN_POINT('',(-1.05,2.54,-0.825));
#18938=CARTESIAN_POINT('',(-1.05,1.64,-0.825));
#18939=CARTESIAN_POINT('',(-1.05,1.64,-0.825));
#18940=CARTESIAN_POINT('',(-1.95,1.64,-0.825));
#18941=CARTESIAN_POINT('',(-1.95,1.64,-0.825));
#18942=CARTESIAN_POINT('',(1.4,-1.4,-0.825));
#18943=CARTESIAN_POINT('',(-1.95,1.14,-0.825));
#18944=CARTESIAN_POINT('',(-1.95,1.14,-0.825));
#18945=CARTESIAN_POINT('',(-1.05,1.14,-0.825));
#18946=CARTESIAN_POINT('',(-1.05,1.14,-0.825));
#18947=CARTESIAN_POINT('',(-1.05,0.24,-0.825));
#18948=CARTESIAN_POINT('',(-1.05,0.24,-0.825));
#18949=CARTESIAN_POINT('',(-1.95,0.24,-0.825));
#18950=CARTESIAN_POINT('',(-1.95,0.24,-0.825));
#18951=CARTESIAN_POINT('',(1.4,-2.8,-0.825));
#18952=CARTESIAN_POINT('',(-1.95,-0.26,-0.825));
#18953=CARTESIAN_POINT('',(-1.95,-0.26,-0.825));
#18954=CARTESIAN_POINT('',(-1.05,-0.26,-0.825));
#18955=CARTESIAN_POINT('',(-1.05,-0.26,-0.825));
#18956=CARTESIAN_POINT('',(-1.05,-1.16,-0.825));
#18957=CARTESIAN_POINT('',(-1.05,-1.16,-0.825));
#18958=CARTESIAN_POINT('',(-1.95,-1.16,-0.825));
#18959=CARTESIAN_POINT('',(-1.95,-1.16,-0.825));
#18960=CARTESIAN_POINT('',(2.8,0.,-0.825));
#18961=CARTESIAN_POINT('',(-0.550000000000002,2.54,-0.825));
#18962=CARTESIAN_POINT('',(-0.550000000000002,2.54,-0.825));
#18963=CARTESIAN_POINT('',(0.349999999999998,2.54,-0.825));
#18964=CARTESIAN_POINT('',(0.349999999999998,2.54,-0.825));
#18965=CARTESIAN_POINT('',(0.349999999999998,1.64,-0.825));
#18966=CARTESIAN_POINT('',(0.349999999999998,1.64,-0.825));
#18967=CARTESIAN_POINT('',(-0.550000000000002,1.64,-0.825));
#18968=CARTESIAN_POINT('',(-0.550000000000002,1.64,-0.825));
#18969=CARTESIAN_POINT('',(2.8,-1.4,-0.825));
#18970=CARTESIAN_POINT('',(-0.550000000000002,1.14,-0.825));
#18971=CARTESIAN_POINT('',(-0.550000000000002,1.14,-0.825));
#18972=CARTESIAN_POINT('',(0.349999999999998,1.14,-0.825));
#18973=CARTESIAN_POINT('',(0.349999999999998,1.14,-0.825));
#18974=CARTESIAN_POINT('',(0.349999999999998,0.24,-0.825));
#18975=CARTESIAN_POINT('',(0.349999999999998,0.24,-0.825));
#18976=CARTESIAN_POINT('',(-0.550000000000002,0.24,-0.825));
#18977=CARTESIAN_POINT('',(-0.550000000000002,0.24,-0.825));
#18978=CARTESIAN_POINT('',(2.8,-2.8,-0.825));
#18979=CARTESIAN_POINT('',(-0.550000000000002,-0.26,-0.825));
#18980=CARTESIAN_POINT('',(-0.550000000000002,-0.26,-0.825));
#18981=CARTESIAN_POINT('',(0.349999999999998,-0.26,-0.825));
#18982=CARTESIAN_POINT('',(0.349999999999998,-0.26,-0.825));
#18983=CARTESIAN_POINT('',(0.349999999999998,-1.16,-0.825));
#18984=CARTESIAN_POINT('',(0.349999999999998,-1.16,-0.825));
#18985=CARTESIAN_POINT('',(-0.550000000000002,-1.16,-0.825));
#18986=CARTESIAN_POINT('',(-0.550000000000002,-1.16,-0.825));
#18987=CARTESIAN_POINT('',(-9.00000000000001,-8.1,-1.5284945147857));
#18988=CARTESIAN_POINT('',(-9.01,-7.82518187832677,-1.5284945147857));
#18989=CARTESIAN_POINT('',(-9.01,-7.82518187832677,0.01));
#18990=CARTESIAN_POINT('',(-9.01,-7.82518187832677,-0.81));
#18991=CARTESIAN_POINT('',(-9.00000000000001,-8.1,-0.81));
#18992=CARTESIAN_POINT('',(-9.01,-8.37481812167323,-0.81));
#18993=CARTESIAN_POINT('',(-9.01,-8.37481812167323,-1.5284945147857));
#18994=CARTESIAN_POINT('',(-9.01,-8.37481812167323,0.01));
#18995=CARTESIAN_POINT('',(-9.00000000000001,-8.1,0.01));
#18996=CARTESIAN_POINT('',(-9.00000000000001,-6.83,-1.5284945147857));
#18997=CARTESIAN_POINT('',(-9.01,-6.55518187832677,-1.5284945147857));
#18998=CARTESIAN_POINT('',(-9.01,-6.55518187832677,0.01));
#18999=CARTESIAN_POINT('',(-9.01,-6.55518187832677,-0.81));
#19000=CARTESIAN_POINT('',(-9.00000000000001,-6.83,-0.81));
#19001=CARTESIAN_POINT('',(-9.01,-7.10481812167323,-0.81));
#19002=CARTESIAN_POINT('',(-9.01,-7.10481812167323,-1.5284945147857));
#19003=CARTESIAN_POINT('',(-9.01,-7.10481812167323,0.01));
#19004=CARTESIAN_POINT('',(-9.00000000000001,-6.83,0.01));
#19005=CARTESIAN_POINT('',(-9.00000000000001,-5.56,-1.5284945147857));
#19006=CARTESIAN_POINT('',(-9.01,-5.28518187832677,-1.5284945147857));
#19007=CARTESIAN_POINT('',(-9.01,-5.28518187832677,0.01));
#19008=CARTESIAN_POINT('',(-9.01,-5.28518187832677,-0.81));
#19009=CARTESIAN_POINT('',(-9.00000000000001,-5.56,-0.81));
#19010=CARTESIAN_POINT('',(-9.01,-5.83481812167323,-0.81));
#19011=CARTESIAN_POINT('',(-9.01,-5.83481812167323,-1.5284945147857));
#19012=CARTESIAN_POINT('',(-9.01,-5.83481812167323,0.01));
#19013=CARTESIAN_POINT('',(-9.00000000000001,-5.56,0.01));
#19014=CARTESIAN_POINT('',(-9.00000000000001,-4.29,-1.5284945147857));
#19015=CARTESIAN_POINT('',(-9.01,-4.01518187832677,-1.5284945147857));
#19016=CARTESIAN_POINT('',(-9.01,-4.01518187832677,0.01));
#19017=CARTESIAN_POINT('',(-9.01,-4.01518187832677,-0.81));
#19018=CARTESIAN_POINT('',(-9.00000000000001,-4.29,-0.81));
#19019=CARTESIAN_POINT('',(-9.01,-4.56481812167323,-0.81));
#19020=CARTESIAN_POINT('',(-9.01,-4.56481812167323,-1.5284945147857));
#19021=CARTESIAN_POINT('',(-9.01,-4.56481812167323,0.01));
#19022=CARTESIAN_POINT('',(-9.00000000000001,-4.29,0.01));
#19023=CARTESIAN_POINT('',(-9.00000000000001,-3.02,-1.5284945147857));
#19024=CARTESIAN_POINT('',(-9.01,-2.74518187832677,-1.5284945147857));
#19025=CARTESIAN_POINT('',(-9.01,-2.74518187832677,0.01));
#19026=CARTESIAN_POINT('',(-9.01,-2.74518187832677,-0.81));
#19027=CARTESIAN_POINT('',(-9.00000000000001,-3.02,-0.81));
#19028=CARTESIAN_POINT('',(-9.01,-3.29481812167323,-0.81));
#19029=CARTESIAN_POINT('',(-9.01,-3.29481812167323,-1.5284945147857));
#19030=CARTESIAN_POINT('',(-9.01,-3.29481812167323,0.01));
#19031=CARTESIAN_POINT('',(-9.00000000000001,-3.02,0.01));
#19032=CARTESIAN_POINT('',(-9.00000000000001,-1.75,-1.5284945147857));
#19033=CARTESIAN_POINT('',(-9.01,-1.47518187832677,-1.5284945147857));
#19034=CARTESIAN_POINT('',(-9.01,-1.47518187832677,0.01));
#19035=CARTESIAN_POINT('',(-9.01,-1.47518187832677,-0.81));
#19036=CARTESIAN_POINT('',(-9.00000000000001,-1.75,-0.81));
#19037=CARTESIAN_POINT('',(-9.01,-2.02481812167323,-0.81));
#19038=CARTESIAN_POINT('',(-9.01,-2.02481812167323,-1.5284945147857));
#19039=CARTESIAN_POINT('',(-9.01,-2.02481812167323,0.01));
#19040=CARTESIAN_POINT('',(-9.00000000000001,-1.75,0.01));
#19041=CARTESIAN_POINT('',(-9.00000000000001,-0.480000000000001,-1.5284945147857));
#19042=CARTESIAN_POINT('',(-9.01,-0.205181878326775,-1.5284945147857));
#19043=CARTESIAN_POINT('',(-9.01,-0.205181878326775,0.01));
#19044=CARTESIAN_POINT('',(-9.01,-0.205181878326775,-0.81));
#19045=CARTESIAN_POINT('',(-9.00000000000001,-0.480000000000001,-0.81));
#19046=CARTESIAN_POINT('',(-9.01,-0.754818121673228,-0.81));
#19047=CARTESIAN_POINT('',(-9.01,-0.754818121673228,-1.5284945147857));
#19048=CARTESIAN_POINT('',(-9.01,-0.754818121673228,0.01));
#19049=CARTESIAN_POINT('',(-9.00000000000001,-0.480000000000001,0.01));
#19050=CARTESIAN_POINT('',(-9.00000000000001,0.789999999999999,-1.5284945147857));
#19051=CARTESIAN_POINT('',(-9.01,1.06481812167323,-1.5284945147857));
#19052=CARTESIAN_POINT('',(-9.01,1.06481812167323,0.01));
#19053=CARTESIAN_POINT('',(-9.01,1.06481812167323,-0.81));
#19054=CARTESIAN_POINT('',(-9.00000000000001,0.789999999999999,-0.81));
#19055=CARTESIAN_POINT('',(-9.01,0.515181878326772,-0.81));
#19056=CARTESIAN_POINT('',(-9.01,0.515181878326772,-1.5284945147857));
#19057=CARTESIAN_POINT('',(-9.01,0.515181878326772,0.01));
#19058=CARTESIAN_POINT('',(-9.00000000000001,0.789999999999999,0.01));
#19059=CARTESIAN_POINT('',(-9.00000000000001,2.06,-1.5284945147857));
#19060=CARTESIAN_POINT('',(-9.01,2.33481812167323,-1.5284945147857));
#19061=CARTESIAN_POINT('',(-9.01,2.33481812167323,0.01));
#19062=CARTESIAN_POINT('',(-9.01,2.33481812167323,-0.81));
#19063=CARTESIAN_POINT('',(-9.00000000000001,2.06,-0.81));
#19064=CARTESIAN_POINT('',(-9.01,1.78518187832677,-0.81));
#19065=CARTESIAN_POINT('',(-9.01,1.78518187832677,-1.5284945147857));
#19066=CARTESIAN_POINT('',(-9.01,1.78518187832677,0.01));
#19067=CARTESIAN_POINT('',(-9.00000000000001,2.06,0.01));
#19068=CARTESIAN_POINT('',(-9.00000000000001,3.33,-1.5284945147857));
#19069=CARTESIAN_POINT('',(-9.01,3.60481812167323,-1.5284945147857));
#19070=CARTESIAN_POINT('',(-9.01,3.60481812167323,0.01));
#19071=CARTESIAN_POINT('',(-9.01,3.60481812167323,-0.81));
#19072=CARTESIAN_POINT('',(-9.00000000000001,3.33,-0.81));
#19073=CARTESIAN_POINT('',(-9.01,3.05518187832677,-0.81));
#19074=CARTESIAN_POINT('',(-9.01,3.05518187832677,-1.5284945147857));
#19075=CARTESIAN_POINT('',(-9.01,3.05518187832677,0.01));
#19076=CARTESIAN_POINT('',(-9.00000000000001,3.33,0.01));
#19077=CARTESIAN_POINT('',(-9.00000000000001,4.6,-1.5284945147857));
#19078=CARTESIAN_POINT('',(-9.01,4.87481812167323,-1.5284945147857));
#19079=CARTESIAN_POINT('',(-9.01,4.87481812167323,0.01));
#19080=CARTESIAN_POINT('',(-9.01,4.87481812167323,-0.81));
#19081=CARTESIAN_POINT('',(-9.00000000000001,4.6,-0.81));
#19082=CARTESIAN_POINT('',(-9.01,4.32518187832677,-0.81));
#19083=CARTESIAN_POINT('',(-9.01,4.32518187832677,-1.5284945147857));
#19084=CARTESIAN_POINT('',(-9.01,4.32518187832677,0.01));
#19085=CARTESIAN_POINT('',(-9.00000000000001,4.6,0.01));
#19086=CARTESIAN_POINT('',(-9.00000000000001,5.87,-1.5284945147857));
#19087=CARTESIAN_POINT('',(-9.01,6.14481812167323,-1.5284945147857));
#19088=CARTESIAN_POINT('',(-9.01,6.14481812167323,0.01));
#19089=CARTESIAN_POINT('',(-9.01,6.14481812167323,-0.81));
#19090=CARTESIAN_POINT('',(-9.00000000000001,5.87,-0.81));
#19091=CARTESIAN_POINT('',(-9.01,5.59518187832677,-0.81));
#19092=CARTESIAN_POINT('',(-9.01,5.59518187832677,-1.5284945147857));
#19093=CARTESIAN_POINT('',(-9.01,5.59518187832677,0.01));
#19094=CARTESIAN_POINT('',(-9.00000000000001,5.87,0.01));
#19095=CARTESIAN_POINT('',(-9.00000000000001,7.14,-1.5284945147857));
#19096=CARTESIAN_POINT('',(-9.01,7.41481812167323,-1.5284945147857));
#19097=CARTESIAN_POINT('',(-9.01,7.41481812167323,0.01));
#19098=CARTESIAN_POINT('',(-9.01,7.41481812167323,-0.81));
#19099=CARTESIAN_POINT('',(-9.00000000000001,7.14,-0.81));
#19100=CARTESIAN_POINT('',(-9.01,6.86518187832677,-0.81));
#19101=CARTESIAN_POINT('',(-9.01,6.86518187832677,-1.5284945147857));
#19102=CARTESIAN_POINT('',(-9.01,6.86518187832677,0.01));
#19103=CARTESIAN_POINT('',(-9.00000000000001,7.14,0.01));
#19104=CARTESIAN_POINT('',(-9.00000000000001,8.41,-1.5284945147857));
#19105=CARTESIAN_POINT('',(-9.01,8.68481812167323,-1.5284945147857));
#19106=CARTESIAN_POINT('',(-9.01,8.68481812167323,0.01));
#19107=CARTESIAN_POINT('',(-9.01,8.68481812167323,-0.81));
#19108=CARTESIAN_POINT('',(-9.00000000000001,8.41,-0.81));
#19109=CARTESIAN_POINT('',(-9.01,8.13518187832677,-0.81));
#19110=CARTESIAN_POINT('',(-9.01,8.13518187832677,-1.5284945147857));
#19111=CARTESIAN_POINT('',(-9.01,8.13518187832677,0.01));
#19112=CARTESIAN_POINT('',(-9.00000000000001,8.41,0.01));
#19113=CARTESIAN_POINT('',(9.00000000000001,8.41,-1.5284945147857));
#19114=CARTESIAN_POINT('',(9.01000000000001,8.13518187832677,-1.5284945147857));
#19115=CARTESIAN_POINT('',(9.01000000000001,8.13518187832677,0.01));
#19116=CARTESIAN_POINT('',(9.01000000000001,8.13518187832677,-0.81));
#19117=CARTESIAN_POINT('',(9.00000000000001,8.41,-0.81));
#19118=CARTESIAN_POINT('',(9.01000000000001,8.68481812167323,-0.81));
#19119=CARTESIAN_POINT('',(9.01000000000001,8.68481812167323,-1.5284945147857));
#19120=CARTESIAN_POINT('',(9.01000000000001,8.68481812167323,0.01));
#19121=CARTESIAN_POINT('',(9.00000000000001,8.41,0.01));
#19122=CARTESIAN_POINT('',(9.00000000000001,7.14,-1.5284945147857));
#19123=CARTESIAN_POINT('',(9.01000000000001,6.86518187832677,-1.5284945147857));
#19124=CARTESIAN_POINT('',(9.01000000000001,6.86518187832677,0.01));
#19125=CARTESIAN_POINT('',(9.01000000000001,6.86518187832677,-0.81));
#19126=CARTESIAN_POINT('',(9.00000000000001,7.14,-0.81));
#19127=CARTESIAN_POINT('',(9.01000000000001,7.41481812167323,-0.81));
#19128=CARTESIAN_POINT('',(9.01000000000001,7.41481812167323,-1.5284945147857));
#19129=CARTESIAN_POINT('',(9.01000000000001,7.41481812167323,0.01));
#19130=CARTESIAN_POINT('',(9.00000000000001,7.14,0.01));
#19131=CARTESIAN_POINT('',(9.00000000000001,5.87,-1.5284945147857));
#19132=CARTESIAN_POINT('',(9.01000000000001,5.59518187832677,-1.5284945147857));
#19133=CARTESIAN_POINT('',(9.01000000000001,5.59518187832677,0.01));
#19134=CARTESIAN_POINT('',(9.01000000000001,5.59518187832677,-0.81));
#19135=CARTESIAN_POINT('',(9.00000000000001,5.87,-0.81));
#19136=CARTESIAN_POINT('',(9.01000000000001,6.14481812167323,-0.81));
#19137=CARTESIAN_POINT('',(9.01000000000001,6.14481812167323,-1.5284945147857));
#19138=CARTESIAN_POINT('',(9.01000000000001,6.14481812167323,0.01));
#19139=CARTESIAN_POINT('',(9.00000000000001,5.87,0.01));
#19140=CARTESIAN_POINT('',(9.00000000000001,4.6,-1.5284945147857));
#19141=CARTESIAN_POINT('',(9.01000000000001,4.32518187832677,-1.5284945147857));
#19142=CARTESIAN_POINT('',(9.01000000000001,4.32518187832677,0.01));
#19143=CARTESIAN_POINT('',(9.01000000000001,4.32518187832677,-0.81));
#19144=CARTESIAN_POINT('',(9.00000000000001,4.6,-0.81));
#19145=CARTESIAN_POINT('',(9.01000000000001,4.87481812167323,-0.81));
#19146=CARTESIAN_POINT('',(9.01000000000001,4.87481812167323,-1.5284945147857));
#19147=CARTESIAN_POINT('',(9.01000000000001,4.87481812167323,0.01));
#19148=CARTESIAN_POINT('',(9.00000000000001,4.6,0.01));
#19149=CARTESIAN_POINT('',(9.00000000000001,3.33,-1.5284945147857));
#19150=CARTESIAN_POINT('',(9.01000000000001,3.05518187832677,-1.5284945147857));
#19151=CARTESIAN_POINT('',(9.01000000000001,3.05518187832677,0.01));
#19152=CARTESIAN_POINT('',(9.01000000000001,3.05518187832677,-0.81));
#19153=CARTESIAN_POINT('',(9.00000000000001,3.33,-0.81));
#19154=CARTESIAN_POINT('',(9.01000000000001,3.60481812167323,-0.81));
#19155=CARTESIAN_POINT('',(9.01000000000001,3.60481812167323,-1.5284945147857));
#19156=CARTESIAN_POINT('',(9.01000000000001,3.60481812167323,0.01));
#19157=CARTESIAN_POINT('',(9.00000000000001,3.33,0.01));
#19158=CARTESIAN_POINT('',(9.00000000000001,2.06,-1.5284945147857));
#19159=CARTESIAN_POINT('',(9.01000000000001,1.78518187832677,-1.5284945147857));
#19160=CARTESIAN_POINT('',(9.01000000000001,1.78518187832677,0.01));
#19161=CARTESIAN_POINT('',(9.01000000000001,1.78518187832677,-0.81));
#19162=CARTESIAN_POINT('',(9.00000000000001,2.06,-0.81));
#19163=CARTESIAN_POINT('',(9.01000000000001,2.33481812167323,-0.81));
#19164=CARTESIAN_POINT('',(9.01000000000001,2.33481812167323,-1.5284945147857));
#19165=CARTESIAN_POINT('',(9.01000000000001,2.33481812167323,0.01));
#19166=CARTESIAN_POINT('',(9.00000000000001,2.06,0.01));
#19167=CARTESIAN_POINT('',(9.00000000000001,0.789999999999999,-1.5284945147857));
#19168=CARTESIAN_POINT('',(9.01000000000001,0.515181878326772,-1.5284945147857));
#19169=CARTESIAN_POINT('',(9.01000000000001,0.515181878326772,0.01));
#19170=CARTESIAN_POINT('',(9.01000000000001,0.515181878326772,-0.81));
#19171=CARTESIAN_POINT('',(9.00000000000001,0.789999999999999,-0.81));
#19172=CARTESIAN_POINT('',(9.01000000000001,1.06481812167323,-0.81));
#19173=CARTESIAN_POINT('',(9.01000000000001,1.06481812167323,-1.5284945147857));
#19174=CARTESIAN_POINT('',(9.01000000000001,1.06481812167323,0.01));
#19175=CARTESIAN_POINT('',(9.00000000000001,0.789999999999999,0.01));
#19176=CARTESIAN_POINT('',(9.00000000000001,-0.480000000000001,-1.5284945147857));
#19177=CARTESIAN_POINT('',(9.01000000000001,-0.754818121673228,-1.5284945147857));
#19178=CARTESIAN_POINT('',(9.01000000000001,-0.754818121673228,0.01));
#19179=CARTESIAN_POINT('',(9.01000000000001,-0.754818121673228,-0.81));
#19180=CARTESIAN_POINT('',(9.00000000000001,-0.480000000000001,-0.81));
#19181=CARTESIAN_POINT('',(9.01000000000001,-0.205181878326775,-0.81));
#19182=CARTESIAN_POINT('',(9.01000000000001,-0.205181878326775,-1.5284945147857));
#19183=CARTESIAN_POINT('',(9.01000000000001,-0.205181878326775,0.01));
#19184=CARTESIAN_POINT('',(9.00000000000001,-0.480000000000001,0.01));
#19185=CARTESIAN_POINT('',(9.00000000000001,-1.75,-1.5284945147857));
#19186=CARTESIAN_POINT('',(9.01,-2.02481812167323,-1.5284945147857));
#19187=CARTESIAN_POINT('',(9.01,-2.02481812167323,0.01));
#19188=CARTESIAN_POINT('',(9.01,-2.02481812167323,-0.81));
#19189=CARTESIAN_POINT('',(9.00000000000001,-1.75,-0.81));
#19190=CARTESIAN_POINT('',(9.01,-1.47518187832677,-0.81));
#19191=CARTESIAN_POINT('',(9.01,-1.47518187832677,-1.5284945147857));
#19192=CARTESIAN_POINT('',(9.01,-1.47518187832677,0.01));
#19193=CARTESIAN_POINT('',(9.00000000000001,-1.75,0.01));
#19194=CARTESIAN_POINT('',(9.00000000000001,-3.02,-1.5284945147857));
#19195=CARTESIAN_POINT('',(9.01,-3.29481812167323,-1.5284945147857));
#19196=CARTESIAN_POINT('',(9.01,-3.29481812167323,0.01));
#19197=CARTESIAN_POINT('',(9.01,-3.29481812167323,-0.81));
#19198=CARTESIAN_POINT('',(9.00000000000001,-3.02,-0.81));
#19199=CARTESIAN_POINT('',(9.01,-2.74518187832677,-0.81));
#19200=CARTESIAN_POINT('',(9.01,-2.74518187832677,-1.5284945147857));
#19201=CARTESIAN_POINT('',(9.01,-2.74518187832677,0.01));
#19202=CARTESIAN_POINT('',(9.00000000000001,-3.02,0.01));
#19203=CARTESIAN_POINT('',(9.00000000000001,-4.29,-1.5284945147857));
#19204=CARTESIAN_POINT('',(9.01,-4.56481812167323,-1.5284945147857));
#19205=CARTESIAN_POINT('',(9.01,-4.56481812167323,0.01));
#19206=CARTESIAN_POINT('',(9.01,-4.56481812167323,-0.81));
#19207=CARTESIAN_POINT('',(9.00000000000001,-4.29,-0.81));
#19208=CARTESIAN_POINT('',(9.01,-4.01518187832677,-0.81));
#19209=CARTESIAN_POINT('',(9.01,-4.01518187832677,-1.5284945147857));
#19210=CARTESIAN_POINT('',(9.01,-4.01518187832677,0.01));
#19211=CARTESIAN_POINT('',(9.00000000000001,-4.29,0.01));
#19212=CARTESIAN_POINT('',(9.00000000000001,-5.56,-1.5284945147857));
#19213=CARTESIAN_POINT('',(9.01,-5.83481812167323,-1.5284945147857));
#19214=CARTESIAN_POINT('',(9.01,-5.83481812167323,0.01));
#19215=CARTESIAN_POINT('',(9.01,-5.83481812167323,-0.81));
#19216=CARTESIAN_POINT('',(9.00000000000001,-5.56,-0.81));
#19217=CARTESIAN_POINT('',(9.01,-5.28518187832677,-0.81));
#19218=CARTESIAN_POINT('',(9.01,-5.28518187832677,-1.5284945147857));
#19219=CARTESIAN_POINT('',(9.01,-5.28518187832677,0.01));
#19220=CARTESIAN_POINT('',(9.00000000000001,-5.56,0.01));
#19221=CARTESIAN_POINT('',(9.00000000000001,-6.83,-1.5284945147857));
#19222=CARTESIAN_POINT('',(9.01,-7.10481812167323,-1.5284945147857));
#19223=CARTESIAN_POINT('',(9.01,-7.10481812167323,0.01));
#19224=CARTESIAN_POINT('',(9.01,-7.10481812167323,-0.81));
#19225=CARTESIAN_POINT('',(9.00000000000001,-6.83,-0.81));
#19226=CARTESIAN_POINT('',(9.01,-6.55518187832677,-0.81));
#19227=CARTESIAN_POINT('',(9.01,-6.55518187832677,-1.5284945147857));
#19228=CARTESIAN_POINT('',(9.01,-6.55518187832677,0.01));
#19229=CARTESIAN_POINT('',(9.00000000000001,-6.83,0.01));
#19230=CARTESIAN_POINT('',(9.00000000000001,-8.1,-1.5284945147857));
#19231=CARTESIAN_POINT('',(9.01,-8.37481812167323,-1.5284945147857));
#19232=CARTESIAN_POINT('',(9.01,-8.37481812167323,0.01));
#19233=CARTESIAN_POINT('',(9.01,-8.37481812167323,-0.81));
#19234=CARTESIAN_POINT('',(9.00000000000001,-8.1,-0.81));
#19235=CARTESIAN_POINT('',(9.01,-7.82518187832677,-0.81));
#19236=CARTESIAN_POINT('',(9.01,-7.82518187832677,-1.5284945147857));
#19237=CARTESIAN_POINT('',(9.01,-7.82518187832677,0.01));
#19238=CARTESIAN_POINT('',(9.00000000000001,-8.1,0.01));
#19239=CARTESIAN_POINT('',(6.985,-9.6,-1.5284945147857));
#19240=CARTESIAN_POINT('',(6.985,-9.6,0.01));
#19241=CARTESIAN_POINT('',(6.71018187832678,-9.61,0.01));
#19242=CARTESIAN_POINT('',(7.25981812167323,-9.61,0.01));
#19243=CARTESIAN_POINT('',(6.71018187832678,-9.61,-1.5284945147857));
#19244=CARTESIAN_POINT('',(6.71018187832678,-9.61,-0.81));
#19245=CARTESIAN_POINT('',(6.985,-9.6,-0.81));
#19246=CARTESIAN_POINT('',(7.25981812167323,-9.61,-0.81));
#19247=CARTESIAN_POINT('',(7.25981812167323,-9.61,-1.5284945147857));
#19248=CARTESIAN_POINT('',(5.715,-9.6,-1.5284945147857));
#19249=CARTESIAN_POINT('',(5.715,-9.6,0.01));
#19250=CARTESIAN_POINT('',(5.44018187832677,-9.61,0.01));
#19251=CARTESIAN_POINT('',(5.98981812167323,-9.61,0.01));
#19252=CARTESIAN_POINT('',(5.44018187832677,-9.61,-1.5284945147857));
#19253=CARTESIAN_POINT('',(5.44018187832677,-9.61,-0.81));
#19254=CARTESIAN_POINT('',(5.715,-9.6,-0.81));
#19255=CARTESIAN_POINT('',(5.98981812167323,-9.61,-0.81));
#19256=CARTESIAN_POINT('',(5.98981812167323,-9.61,-1.5284945147857));
#19257=CARTESIAN_POINT('',(4.445,-9.6,-1.5284945147857));
#19258=CARTESIAN_POINT('',(4.445,-9.6,0.01));
#19259=CARTESIAN_POINT('',(4.17018187832678,-9.61,0.01));
#19260=CARTESIAN_POINT('',(4.71981812167323,-9.61,0.01));
#19261=CARTESIAN_POINT('',(4.17018187832678,-9.61,-1.5284945147857));
#19262=CARTESIAN_POINT('',(4.17018187832678,-9.61,-0.81));
#19263=CARTESIAN_POINT('',(4.445,-9.6,-0.81));
#19264=CARTESIAN_POINT('',(4.71981812167323,-9.61,-0.81));
#19265=CARTESIAN_POINT('',(4.71981812167323,-9.61,-1.5284945147857));
#19266=CARTESIAN_POINT('',(3.175,-9.6,-1.5284945147857));
#19267=CARTESIAN_POINT('',(3.175,-9.6,0.01));
#19268=CARTESIAN_POINT('',(2.90018187832677,-9.61,0.01));
#19269=CARTESIAN_POINT('',(3.44981812167323,-9.61,0.01));
#19270=CARTESIAN_POINT('',(2.90018187832677,-9.61,-1.5284945147857));
#19271=CARTESIAN_POINT('',(2.90018187832677,-9.61,-0.81));
#19272=CARTESIAN_POINT('',(3.175,-9.6,-0.81));
#19273=CARTESIAN_POINT('',(3.44981812167323,-9.61,-0.81));
#19274=CARTESIAN_POINT('',(3.44981812167323,-9.61,-1.5284945147857));
#19275=CARTESIAN_POINT('',(1.905,-9.6,-1.5284945147857));
#19276=CARTESIAN_POINT('',(1.905,-9.6,0.01));
#19277=CARTESIAN_POINT('',(1.63018187832677,-9.61,0.01));
#19278=CARTESIAN_POINT('',(2.17981812167323,-9.61,0.01));
#19279=CARTESIAN_POINT('',(1.63018187832677,-9.61,-1.5284945147857));
#19280=CARTESIAN_POINT('',(1.63018187832677,-9.61,-0.81));
#19281=CARTESIAN_POINT('',(1.905,-9.6,-0.81));
#19282=CARTESIAN_POINT('',(2.17981812167323,-9.61,-0.81));
#19283=CARTESIAN_POINT('',(2.17981812167323,-9.61,-1.5284945147857));
#19284=CARTESIAN_POINT('',(0.635,-9.6,-1.5284945147857));
#19285=CARTESIAN_POINT('',(0.635,-9.6,0.01));
#19286=CARTESIAN_POINT('',(0.360181878326774,-9.61,0.01));
#19287=CARTESIAN_POINT('',(0.909818121673226,-9.61,0.01));
#19288=CARTESIAN_POINT('',(0.360181878326774,-9.61,-1.5284945147857));
#19289=CARTESIAN_POINT('',(0.360181878326774,-9.61,-0.81));
#19290=CARTESIAN_POINT('',(0.635,-9.6,-0.81));
#19291=CARTESIAN_POINT('',(0.909818121673226,-9.61,-0.81));
#19292=CARTESIAN_POINT('',(0.909818121673226,-9.61,-1.5284945147857));
#19293=CARTESIAN_POINT('',(-0.634999999999999,-9.6,-1.5284945147857));
#19294=CARTESIAN_POINT('',(-0.634999999999999,-9.6,0.01));
#19295=CARTESIAN_POINT('',(-0.909818121673225,-9.61,0.01));
#19296=CARTESIAN_POINT('',(-0.360181878326774,-9.61,0.01));
#19297=CARTESIAN_POINT('',(-0.909818121673225,-9.61,-1.5284945147857));
#19298=CARTESIAN_POINT('',(-0.909818121673225,-9.61,-0.81));
#19299=CARTESIAN_POINT('',(-0.634999999999999,-9.6,-0.81));
#19300=CARTESIAN_POINT('',(-0.360181878326774,-9.61,-0.81));
#19301=CARTESIAN_POINT('',(-0.360181878326774,-9.61,-1.5284945147857));
#19302=CARTESIAN_POINT('',(-1.905,-9.6,-1.5284945147857));
#19303=CARTESIAN_POINT('',(-1.905,-9.6,0.01));
#19304=CARTESIAN_POINT('',(-2.17981812167323,-9.61,0.01));
#19305=CARTESIAN_POINT('',(-1.63018187832677,-9.61,0.01));
#19306=CARTESIAN_POINT('',(-2.17981812167323,-9.61,-1.5284945147857));
#19307=CARTESIAN_POINT('',(-2.17981812167323,-9.61,-0.81));
#19308=CARTESIAN_POINT('',(-1.905,-9.6,-0.81));
#19309=CARTESIAN_POINT('',(-1.63018187832677,-9.61,-0.81));
#19310=CARTESIAN_POINT('',(-1.63018187832677,-9.61,-1.5284945147857));
#19311=CARTESIAN_POINT('',(-3.175,-9.6,-1.5284945147857));
#19312=CARTESIAN_POINT('',(-3.175,-9.6,0.01));
#19313=CARTESIAN_POINT('',(-3.44981812167323,-9.61,0.01));
#19314=CARTESIAN_POINT('',(-2.90018187832677,-9.61,0.01));
#19315=CARTESIAN_POINT('',(-3.44981812167323,-9.61,-1.5284945147857));
#19316=CARTESIAN_POINT('',(-3.44981812167323,-9.61,-0.81));
#19317=CARTESIAN_POINT('',(-3.175,-9.6,-0.81));
#19318=CARTESIAN_POINT('',(-2.90018187832677,-9.61,-0.81));
#19319=CARTESIAN_POINT('',(-2.90018187832677,-9.61,-1.5284945147857));
#19320=CARTESIAN_POINT('',(-4.445,-9.6,-1.5284945147857));
#19321=CARTESIAN_POINT('',(-4.445,-9.6,0.01));
#19322=CARTESIAN_POINT('',(-4.71981812167323,-9.61,0.01));
#19323=CARTESIAN_POINT('',(-4.17018187832677,-9.61,0.01));
#19324=CARTESIAN_POINT('',(-4.71981812167323,-9.61,-1.5284945147857));
#19325=CARTESIAN_POINT('',(-4.71981812167323,-9.61,-0.81));
#19326=CARTESIAN_POINT('',(-4.445,-9.6,-0.81));
#19327=CARTESIAN_POINT('',(-4.17018187832677,-9.61,-0.81));
#19328=CARTESIAN_POINT('',(-4.17018187832677,-9.61,-1.5284945147857));
#19329=CARTESIAN_POINT('',(-5.715,-9.6,-1.5284945147857));
#19330=CARTESIAN_POINT('',(-5.715,-9.6,0.01));
#19331=CARTESIAN_POINT('',(-5.98981812167323,-9.61,0.01));
#19332=CARTESIAN_POINT('',(-5.44018187832677,-9.61,0.01));
#19333=CARTESIAN_POINT('',(-5.98981812167323,-9.61,-1.5284945147857));
#19334=CARTESIAN_POINT('',(-5.98981812167323,-9.61,-0.81));
#19335=CARTESIAN_POINT('',(-5.715,-9.6,-0.81));
#19336=CARTESIAN_POINT('',(-5.44018187832677,-9.61,-0.81));
#19337=CARTESIAN_POINT('',(-5.44018187832677,-9.61,-1.5284945147857));
#19338=CARTESIAN_POINT('',(-6.985,-9.6,-1.5284945147857));
#19339=CARTESIAN_POINT('',(-6.985,-9.6,0.01));
#19340=CARTESIAN_POINT('',(-7.25981812167323,-9.61,0.01));
#19341=CARTESIAN_POINT('',(-6.71018187832678,-9.61,0.01));
#19342=CARTESIAN_POINT('',(-7.25981812167323,-9.61,-1.5284945147857));
#19343=CARTESIAN_POINT('',(-7.25981812167323,-9.61,-0.81));
#19344=CARTESIAN_POINT('',(-6.985,-9.6,-0.81));
#19345=CARTESIAN_POINT('',(-6.71018187832678,-9.61,-0.81));
#19346=CARTESIAN_POINT('',(-6.71018187832678,-9.61,-1.5284945147857));
#19347=CARTESIAN_POINT('',(-2.45,2.54,-0.825));
#19348=CARTESIAN_POINT('',(-2.45,2.54,-0.8));
#19349=CARTESIAN_POINT('',(-2.45,2.54,-0.8));
#19350=CARTESIAN_POINT('',(-2.45,1.64,-0.8));
#19351=CARTESIAN_POINT('',(-2.45,1.64,-0.825));
#19352=CARTESIAN_POINT('',(-2.45,2.54,-0.825));
#19353=CARTESIAN_POINT('',(-2.45,1.64,-0.825));
#19354=CARTESIAN_POINT('',(-2.45,1.64,-0.8));
#19355=CARTESIAN_POINT('',(-3.35,1.64,-0.8));
#19356=CARTESIAN_POINT('',(-3.35,1.64,-0.825));
#19357=CARTESIAN_POINT('',(-3.35,1.64,-0.825));
#19358=CARTESIAN_POINT('',(-3.35,1.64,-0.8));
#19359=CARTESIAN_POINT('',(-3.35,2.54,-0.8));
#19360=CARTESIAN_POINT('',(-3.35,2.54,-0.825));
#19361=CARTESIAN_POINT('',(-3.35,2.54,-0.825));
#19362=CARTESIAN_POINT('',(-3.35,2.54,-0.8));
#19363=CARTESIAN_POINT('',(-2.45,1.14,-0.825));
#19364=CARTESIAN_POINT('',(-2.45,1.14,-0.8));
#19365=CARTESIAN_POINT('',(-2.45,1.14,-0.8));
#19366=CARTESIAN_POINT('',(-2.45,0.24,-0.8));
#19367=CARTESIAN_POINT('',(-2.45,0.24,-0.825));
#19368=CARTESIAN_POINT('',(-2.45,1.14,-0.825));
#19369=CARTESIAN_POINT('',(-2.45,0.24,-0.825));
#19370=CARTESIAN_POINT('',(-2.45,0.24,-0.8));
#19371=CARTESIAN_POINT('',(-3.35,0.24,-0.8));
#19372=CARTESIAN_POINT('',(-3.35,0.24,-0.825));
#19373=CARTESIAN_POINT('',(-3.35,0.24,-0.825));
#19374=CARTESIAN_POINT('',(-3.35,0.24,-0.8));
#19375=CARTESIAN_POINT('',(-3.35,1.14,-0.8));
#19376=CARTESIAN_POINT('',(-3.35,1.14,-0.825));
#19377=CARTESIAN_POINT('',(-3.35,1.14,-0.825));
#19378=CARTESIAN_POINT('',(-3.35,1.14,-0.8));
#19379=CARTESIAN_POINT('',(-2.45,-0.26,-0.825));
#19380=CARTESIAN_POINT('',(-2.45,-0.26,-0.8));
#19381=CARTESIAN_POINT('',(-2.45,-0.26,-0.8));
#19382=CARTESIAN_POINT('',(-2.45,-1.16,-0.8));
#19383=CARTESIAN_POINT('',(-2.45,-1.16,-0.825));
#19384=CARTESIAN_POINT('',(-2.45,-0.26,-0.825));
#19385=CARTESIAN_POINT('',(-2.45,-1.16,-0.825));
#19386=CARTESIAN_POINT('',(-2.45,-1.16,-0.8));
#19387=CARTESIAN_POINT('',(-3.35,-1.16,-0.8));
#19388=CARTESIAN_POINT('',(-3.35,-1.16,-0.825));
#19389=CARTESIAN_POINT('',(-3.35,-1.16,-0.825));
#19390=CARTESIAN_POINT('',(-3.35,-1.16,-0.8));
#19391=CARTESIAN_POINT('',(-3.35,-0.26,-0.8));
#19392=CARTESIAN_POINT('',(-3.35,-0.26,-0.825));
#19393=CARTESIAN_POINT('',(-3.35,-0.26,-0.825));
#19394=CARTESIAN_POINT('',(-3.35,-0.26,-0.8));
#19395=CARTESIAN_POINT('',(-1.05,2.54,-0.825));
#19396=CARTESIAN_POINT('',(-1.05,2.54,-0.8));
#19397=CARTESIAN_POINT('',(-1.05,2.54,-0.8));
#19398=CARTESIAN_POINT('',(-1.05,1.64,-0.8));
#19399=CARTESIAN_POINT('',(-1.05,1.64,-0.825));
#19400=CARTESIAN_POINT('',(-1.05,2.54,-0.825));
#19401=CARTESIAN_POINT('',(-1.05,1.64,-0.825));
#19402=CARTESIAN_POINT('',(-1.05,1.64,-0.8));
#19403=CARTESIAN_POINT('',(-1.95,1.64,-0.8));
#19404=CARTESIAN_POINT('',(-1.95,1.64,-0.825));
#19405=CARTESIAN_POINT('',(-1.95,1.64,-0.825));
#19406=CARTESIAN_POINT('',(-1.95,1.64,-0.8));
#19407=CARTESIAN_POINT('',(-1.95,2.54,-0.8));
#19408=CARTESIAN_POINT('',(-1.95,2.54,-0.825));
#19409=CARTESIAN_POINT('',(-1.95,2.54,-0.825));
#19410=CARTESIAN_POINT('',(-1.95,2.54,-0.8));
#19411=CARTESIAN_POINT('',(-1.05,1.14,-0.825));
#19412=CARTESIAN_POINT('',(-1.05,1.14,-0.8));
#19413=CARTESIAN_POINT('',(-1.05,1.14,-0.8));
#19414=CARTESIAN_POINT('',(-1.05,0.24,-0.8));
#19415=CARTESIAN_POINT('',(-1.05,0.24,-0.825));
#19416=CARTESIAN_POINT('',(-1.05,1.14,-0.825));
#19417=CARTESIAN_POINT('',(-1.05,0.24,-0.825));
#19418=CARTESIAN_POINT('',(-1.05,0.24,-0.8));
#19419=CARTESIAN_POINT('',(-1.95,0.24,-0.8));
#19420=CARTESIAN_POINT('',(-1.95,0.24,-0.825));
#19421=CARTESIAN_POINT('',(-1.95,0.24,-0.825));
#19422=CARTESIAN_POINT('',(-1.95,0.24,-0.8));
#19423=CARTESIAN_POINT('',(-1.95,1.14,-0.8));
#19424=CARTESIAN_POINT('',(-1.95,1.14,-0.825));
#19425=CARTESIAN_POINT('',(-1.95,1.14,-0.825));
#19426=CARTESIAN_POINT('',(-1.95,1.14,-0.8));
#19427=CARTESIAN_POINT('',(-1.05,-0.26,-0.825));
#19428=CARTESIAN_POINT('',(-1.05,-0.26,-0.8));
#19429=CARTESIAN_POINT('',(-1.05,-0.26,-0.8));
#19430=CARTESIAN_POINT('',(-1.05,-1.16,-0.8));
#19431=CARTESIAN_POINT('',(-1.05,-1.16,-0.825));
#19432=CARTESIAN_POINT('',(-1.05,-0.26,-0.825));
#19433=CARTESIAN_POINT('',(-1.05,-1.16,-0.825));
#19434=CARTESIAN_POINT('',(-1.05,-1.16,-0.8));
#19435=CARTESIAN_POINT('',(-1.95,-1.16,-0.8));
#19436=CARTESIAN_POINT('',(-1.95,-1.16,-0.825));
#19437=CARTESIAN_POINT('',(-1.95,-1.16,-0.825));
#19438=CARTESIAN_POINT('',(-1.95,-1.16,-0.8));
#19439=CARTESIAN_POINT('',(-1.95,-0.26,-0.8));
#19440=CARTESIAN_POINT('',(-1.95,-0.26,-0.825));
#19441=CARTESIAN_POINT('',(-1.95,-0.26,-0.825));
#19442=CARTESIAN_POINT('',(-1.95,-0.26,-0.8));
#19443=CARTESIAN_POINT('',(0.349999999999998,2.54,-0.825));
#19444=CARTESIAN_POINT('',(0.349999999999998,2.54,-0.8));
#19445=CARTESIAN_POINT('',(0.349999999999998,2.54,-0.8));
#19446=CARTESIAN_POINT('',(0.349999999999998,1.64,-0.8));
#19447=CARTESIAN_POINT('',(0.349999999999998,1.64,-0.825));
#19448=CARTESIAN_POINT('',(0.349999999999998,2.54,-0.825));
#19449=CARTESIAN_POINT('',(0.349999999999998,1.64,-0.825));
#19450=CARTESIAN_POINT('',(0.349999999999998,1.64,-0.8));
#19451=CARTESIAN_POINT('',(-0.550000000000002,1.64,-0.8));
#19452=CARTESIAN_POINT('',(-0.550000000000002,1.64,-0.825));
#19453=CARTESIAN_POINT('',(-0.550000000000002,1.64,-0.825));
#19454=CARTESIAN_POINT('',(-0.550000000000002,1.64,-0.8));
#19455=CARTESIAN_POINT('',(-0.550000000000002,2.54,-0.8));
#19456=CARTESIAN_POINT('',(-0.550000000000002,2.54,-0.825));
#19457=CARTESIAN_POINT('',(-0.550000000000002,2.54,-0.825));
#19458=CARTESIAN_POINT('',(-0.550000000000002,2.54,-0.8));
#19459=CARTESIAN_POINT('',(0.349999999999998,1.14,-0.825));
#19460=CARTESIAN_POINT('',(0.349999999999998,1.14,-0.8));
#19461=CARTESIAN_POINT('',(0.349999999999998,1.14,-0.8));
#19462=CARTESIAN_POINT('',(0.349999999999998,0.24,-0.8));
#19463=CARTESIAN_POINT('',(0.349999999999998,0.24,-0.825));
#19464=CARTESIAN_POINT('',(0.349999999999998,1.14,-0.825));
#19465=CARTESIAN_POINT('',(0.349999999999998,0.24,-0.825));
#19466=CARTESIAN_POINT('',(0.349999999999998,0.24,-0.8));
#19467=CARTESIAN_POINT('',(-0.550000000000002,0.24,-0.8));
#19468=CARTESIAN_POINT('',(-0.550000000000002,0.24,-0.825));
#19469=CARTESIAN_POINT('',(-0.550000000000002,0.24,-0.825));
#19470=CARTESIAN_POINT('',(-0.550000000000002,0.24,-0.8));
#19471=CARTESIAN_POINT('',(-0.550000000000002,1.14,-0.8));
#19472=CARTESIAN_POINT('',(-0.550000000000002,1.14,-0.825));
#19473=CARTESIAN_POINT('',(-0.550000000000002,1.14,-0.825));
#19474=CARTESIAN_POINT('',(-0.550000000000002,1.14,-0.8));
#19475=CARTESIAN_POINT('',(0.349999999999998,-0.26,-0.825));
#19476=CARTESIAN_POINT('',(0.349999999999998,-0.26,-0.8));
#19477=CARTESIAN_POINT('',(0.349999999999998,-0.26,-0.8));
#19478=CARTESIAN_POINT('',(0.349999999999998,-1.16,-0.8));
#19479=CARTESIAN_POINT('',(0.349999999999998,-1.16,-0.825));
#19480=CARTESIAN_POINT('',(0.349999999999998,-0.26,-0.825));
#19481=CARTESIAN_POINT('',(0.349999999999998,-1.16,-0.825));
#19482=CARTESIAN_POINT('',(0.349999999999998,-1.16,-0.8));
#19483=CARTESIAN_POINT('',(-0.550000000000002,-1.16,-0.8));
#19484=CARTESIAN_POINT('',(-0.550000000000002,-1.16,-0.825));
#19485=CARTESIAN_POINT('',(-0.550000000000002,-1.16,-0.825));
#19486=CARTESIAN_POINT('',(-0.550000000000002,-1.16,-0.8));
#19487=CARTESIAN_POINT('',(-0.550000000000002,-0.26,-0.8));
#19488=CARTESIAN_POINT('',(-0.550000000000002,-0.26,-0.825));
#19489=CARTESIAN_POINT('',(-0.550000000000002,-0.26,-0.825));
#19490=CARTESIAN_POINT('',(-0.550000000000002,-0.26,-0.8));
#19491=CARTESIAN_POINT('',(-9.01,-8.55,-0.92802768));
#19492=CARTESIAN_POINT('',(-9.01,-8.55,-0.81));
#19493=CARTESIAN_POINT('',(-9.01,-8.55,-0.81));
#19494=CARTESIAN_POINT('',(-9.01,-8.55,-0.92802768));
#19495=CARTESIAN_POINT('',(-9.01,-8.55,0.01));
#19496=CARTESIAN_POINT('',(-9.01,-8.55,0.01));
#19497=CARTESIAN_POINT('',(0.,0.,0.01));
#19498=CARTESIAN_POINT('',(-9.01,-8.55,0.01));
#19499=CARTESIAN_POINT('',(-9.01,-7.65,0.01));
#19500=CARTESIAN_POINT('',(-8.55,-8.55,0.01));
#19501=CARTESIAN_POINT('',(-8.55,-8.55,0.01));
#19502=CARTESIAN_POINT('',(-8.55,-7.65,0.01));
#19503=CARTESIAN_POINT('',(-8.55,-7.65,0.01));
#19504=CARTESIAN_POINT('',(-9.00000000000001,-7.65,0.01));
#19505=CARTESIAN_POINT('',(-9.01,-8.55,-0.92802768));
#19506=CARTESIAN_POINT('',(-9.01,-7.65,-0.92802768));
#19507=CARTESIAN_POINT('',(-9.01,-7.65,-0.81));
#19508=CARTESIAN_POINT('',(-9.01,-8.55,-0.81));
#19509=CARTESIAN_POINT('',(0.,0.,-0.81));
#19510=CARTESIAN_POINT('',(-9.00000000000001,-7.65,-0.81));
#19511=CARTESIAN_POINT('',(-8.55,-7.65,-0.81));
#19512=CARTESIAN_POINT('',(-8.55,-7.65,-0.81));
#19513=CARTESIAN_POINT('',(-8.55,-8.55,-0.81));
#19514=CARTESIAN_POINT('',(-8.55,-8.55,-0.81));
#19515=CARTESIAN_POINT('',(-8.55,-7.65,-0.81));
#19516=CARTESIAN_POINT('',(-8.55,-7.65,-0.8));
#19517=CARTESIAN_POINT('',(-8.55,-7.65,-0.8));
#19518=CARTESIAN_POINT('',(-8.55,-8.55,-0.8));
#19519=CARTESIAN_POINT('',(-8.55,-8.55,-0.81));
#19520=CARTESIAN_POINT('',(-8.55,-7.65,-0.81));
#19521=CARTESIAN_POINT('',(-9.01,-7.28,-0.92802768));
#19522=CARTESIAN_POINT('',(-9.01,-7.28,-0.81));
#19523=CARTESIAN_POINT('',(-9.01,-7.28,-0.81));
#19524=CARTESIAN_POINT('',(-9.01,-7.28,-0.92802768));
#19525=CARTESIAN_POINT('',(-9.01,-7.28,0.01));
#19526=CARTESIAN_POINT('',(-9.01,-7.28,0.01));
#19527=CARTESIAN_POINT('',(0.,1.27,0.01));
#19528=CARTESIAN_POINT('',(-9.01,-7.28,0.01));
#19529=CARTESIAN_POINT('',(-9.01,-6.38,0.01));
#19530=CARTESIAN_POINT('',(-8.55,-7.28,0.01));
#19531=CARTESIAN_POINT('',(-8.55,-7.28,0.01));
#19532=CARTESIAN_POINT('',(-8.55,-6.38,0.01));
#19533=CARTESIAN_POINT('',(-8.55,-6.38,0.01));
#19534=CARTESIAN_POINT('',(-9.00000000000001,-6.38,0.01));
#19535=CARTESIAN_POINT('',(-9.01,-7.28,-0.92802768));
#19536=CARTESIAN_POINT('',(-9.01,-6.38,-0.92802768));
#19537=CARTESIAN_POINT('',(-9.01,-6.38,-0.81));
#19538=CARTESIAN_POINT('',(-9.01,-7.28,-0.81));
#19539=CARTESIAN_POINT('',(0.,1.27,-0.81));
#19540=CARTESIAN_POINT('',(-9.00000000000001,-6.38,-0.81));
#19541=CARTESIAN_POINT('',(-8.55,-6.38,-0.81));
#19542=CARTESIAN_POINT('',(-8.55,-6.38,-0.81));
#19543=CARTESIAN_POINT('',(-8.55,-7.28,-0.81));
#19544=CARTESIAN_POINT('',(-8.55,-7.28,-0.81));
#19545=CARTESIAN_POINT('',(-8.55,-6.38,-0.81));
#19546=CARTESIAN_POINT('',(-8.55,-6.38,-0.8));
#19547=CARTESIAN_POINT('',(-8.55,-6.38,-0.8));
#19548=CARTESIAN_POINT('',(-8.55,-7.28,-0.8));
#19549=CARTESIAN_POINT('',(-8.55,-7.28,-0.81));
#19550=CARTESIAN_POINT('',(-8.55,-6.38,-0.81));
#19551=CARTESIAN_POINT('',(-9.01,-6.01,-0.92802768));
#19552=CARTESIAN_POINT('',(-9.01,-6.01,-0.81));
#19553=CARTESIAN_POINT('',(-9.01,-6.01,-0.81));
#19554=CARTESIAN_POINT('',(-9.01,-6.01,-0.92802768));
#19555=CARTESIAN_POINT('',(-9.01,-6.01,0.01));
#19556=CARTESIAN_POINT('',(-9.01,-6.01,0.01));
#19557=CARTESIAN_POINT('',(0.,2.54,0.01));
#19558=CARTESIAN_POINT('',(-9.01,-6.01,0.01));
#19559=CARTESIAN_POINT('',(-9.01,-5.11,0.01));
#19560=CARTESIAN_POINT('',(-8.55,-6.01,0.01));
#19561=CARTESIAN_POINT('',(-8.55,-6.01,0.01));
#19562=CARTESIAN_POINT('',(-8.55,-5.11,0.01));
#19563=CARTESIAN_POINT('',(-8.55,-5.11,0.01));
#19564=CARTESIAN_POINT('',(-9.00000000000001,-5.11,0.01));
#19565=CARTESIAN_POINT('',(-9.01,-6.01,-0.92802768));
#19566=CARTESIAN_POINT('',(-9.01,-5.11,-0.92802768));
#19567=CARTESIAN_POINT('',(-9.01,-5.11,-0.81));
#19568=CARTESIAN_POINT('',(-9.01,-6.01,-0.81));
#19569=CARTESIAN_POINT('',(0.,2.54,-0.81));
#19570=CARTESIAN_POINT('',(-9.00000000000001,-5.11,-0.81));
#19571=CARTESIAN_POINT('',(-8.55,-5.11,-0.81));
#19572=CARTESIAN_POINT('',(-8.55,-5.11,-0.81));
#19573=CARTESIAN_POINT('',(-8.55,-6.01,-0.81));
#19574=CARTESIAN_POINT('',(-8.55,-6.01,-0.81));
#19575=CARTESIAN_POINT('',(-8.55,-5.11,-0.81));
#19576=CARTESIAN_POINT('',(-8.55,-5.11,-0.8));
#19577=CARTESIAN_POINT('',(-8.55,-5.11,-0.8));
#19578=CARTESIAN_POINT('',(-8.55,-6.01,-0.8));
#19579=CARTESIAN_POINT('',(-8.55,-6.01,-0.81));
#19580=CARTESIAN_POINT('',(-8.55,-5.11,-0.81));
#19581=CARTESIAN_POINT('',(-9.01,-4.74,-0.92802768));
#19582=CARTESIAN_POINT('',(-9.01,-4.74,-0.81));
#19583=CARTESIAN_POINT('',(-9.01,-4.74,-0.81));
#19584=CARTESIAN_POINT('',(-9.01,-4.74,-0.92802768));
#19585=CARTESIAN_POINT('',(-9.01,-4.74,0.01));
#19586=CARTESIAN_POINT('',(-9.01,-4.74,0.01));
#19587=CARTESIAN_POINT('',(0.,3.81,0.01));
#19588=CARTESIAN_POINT('',(-9.01,-4.74,0.01));
#19589=CARTESIAN_POINT('',(-9.01,-3.84,0.01));
#19590=CARTESIAN_POINT('',(-8.55,-4.74,0.01));
#19591=CARTESIAN_POINT('',(-8.55,-4.74,0.01));
#19592=CARTESIAN_POINT('',(-8.55,-3.84,0.01));
#19593=CARTESIAN_POINT('',(-8.55,-3.84,0.01));
#19594=CARTESIAN_POINT('',(-9.00000000000001,-3.84,0.01));
#19595=CARTESIAN_POINT('',(-9.01,-4.74,-0.92802768));
#19596=CARTESIAN_POINT('',(-9.01,-3.84,-0.92802768));
#19597=CARTESIAN_POINT('',(-9.01,-3.84,-0.81));
#19598=CARTESIAN_POINT('',(-9.01,-4.74,-0.81));
#19599=CARTESIAN_POINT('',(0.,3.81,-0.81));
#19600=CARTESIAN_POINT('',(-9.00000000000001,-3.84,-0.81));
#19601=CARTESIAN_POINT('',(-8.55,-3.84,-0.81));
#19602=CARTESIAN_POINT('',(-8.55,-3.84,-0.81));
#19603=CARTESIAN_POINT('',(-8.55,-4.74,-0.81));
#19604=CARTESIAN_POINT('',(-8.55,-4.74,-0.81));
#19605=CARTESIAN_POINT('',(-8.55,-3.84,-0.81));
#19606=CARTESIAN_POINT('',(-8.55,-3.84,-0.8));
#19607=CARTESIAN_POINT('',(-8.55,-3.84,-0.8));
#19608=CARTESIAN_POINT('',(-8.55,-4.74,-0.8));
#19609=CARTESIAN_POINT('',(-8.55,-4.74,-0.81));
#19610=CARTESIAN_POINT('',(-8.55,-3.84,-0.81));
#19611=CARTESIAN_POINT('',(-9.01,-3.47,-0.92802768));
#19612=CARTESIAN_POINT('',(-9.01,-3.47,-0.81));
#19613=CARTESIAN_POINT('',(-9.01,-3.47,-0.81));
#19614=CARTESIAN_POINT('',(-9.01,-3.47,-0.92802768));
#19615=CARTESIAN_POINT('',(-9.01,-3.47,0.01));
#19616=CARTESIAN_POINT('',(-9.01,-3.47,0.01));
#19617=CARTESIAN_POINT('',(0.,5.08,0.01));
#19618=CARTESIAN_POINT('',(-9.01,-3.47,0.01));
#19619=CARTESIAN_POINT('',(-9.01,-2.57,0.01));
#19620=CARTESIAN_POINT('',(-8.55,-3.47,0.01));
#19621=CARTESIAN_POINT('',(-8.55,-3.47,0.01));
#19622=CARTESIAN_POINT('',(-8.55,-2.57,0.01));
#19623=CARTESIAN_POINT('',(-8.55,-2.57,0.01));
#19624=CARTESIAN_POINT('',(-9.00000000000001,-2.57,0.01));
#19625=CARTESIAN_POINT('',(-9.01,-3.47,-0.92802768));
#19626=CARTESIAN_POINT('',(-9.01,-2.57,-0.92802768));
#19627=CARTESIAN_POINT('',(-9.01,-2.57,-0.81));
#19628=CARTESIAN_POINT('',(-9.01,-3.47,-0.81));
#19629=CARTESIAN_POINT('',(0.,5.08,-0.81));
#19630=CARTESIAN_POINT('',(-9.00000000000001,-2.57,-0.81));
#19631=CARTESIAN_POINT('',(-8.55,-2.57,-0.81));
#19632=CARTESIAN_POINT('',(-8.55,-2.57,-0.81));
#19633=CARTESIAN_POINT('',(-8.55,-3.47,-0.81));
#19634=CARTESIAN_POINT('',(-8.55,-3.47,-0.81));
#19635=CARTESIAN_POINT('',(-8.55,-2.57,-0.81));
#19636=CARTESIAN_POINT('',(-8.55,-2.57,-0.8));
#19637=CARTESIAN_POINT('',(-8.55,-2.57,-0.8));
#19638=CARTESIAN_POINT('',(-8.55,-3.47,-0.8));
#19639=CARTESIAN_POINT('',(-8.55,-3.47,-0.81));
#19640=CARTESIAN_POINT('',(-8.55,-2.57,-0.81));
#19641=CARTESIAN_POINT('',(-9.01,-2.2,-0.92802768));
#19642=CARTESIAN_POINT('',(-9.01,-2.2,-0.81));
#19643=CARTESIAN_POINT('',(-9.01,-2.2,-0.81));
#19644=CARTESIAN_POINT('',(-9.01,-2.2,-0.92802768));
#19645=CARTESIAN_POINT('',(-9.01,-2.2,0.01));
#19646=CARTESIAN_POINT('',(-9.01,-2.2,0.01));
#19647=CARTESIAN_POINT('',(0.,6.35,0.01));
#19648=CARTESIAN_POINT('',(-9.01,-2.2,0.01));
#19649=CARTESIAN_POINT('',(-9.01,-1.3,0.01));
#19650=CARTESIAN_POINT('',(-8.55,-2.2,0.01));
#19651=CARTESIAN_POINT('',(-8.55,-2.2,0.01));
#19652=CARTESIAN_POINT('',(-8.55,-1.3,0.01));
#19653=CARTESIAN_POINT('',(-8.55,-1.3,0.01));
#19654=CARTESIAN_POINT('',(-9.00000000000001,-1.3,0.01));
#19655=CARTESIAN_POINT('',(-9.01,-2.2,-0.92802768));
#19656=CARTESIAN_POINT('',(-9.01,-1.3,-0.92802768));
#19657=CARTESIAN_POINT('',(-9.01,-1.3,-0.81));
#19658=CARTESIAN_POINT('',(-9.01,-2.2,-0.81));
#19659=CARTESIAN_POINT('',(0.,6.35,-0.81));
#19660=CARTESIAN_POINT('',(-9.00000000000001,-1.3,-0.81));
#19661=CARTESIAN_POINT('',(-8.55,-1.3,-0.81));
#19662=CARTESIAN_POINT('',(-8.55,-1.3,-0.81));
#19663=CARTESIAN_POINT('',(-8.55,-2.2,-0.81));
#19664=CARTESIAN_POINT('',(-8.55,-2.2,-0.81));
#19665=CARTESIAN_POINT('',(-8.55,-1.3,-0.81));
#19666=CARTESIAN_POINT('',(-8.55,-1.3,-0.8));
#19667=CARTESIAN_POINT('',(-8.55,-1.3,-0.8));
#19668=CARTESIAN_POINT('',(-8.55,-2.2,-0.8));
#19669=CARTESIAN_POINT('',(-8.55,-2.2,-0.81));
#19670=CARTESIAN_POINT('',(-8.55,-1.3,-0.81));
#19671=CARTESIAN_POINT('',(-9.01,-0.930000000000002,-0.92802768));
#19672=CARTESIAN_POINT('',(-9.01,-0.930000000000002,-0.81));
#19673=CARTESIAN_POINT('',(-9.01,-0.930000000000002,-0.81));
#19674=CARTESIAN_POINT('',(-9.01,-0.930000000000002,-0.92802768));
#19675=CARTESIAN_POINT('',(-9.01,-0.930000000000002,0.01));
#19676=CARTESIAN_POINT('',(-9.01,-0.930000000000002,0.01));
#19677=CARTESIAN_POINT('',(0.,7.62,0.01));
#19678=CARTESIAN_POINT('',(-9.01,-0.930000000000002,0.01));
#19679=CARTESIAN_POINT('',(-9.01,-0.0300000000000005,0.01));
#19680=CARTESIAN_POINT('',(-8.55,-0.930000000000002,0.01));
#19681=CARTESIAN_POINT('',(-8.55,-0.930000000000002,0.01));
#19682=CARTESIAN_POINT('',(-8.55,-0.0300000000000005,0.01));
#19683=CARTESIAN_POINT('',(-8.55,-0.0300000000000005,0.01));
#19684=CARTESIAN_POINT('',(-9.00000000000001,-0.0300000000000005,0.01));
#19685=CARTESIAN_POINT('',(-9.01,-0.930000000000002,-0.92802768));
#19686=CARTESIAN_POINT('',(-9.01,-0.0300000000000005,-0.92802768));
#19687=CARTESIAN_POINT('',(-9.01,-0.0300000000000005,-0.81));
#19688=CARTESIAN_POINT('',(-9.01,-0.930000000000002,-0.81));
#19689=CARTESIAN_POINT('',(0.,7.62,-0.81));
#19690=CARTESIAN_POINT('',(-9.00000000000001,-0.0300000000000005,-0.81));
#19691=CARTESIAN_POINT('',(-8.55,-0.0300000000000005,-0.81));
#19692=CARTESIAN_POINT('',(-8.55,-0.0300000000000005,-0.81));
#19693=CARTESIAN_POINT('',(-8.55,-0.930000000000002,-0.81));
#19694=CARTESIAN_POINT('',(-8.55,-0.930000000000002,-0.81));
#19695=CARTESIAN_POINT('',(-8.55,-0.0300000000000005,-0.81));
#19696=CARTESIAN_POINT('',(-8.55,-0.0300000000000005,-0.8));
#19697=CARTESIAN_POINT('',(-8.55,-0.0300000000000005,-0.8));
#19698=CARTESIAN_POINT('',(-8.55,-0.930000000000002,-0.8));
#19699=CARTESIAN_POINT('',(-8.55,-0.930000000000002,-0.81));
#19700=CARTESIAN_POINT('',(-8.55,-0.0300000000000005,-0.81));
#19701=CARTESIAN_POINT('',(-9.01,0.339999999999998,-0.92802768));
#19702=CARTESIAN_POINT('',(-9.01,0.339999999999998,-0.81));
#19703=CARTESIAN_POINT('',(-9.01,0.339999999999998,-0.81));
#19704=CARTESIAN_POINT('',(-9.01,0.339999999999998,-0.92802768));
#19705=CARTESIAN_POINT('',(-9.01,0.339999999999998,0.01));
#19706=CARTESIAN_POINT('',(-9.01,0.339999999999998,0.01));
#19707=CARTESIAN_POINT('',(0.,8.89,0.01));
#19708=CARTESIAN_POINT('',(-9.01,0.339999999999998,0.01));
#19709=CARTESIAN_POINT('',(-9.01,1.24,0.01));
#19710=CARTESIAN_POINT('',(-8.55,0.339999999999998,0.01));
#19711=CARTESIAN_POINT('',(-8.55,0.339999999999998,0.01));
#19712=CARTESIAN_POINT('',(-8.55,1.24,0.01));
#19713=CARTESIAN_POINT('',(-8.55,1.24,0.01));
#19714=CARTESIAN_POINT('',(-9.00000000000001,1.24,0.01));
#19715=CARTESIAN_POINT('',(-9.01,0.339999999999998,-0.92802768));
#19716=CARTESIAN_POINT('',(-9.01,1.24,-0.92802768));
#19717=CARTESIAN_POINT('',(-9.01,1.24,-0.81));
#19718=CARTESIAN_POINT('',(-9.01,0.339999999999998,-0.81));
#19719=CARTESIAN_POINT('',(0.,8.89,-0.81));
#19720=CARTESIAN_POINT('',(-9.00000000000001,1.24,-0.81));
#19721=CARTESIAN_POINT('',(-8.55,1.24,-0.81));
#19722=CARTESIAN_POINT('',(-8.55,1.24,-0.81));
#19723=CARTESIAN_POINT('',(-8.55,0.339999999999998,-0.81));
#19724=CARTESIAN_POINT('',(-8.55,0.339999999999998,-0.81));
#19725=CARTESIAN_POINT('',(-8.55,1.24,-0.81));
#19726=CARTESIAN_POINT('',(-8.55,1.24,-0.8));
#19727=CARTESIAN_POINT('',(-8.55,1.24,-0.8));
#19728=CARTESIAN_POINT('',(-8.55,0.339999999999998,-0.8));
#19729=CARTESIAN_POINT('',(-8.55,0.339999999999998,-0.81));
#19730=CARTESIAN_POINT('',(-8.55,1.24,-0.81));
#19731=CARTESIAN_POINT('',(-9.01,1.61,-0.92802768));
#19732=CARTESIAN_POINT('',(-9.01,1.61,-0.81));
#19733=CARTESIAN_POINT('',(-9.01,1.61,-0.81));
#19734=CARTESIAN_POINT('',(-9.01,1.61,-0.92802768));
#19735=CARTESIAN_POINT('',(-9.01,1.61,0.01));
#19736=CARTESIAN_POINT('',(-9.01,1.61,0.01));
#19737=CARTESIAN_POINT('',(0.,10.16,0.01));
#19738=CARTESIAN_POINT('',(-9.01,1.61,0.01));
#19739=CARTESIAN_POINT('',(-9.01,2.51,0.01));
#19740=CARTESIAN_POINT('',(-8.55,1.61,0.01));
#19741=CARTESIAN_POINT('',(-8.55,1.61,0.01));
#19742=CARTESIAN_POINT('',(-8.55,2.51,0.01));
#19743=CARTESIAN_POINT('',(-8.55,2.51,0.01));
#19744=CARTESIAN_POINT('',(-9.00000000000001,2.51,0.01));
#19745=CARTESIAN_POINT('',(-9.01,1.61,-0.92802768));
#19746=CARTESIAN_POINT('',(-9.01,2.51,-0.92802768));
#19747=CARTESIAN_POINT('',(-9.01,2.51,-0.81));
#19748=CARTESIAN_POINT('',(-9.01,1.61,-0.81));
#19749=CARTESIAN_POINT('',(0.,10.16,-0.81));
#19750=CARTESIAN_POINT('',(-9.00000000000001,2.51,-0.81));
#19751=CARTESIAN_POINT('',(-8.55,2.51,-0.81));
#19752=CARTESIAN_POINT('',(-8.55,2.51,-0.81));
#19753=CARTESIAN_POINT('',(-8.55,1.61,-0.81));
#19754=CARTESIAN_POINT('',(-8.55,1.61,-0.81));
#19755=CARTESIAN_POINT('',(-8.55,2.51,-0.81));
#19756=CARTESIAN_POINT('',(-8.55,2.51,-0.8));
#19757=CARTESIAN_POINT('',(-8.55,2.51,-0.8));
#19758=CARTESIAN_POINT('',(-8.55,1.61,-0.8));
#19759=CARTESIAN_POINT('',(-8.55,1.61,-0.81));
#19760=CARTESIAN_POINT('',(-8.55,2.51,-0.81));
#19761=CARTESIAN_POINT('',(-9.01,2.88,-0.92802768));
#19762=CARTESIAN_POINT('',(-9.01,2.88,-0.81));
#19763=CARTESIAN_POINT('',(-9.01,2.88,-0.81));
#19764=CARTESIAN_POINT('',(-9.01,2.88,-0.92802768));
#19765=CARTESIAN_POINT('',(-9.01,2.88,0.01));
#19766=CARTESIAN_POINT('',(-9.01,2.88,0.01));
#19767=CARTESIAN_POINT('',(0.,11.43,0.01));
#19768=CARTESIAN_POINT('',(-9.01,2.88,0.01));
#19769=CARTESIAN_POINT('',(-9.01,3.78,0.01));
#19770=CARTESIAN_POINT('',(-8.55,2.88,0.01));
#19771=CARTESIAN_POINT('',(-8.55,2.88,0.01));
#19772=CARTESIAN_POINT('',(-8.55,3.78,0.01));
#19773=CARTESIAN_POINT('',(-8.55,3.78,0.01));
#19774=CARTESIAN_POINT('',(-9.00000000000001,3.78,0.01));
#19775=CARTESIAN_POINT('',(-9.01,2.88,-0.92802768));
#19776=CARTESIAN_POINT('',(-9.01,3.78,-0.92802768));
#19777=CARTESIAN_POINT('',(-9.01,3.78,-0.81));
#19778=CARTESIAN_POINT('',(-9.01,2.88,-0.81));
#19779=CARTESIAN_POINT('',(0.,11.43,-0.81));
#19780=CARTESIAN_POINT('',(-9.00000000000001,3.78,-0.81));
#19781=CARTESIAN_POINT('',(-8.55,3.78,-0.81));
#19782=CARTESIAN_POINT('',(-8.55,3.78,-0.81));
#19783=CARTESIAN_POINT('',(-8.55,2.88,-0.81));
#19784=CARTESIAN_POINT('',(-8.55,2.88,-0.81));
#19785=CARTESIAN_POINT('',(-8.55,3.78,-0.81));
#19786=CARTESIAN_POINT('',(-8.55,3.78,-0.8));
#19787=CARTESIAN_POINT('',(-8.55,3.78,-0.8));
#19788=CARTESIAN_POINT('',(-8.55,2.88,-0.8));
#19789=CARTESIAN_POINT('',(-8.55,2.88,-0.81));
#19790=CARTESIAN_POINT('',(-8.55,3.78,-0.81));
#19791=CARTESIAN_POINT('',(-9.01,4.15,-0.92802768));
#19792=CARTESIAN_POINT('',(-9.01,4.15,-0.81));
#19793=CARTESIAN_POINT('',(-9.01,4.15,-0.81));
#19794=CARTESIAN_POINT('',(-9.01,4.15,-0.92802768));
#19795=CARTESIAN_POINT('',(-9.01,4.15,0.01));
#19796=CARTESIAN_POINT('',(-9.01,4.15,0.01));
#19797=CARTESIAN_POINT('',(0.,12.7,0.01));
#19798=CARTESIAN_POINT('',(-9.01,4.15,0.01));
#19799=CARTESIAN_POINT('',(-9.01,5.05,0.01));
#19800=CARTESIAN_POINT('',(-8.55,4.15,0.01));
#19801=CARTESIAN_POINT('',(-8.55,4.15,0.01));
#19802=CARTESIAN_POINT('',(-8.55,5.05,0.01));
#19803=CARTESIAN_POINT('',(-8.55,5.05,0.01));
#19804=CARTESIAN_POINT('',(-9.00000000000001,5.05,0.01));
#19805=CARTESIAN_POINT('',(-9.01,4.15,-0.92802768));
#19806=CARTESIAN_POINT('',(-9.01,5.05,-0.92802768));
#19807=CARTESIAN_POINT('',(-9.01,5.05,-0.81));
#19808=CARTESIAN_POINT('',(-9.01,4.15,-0.81));
#19809=CARTESIAN_POINT('',(0.,12.7,-0.81));
#19810=CARTESIAN_POINT('',(-9.00000000000001,5.05,-0.81));
#19811=CARTESIAN_POINT('',(-8.55,5.05,-0.81));
#19812=CARTESIAN_POINT('',(-8.55,5.05,-0.81));
#19813=CARTESIAN_POINT('',(-8.55,4.15,-0.81));
#19814=CARTESIAN_POINT('',(-8.55,4.15,-0.81));
#19815=CARTESIAN_POINT('',(-8.55,5.05,-0.81));
#19816=CARTESIAN_POINT('',(-8.55,5.05,-0.8));
#19817=CARTESIAN_POINT('',(-8.55,5.05,-0.8));
#19818=CARTESIAN_POINT('',(-8.55,4.15,-0.8));
#19819=CARTESIAN_POINT('',(-8.55,4.15,-0.81));
#19820=CARTESIAN_POINT('',(-8.55,5.05,-0.81));
#19821=CARTESIAN_POINT('',(-9.01,5.42,-0.92802768));
#19822=CARTESIAN_POINT('',(-9.01,5.42,-0.81));
#19823=CARTESIAN_POINT('',(-9.01,5.42,-0.81));
#19824=CARTESIAN_POINT('',(-9.01,5.42,-0.92802768));
#19825=CARTESIAN_POINT('',(-9.01,5.42,0.01));
#19826=CARTESIAN_POINT('',(-9.01,5.42,0.01));
#19827=CARTESIAN_POINT('',(0.,13.97,0.01));
#19828=CARTESIAN_POINT('',(-9.01,5.42,0.01));
#19829=CARTESIAN_POINT('',(-9.01,6.32,0.01));
#19830=CARTESIAN_POINT('',(-8.55,5.42,0.01));
#19831=CARTESIAN_POINT('',(-8.55,5.42,0.01));
#19832=CARTESIAN_POINT('',(-8.55,6.32,0.01));
#19833=CARTESIAN_POINT('',(-8.55,6.32,0.01));
#19834=CARTESIAN_POINT('',(-9.00000000000001,6.32,0.01));
#19835=CARTESIAN_POINT('',(-9.01,5.42,-0.92802768));
#19836=CARTESIAN_POINT('',(-9.01,6.32,-0.92802768));
#19837=CARTESIAN_POINT('',(-9.01,6.32,-0.81));
#19838=CARTESIAN_POINT('',(-9.01,5.42,-0.81));
#19839=CARTESIAN_POINT('',(0.,13.97,-0.81));
#19840=CARTESIAN_POINT('',(-9.00000000000001,6.32,-0.81));
#19841=CARTESIAN_POINT('',(-8.55,6.32,-0.81));
#19842=CARTESIAN_POINT('',(-8.55,6.32,-0.81));
#19843=CARTESIAN_POINT('',(-8.55,5.42,-0.81));
#19844=CARTESIAN_POINT('',(-8.55,5.42,-0.81));
#19845=CARTESIAN_POINT('',(-8.55,6.32,-0.81));
#19846=CARTESIAN_POINT('',(-8.55,6.32,-0.8));
#19847=CARTESIAN_POINT('',(-8.55,6.32,-0.8));
#19848=CARTESIAN_POINT('',(-8.55,5.42,-0.8));
#19849=CARTESIAN_POINT('',(-8.55,5.42,-0.81));
#19850=CARTESIAN_POINT('',(-8.55,6.32,-0.81));
#19851=CARTESIAN_POINT('',(-9.01,6.69,-0.92802768));
#19852=CARTESIAN_POINT('',(-9.01,6.69,-0.81));
#19853=CARTESIAN_POINT('',(-9.01,6.69,-0.81));
#19854=CARTESIAN_POINT('',(-9.01,6.69,-0.92802768));
#19855=CARTESIAN_POINT('',(-9.01,6.69,0.01));
#19856=CARTESIAN_POINT('',(-9.01,6.69,0.01));
#19857=CARTESIAN_POINT('',(0.,15.24,0.01));
#19858=CARTESIAN_POINT('',(-9.01,6.69,0.01));
#19859=CARTESIAN_POINT('',(-9.01,7.59,0.01));
#19860=CARTESIAN_POINT('',(-8.55,6.69,0.01));
#19861=CARTESIAN_POINT('',(-8.55,6.69,0.01));
#19862=CARTESIAN_POINT('',(-8.55,7.59,0.01));
#19863=CARTESIAN_POINT('',(-8.55,7.59,0.01));
#19864=CARTESIAN_POINT('',(-9.00000000000001,7.59,0.01));
#19865=CARTESIAN_POINT('',(-9.01,6.69,-0.92802768));
#19866=CARTESIAN_POINT('',(-9.01,7.59,-0.92802768));
#19867=CARTESIAN_POINT('',(-9.01,7.59,-0.81));
#19868=CARTESIAN_POINT('',(-9.01,6.69,-0.81));
#19869=CARTESIAN_POINT('',(0.,15.24,-0.81));
#19870=CARTESIAN_POINT('',(-9.00000000000001,7.59,-0.81));
#19871=CARTESIAN_POINT('',(-8.55,7.59,-0.81));
#19872=CARTESIAN_POINT('',(-8.55,7.59,-0.81));
#19873=CARTESIAN_POINT('',(-8.55,6.69,-0.81));
#19874=CARTESIAN_POINT('',(-8.55,6.69,-0.81));
#19875=CARTESIAN_POINT('',(-8.55,7.59,-0.81));
#19876=CARTESIAN_POINT('',(-8.55,7.59,-0.8));
#19877=CARTESIAN_POINT('',(-8.55,7.59,-0.8));
#19878=CARTESIAN_POINT('',(-8.55,6.69,-0.8));
#19879=CARTESIAN_POINT('',(-8.55,6.69,-0.81));
#19880=CARTESIAN_POINT('',(-8.55,7.59,-0.81));
#19881=CARTESIAN_POINT('',(-9.01,7.96,-0.92802768));
#19882=CARTESIAN_POINT('',(-9.01,7.96,-0.81));
#19883=CARTESIAN_POINT('',(-9.01,7.96,-0.81));
#19884=CARTESIAN_POINT('',(-9.01,7.96,-0.92802768));
#19885=CARTESIAN_POINT('',(-9.01,7.96,0.01));
#19886=CARTESIAN_POINT('',(-9.01,7.96,0.01));
#19887=CARTESIAN_POINT('',(0.,16.51,0.01));
#19888=CARTESIAN_POINT('',(-9.01,7.96,0.01));
#19889=CARTESIAN_POINT('',(-9.01,8.86,0.01));
#19890=CARTESIAN_POINT('',(-8.55,7.96,0.01));
#19891=CARTESIAN_POINT('',(-8.55,7.96,0.01));
#19892=CARTESIAN_POINT('',(-8.55,8.86,0.01));
#19893=CARTESIAN_POINT('',(-8.55,8.86,0.01));
#19894=CARTESIAN_POINT('',(-9.00000000000001,8.86,0.01));
#19895=CARTESIAN_POINT('',(-9.01,7.96,-0.92802768));
#19896=CARTESIAN_POINT('',(-9.01,8.86,-0.92802768));
#19897=CARTESIAN_POINT('',(-9.01,8.86,-0.81));
#19898=CARTESIAN_POINT('',(-9.01,7.96,-0.81));
#19899=CARTESIAN_POINT('',(0.,16.51,-0.81));
#19900=CARTESIAN_POINT('',(-9.00000000000001,8.86,-0.81));
#19901=CARTESIAN_POINT('',(-8.55,8.86,-0.81));
#19902=CARTESIAN_POINT('',(-8.55,8.86,-0.81));
#19903=CARTESIAN_POINT('',(-8.55,7.96,-0.81));
#19904=CARTESIAN_POINT('',(-8.55,7.96,-0.81));
#19905=CARTESIAN_POINT('',(-8.55,8.86,-0.81));
#19906=CARTESIAN_POINT('',(-8.55,8.86,-0.8));
#19907=CARTESIAN_POINT('',(-8.55,8.86,-0.8));
#19908=CARTESIAN_POINT('',(-8.55,7.96,-0.8));
#19909=CARTESIAN_POINT('',(-8.55,7.96,-0.81));
#19910=CARTESIAN_POINT('',(-8.55,8.86,-0.81));
#19911=CARTESIAN_POINT('',(9.01000000000001,8.86,-0.92802768));
#19912=CARTESIAN_POINT('',(9.01000000000001,8.86,-0.81));
#19913=CARTESIAN_POINT('',(9.01000000000001,8.86,-0.81));
#19914=CARTESIAN_POINT('',(9.01000000000001,8.86,-0.92802768));
#19915=CARTESIAN_POINT('',(9.01000000000001,8.86,0.01));
#19916=CARTESIAN_POINT('',(9.01000000000001,8.86,0.01));
#19917=CARTESIAN_POINT('',(1.73472347597681E-15,16.51,0.01));
#19918=CARTESIAN_POINT('',(9.01000000000001,8.86,0.01));
#19919=CARTESIAN_POINT('',(9.01000000000001,7.96,0.01));
#19920=CARTESIAN_POINT('',(9.00000000000001,8.86,0.01));
#19921=CARTESIAN_POINT('',(8.55,8.86,0.01));
#19922=CARTESIAN_POINT('',(8.55,8.86,0.01));
#19923=CARTESIAN_POINT('',(8.55,7.96,0.01));
#19924=CARTESIAN_POINT('',(8.55,7.96,0.01));
#19925=CARTESIAN_POINT('',(9.01000000000001,8.86,-0.92802768));
#19926=CARTESIAN_POINT('',(9.01000000000001,7.96,-0.92802768));
#19927=CARTESIAN_POINT('',(9.01000000000001,7.96,-0.81));
#19928=CARTESIAN_POINT('',(9.01000000000001,8.86,-0.81));
#19929=CARTESIAN_POINT('',(1.73472347597681E-15,16.51,-0.81));
#19930=CARTESIAN_POINT('',(8.55,7.96,-0.81));
#19931=CARTESIAN_POINT('',(8.55,7.96,-0.81));
#19932=CARTESIAN_POINT('',(8.55,8.86,-0.81));
#19933=CARTESIAN_POINT('',(8.55,8.86,-0.81));
#19934=CARTESIAN_POINT('',(9.00000000000001,8.86,-0.81));
#19935=CARTESIAN_POINT('',(8.55,8.86,-0.81));
#19936=CARTESIAN_POINT('',(8.55,8.86,-0.8));
#19937=CARTESIAN_POINT('',(8.55,8.86,-0.8));
#19938=CARTESIAN_POINT('',(8.55,7.96,-0.8));
#19939=CARTESIAN_POINT('',(8.55,8.86,-0.81));
#19940=CARTESIAN_POINT('',(8.55,7.96,-0.81));
#19941=CARTESIAN_POINT('',(9.01000000000001,7.59,-0.92802768));
#19942=CARTESIAN_POINT('',(9.01000000000001,7.59,-0.81));
#19943=CARTESIAN_POINT('',(9.01000000000001,7.59,-0.81));
#19944=CARTESIAN_POINT('',(9.01000000000001,7.59,-0.92802768));
#19945=CARTESIAN_POINT('',(9.01000000000001,7.59,0.01));
#19946=CARTESIAN_POINT('',(9.01000000000001,7.59,0.01));
#19947=CARTESIAN_POINT('',(1.73472347597681E-15,15.24,0.01));
#19948=CARTESIAN_POINT('',(9.01000000000001,7.59,0.01));
#19949=CARTESIAN_POINT('',(9.01000000000001,6.69,0.01));
#19950=CARTESIAN_POINT('',(9.00000000000001,7.59,0.01));
#19951=CARTESIAN_POINT('',(8.55,7.59,0.01));
#19952=CARTESIAN_POINT('',(8.55,7.59,0.01));
#19953=CARTESIAN_POINT('',(8.55,6.69,0.01));
#19954=CARTESIAN_POINT('',(8.55,6.69,0.01));
#19955=CARTESIAN_POINT('',(9.01000000000001,7.59,-0.92802768));
#19956=CARTESIAN_POINT('',(9.01000000000001,6.69,-0.92802768));
#19957=CARTESIAN_POINT('',(9.01000000000001,6.69,-0.81));
#19958=CARTESIAN_POINT('',(9.01000000000001,7.59,-0.81));
#19959=CARTESIAN_POINT('',(1.73472347597681E-15,15.24,-0.81));
#19960=CARTESIAN_POINT('',(8.55,6.69,-0.81));
#19961=CARTESIAN_POINT('',(8.55,6.69,-0.81));
#19962=CARTESIAN_POINT('',(8.55,7.59,-0.81));
#19963=CARTESIAN_POINT('',(8.55,7.59,-0.81));
#19964=CARTESIAN_POINT('',(9.00000000000001,7.59,-0.81));
#19965=CARTESIAN_POINT('',(8.55,7.59,-0.81));
#19966=CARTESIAN_POINT('',(8.55,7.59,-0.8));
#19967=CARTESIAN_POINT('',(8.55,7.59,-0.8));
#19968=CARTESIAN_POINT('',(8.55,6.69,-0.8));
#19969=CARTESIAN_POINT('',(8.55,7.59,-0.81));
#19970=CARTESIAN_POINT('',(8.55,6.69,-0.81));
#19971=CARTESIAN_POINT('',(9.01000000000001,6.32,-0.92802768));
#19972=CARTESIAN_POINT('',(9.01000000000001,6.32,-0.81));
#19973=CARTESIAN_POINT('',(9.01000000000001,6.32,-0.81));
#19974=CARTESIAN_POINT('',(9.01000000000001,6.32,-0.92802768));
#19975=CARTESIAN_POINT('',(9.01000000000001,6.32,0.01));
#19976=CARTESIAN_POINT('',(9.01000000000001,6.32,0.01));
#19977=CARTESIAN_POINT('',(1.73472347597681E-15,13.97,0.01));
#19978=CARTESIAN_POINT('',(9.01000000000001,6.32,0.01));
#19979=CARTESIAN_POINT('',(9.01000000000001,5.42,0.01));
#19980=CARTESIAN_POINT('',(9.00000000000001,6.32,0.01));
#19981=CARTESIAN_POINT('',(8.55,6.32,0.01));
#19982=CARTESIAN_POINT('',(8.55,6.32,0.01));
#19983=CARTESIAN_POINT('',(8.55,5.42,0.01));
#19984=CARTESIAN_POINT('',(8.55,5.42,0.01));
#19985=CARTESIAN_POINT('',(9.01000000000001,6.32,-0.92802768));
#19986=CARTESIAN_POINT('',(9.01000000000001,5.42,-0.92802768));
#19987=CARTESIAN_POINT('',(9.01000000000001,5.42,-0.81));
#19988=CARTESIAN_POINT('',(9.01000000000001,6.32,-0.81));
#19989=CARTESIAN_POINT('',(1.73472347597681E-15,13.97,-0.81));
#19990=CARTESIAN_POINT('',(8.55,5.42,-0.81));
#19991=CARTESIAN_POINT('',(8.55,5.42,-0.81));
#19992=CARTESIAN_POINT('',(8.55,6.32,-0.81));
#19993=CARTESIAN_POINT('',(8.55,6.32,-0.81));
#19994=CARTESIAN_POINT('',(9.00000000000001,6.32,-0.81));
#19995=CARTESIAN_POINT('',(8.55,6.32,-0.81));
#19996=CARTESIAN_POINT('',(8.55,6.32,-0.8));
#19997=CARTESIAN_POINT('',(8.55,6.32,-0.8));
#19998=CARTESIAN_POINT('',(8.55,5.42,-0.8));
#19999=CARTESIAN_POINT('',(8.55,6.32,-0.81));
#20000=CARTESIAN_POINT('',(8.55,5.42,-0.81));
#20001=CARTESIAN_POINT('',(9.01000000000001,5.05,-0.92802768));
#20002=CARTESIAN_POINT('',(9.01000000000001,5.05,-0.81));
#20003=CARTESIAN_POINT('',(9.01000000000001,5.05,-0.81));
#20004=CARTESIAN_POINT('',(9.01000000000001,5.05,-0.92802768));
#20005=CARTESIAN_POINT('',(9.01000000000001,5.05,0.01));
#20006=CARTESIAN_POINT('',(9.01000000000001,5.05,0.01));
#20007=CARTESIAN_POINT('',(1.73472347597681E-15,12.7,0.01));
#20008=CARTESIAN_POINT('',(9.01000000000001,5.05,0.01));
#20009=CARTESIAN_POINT('',(9.01000000000001,4.15,0.01));
#20010=CARTESIAN_POINT('',(9.00000000000001,5.05,0.01));
#20011=CARTESIAN_POINT('',(8.55,5.05,0.01));
#20012=CARTESIAN_POINT('',(8.55,5.05,0.01));
#20013=CARTESIAN_POINT('',(8.55,4.15,0.01));
#20014=CARTESIAN_POINT('',(8.55,4.15,0.01));
#20015=CARTESIAN_POINT('',(9.01000000000001,5.05,-0.92802768));
#20016=CARTESIAN_POINT('',(9.01000000000001,4.15,-0.92802768));
#20017=CARTESIAN_POINT('',(9.01000000000001,4.15,-0.81));
#20018=CARTESIAN_POINT('',(9.01000000000001,5.05,-0.81));
#20019=CARTESIAN_POINT('',(1.73472347597681E-15,12.7,-0.81));
#20020=CARTESIAN_POINT('',(8.55,4.15,-0.81));
#20021=CARTESIAN_POINT('',(8.55,4.15,-0.81));
#20022=CARTESIAN_POINT('',(8.55,5.05,-0.81));
#20023=CARTESIAN_POINT('',(8.55,5.05,-0.81));
#20024=CARTESIAN_POINT('',(9.00000000000001,5.05,-0.81));
#20025=CARTESIAN_POINT('',(8.55,5.05,-0.81));
#20026=CARTESIAN_POINT('',(8.55,5.05,-0.8));
#20027=CARTESIAN_POINT('',(8.55,5.05,-0.8));
#20028=CARTESIAN_POINT('',(8.55,4.15,-0.8));
#20029=CARTESIAN_POINT('',(8.55,5.05,-0.81));
#20030=CARTESIAN_POINT('',(8.55,4.15,-0.81));
#20031=CARTESIAN_POINT('',(9.01000000000001,3.78,-0.92802768));
#20032=CARTESIAN_POINT('',(9.01000000000001,3.78,-0.81));
#20033=CARTESIAN_POINT('',(9.01000000000001,3.78,-0.81));
#20034=CARTESIAN_POINT('',(9.01000000000001,3.78,-0.92802768));
#20035=CARTESIAN_POINT('',(9.01000000000001,3.78,0.01));
#20036=CARTESIAN_POINT('',(9.01000000000001,3.78,0.01));
#20037=CARTESIAN_POINT('',(1.73472347597681E-15,11.43,0.01));
#20038=CARTESIAN_POINT('',(9.01000000000001,3.78,0.01));
#20039=CARTESIAN_POINT('',(9.01000000000001,2.88,0.01));
#20040=CARTESIAN_POINT('',(9.00000000000001,3.78,0.01));
#20041=CARTESIAN_POINT('',(8.55,3.78,0.01));
#20042=CARTESIAN_POINT('',(8.55,3.78,0.01));
#20043=CARTESIAN_POINT('',(8.55,2.88,0.01));
#20044=CARTESIAN_POINT('',(8.55,2.88,0.01));
#20045=CARTESIAN_POINT('',(9.01000000000001,3.78,-0.92802768));
#20046=CARTESIAN_POINT('',(9.01000000000001,2.88,-0.92802768));
#20047=CARTESIAN_POINT('',(9.01000000000001,2.88,-0.81));
#20048=CARTESIAN_POINT('',(9.01000000000001,3.78,-0.81));
#20049=CARTESIAN_POINT('',(1.73472347597681E-15,11.43,-0.81));
#20050=CARTESIAN_POINT('',(8.55,2.88,-0.81));
#20051=CARTESIAN_POINT('',(8.55,2.88,-0.81));
#20052=CARTESIAN_POINT('',(8.55,3.78,-0.81));
#20053=CARTESIAN_POINT('',(8.55,3.78,-0.81));
#20054=CARTESIAN_POINT('',(9.00000000000001,3.78,-0.81));
#20055=CARTESIAN_POINT('',(8.55,3.78,-0.81));
#20056=CARTESIAN_POINT('',(8.55,3.78,-0.8));
#20057=CARTESIAN_POINT('',(8.55,3.78,-0.8));
#20058=CARTESIAN_POINT('',(8.55,2.88,-0.8));
#20059=CARTESIAN_POINT('',(8.55,3.78,-0.81));
#20060=CARTESIAN_POINT('',(8.55,2.88,-0.81));
#20061=CARTESIAN_POINT('',(9.01000000000001,2.51,-0.92802768));
#20062=CARTESIAN_POINT('',(9.01000000000001,2.51,-0.81));
#20063=CARTESIAN_POINT('',(9.01000000000001,2.51,-0.81));
#20064=CARTESIAN_POINT('',(9.01000000000001,2.51,-0.92802768));
#20065=CARTESIAN_POINT('',(9.01000000000001,2.51,0.01));
#20066=CARTESIAN_POINT('',(9.01000000000001,2.51,0.01));
#20067=CARTESIAN_POINT('',(1.73472347597681E-15,10.16,0.01));
#20068=CARTESIAN_POINT('',(9.01000000000001,2.51,0.01));
#20069=CARTESIAN_POINT('',(9.01000000000001,1.61,0.01));
#20070=CARTESIAN_POINT('',(9.00000000000001,2.51,0.01));
#20071=CARTESIAN_POINT('',(8.55,2.51,0.01));
#20072=CARTESIAN_POINT('',(8.55,2.51,0.01));
#20073=CARTESIAN_POINT('',(8.55,1.61,0.01));
#20074=CARTESIAN_POINT('',(8.55,1.61,0.01));
#20075=CARTESIAN_POINT('',(9.01000000000001,2.51,-0.92802768));
#20076=CARTESIAN_POINT('',(9.01000000000001,1.61,-0.92802768));
#20077=CARTESIAN_POINT('',(9.01000000000001,1.61,-0.81));
#20078=CARTESIAN_POINT('',(9.01000000000001,2.51,-0.81));
#20079=CARTESIAN_POINT('',(1.73472347597681E-15,10.16,-0.81));
#20080=CARTESIAN_POINT('',(8.55,1.61,-0.81));
#20081=CARTESIAN_POINT('',(8.55,1.61,-0.81));
#20082=CARTESIAN_POINT('',(8.55,2.51,-0.81));
#20083=CARTESIAN_POINT('',(8.55,2.51,-0.81));
#20084=CARTESIAN_POINT('',(9.00000000000001,2.51,-0.81));
#20085=CARTESIAN_POINT('',(8.55,2.51,-0.81));
#20086=CARTESIAN_POINT('',(8.55,2.51,-0.8));
#20087=CARTESIAN_POINT('',(8.55,2.51,-0.8));
#20088=CARTESIAN_POINT('',(8.55,1.61,-0.8));
#20089=CARTESIAN_POINT('',(8.55,2.51,-0.81));
#20090=CARTESIAN_POINT('',(8.55,1.61,-0.81));
#20091=CARTESIAN_POINT('',(9.01000000000001,1.24,-0.92802768));
#20092=CARTESIAN_POINT('',(9.01000000000001,1.24,-0.81));
#20093=CARTESIAN_POINT('',(9.01000000000001,1.24,-0.81));
#20094=CARTESIAN_POINT('',(9.01000000000001,1.24,-0.92802768));
#20095=CARTESIAN_POINT('',(9.01000000000001,1.24,0.01));
#20096=CARTESIAN_POINT('',(9.01000000000001,1.24,0.01));
#20097=CARTESIAN_POINT('',(1.73472347597681E-15,8.89,0.01));
#20098=CARTESIAN_POINT('',(9.01000000000001,1.24,0.01));
#20099=CARTESIAN_POINT('',(9.01000000000001,0.339999999999998,0.01));
#20100=CARTESIAN_POINT('',(9.00000000000001,1.24,0.01));
#20101=CARTESIAN_POINT('',(8.55,1.24,0.01));
#20102=CARTESIAN_POINT('',(8.55,1.24,0.01));
#20103=CARTESIAN_POINT('',(8.55,0.339999999999998,0.01));
#20104=CARTESIAN_POINT('',(8.55,0.339999999999998,0.01));
#20105=CARTESIAN_POINT('',(9.01000000000001,1.24,-0.92802768));
#20106=CARTESIAN_POINT('',(9.01000000000001,0.339999999999998,-0.92802768));
#20107=CARTESIAN_POINT('',(9.01000000000001,0.339999999999998,-0.81));
#20108=CARTESIAN_POINT('',(9.01000000000001,1.24,-0.81));
#20109=CARTESIAN_POINT('',(1.73472347597681E-15,8.89,-0.81));
#20110=CARTESIAN_POINT('',(8.55,0.339999999999998,-0.81));
#20111=CARTESIAN_POINT('',(8.55,0.339999999999998,-0.81));
#20112=CARTESIAN_POINT('',(8.55,1.24,-0.81));
#20113=CARTESIAN_POINT('',(8.55,1.24,-0.81));
#20114=CARTESIAN_POINT('',(9.00000000000001,1.24,-0.81));
#20115=CARTESIAN_POINT('',(8.55,1.24,-0.81));
#20116=CARTESIAN_POINT('',(8.55,1.24,-0.8));
#20117=CARTESIAN_POINT('',(8.55,1.24,-0.8));
#20118=CARTESIAN_POINT('',(8.55,0.339999999999998,-0.8));
#20119=CARTESIAN_POINT('',(8.55,1.24,-0.81));
#20120=CARTESIAN_POINT('',(8.55,0.339999999999998,-0.81));
#20121=CARTESIAN_POINT('',(9.01000000000001,-0.0300000000000005,-0.92802768));
#20122=CARTESIAN_POINT('',(9.01000000000001,-0.0300000000000005,-0.81));
#20123=CARTESIAN_POINT('',(9.01000000000001,-0.0300000000000005,-0.81));
#20124=CARTESIAN_POINT('',(9.01000000000001,-0.0300000000000005,-0.92802768));
#20125=CARTESIAN_POINT('',(9.01000000000001,-0.0300000000000005,0.01));
#20126=CARTESIAN_POINT('',(9.01000000000001,-0.0300000000000005,0.01));
#20127=CARTESIAN_POINT('',(1.73472347597681E-15,7.62,0.01));
#20128=CARTESIAN_POINT('',(9.01000000000001,-0.0300000000000005,0.01));
#20129=CARTESIAN_POINT('',(9.01000000000001,-0.930000000000002,0.01));
#20130=CARTESIAN_POINT('',(9.00000000000001,-0.0300000000000005,0.01));
#20131=CARTESIAN_POINT('',(8.55,-0.0300000000000005,0.01));
#20132=CARTESIAN_POINT('',(8.55,-0.0300000000000005,0.01));
#20133=CARTESIAN_POINT('',(8.55,-0.930000000000002,0.01));
#20134=CARTESIAN_POINT('',(8.55,-0.930000000000002,0.01));
#20135=CARTESIAN_POINT('',(9.01000000000001,-0.0300000000000005,-0.92802768));
#20136=CARTESIAN_POINT('',(9.01000000000001,-0.930000000000002,-0.92802768));
#20137=CARTESIAN_POINT('',(9.01000000000001,-0.930000000000002,-0.81));
#20138=CARTESIAN_POINT('',(9.01000000000001,-0.0300000000000005,-0.81));
#20139=CARTESIAN_POINT('',(1.73472347597681E-15,7.62,-0.81));
#20140=CARTESIAN_POINT('',(8.55,-0.930000000000002,-0.81));
#20141=CARTESIAN_POINT('',(8.55,-0.930000000000002,-0.81));
#20142=CARTESIAN_POINT('',(8.55,-0.0300000000000005,-0.81));
#20143=CARTESIAN_POINT('',(8.55,-0.0300000000000005,-0.81));
#20144=CARTESIAN_POINT('',(9.00000000000001,-0.0300000000000005,-0.81));
#20145=CARTESIAN_POINT('',(8.55,-0.0300000000000005,-0.81));
#20146=CARTESIAN_POINT('',(8.55,-0.0300000000000005,-0.8));
#20147=CARTESIAN_POINT('',(8.55,-0.0300000000000005,-0.8));
#20148=CARTESIAN_POINT('',(8.55,-0.930000000000002,-0.8));
#20149=CARTESIAN_POINT('',(8.55,-0.0300000000000005,-0.81));
#20150=CARTESIAN_POINT('',(8.55,-0.930000000000002,-0.81));
#20151=CARTESIAN_POINT('',(9.01,-1.3,-0.92802768));
#20152=CARTESIAN_POINT('',(9.01,-1.3,-0.81));
#20153=CARTESIAN_POINT('',(9.01,-1.3,-0.81));
#20154=CARTESIAN_POINT('',(9.01,-1.3,-0.92802768));
#20155=CARTESIAN_POINT('',(9.01,-1.3,0.01));
#20156=CARTESIAN_POINT('',(9.01,-1.3,0.01));
#20157=CARTESIAN_POINT('',(0.,6.35,0.01));
#20158=CARTESIAN_POINT('',(9.01,-1.3,0.01));
#20159=CARTESIAN_POINT('',(9.01,-2.2,0.01));
#20160=CARTESIAN_POINT('',(9.00000000000001,-1.3,0.01));
#20161=CARTESIAN_POINT('',(8.55,-1.3,0.01));
#20162=CARTESIAN_POINT('',(8.55,-1.3,0.01));
#20163=CARTESIAN_POINT('',(8.55,-2.2,0.01));
#20164=CARTESIAN_POINT('',(8.55,-2.2,0.01));
#20165=CARTESIAN_POINT('',(9.01,-1.3,-0.92802768));
#20166=CARTESIAN_POINT('',(9.01,-2.2,-0.92802768));
#20167=CARTESIAN_POINT('',(9.01,-2.2,-0.81));
#20168=CARTESIAN_POINT('',(9.01,-1.3,-0.81));
#20169=CARTESIAN_POINT('',(0.,6.35,-0.81));
#20170=CARTESIAN_POINT('',(8.55,-2.2,-0.81));
#20171=CARTESIAN_POINT('',(8.55,-2.2,-0.81));
#20172=CARTESIAN_POINT('',(8.55,-1.3,-0.81));
#20173=CARTESIAN_POINT('',(8.55,-1.3,-0.81));
#20174=CARTESIAN_POINT('',(9.00000000000001,-1.3,-0.81));
#20175=CARTESIAN_POINT('',(8.55,-1.3,-0.81));
#20176=CARTESIAN_POINT('',(8.55,-1.3,-0.8));
#20177=CARTESIAN_POINT('',(8.55,-1.3,-0.8));
#20178=CARTESIAN_POINT('',(8.55,-2.2,-0.8));
#20179=CARTESIAN_POINT('',(8.55,-1.3,-0.81));
#20180=CARTESIAN_POINT('',(8.55,-2.2,-0.81));
#20181=CARTESIAN_POINT('',(9.01,-2.57,-0.92802768));
#20182=CARTESIAN_POINT('',(9.01,-2.57,-0.81));
#20183=CARTESIAN_POINT('',(9.01,-2.57,-0.81));
#20184=CARTESIAN_POINT('',(9.01,-2.57,-0.92802768));
#20185=CARTESIAN_POINT('',(9.01,-2.57,0.01));
#20186=CARTESIAN_POINT('',(9.01,-2.57,0.01));
#20187=CARTESIAN_POINT('',(0.,5.08,0.01));
#20188=CARTESIAN_POINT('',(9.01,-2.57,0.01));
#20189=CARTESIAN_POINT('',(9.01,-3.47,0.01));
#20190=CARTESIAN_POINT('',(9.00000000000001,-2.57,0.01));
#20191=CARTESIAN_POINT('',(8.55,-2.57,0.01));
#20192=CARTESIAN_POINT('',(8.55,-2.57,0.01));
#20193=CARTESIAN_POINT('',(8.55,-3.47,0.01));
#20194=CARTESIAN_POINT('',(8.55,-3.47,0.01));
#20195=CARTESIAN_POINT('',(9.01,-2.57,-0.92802768));
#20196=CARTESIAN_POINT('',(9.01,-3.47,-0.92802768));
#20197=CARTESIAN_POINT('',(9.01,-3.47,-0.81));
#20198=CARTESIAN_POINT('',(9.01,-2.57,-0.81));
#20199=CARTESIAN_POINT('',(0.,5.08,-0.81));
#20200=CARTESIAN_POINT('',(8.55,-3.47,-0.81));
#20201=CARTESIAN_POINT('',(8.55,-3.47,-0.81));
#20202=CARTESIAN_POINT('',(8.55,-2.57,-0.81));
#20203=CARTESIAN_POINT('',(8.55,-2.57,-0.81));
#20204=CARTESIAN_POINT('',(9.00000000000001,-2.57,-0.81));
#20205=CARTESIAN_POINT('',(8.55,-2.57,-0.81));
#20206=CARTESIAN_POINT('',(8.55,-2.57,-0.8));
#20207=CARTESIAN_POINT('',(8.55,-2.57,-0.8));
#20208=CARTESIAN_POINT('',(8.55,-3.47,-0.8));
#20209=CARTESIAN_POINT('',(8.55,-2.57,-0.81));
#20210=CARTESIAN_POINT('',(8.55,-3.47,-0.81));
#20211=CARTESIAN_POINT('',(9.01,-3.84,-0.92802768));
#20212=CARTESIAN_POINT('',(9.01,-3.84,-0.81));
#20213=CARTESIAN_POINT('',(9.01,-3.84,-0.81));
#20214=CARTESIAN_POINT('',(9.01,-3.84,-0.92802768));
#20215=CARTESIAN_POINT('',(9.01,-3.84,0.01));
#20216=CARTESIAN_POINT('',(9.01,-3.84,0.01));
#20217=CARTESIAN_POINT('',(0.,3.81,0.01));
#20218=CARTESIAN_POINT('',(9.01,-3.84,0.01));
#20219=CARTESIAN_POINT('',(9.01,-4.74,0.01));
#20220=CARTESIAN_POINT('',(9.00000000000001,-3.84,0.01));
#20221=CARTESIAN_POINT('',(8.55,-3.84,0.01));
#20222=CARTESIAN_POINT('',(8.55,-3.84,0.01));
#20223=CARTESIAN_POINT('',(8.55,-4.74,0.01));
#20224=CARTESIAN_POINT('',(8.55,-4.74,0.01));
#20225=CARTESIAN_POINT('',(9.01,-3.84,-0.92802768));
#20226=CARTESIAN_POINT('',(9.01,-4.74,-0.92802768));
#20227=CARTESIAN_POINT('',(9.01,-4.74,-0.81));
#20228=CARTESIAN_POINT('',(9.01,-3.84,-0.81));
#20229=CARTESIAN_POINT('',(0.,3.81,-0.81));
#20230=CARTESIAN_POINT('',(8.55,-4.74,-0.81));
#20231=CARTESIAN_POINT('',(8.55,-4.74,-0.81));
#20232=CARTESIAN_POINT('',(8.55,-3.84,-0.81));
#20233=CARTESIAN_POINT('',(8.55,-3.84,-0.81));
#20234=CARTESIAN_POINT('',(9.00000000000001,-3.84,-0.81));
#20235=CARTESIAN_POINT('',(8.55,-3.84,-0.81));
#20236=CARTESIAN_POINT('',(8.55,-3.84,-0.8));
#20237=CARTESIAN_POINT('',(8.55,-3.84,-0.8));
#20238=CARTESIAN_POINT('',(8.55,-4.74,-0.8));
#20239=CARTESIAN_POINT('',(8.55,-3.84,-0.81));
#20240=CARTESIAN_POINT('',(8.55,-4.74,-0.81));
#20241=CARTESIAN_POINT('',(9.01,-5.11,-0.92802768));
#20242=CARTESIAN_POINT('',(9.01,-5.11,-0.81));
#20243=CARTESIAN_POINT('',(9.01,-5.11,-0.81));
#20244=CARTESIAN_POINT('',(9.01,-5.11,-0.92802768));
#20245=CARTESIAN_POINT('',(9.01,-5.11,0.01));
#20246=CARTESIAN_POINT('',(9.01,-5.11,0.01));
#20247=CARTESIAN_POINT('',(0.,2.54,0.01));
#20248=CARTESIAN_POINT('',(9.01,-5.11,0.01));
#20249=CARTESIAN_POINT('',(9.01,-6.01,0.01));
#20250=CARTESIAN_POINT('',(9.00000000000001,-5.11,0.01));
#20251=CARTESIAN_POINT('',(8.55,-5.11,0.01));
#20252=CARTESIAN_POINT('',(8.55,-5.11,0.01));
#20253=CARTESIAN_POINT('',(8.55,-6.01,0.01));
#20254=CARTESIAN_POINT('',(8.55,-6.01,0.01));
#20255=CARTESIAN_POINT('',(9.01,-5.11,-0.92802768));
#20256=CARTESIAN_POINT('',(9.01,-6.01,-0.92802768));
#20257=CARTESIAN_POINT('',(9.01,-6.01,-0.81));
#20258=CARTESIAN_POINT('',(9.01,-5.11,-0.81));
#20259=CARTESIAN_POINT('',(0.,2.54,-0.81));
#20260=CARTESIAN_POINT('',(8.55,-6.01,-0.81));
#20261=CARTESIAN_POINT('',(8.55,-6.01,-0.81));
#20262=CARTESIAN_POINT('',(8.55,-5.11,-0.81));
#20263=CARTESIAN_POINT('',(8.55,-5.11,-0.81));
#20264=CARTESIAN_POINT('',(9.00000000000001,-5.11,-0.81));
#20265=CARTESIAN_POINT('',(8.55,-5.11,-0.81));
#20266=CARTESIAN_POINT('',(8.55,-5.11,-0.8));
#20267=CARTESIAN_POINT('',(8.55,-5.11,-0.8));
#20268=CARTESIAN_POINT('',(8.55,-6.01,-0.8));
#20269=CARTESIAN_POINT('',(8.55,-5.11,-0.81));
#20270=CARTESIAN_POINT('',(8.55,-6.01,-0.81));
#20271=CARTESIAN_POINT('',(9.01,-6.38,-0.92802768));
#20272=CARTESIAN_POINT('',(9.01,-6.38,-0.81));
#20273=CARTESIAN_POINT('',(9.01,-6.38,-0.81));
#20274=CARTESIAN_POINT('',(9.01,-6.38,-0.92802768));
#20275=CARTESIAN_POINT('',(9.01,-6.38,0.01));
#20276=CARTESIAN_POINT('',(9.01,-6.38,0.01));
#20277=CARTESIAN_POINT('',(0.,1.27,0.01));
#20278=CARTESIAN_POINT('',(9.01,-6.38,0.01));
#20279=CARTESIAN_POINT('',(9.01,-7.28,0.01));
#20280=CARTESIAN_POINT('',(9.00000000000001,-6.38,0.01));
#20281=CARTESIAN_POINT('',(8.55,-6.38,0.01));
#20282=CARTESIAN_POINT('',(8.55,-6.38,0.01));
#20283=CARTESIAN_POINT('',(8.55,-7.28,0.01));
#20284=CARTESIAN_POINT('',(8.55,-7.28,0.01));
#20285=CARTESIAN_POINT('',(9.01,-6.38,-0.92802768));
#20286=CARTESIAN_POINT('',(9.01,-7.28,-0.92802768));
#20287=CARTESIAN_POINT('',(9.01,-7.28,-0.81));
#20288=CARTESIAN_POINT('',(9.01,-6.38,-0.81));
#20289=CARTESIAN_POINT('',(0.,1.27,-0.81));
#20290=CARTESIAN_POINT('',(8.55,-7.28,-0.81));
#20291=CARTESIAN_POINT('',(8.55,-7.28,-0.81));
#20292=CARTESIAN_POINT('',(8.55,-6.38,-0.81));
#20293=CARTESIAN_POINT('',(8.55,-6.38,-0.81));
#20294=CARTESIAN_POINT('',(9.00000000000001,-6.38,-0.81));
#20295=CARTESIAN_POINT('',(8.55,-6.38,-0.81));
#20296=CARTESIAN_POINT('',(8.55,-6.38,-0.8));
#20297=CARTESIAN_POINT('',(8.55,-6.38,-0.8));
#20298=CARTESIAN_POINT('',(8.55,-7.28,-0.8));
#20299=CARTESIAN_POINT('',(8.55,-6.38,-0.81));
#20300=CARTESIAN_POINT('',(8.55,-7.28,-0.81));
#20301=CARTESIAN_POINT('',(9.01,-7.65,-0.92802768));
#20302=CARTESIAN_POINT('',(9.01,-7.65,-0.81));
#20303=CARTESIAN_POINT('',(9.01,-7.65,-0.81));
#20304=CARTESIAN_POINT('',(9.01,-7.65,-0.92802768));
#20305=CARTESIAN_POINT('',(9.01,-7.65,0.01));
#20306=CARTESIAN_POINT('',(9.01,-7.65,0.01));
#20307=CARTESIAN_POINT('',(0.,0.,0.01));
#20308=CARTESIAN_POINT('',(9.01,-7.65,0.01));
#20309=CARTESIAN_POINT('',(9.01,-8.55,0.01));
#20310=CARTESIAN_POINT('',(9.00000000000001,-7.65,0.01));
#20311=CARTESIAN_POINT('',(8.55,-7.65,0.01));
#20312=CARTESIAN_POINT('',(8.55,-7.65,0.01));
#20313=CARTESIAN_POINT('',(8.55,-8.55,0.01));
#20314=CARTESIAN_POINT('',(8.55,-8.55,0.01));
#20315=CARTESIAN_POINT('',(9.01,-7.65,-0.92802768));
#20316=CARTESIAN_POINT('',(9.01,-8.55,-0.92802768));
#20317=CARTESIAN_POINT('',(9.01,-8.55,-0.81));
#20318=CARTESIAN_POINT('',(9.01,-7.65,-0.81));
#20319=CARTESIAN_POINT('',(0.,0.,-0.81));
#20320=CARTESIAN_POINT('',(8.55,-8.55,-0.81));
#20321=CARTESIAN_POINT('',(8.55,-8.55,-0.81));
#20322=CARTESIAN_POINT('',(8.55,-7.65,-0.81));
#20323=CARTESIAN_POINT('',(8.55,-7.65,-0.81));
#20324=CARTESIAN_POINT('',(9.00000000000001,-7.65,-0.81));
#20325=CARTESIAN_POINT('',(8.55,-7.65,-0.81));
#20326=CARTESIAN_POINT('',(8.55,-7.65,-0.8));
#20327=CARTESIAN_POINT('',(8.55,-7.65,-0.8));
#20328=CARTESIAN_POINT('',(8.55,-8.55,-0.8));
#20329=CARTESIAN_POINT('',(8.55,-7.65,-0.81));
#20330=CARTESIAN_POINT('',(8.55,-8.55,-0.81));
#20331=CARTESIAN_POINT('',(6.535,-9.61,-0.92802768));
#20332=CARTESIAN_POINT('',(6.535,-9.61,0.01));
#20333=CARTESIAN_POINT('',(7.435,-9.61,0.01));
#20334=CARTESIAN_POINT('',(6.535,-9.61,-0.81));
#20335=CARTESIAN_POINT('',(7.435,-9.61,-0.81));
#20336=CARTESIAN_POINT('',(7.435,-9.61,-0.92802768));
#20337=CARTESIAN_POINT('',(0.,0.,0.01));
#20338=CARTESIAN_POINT('',(6.535,-9.61,0.01));
#20339=CARTESIAN_POINT('',(6.535,-9.61,0.01));
#20340=CARTESIAN_POINT('',(7.435,-9.15,0.01));
#20341=CARTESIAN_POINT('',(7.435,-9.15,0.01));
#20342=CARTESIAN_POINT('',(6.535,-9.15,0.01));
#20343=CARTESIAN_POINT('',(6.535,-9.15,0.01));
#20344=CARTESIAN_POINT('',(6.535,-9.6,0.01));
#20345=CARTESIAN_POINT('',(6.535,-9.61,-0.92802768));
#20346=CARTESIAN_POINT('',(6.535,-9.61,-0.81));
#20347=CARTESIAN_POINT('',(6.535,-9.61,-0.81));
#20348=CARTESIAN_POINT('',(6.535,-9.61,-0.92802768));
#20349=CARTESIAN_POINT('',(0.,0.,-0.81));
#20350=CARTESIAN_POINT('',(6.535,-9.6,-0.81));
#20351=CARTESIAN_POINT('',(6.535,-9.15,-0.81));
#20352=CARTESIAN_POINT('',(6.535,-9.15,-0.81));
#20353=CARTESIAN_POINT('',(7.435,-9.15,-0.81));
#20354=CARTESIAN_POINT('',(7.435,-9.15,-0.81));
#20355=CARTESIAN_POINT('',(6.535,-9.15,-0.81));
#20356=CARTESIAN_POINT('',(6.535,-9.15,-0.8));
#20357=CARTESIAN_POINT('',(7.435,-9.15,-0.8));
#20358=CARTESIAN_POINT('',(6.535,-9.15,-0.8));
#20359=CARTESIAN_POINT('',(7.435,-9.15,-0.81));
#20360=CARTESIAN_POINT('',(6.535,-9.15,-0.81));
#20361=CARTESIAN_POINT('',(5.265,-9.61,-0.92802768));
#20362=CARTESIAN_POINT('',(5.265,-9.61,0.01));
#20363=CARTESIAN_POINT('',(6.165,-9.61,0.01));
#20364=CARTESIAN_POINT('',(5.265,-9.61,-0.81));
#20365=CARTESIAN_POINT('',(6.165,-9.61,-0.81));
#20366=CARTESIAN_POINT('',(6.165,-9.61,-0.92802768));
#20367=CARTESIAN_POINT('',(-1.27,0.,0.01));
#20368=CARTESIAN_POINT('',(5.265,-9.61,0.01));
#20369=CARTESIAN_POINT('',(5.265,-9.61,0.01));
#20370=CARTESIAN_POINT('',(6.165,-9.15,0.01));
#20371=CARTESIAN_POINT('',(6.165,-9.15,0.01));
#20372=CARTESIAN_POINT('',(5.265,-9.15,0.01));
#20373=CARTESIAN_POINT('',(5.265,-9.15,0.01));
#20374=CARTESIAN_POINT('',(5.265,-9.6,0.01));
#20375=CARTESIAN_POINT('',(5.265,-9.61,-0.92802768));
#20376=CARTESIAN_POINT('',(5.265,-9.61,-0.81));
#20377=CARTESIAN_POINT('',(5.265,-9.61,-0.81));
#20378=CARTESIAN_POINT('',(5.265,-9.61,-0.92802768));
#20379=CARTESIAN_POINT('',(-1.27,0.,-0.81));
#20380=CARTESIAN_POINT('',(5.265,-9.6,-0.81));
#20381=CARTESIAN_POINT('',(5.265,-9.15,-0.81));
#20382=CARTESIAN_POINT('',(5.265,-9.15,-0.81));
#20383=CARTESIAN_POINT('',(6.165,-9.15,-0.81));
#20384=CARTESIAN_POINT('',(6.165,-9.15,-0.81));
#20385=CARTESIAN_POINT('',(5.265,-9.15,-0.81));
#20386=CARTESIAN_POINT('',(5.265,-9.15,-0.8));
#20387=CARTESIAN_POINT('',(6.165,-9.15,-0.8));
#20388=CARTESIAN_POINT('',(5.265,-9.15,-0.8));
#20389=CARTESIAN_POINT('',(6.165,-9.15,-0.81));
#20390=CARTESIAN_POINT('',(5.265,-9.15,-0.81));
#20391=CARTESIAN_POINT('',(3.995,-9.61,-0.92802768));
#20392=CARTESIAN_POINT('',(3.995,-9.61,0.01));
#20393=CARTESIAN_POINT('',(4.895,-9.61,0.01));
#20394=CARTESIAN_POINT('',(3.995,-9.61,-0.81));
#20395=CARTESIAN_POINT('',(4.895,-9.61,-0.81));
#20396=CARTESIAN_POINT('',(4.895,-9.61,-0.92802768));
#20397=CARTESIAN_POINT('',(-2.54,0.,0.01));
#20398=CARTESIAN_POINT('',(3.995,-9.61,0.01));
#20399=CARTESIAN_POINT('',(3.995,-9.61,0.01));
#20400=CARTESIAN_POINT('',(4.895,-9.15,0.01));
#20401=CARTESIAN_POINT('',(4.895,-9.15,0.01));
#20402=CARTESIAN_POINT('',(3.995,-9.15,0.01));
#20403=CARTESIAN_POINT('',(3.995,-9.15,0.01));
#20404=CARTESIAN_POINT('',(3.995,-9.6,0.01));
#20405=CARTESIAN_POINT('',(3.995,-9.61,-0.92802768));
#20406=CARTESIAN_POINT('',(3.995,-9.61,-0.81));
#20407=CARTESIAN_POINT('',(3.995,-9.61,-0.81));
#20408=CARTESIAN_POINT('',(3.995,-9.61,-0.92802768));
#20409=CARTESIAN_POINT('',(-2.54,0.,-0.81));
#20410=CARTESIAN_POINT('',(3.995,-9.6,-0.81));
#20411=CARTESIAN_POINT('',(3.995,-9.15,-0.81));
#20412=CARTESIAN_POINT('',(3.995,-9.15,-0.81));
#20413=CARTESIAN_POINT('',(4.895,-9.15,-0.81));
#20414=CARTESIAN_POINT('',(4.895,-9.15,-0.81));
#20415=CARTESIAN_POINT('',(3.995,-9.15,-0.81));
#20416=CARTESIAN_POINT('',(3.995,-9.15,-0.8));
#20417=CARTESIAN_POINT('',(4.895,-9.15,-0.8));
#20418=CARTESIAN_POINT('',(3.995,-9.15,-0.8));
#20419=CARTESIAN_POINT('',(4.895,-9.15,-0.81));
#20420=CARTESIAN_POINT('',(3.995,-9.15,-0.81));
#20421=CARTESIAN_POINT('',(2.725,-9.61,-0.92802768));
#20422=CARTESIAN_POINT('',(2.725,-9.61,0.01));
#20423=CARTESIAN_POINT('',(3.625,-9.61,0.01));
#20424=CARTESIAN_POINT('',(2.725,-9.61,-0.81));
#20425=CARTESIAN_POINT('',(3.625,-9.61,-0.81));
#20426=CARTESIAN_POINT('',(3.625,-9.61,-0.92802768));
#20427=CARTESIAN_POINT('',(-3.81,0.,0.01));
#20428=CARTESIAN_POINT('',(2.725,-9.61,0.01));
#20429=CARTESIAN_POINT('',(2.725,-9.61,0.01));
#20430=CARTESIAN_POINT('',(3.625,-9.15,0.01));
#20431=CARTESIAN_POINT('',(3.625,-9.15,0.01));
#20432=CARTESIAN_POINT('',(2.725,-9.15,0.01));
#20433=CARTESIAN_POINT('',(2.725,-9.15,0.01));
#20434=CARTESIAN_POINT('',(2.725,-9.6,0.01));
#20435=CARTESIAN_POINT('',(2.725,-9.61,-0.92802768));
#20436=CARTESIAN_POINT('',(2.725,-9.61,-0.81));
#20437=CARTESIAN_POINT('',(2.725,-9.61,-0.81));
#20438=CARTESIAN_POINT('',(2.725,-9.61,-0.92802768));
#20439=CARTESIAN_POINT('',(-3.81,0.,-0.81));
#20440=CARTESIAN_POINT('',(2.725,-9.6,-0.81));
#20441=CARTESIAN_POINT('',(2.725,-9.15,-0.81));
#20442=CARTESIAN_POINT('',(2.725,-9.15,-0.81));
#20443=CARTESIAN_POINT('',(3.625,-9.15,-0.81));
#20444=CARTESIAN_POINT('',(3.625,-9.15,-0.81));
#20445=CARTESIAN_POINT('',(2.725,-9.15,-0.81));
#20446=CARTESIAN_POINT('',(2.725,-9.15,-0.8));
#20447=CARTESIAN_POINT('',(3.625,-9.15,-0.8));
#20448=CARTESIAN_POINT('',(2.725,-9.15,-0.8));
#20449=CARTESIAN_POINT('',(3.625,-9.15,-0.81));
#20450=CARTESIAN_POINT('',(2.725,-9.15,-0.81));
#20451=CARTESIAN_POINT('',(1.455,-9.61,-0.92802768));
#20452=CARTESIAN_POINT('',(1.455,-9.61,0.01));
#20453=CARTESIAN_POINT('',(2.355,-9.61,0.01));
#20454=CARTESIAN_POINT('',(1.455,-9.61,-0.81));
#20455=CARTESIAN_POINT('',(2.355,-9.61,-0.81));
#20456=CARTESIAN_POINT('',(2.355,-9.61,-0.92802768));
#20457=CARTESIAN_POINT('',(-5.08,0.,0.01));
#20458=CARTESIAN_POINT('',(1.455,-9.61,0.01));
#20459=CARTESIAN_POINT('',(1.455,-9.61,0.01));
#20460=CARTESIAN_POINT('',(2.355,-9.15,0.01));
#20461=CARTESIAN_POINT('',(2.355,-9.15,0.01));
#20462=CARTESIAN_POINT('',(1.455,-9.15,0.01));
#20463=CARTESIAN_POINT('',(1.455,-9.15,0.01));
#20464=CARTESIAN_POINT('',(1.455,-9.6,0.01));
#20465=CARTESIAN_POINT('',(1.455,-9.61,-0.92802768));
#20466=CARTESIAN_POINT('',(1.455,-9.61,-0.81));
#20467=CARTESIAN_POINT('',(1.455,-9.61,-0.81));
#20468=CARTESIAN_POINT('',(1.455,-9.61,-0.92802768));
#20469=CARTESIAN_POINT('',(-5.08,0.,-0.81));
#20470=CARTESIAN_POINT('',(1.455,-9.6,-0.81));
#20471=CARTESIAN_POINT('',(1.455,-9.15,-0.81));
#20472=CARTESIAN_POINT('',(1.455,-9.15,-0.81));
#20473=CARTESIAN_POINT('',(2.355,-9.15,-0.81));
#20474=CARTESIAN_POINT('',(2.355,-9.15,-0.81));
#20475=CARTESIAN_POINT('',(1.455,-9.15,-0.81));
#20476=CARTESIAN_POINT('',(1.455,-9.15,-0.8));
#20477=CARTESIAN_POINT('',(2.355,-9.15,-0.8));
#20478=CARTESIAN_POINT('',(1.455,-9.15,-0.8));
#20479=CARTESIAN_POINT('',(2.355,-9.15,-0.81));
#20480=CARTESIAN_POINT('',(1.455,-9.15,-0.81));
#20481=CARTESIAN_POINT('',(0.185,-9.61,-0.92802768));
#20482=CARTESIAN_POINT('',(0.185,-9.61,0.01));
#20483=CARTESIAN_POINT('',(1.085,-9.61,0.01));
#20484=CARTESIAN_POINT('',(0.185,-9.61,-0.81));
#20485=CARTESIAN_POINT('',(1.085,-9.61,-0.81));
#20486=CARTESIAN_POINT('',(1.085,-9.61,-0.92802768));
#20487=CARTESIAN_POINT('',(-6.35,0.,0.01));
#20488=CARTESIAN_POINT('',(0.185,-9.61,0.01));
#20489=CARTESIAN_POINT('',(0.185,-9.61,0.01));
#20490=CARTESIAN_POINT('',(1.085,-9.15,0.01));
#20491=CARTESIAN_POINT('',(1.085,-9.15,0.01));
#20492=CARTESIAN_POINT('',(0.185,-9.15,0.01));
#20493=CARTESIAN_POINT('',(0.185,-9.15,0.01));
#20494=CARTESIAN_POINT('',(0.185,-9.6,0.01));
#20495=CARTESIAN_POINT('',(0.185,-9.61,-0.92802768));
#20496=CARTESIAN_POINT('',(0.185,-9.61,-0.81));
#20497=CARTESIAN_POINT('',(0.185,-9.61,-0.81));
#20498=CARTESIAN_POINT('',(0.185,-9.61,-0.92802768));
#20499=CARTESIAN_POINT('',(-6.35,0.,-0.81));
#20500=CARTESIAN_POINT('',(0.185,-9.6,-0.81));
#20501=CARTESIAN_POINT('',(0.185,-9.15,-0.81));
#20502=CARTESIAN_POINT('',(0.185,-9.15,-0.81));
#20503=CARTESIAN_POINT('',(1.085,-9.15,-0.81));
#20504=CARTESIAN_POINT('',(1.085,-9.15,-0.81));
#20505=CARTESIAN_POINT('',(0.185,-9.15,-0.81));
#20506=CARTESIAN_POINT('',(0.185,-9.15,-0.8));
#20507=CARTESIAN_POINT('',(1.085,-9.15,-0.8));
#20508=CARTESIAN_POINT('',(0.185,-9.15,-0.8));
#20509=CARTESIAN_POINT('',(1.085,-9.15,-0.81));
#20510=CARTESIAN_POINT('',(0.185,-9.15,-0.81));
#20511=CARTESIAN_POINT('',(-1.085,-9.61,-0.92802768));
#20512=CARTESIAN_POINT('',(-1.085,-9.61,0.01));
#20513=CARTESIAN_POINT('',(-0.184999999999999,-9.61,0.01));
#20514=CARTESIAN_POINT('',(-1.085,-9.61,-0.81));
#20515=CARTESIAN_POINT('',(-0.184999999999999,-9.61,-0.81));
#20516=CARTESIAN_POINT('',(-0.184999999999999,-9.61,-0.92802768));
#20517=CARTESIAN_POINT('',(-7.62,1.73472347597681E-15,0.01));
#20518=CARTESIAN_POINT('',(-1.085,-9.61,0.01));
#20519=CARTESIAN_POINT('',(-1.085,-9.61,0.01));
#20520=CARTESIAN_POINT('',(-0.184999999999999,-9.15,0.01));
#20521=CARTESIAN_POINT('',(-0.184999999999999,-9.15,0.01));
#20522=CARTESIAN_POINT('',(-1.085,-9.15,0.01));
#20523=CARTESIAN_POINT('',(-1.085,-9.15,0.01));
#20524=CARTESIAN_POINT('',(-1.085,-9.6,0.01));
#20525=CARTESIAN_POINT('',(-1.085,-9.61,-0.92802768));
#20526=CARTESIAN_POINT('',(-1.085,-9.61,-0.81));
#20527=CARTESIAN_POINT('',(-1.085,-9.61,-0.81));
#20528=CARTESIAN_POINT('',(-1.085,-9.61,-0.92802768));
#20529=CARTESIAN_POINT('',(-7.62,1.73472347597681E-15,-0.81));
#20530=CARTESIAN_POINT('',(-1.085,-9.6,-0.81));
#20531=CARTESIAN_POINT('',(-1.085,-9.15,-0.81));
#20532=CARTESIAN_POINT('',(-1.085,-9.15,-0.81));
#20533=CARTESIAN_POINT('',(-0.184999999999999,-9.15,-0.81));
#20534=CARTESIAN_POINT('',(-0.184999999999999,-9.15,-0.81));
#20535=CARTESIAN_POINT('',(-1.085,-9.15,-0.81));
#20536=CARTESIAN_POINT('',(-1.085,-9.15,-0.8));
#20537=CARTESIAN_POINT('',(-0.184999999999999,-9.15,-0.8));
#20538=CARTESIAN_POINT('',(-1.085,-9.15,-0.8));
#20539=CARTESIAN_POINT('',(-0.184999999999999,-9.15,-0.81));
#20540=CARTESIAN_POINT('',(-1.085,-9.15,-0.81));
#20541=CARTESIAN_POINT('',(-2.355,-9.61,-0.92802768));
#20542=CARTESIAN_POINT('',(-2.355,-9.61,0.01));
#20543=CARTESIAN_POINT('',(-1.455,-9.61,0.01));
#20544=CARTESIAN_POINT('',(-2.355,-9.61,-0.81));
#20545=CARTESIAN_POINT('',(-1.455,-9.61,-0.81));
#20546=CARTESIAN_POINT('',(-1.455,-9.61,-0.92802768));
#20547=CARTESIAN_POINT('',(-8.89,1.73472347597681E-15,0.01));
#20548=CARTESIAN_POINT('',(-2.355,-9.61,0.01));
#20549=CARTESIAN_POINT('',(-2.355,-9.61,0.01));
#20550=CARTESIAN_POINT('',(-1.455,-9.15,0.01));
#20551=CARTESIAN_POINT('',(-1.455,-9.15,0.01));
#20552=CARTESIAN_POINT('',(-2.355,-9.15,0.01));
#20553=CARTESIAN_POINT('',(-2.355,-9.15,0.01));
#20554=CARTESIAN_POINT('',(-2.355,-9.6,0.01));
#20555=CARTESIAN_POINT('',(-2.355,-9.61,-0.92802768));
#20556=CARTESIAN_POINT('',(-2.355,-9.61,-0.81));
#20557=CARTESIAN_POINT('',(-2.355,-9.61,-0.81));
#20558=CARTESIAN_POINT('',(-2.355,-9.61,-0.92802768));
#20559=CARTESIAN_POINT('',(-8.89,1.73472347597681E-15,-0.81));
#20560=CARTESIAN_POINT('',(-2.355,-9.6,-0.81));
#20561=CARTESIAN_POINT('',(-2.355,-9.15,-0.81));
#20562=CARTESIAN_POINT('',(-2.355,-9.15,-0.81));
#20563=CARTESIAN_POINT('',(-1.455,-9.15,-0.81));
#20564=CARTESIAN_POINT('',(-1.455,-9.15,-0.81));
#20565=CARTESIAN_POINT('',(-2.355,-9.15,-0.81));
#20566=CARTESIAN_POINT('',(-2.355,-9.15,-0.8));
#20567=CARTESIAN_POINT('',(-1.455,-9.15,-0.8));
#20568=CARTESIAN_POINT('',(-2.355,-9.15,-0.8));
#20569=CARTESIAN_POINT('',(-1.455,-9.15,-0.81));
#20570=CARTESIAN_POINT('',(-2.355,-9.15,-0.81));
#20571=CARTESIAN_POINT('',(-3.625,-9.61,-0.92802768));
#20572=CARTESIAN_POINT('',(-3.625,-9.61,0.01));
#20573=CARTESIAN_POINT('',(-2.725,-9.61,0.01));
#20574=CARTESIAN_POINT('',(-3.625,-9.61,-0.81));
#20575=CARTESIAN_POINT('',(-2.725,-9.61,-0.81));
#20576=CARTESIAN_POINT('',(-2.725,-9.61,-0.92802768));
#20577=CARTESIAN_POINT('',(-10.16,1.73472347597681E-15,0.01));
#20578=CARTESIAN_POINT('',(-3.625,-9.61,0.01));
#20579=CARTESIAN_POINT('',(-3.625,-9.61,0.01));
#20580=CARTESIAN_POINT('',(-2.725,-9.15,0.01));
#20581=CARTESIAN_POINT('',(-2.725,-9.15,0.01));
#20582=CARTESIAN_POINT('',(-3.625,-9.15,0.01));
#20583=CARTESIAN_POINT('',(-3.625,-9.15,0.01));
#20584=CARTESIAN_POINT('',(-3.625,-9.6,0.01));
#20585=CARTESIAN_POINT('',(-3.625,-9.61,-0.92802768));
#20586=CARTESIAN_POINT('',(-3.625,-9.61,-0.81));
#20587=CARTESIAN_POINT('',(-3.625,-9.61,-0.81));
#20588=CARTESIAN_POINT('',(-3.625,-9.61,-0.92802768));
#20589=CARTESIAN_POINT('',(-10.16,1.73472347597681E-15,-0.81));
#20590=CARTESIAN_POINT('',(-3.625,-9.6,-0.81));
#20591=CARTESIAN_POINT('',(-3.625,-9.15,-0.81));
#20592=CARTESIAN_POINT('',(-3.625,-9.15,-0.81));
#20593=CARTESIAN_POINT('',(-2.725,-9.15,-0.81));
#20594=CARTESIAN_POINT('',(-2.725,-9.15,-0.81));
#20595=CARTESIAN_POINT('',(-3.625,-9.15,-0.81));
#20596=CARTESIAN_POINT('',(-3.625,-9.15,-0.8));
#20597=CARTESIAN_POINT('',(-2.725,-9.15,-0.8));
#20598=CARTESIAN_POINT('',(-3.625,-9.15,-0.8));
#20599=CARTESIAN_POINT('',(-2.725,-9.15,-0.81));
#20600=CARTESIAN_POINT('',(-3.625,-9.15,-0.81));
#20601=CARTESIAN_POINT('',(-4.895,-9.61,-0.92802768));
#20602=CARTESIAN_POINT('',(-4.895,-9.61,0.01));
#20603=CARTESIAN_POINT('',(-3.995,-9.61,0.01));
#20604=CARTESIAN_POINT('',(-4.895,-9.61,-0.81));
#20605=CARTESIAN_POINT('',(-3.995,-9.61,-0.81));
#20606=CARTESIAN_POINT('',(-3.995,-9.61,-0.92802768));
#20607=CARTESIAN_POINT('',(-11.43,1.73472347597681E-15,0.01));
#20608=CARTESIAN_POINT('',(-4.895,-9.61,0.01));
#20609=CARTESIAN_POINT('',(-4.895,-9.61,0.01));
#20610=CARTESIAN_POINT('',(-3.995,-9.15,0.01));
#20611=CARTESIAN_POINT('',(-3.995,-9.15,0.01));
#20612=CARTESIAN_POINT('',(-4.895,-9.15,0.01));
#20613=CARTESIAN_POINT('',(-4.895,-9.15,0.01));
#20614=CARTESIAN_POINT('',(-4.895,-9.6,0.01));
#20615=CARTESIAN_POINT('',(-4.895,-9.61,-0.92802768));
#20616=CARTESIAN_POINT('',(-4.895,-9.61,-0.81));
#20617=CARTESIAN_POINT('',(-4.895,-9.61,-0.81));
#20618=CARTESIAN_POINT('',(-4.895,-9.61,-0.92802768));
#20619=CARTESIAN_POINT('',(-11.43,1.73472347597681E-15,-0.81));
#20620=CARTESIAN_POINT('',(-4.895,-9.6,-0.81));
#20621=CARTESIAN_POINT('',(-4.895,-9.15,-0.81));
#20622=CARTESIAN_POINT('',(-4.895,-9.15,-0.81));
#20623=CARTESIAN_POINT('',(-3.995,-9.15,-0.81));
#20624=CARTESIAN_POINT('',(-3.995,-9.15,-0.81));
#20625=CARTESIAN_POINT('',(-4.895,-9.15,-0.81));
#20626=CARTESIAN_POINT('',(-4.895,-9.15,-0.8));
#20627=CARTESIAN_POINT('',(-3.995,-9.15,-0.8));
#20628=CARTESIAN_POINT('',(-4.895,-9.15,-0.8));
#20629=CARTESIAN_POINT('',(-3.995,-9.15,-0.81));
#20630=CARTESIAN_POINT('',(-4.895,-9.15,-0.81));
#20631=CARTESIAN_POINT('',(-6.165,-9.61,-0.92802768));
#20632=CARTESIAN_POINT('',(-6.165,-9.61,0.01));
#20633=CARTESIAN_POINT('',(-5.265,-9.61,0.01));
#20634=CARTESIAN_POINT('',(-6.165,-9.61,-0.81));
#20635=CARTESIAN_POINT('',(-5.265,-9.61,-0.81));
#20636=CARTESIAN_POINT('',(-5.265,-9.61,-0.92802768));
#20637=CARTESIAN_POINT('',(-12.7,1.73472347597681E-15,0.01));
#20638=CARTESIAN_POINT('',(-6.165,-9.61,0.01));
#20639=CARTESIAN_POINT('',(-6.165,-9.61,0.01));
#20640=CARTESIAN_POINT('',(-5.265,-9.15,0.01));
#20641=CARTESIAN_POINT('',(-5.265,-9.15,0.01));
#20642=CARTESIAN_POINT('',(-6.165,-9.15,0.01));
#20643=CARTESIAN_POINT('',(-6.165,-9.15,0.01));
#20644=CARTESIAN_POINT('',(-6.165,-9.6,0.01));
#20645=CARTESIAN_POINT('',(-6.165,-9.61,-0.92802768));
#20646=CARTESIAN_POINT('',(-6.165,-9.61,-0.81));
#20647=CARTESIAN_POINT('',(-6.165,-9.61,-0.81));
#20648=CARTESIAN_POINT('',(-6.165,-9.61,-0.92802768));
#20649=CARTESIAN_POINT('',(-12.7,1.73472347597681E-15,-0.81));
#20650=CARTESIAN_POINT('',(-6.165,-9.6,-0.81));
#20651=CARTESIAN_POINT('',(-6.165,-9.15,-0.81));
#20652=CARTESIAN_POINT('',(-6.165,-9.15,-0.81));
#20653=CARTESIAN_POINT('',(-5.265,-9.15,-0.81));
#20654=CARTESIAN_POINT('',(-5.265,-9.15,-0.81));
#20655=CARTESIAN_POINT('',(-6.165,-9.15,-0.81));
#20656=CARTESIAN_POINT('',(-6.165,-9.15,-0.8));
#20657=CARTESIAN_POINT('',(-5.265,-9.15,-0.8));
#20658=CARTESIAN_POINT('',(-6.165,-9.15,-0.8));
#20659=CARTESIAN_POINT('',(-5.265,-9.15,-0.81));
#20660=CARTESIAN_POINT('',(-6.165,-9.15,-0.81));
#20661=CARTESIAN_POINT('',(-7.435,-9.61,-0.92802768));
#20662=CARTESIAN_POINT('',(-7.435,-9.61,0.01));
#20663=CARTESIAN_POINT('',(-6.535,-9.61,0.01));
#20664=CARTESIAN_POINT('',(-7.435,-9.61,-0.81));
#20665=CARTESIAN_POINT('',(-6.535,-9.61,-0.81));
#20666=CARTESIAN_POINT('',(-6.535,-9.61,-0.92802768));
#20667=CARTESIAN_POINT('',(-13.97,1.73472347597681E-15,0.01));
#20668=CARTESIAN_POINT('',(-7.435,-9.61,0.01));
#20669=CARTESIAN_POINT('',(-7.435,-9.61,0.01));
#20670=CARTESIAN_POINT('',(-6.535,-9.15,0.01));
#20671=CARTESIAN_POINT('',(-6.535,-9.15,0.01));
#20672=CARTESIAN_POINT('',(-7.435,-9.15,0.01));
#20673=CARTESIAN_POINT('',(-7.435,-9.15,0.01));
#20674=CARTESIAN_POINT('',(-7.435,-9.6,0.01));
#20675=CARTESIAN_POINT('',(-7.435,-9.61,-0.92802768));
#20676=CARTESIAN_POINT('',(-7.435,-9.61,-0.81));
#20677=CARTESIAN_POINT('',(-7.435,-9.61,-0.81));
#20678=CARTESIAN_POINT('',(-7.435,-9.61,-0.92802768));
#20679=CARTESIAN_POINT('',(-13.97,1.73472347597681E-15,-0.81));
#20680=CARTESIAN_POINT('',(-7.435,-9.6,-0.81));
#20681=CARTESIAN_POINT('',(-7.435,-9.15,-0.81));
#20682=CARTESIAN_POINT('',(-7.435,-9.15,-0.81));
#20683=CARTESIAN_POINT('',(-6.535,-9.15,-0.81));
#20684=CARTESIAN_POINT('',(-6.535,-9.15,-0.81));
#20685=CARTESIAN_POINT('',(-7.435,-9.15,-0.81));
#20686=CARTESIAN_POINT('',(-7.435,-9.15,-0.8));
#20687=CARTESIAN_POINT('',(-6.535,-9.15,-0.8));
#20688=CARTESIAN_POINT('',(-7.435,-9.15,-0.8));
#20689=CARTESIAN_POINT('',(-6.535,-9.15,-0.81));
#20690=CARTESIAN_POINT('',(-7.435,-9.15,-0.81));
#20691=CARTESIAN_POINT('',(0.,0.,-0.8));
#20692=CARTESIAN_POINT('',(-9.,-9.6,-0.8));
#20693=CARTESIAN_POINT('',(-9.,-9.6,-0.8));
#20694=CARTESIAN_POINT('',(-7.435,-9.6,-0.8));
#20695=CARTESIAN_POINT('',(-9.,9.6,-0.8));
#20696=CARTESIAN_POINT('',(-9.,-8.55,-0.8));
#20697=CARTESIAN_POINT('',(-8.55,-8.55,-0.8));
#20698=CARTESIAN_POINT('',(-9.00000000000001,-7.65,-0.8));
#20699=CARTESIAN_POINT('',(-9.,-7.65,-0.8));
#20700=CARTESIAN_POINT('',(-9.,9.6,-0.8));
#20701=CARTESIAN_POINT('',(-9.,-7.28,-0.8));
#20702=CARTESIAN_POINT('',(-8.55,-7.28,-0.8));
#20703=CARTESIAN_POINT('',(-9.00000000000001,-6.38,-0.8));
#20704=CARTESIAN_POINT('',(-9.,-6.38,-0.8));
#20705=CARTESIAN_POINT('',(-9.,9.6,-0.8));
#20706=CARTESIAN_POINT('',(-9.,-6.01,-0.8));
#20707=CARTESIAN_POINT('',(-8.55,-6.01,-0.8));
#20708=CARTESIAN_POINT('',(-9.00000000000001,-5.11,-0.8));
#20709=CARTESIAN_POINT('',(-9.,-5.11,-0.8));
#20710=CARTESIAN_POINT('',(-9.,9.6,-0.8));
#20711=CARTESIAN_POINT('',(-9.,-4.74,-0.8));
#20712=CARTESIAN_POINT('',(-8.55,-4.74,-0.8));
#20713=CARTESIAN_POINT('',(-9.00000000000001,-3.84,-0.8));
#20714=CARTESIAN_POINT('',(-9.,-3.84,-0.8));
#20715=CARTESIAN_POINT('',(-9.,9.6,-0.8));
#20716=CARTESIAN_POINT('',(-9.,-3.47,-0.8));
#20717=CARTESIAN_POINT('',(-8.55,-3.47,-0.8));
#20718=CARTESIAN_POINT('',(-9.00000000000001,-2.57,-0.8));
#20719=CARTESIAN_POINT('',(-9.,-2.57,-0.8));
#20720=CARTESIAN_POINT('',(-9.,9.6,-0.8));
#20721=CARTESIAN_POINT('',(-9.,-2.2,-0.8));
#20722=CARTESIAN_POINT('',(-8.55,-2.2,-0.8));
#20723=CARTESIAN_POINT('',(-9.00000000000001,-1.3,-0.8));
#20724=CARTESIAN_POINT('',(-9.,-1.3,-0.8));
#20725=CARTESIAN_POINT('',(-9.,9.6,-0.8));
#20726=CARTESIAN_POINT('',(-9.,-0.93,-0.8));
#20727=CARTESIAN_POINT('',(-8.55,-0.930000000000002,-0.8));
#20728=CARTESIAN_POINT('',(-9.00000000000001,-0.0300000000000005,-0.8));
#20729=CARTESIAN_POINT('',(-9.,-0.0300000000000022,-0.8));
#20730=CARTESIAN_POINT('',(-9.,9.6,-0.8));
#20731=CARTESIAN_POINT('',(-9.,0.34,-0.8));
#20732=CARTESIAN_POINT('',(-8.55,0.339999999999998,-0.8));
#20733=CARTESIAN_POINT('',(-9.00000000000001,1.24,-0.8));
#20734=CARTESIAN_POINT('',(-9.,1.24,-0.8));
#20735=CARTESIAN_POINT('',(-9.,9.6,-0.8));
#20736=CARTESIAN_POINT('',(-9.,1.61,-0.8));
#20737=CARTESIAN_POINT('',(-8.55,1.61,-0.8));
#20738=CARTESIAN_POINT('',(-9.00000000000001,2.51,-0.8));
#20739=CARTESIAN_POINT('',(-9.,2.51,-0.8));
#20740=CARTESIAN_POINT('',(-9.,9.6,-0.8));
#20741=CARTESIAN_POINT('',(-9.,2.88,-0.8));
#20742=CARTESIAN_POINT('',(-8.55,2.88,-0.8));
#20743=CARTESIAN_POINT('',(-9.00000000000001,3.78,-0.8));
#20744=CARTESIAN_POINT('',(-9.,3.78,-0.8));
#20745=CARTESIAN_POINT('',(-9.,9.6,-0.8));
#20746=CARTESIAN_POINT('',(-9.,4.15,-0.8));
#20747=CARTESIAN_POINT('',(-8.55,4.15,-0.8));
#20748=CARTESIAN_POINT('',(-9.00000000000001,5.05,-0.8));
#20749=CARTESIAN_POINT('',(-9.,5.05,-0.8));
#20750=CARTESIAN_POINT('',(-9.,9.6,-0.8));
#20751=CARTESIAN_POINT('',(-9.,5.42,-0.8));
#20752=CARTESIAN_POINT('',(-8.55,5.42,-0.8));
#20753=CARTESIAN_POINT('',(-9.00000000000001,6.32,-0.8));
#20754=CARTESIAN_POINT('',(-9.,6.32,-0.8));
#20755=CARTESIAN_POINT('',(-9.,9.6,-0.8));
#20756=CARTESIAN_POINT('',(-9.,6.69,-0.8));
#20757=CARTESIAN_POINT('',(-8.55,6.69,-0.8));
#20758=CARTESIAN_POINT('',(-9.00000000000001,7.59,-0.8));
#20759=CARTESIAN_POINT('',(-9.,7.59,-0.8));
#20760=CARTESIAN_POINT('',(-9.,9.6,-0.8));
#20761=CARTESIAN_POINT('',(-9.,7.96,-0.8));
#20762=CARTESIAN_POINT('',(-8.55,7.96,-0.8));
#20763=CARTESIAN_POINT('',(-9.00000000000001,8.86,-0.8));
#20764=CARTESIAN_POINT('',(-9.,8.86,-0.8));
#20765=CARTESIAN_POINT('',(-9.,9.6,-0.8));
#20766=CARTESIAN_POINT('',(-9.,9.6,-0.8));
#20767=CARTESIAN_POINT('',(9.,9.6,-0.8));
#20768=CARTESIAN_POINT('',(9.,9.6,-0.8));
#20769=CARTESIAN_POINT('',(9.,-9.6,-0.8));
#20770=CARTESIAN_POINT('',(9.00000000000001,8.86,-0.8));
#20771=CARTESIAN_POINT('',(9.00000000000001,8.86,-0.8));
#20772=CARTESIAN_POINT('',(8.55,7.96,-0.8));
#20773=CARTESIAN_POINT('',(9.,7.96,-0.8));
#20774=CARTESIAN_POINT('',(9.,-9.6,-0.8));
#20775=CARTESIAN_POINT('',(9.00000000000001,7.59,-0.8));
#20776=CARTESIAN_POINT('',(9.00000000000001,7.59,-0.8));
#20777=CARTESIAN_POINT('',(8.55,6.69,-0.8));
#20778=CARTESIAN_POINT('',(9.,6.69,-0.8));
#20779=CARTESIAN_POINT('',(9.,-9.6,-0.8));
#20780=CARTESIAN_POINT('',(9.00000000000001,6.32,-0.8));
#20781=CARTESIAN_POINT('',(9.00000000000001,6.32,-0.8));
#20782=CARTESIAN_POINT('',(8.55,5.42,-0.8));
#20783=CARTESIAN_POINT('',(9.,5.42,-0.8));
#20784=CARTESIAN_POINT('',(9.,-9.6,-0.8));
#20785=CARTESIAN_POINT('',(9.00000000000001,5.05,-0.8));
#20786=CARTESIAN_POINT('',(9.00000000000001,5.05,-0.8));
#20787=CARTESIAN_POINT('',(8.55,4.15,-0.8));
#20788=CARTESIAN_POINT('',(9.,4.15,-0.8));
#20789=CARTESIAN_POINT('',(9.,-9.6,-0.8));
#20790=CARTESIAN_POINT('',(9.00000000000001,3.78,-0.8));
#20791=CARTESIAN_POINT('',(9.00000000000001,3.78,-0.8));
#20792=CARTESIAN_POINT('',(8.55,2.88,-0.8));
#20793=CARTESIAN_POINT('',(9.,2.88,-0.8));
#20794=CARTESIAN_POINT('',(9.,-9.6,-0.8));
#20795=CARTESIAN_POINT('',(9.00000000000001,2.51,-0.8));
#20796=CARTESIAN_POINT('',(9.00000000000001,2.51,-0.8));
#20797=CARTESIAN_POINT('',(8.55,1.61,-0.8));
#20798=CARTESIAN_POINT('',(9.,1.61,-0.8));
#20799=CARTESIAN_POINT('',(9.,-9.6,-0.8));
#20800=CARTESIAN_POINT('',(9.00000000000001,1.24,-0.8));
#20801=CARTESIAN_POINT('',(9.00000000000001,1.24,-0.8));
#20802=CARTESIAN_POINT('',(8.55,0.339999999999998,-0.8));
#20803=CARTESIAN_POINT('',(9.,0.339999999999998,-0.8));
#20804=CARTESIAN_POINT('',(9.,-9.6,-0.8));
#20805=CARTESIAN_POINT('',(9.00000000000001,-0.0300000000000005,-0.8));
#20806=CARTESIAN_POINT('',(9.00000000000001,-0.0300000000000005,-0.8));
#20807=CARTESIAN_POINT('',(8.55,-0.930000000000002,-0.8));
#20808=CARTESIAN_POINT('',(9.,-0.930000000000002,-0.8));
#20809=CARTESIAN_POINT('',(9.,-9.6,-0.8));
#20810=CARTESIAN_POINT('',(9.00000000000001,-1.3,-0.8));
#20811=CARTESIAN_POINT('',(9.00000000000001,-1.3,-0.8));
#20812=CARTESIAN_POINT('',(8.55,-2.2,-0.8));
#20813=CARTESIAN_POINT('',(9.,-2.2,-0.8));
#20814=CARTESIAN_POINT('',(9.,-9.6,-0.8));
#20815=CARTESIAN_POINT('',(9.00000000000001,-2.57,-0.8));
#20816=CARTESIAN_POINT('',(9.00000000000001,-2.57,-0.8));
#20817=CARTESIAN_POINT('',(8.55,-3.47,-0.8));
#20818=CARTESIAN_POINT('',(9.,-3.47,-0.8));
#20819=CARTESIAN_POINT('',(9.,-9.6,-0.8));
#20820=CARTESIAN_POINT('',(9.00000000000001,-3.84,-0.8));
#20821=CARTESIAN_POINT('',(9.00000000000001,-3.84,-0.8));
#20822=CARTESIAN_POINT('',(8.55,-4.74,-0.8));
#20823=CARTESIAN_POINT('',(9.,-4.74,-0.8));
#20824=CARTESIAN_POINT('',(9.,-9.6,-0.8));
#20825=CARTESIAN_POINT('',(9.00000000000001,-5.11,-0.8));
#20826=CARTESIAN_POINT('',(9.00000000000001,-5.11,-0.8));
#20827=CARTESIAN_POINT('',(8.55,-6.01,-0.8));
#20828=CARTESIAN_POINT('',(9.,-6.01,-0.8));
#20829=CARTESIAN_POINT('',(9.,-9.6,-0.8));
#20830=CARTESIAN_POINT('',(9.00000000000001,-6.38,-0.8));
#20831=CARTESIAN_POINT('',(9.00000000000001,-6.38,-0.8));
#20832=CARTESIAN_POINT('',(8.55,-7.28,-0.8));
#20833=CARTESIAN_POINT('',(9.,-7.28,-0.8));
#20834=CARTESIAN_POINT('',(9.,-9.6,-0.8));
#20835=CARTESIAN_POINT('',(9.00000000000001,-7.65,-0.8));
#20836=CARTESIAN_POINT('',(9.00000000000001,-7.65,-0.8));
#20837=CARTESIAN_POINT('',(8.55,-8.55,-0.8));
#20838=CARTESIAN_POINT('',(9.,-8.55,-0.8));
#20839=CARTESIAN_POINT('',(9.,-9.6,-0.8));
#20840=CARTESIAN_POINT('',(9.,-9.6,-0.8));
#20841=CARTESIAN_POINT('',(-9.,-9.6,-0.8));
#20842=CARTESIAN_POINT('',(7.435,-9.6,-0.8));
#20843=CARTESIAN_POINT('',(7.435,-9.15,-0.8));
#20844=CARTESIAN_POINT('',(6.535,-9.6,-0.8));
#20845=CARTESIAN_POINT('',(6.535,-9.6,-0.8));
#20846=CARTESIAN_POINT('',(-9.,-9.6,-0.8));
#20847=CARTESIAN_POINT('',(6.165,-9.6,-0.8));
#20848=CARTESIAN_POINT('',(6.165,-9.15,-0.8));
#20849=CARTESIAN_POINT('',(5.265,-9.6,-0.8));
#20850=CARTESIAN_POINT('',(5.265,-9.6,-0.8));
#20851=CARTESIAN_POINT('',(-9.,-9.6,-0.8));
#20852=CARTESIAN_POINT('',(4.895,-9.6,-0.8));
#20853=CARTESIAN_POINT('',(4.895,-9.15,-0.8));
#20854=CARTESIAN_POINT('',(3.995,-9.6,-0.8));
#20855=CARTESIAN_POINT('',(3.995,-9.6,-0.8));
#20856=CARTESIAN_POINT('',(-9.,-9.6,-0.8));
#20857=CARTESIAN_POINT('',(3.625,-9.6,-0.8));
#20858=CARTESIAN_POINT('',(3.625,-9.15,-0.8));
#20859=CARTESIAN_POINT('',(2.725,-9.6,-0.8));
#20860=CARTESIAN_POINT('',(2.725,-9.6,-0.8));
#20861=CARTESIAN_POINT('',(-9.,-9.6,-0.8));
#20862=CARTESIAN_POINT('',(2.355,-9.6,-0.8));
#20863=CARTESIAN_POINT('',(2.355,-9.15,-0.8));
#20864=CARTESIAN_POINT('',(1.455,-9.6,-0.8));
#20865=CARTESIAN_POINT('',(1.455,-9.6,-0.8));
#20866=CARTESIAN_POINT('',(-9.,-9.6,-0.8));
#20867=CARTESIAN_POINT('',(1.085,-9.6,-0.8));
#20868=CARTESIAN_POINT('',(1.085,-9.15,-0.8));
#20869=CARTESIAN_POINT('',(0.185,-9.6,-0.8));
#20870=CARTESIAN_POINT('',(0.185,-9.6,-0.8));
#20871=CARTESIAN_POINT('',(-9.,-9.6,-0.8));
#20872=CARTESIAN_POINT('',(-0.184999999999999,-9.6,-0.8));
#20873=CARTESIAN_POINT('',(-0.184999999999999,-9.15,-0.8));
#20874=CARTESIAN_POINT('',(-1.085,-9.6,-0.8));
#20875=CARTESIAN_POINT('',(-1.085,-9.6,-0.8));
#20876=CARTESIAN_POINT('',(-9.,-9.6,-0.8));
#20877=CARTESIAN_POINT('',(-1.455,-9.6,-0.8));
#20878=CARTESIAN_POINT('',(-1.455,-9.15,-0.8));
#20879=CARTESIAN_POINT('',(-2.355,-9.6,-0.8));
#20880=CARTESIAN_POINT('',(-2.355,-9.6,-0.8));
#20881=CARTESIAN_POINT('',(-9.,-9.6,-0.8));
#20882=CARTESIAN_POINT('',(-2.725,-9.6,-0.8));
#20883=CARTESIAN_POINT('',(-2.725,-9.15,-0.8));
#20884=CARTESIAN_POINT('',(-3.625,-9.6,-0.8));
#20885=CARTESIAN_POINT('',(-3.625,-9.6,-0.8));
#20886=CARTESIAN_POINT('',(-9.,-9.6,-0.8));
#20887=CARTESIAN_POINT('',(-3.995,-9.6,-0.8));
#20888=CARTESIAN_POINT('',(-3.995,-9.15,-0.8));
#20889=CARTESIAN_POINT('',(-4.895,-9.6,-0.8));
#20890=CARTESIAN_POINT('',(-4.895,-9.6,-0.8));
#20891=CARTESIAN_POINT('',(-9.,-9.6,-0.8));
#20892=CARTESIAN_POINT('',(-5.265,-9.6,-0.8));
#20893=CARTESIAN_POINT('',(-5.265,-9.15,-0.8));
#20894=CARTESIAN_POINT('',(-6.165,-9.6,-0.8));
#20895=CARTESIAN_POINT('',(-6.165,-9.6,-0.8));
#20896=CARTESIAN_POINT('',(-9.,-9.6,-0.8));
#20897=CARTESIAN_POINT('',(-6.535,-9.6,-0.8));
#20898=CARTESIAN_POINT('',(-6.535,-9.15,-0.8));
#20899=CARTESIAN_POINT('',(-7.435,-9.6,-0.8));
#20900=CARTESIAN_POINT('',(-9.,9.6,-0.8));
#20901=CARTESIAN_POINT('',(-9.00000000000001,-8.55,-0.92802768));
#20902=CARTESIAN_POINT('',(-9.,-9.6,-0.8));
#20903=CARTESIAN_POINT('',(-8.55,-8.55,-0.81));
#20904=CARTESIAN_POINT('',(-8.55,-8.55,0.01));
#20905=CARTESIAN_POINT('',(-8.55,-7.65,0.01));
#20906=CARTESIAN_POINT('',(-8.55,-7.65,0.01));
#20907=CARTESIAN_POINT('',(-9.00000000000001,-7.65,-0.81));
#20908=CARTESIAN_POINT('',(-9.00000000000001,-7.65,-0.92802768));
#20909=CARTESIAN_POINT('',(-9.,9.6,-0.8));
#20910=CARTESIAN_POINT('',(-9.00000000000001,-7.28,-0.92802768));
#20911=CARTESIAN_POINT('',(-8.55,-7.28,-0.81));
#20912=CARTESIAN_POINT('',(-8.55,-7.28,0.01));
#20913=CARTESIAN_POINT('',(-8.55,-6.38,0.01));
#20914=CARTESIAN_POINT('',(-8.55,-6.38,0.01));
#20915=CARTESIAN_POINT('',(-9.00000000000001,-6.38,-0.81));
#20916=CARTESIAN_POINT('',(-9.00000000000001,-6.38,-0.92802768));
#20917=CARTESIAN_POINT('',(-9.,9.6,-0.8));
#20918=CARTESIAN_POINT('',(-9.00000000000001,-6.01,-0.92802768));
#20919=CARTESIAN_POINT('',(-8.55,-6.01,-0.81));
#20920=CARTESIAN_POINT('',(-8.55,-6.01,0.01));
#20921=CARTESIAN_POINT('',(-8.55,-5.11,0.01));
#20922=CARTESIAN_POINT('',(-8.55,-5.11,0.01));
#20923=CARTESIAN_POINT('',(-9.00000000000001,-5.11,-0.81));
#20924=CARTESIAN_POINT('',(-9.00000000000001,-5.11,-0.92802768));
#20925=CARTESIAN_POINT('',(-9.,9.6,-0.8));
#20926=CARTESIAN_POINT('',(-9.00000000000001,-4.74,-0.92802768));
#20927=CARTESIAN_POINT('',(-8.55,-4.74,-0.81));
#20928=CARTESIAN_POINT('',(-8.55,-4.74,0.01));
#20929=CARTESIAN_POINT('',(-8.55,-3.84,0.01));
#20930=CARTESIAN_POINT('',(-8.55,-3.84,0.01));
#20931=CARTESIAN_POINT('',(-9.00000000000001,-3.84,-0.81));
#20932=CARTESIAN_POINT('',(-9.00000000000001,-3.84,-0.92802768));
#20933=CARTESIAN_POINT('',(-9.,9.6,-0.8));
#20934=CARTESIAN_POINT('',(-9.00000000000001,-3.47,-0.92802768));
#20935=CARTESIAN_POINT('',(-8.55,-3.47,-0.81));
#20936=CARTESIAN_POINT('',(-8.55,-3.47,0.01));
#20937=CARTESIAN_POINT('',(-8.55,-2.57,0.01));
#20938=CARTESIAN_POINT('',(-8.55,-2.57,0.01));
#20939=CARTESIAN_POINT('',(-9.00000000000001,-2.57,-0.81));
#20940=CARTESIAN_POINT('',(-9.00000000000001,-2.57,-0.92802768));
#20941=CARTESIAN_POINT('',(-9.,9.6,-0.8));
#20942=CARTESIAN_POINT('',(-9.00000000000001,-2.2,-0.92802768));
#20943=CARTESIAN_POINT('',(-8.55,-2.2,-0.81));
#20944=CARTESIAN_POINT('',(-8.55,-2.2,0.01));
#20945=CARTESIAN_POINT('',(-8.55,-1.3,0.01));
#20946=CARTESIAN_POINT('',(-8.55,-1.3,0.01));
#20947=CARTESIAN_POINT('',(-9.00000000000001,-1.3,-0.81));
#20948=CARTESIAN_POINT('',(-9.00000000000001,-1.3,-0.92802768));
#20949=CARTESIAN_POINT('',(-9.,9.6,-0.8));
#20950=CARTESIAN_POINT('',(-9.00000000000001,-0.930000000000002,-0.92802768));
#20951=CARTESIAN_POINT('',(-8.55,-0.930000000000002,-0.81));
#20952=CARTESIAN_POINT('',(-8.55,-0.930000000000002,0.01));
#20953=CARTESIAN_POINT('',(-8.55,-0.0300000000000005,0.01));
#20954=CARTESIAN_POINT('',(-8.55,-0.0300000000000005,0.01));
#20955=CARTESIAN_POINT('',(-9.00000000000001,-0.0300000000000005,-0.81));
#20956=CARTESIAN_POINT('',(-9.00000000000001,-0.0300000000000005,-0.92802768));
#20957=CARTESIAN_POINT('',(-9.,9.6,-0.8));
#20958=CARTESIAN_POINT('',(-9.00000000000001,0.339999999999998,-0.92802768));
#20959=CARTESIAN_POINT('',(-8.55,0.339999999999998,-0.81));
#20960=CARTESIAN_POINT('',(-8.55,0.339999999999998,0.01));
#20961=CARTESIAN_POINT('',(-8.55,1.24,0.01));
#20962=CARTESIAN_POINT('',(-8.55,1.24,0.01));
#20963=CARTESIAN_POINT('',(-9.00000000000001,1.24,-0.81));
#20964=CARTESIAN_POINT('',(-9.00000000000001,1.24,-0.92802768));
#20965=CARTESIAN_POINT('',(-9.,9.6,-0.8));
#20966=CARTESIAN_POINT('',(-9.00000000000001,1.61,-0.92802768));
#20967=CARTESIAN_POINT('',(-8.55,1.61,-0.81));
#20968=CARTESIAN_POINT('',(-8.55,1.61,0.01));
#20969=CARTESIAN_POINT('',(-8.55,2.51,0.01));
#20970=CARTESIAN_POINT('',(-8.55,2.51,0.01));
#20971=CARTESIAN_POINT('',(-9.00000000000001,2.51,-0.81));
#20972=CARTESIAN_POINT('',(-9.00000000000001,2.51,-0.92802768));
#20973=CARTESIAN_POINT('',(-9.,9.6,-0.8));
#20974=CARTESIAN_POINT('',(-9.00000000000001,2.88,-0.92802768));
#20975=CARTESIAN_POINT('',(-8.55,2.88,-0.81));
#20976=CARTESIAN_POINT('',(-8.55,2.88,0.01));
#20977=CARTESIAN_POINT('',(-8.55,3.78,0.01));
#20978=CARTESIAN_POINT('',(-8.55,3.78,0.01));
#20979=CARTESIAN_POINT('',(-9.00000000000001,3.78,-0.81));
#20980=CARTESIAN_POINT('',(-9.00000000000001,3.78,-0.92802768));
#20981=CARTESIAN_POINT('',(-9.,9.6,-0.8));
#20982=CARTESIAN_POINT('',(-9.00000000000001,4.15,-0.92802768));
#20983=CARTESIAN_POINT('',(-8.55,4.15,-0.81));
#20984=CARTESIAN_POINT('',(-8.55,4.15,0.01));
#20985=CARTESIAN_POINT('',(-8.55,5.05,0.01));
#20986=CARTESIAN_POINT('',(-8.55,5.05,0.01));
#20987=CARTESIAN_POINT('',(-9.00000000000001,5.05,-0.81));
#20988=CARTESIAN_POINT('',(-9.00000000000001,5.05,-0.92802768));
#20989=CARTESIAN_POINT('',(-9.,9.6,-0.8));
#20990=CARTESIAN_POINT('',(-9.00000000000001,5.42,-0.92802768));
#20991=CARTESIAN_POINT('',(-8.55,5.42,-0.81));
#20992=CARTESIAN_POINT('',(-8.55,5.42,0.01));
#20993=CARTESIAN_POINT('',(-8.55,6.32,0.01));
#20994=CARTESIAN_POINT('',(-8.55,6.32,0.01));
#20995=CARTESIAN_POINT('',(-9.00000000000001,6.32,-0.81));
#20996=CARTESIAN_POINT('',(-9.00000000000001,6.32,-0.92802768));
#20997=CARTESIAN_POINT('',(-9.,9.6,-0.8));
#20998=CARTESIAN_POINT('',(-9.00000000000001,6.69,-0.92802768));
#20999=CARTESIAN_POINT('',(-8.55,6.69,-0.81));
#21000=CARTESIAN_POINT('',(-8.55,6.69,0.01));
#21001=CARTESIAN_POINT('',(-8.55,7.59,0.01));
#21002=CARTESIAN_POINT('',(-8.55,7.59,0.01));
#21003=CARTESIAN_POINT('',(-9.00000000000001,7.59,-0.81));
#21004=CARTESIAN_POINT('',(-9.00000000000001,7.59,-0.92802768));
#21005=CARTESIAN_POINT('',(-9.,9.6,-0.8));
#21006=CARTESIAN_POINT('',(-9.00000000000001,7.96,-0.92802768));
#21007=CARTESIAN_POINT('',(-8.55,7.96,-0.81));
#21008=CARTESIAN_POINT('',(-8.55,7.96,0.01));
#21009=CARTESIAN_POINT('',(-8.55,8.86,0.01));
#21010=CARTESIAN_POINT('',(-8.55,8.86,0.01));
#21011=CARTESIAN_POINT('',(-9.00000000000001,8.86,-0.81));
#21012=CARTESIAN_POINT('',(-9.00000000000001,8.86,-0.92802768));
#21013=CARTESIAN_POINT('',(-9.,9.6,-0.8));
#21014=CARTESIAN_POINT('',(-9.,9.6,-0.8));
#21015=CARTESIAN_POINT('',(9.,9.6,-0.8));
#21016=CARTESIAN_POINT('',(9.,9.6,-0.8));
#21017=CARTESIAN_POINT('',(9.,-9.6,-0.8));
#21018=CARTESIAN_POINT('',(9.00000000000001,8.86,-0.92802768));
#21019=CARTESIAN_POINT('',(9.00000000000001,8.86,-0.81));
#21020=CARTESIAN_POINT('',(8.55,8.86,0.01));
#21021=CARTESIAN_POINT('',(8.55,8.86,0.01));
#21022=CARTESIAN_POINT('',(8.55,7.96,0.01));
#21023=CARTESIAN_POINT('',(8.55,7.96,-0.81));
#21024=CARTESIAN_POINT('',(9.00000000000001,7.96,-0.92802768));
#21025=CARTESIAN_POINT('',(9.,-9.6,-0.8));
#21026=CARTESIAN_POINT('',(9.00000000000001,7.59,-0.92802768));
#21027=CARTESIAN_POINT('',(9.00000000000001,7.59,-0.81));
#21028=CARTESIAN_POINT('',(8.55,7.59,0.01));
#21029=CARTESIAN_POINT('',(8.55,7.59,0.01));
#21030=CARTESIAN_POINT('',(8.55,6.69,0.01));
#21031=CARTESIAN_POINT('',(8.55,6.69,-0.81));
#21032=CARTESIAN_POINT('',(9.00000000000001,6.69,-0.92802768));
#21033=CARTESIAN_POINT('',(9.,-9.6,-0.8));
#21034=CARTESIAN_POINT('',(9.00000000000001,6.32,-0.92802768));
#21035=CARTESIAN_POINT('',(9.00000000000001,6.32,-0.81));
#21036=CARTESIAN_POINT('',(8.55,6.32,0.01));
#21037=CARTESIAN_POINT('',(8.55,6.32,0.01));
#21038=CARTESIAN_POINT('',(8.55,5.42,0.01));
#21039=CARTESIAN_POINT('',(8.55,5.42,-0.81));
#21040=CARTESIAN_POINT('',(9.00000000000001,5.42,-0.92802768));
#21041=CARTESIAN_POINT('',(9.,-9.6,-0.8));
#21042=CARTESIAN_POINT('',(9.00000000000001,5.05,-0.92802768));
#21043=CARTESIAN_POINT('',(9.00000000000001,5.05,-0.81));
#21044=CARTESIAN_POINT('',(8.55,5.05,0.01));
#21045=CARTESIAN_POINT('',(8.55,5.05,0.01));
#21046=CARTESIAN_POINT('',(8.55,4.15,0.01));
#21047=CARTESIAN_POINT('',(8.55,4.15,-0.81));
#21048=CARTESIAN_POINT('',(9.00000000000001,4.15,-0.92802768));
#21049=CARTESIAN_POINT('',(9.,-9.6,-0.8));
#21050=CARTESIAN_POINT('',(9.00000000000001,3.78,-0.92802768));
#21051=CARTESIAN_POINT('',(9.00000000000001,3.78,-0.81));
#21052=CARTESIAN_POINT('',(8.55,3.78,0.01));
#21053=CARTESIAN_POINT('',(8.55,3.78,0.01));
#21054=CARTESIAN_POINT('',(8.55,2.88,0.01));
#21055=CARTESIAN_POINT('',(8.55,2.88,-0.81));
#21056=CARTESIAN_POINT('',(9.00000000000001,2.88,-0.92802768));
#21057=CARTESIAN_POINT('',(9.,-9.6,-0.8));
#21058=CARTESIAN_POINT('',(9.00000000000001,2.51,-0.92802768));
#21059=CARTESIAN_POINT('',(9.00000000000001,2.51,-0.81));
#21060=CARTESIAN_POINT('',(8.55,2.51,0.01));
#21061=CARTESIAN_POINT('',(8.55,2.51,0.01));
#21062=CARTESIAN_POINT('',(8.55,1.61,0.01));
#21063=CARTESIAN_POINT('',(8.55,1.61,-0.81));
#21064=CARTESIAN_POINT('',(9.00000000000001,1.61,-0.92802768));
#21065=CARTESIAN_POINT('',(9.,-9.6,-0.8));
#21066=CARTESIAN_POINT('',(9.00000000000001,1.24,-0.92802768));
#21067=CARTESIAN_POINT('',(9.00000000000001,1.24,-0.81));
#21068=CARTESIAN_POINT('',(8.55,1.24,0.01));
#21069=CARTESIAN_POINT('',(8.55,1.24,0.01));
#21070=CARTESIAN_POINT('',(8.55,0.339999999999998,0.01));
#21071=CARTESIAN_POINT('',(8.55,0.339999999999998,-0.81));
#21072=CARTESIAN_POINT('',(9.00000000000001,0.339999999999998,-0.92802768));
#21073=CARTESIAN_POINT('',(9.,-9.6,-0.8));
#21074=CARTESIAN_POINT('',(9.00000000000001,-0.0300000000000005,-0.92802768));
#21075=CARTESIAN_POINT('',(9.00000000000001,-0.0300000000000005,-0.81));
#21076=CARTESIAN_POINT('',(8.55,-0.0300000000000005,0.01));
#21077=CARTESIAN_POINT('',(8.55,-0.0300000000000005,0.01));
#21078=CARTESIAN_POINT('',(8.55,-0.930000000000002,0.01));
#21079=CARTESIAN_POINT('',(8.55,-0.930000000000002,-0.81));
#21080=CARTESIAN_POINT('',(9.00000000000001,-0.930000000000002,-0.92802768));
#21081=CARTESIAN_POINT('',(9.,-9.6,-0.8));
#21082=CARTESIAN_POINT('',(9.00000000000001,-1.3,-0.92802768));
#21083=CARTESIAN_POINT('',(9.00000000000001,-1.3,-0.81));
#21084=CARTESIAN_POINT('',(8.55,-1.3,0.01));
#21085=CARTESIAN_POINT('',(8.55,-1.3,0.01));
#21086=CARTESIAN_POINT('',(8.55,-2.2,0.01));
#21087=CARTESIAN_POINT('',(8.55,-2.2,-0.81));
#21088=CARTESIAN_POINT('',(9.00000000000001,-2.2,-0.92802768));
#21089=CARTESIAN_POINT('',(9.,-9.6,-0.8));
#21090=CARTESIAN_POINT('',(9.00000000000001,-2.57,-0.92802768));
#21091=CARTESIAN_POINT('',(9.00000000000001,-2.57,-0.81));
#21092=CARTESIAN_POINT('',(8.55,-2.57,0.01));
#21093=CARTESIAN_POINT('',(8.55,-2.57,0.01));
#21094=CARTESIAN_POINT('',(8.55,-3.47,0.01));
#21095=CARTESIAN_POINT('',(8.55,-3.47,-0.81));
#21096=CARTESIAN_POINT('',(9.00000000000001,-3.47,-0.92802768));
#21097=CARTESIAN_POINT('',(9.,-9.6,-0.8));
#21098=CARTESIAN_POINT('',(9.00000000000001,-3.84,-0.92802768));
#21099=CARTESIAN_POINT('',(9.00000000000001,-3.84,-0.81));
#21100=CARTESIAN_POINT('',(8.55,-3.84,0.01));
#21101=CARTESIAN_POINT('',(8.55,-3.84,0.01));
#21102=CARTESIAN_POINT('',(8.55,-4.74,0.01));
#21103=CARTESIAN_POINT('',(8.55,-4.74,-0.81));
#21104=CARTESIAN_POINT('',(9.00000000000001,-4.74,-0.92802768));
#21105=CARTESIAN_POINT('',(9.,-9.6,-0.8));
#21106=CARTESIAN_POINT('',(9.00000000000001,-5.11,-0.92802768));
#21107=CARTESIAN_POINT('',(9.00000000000001,-5.11,-0.81));
#21108=CARTESIAN_POINT('',(8.55,-5.11,0.01));
#21109=CARTESIAN_POINT('',(8.55,-5.11,0.01));
#21110=CARTESIAN_POINT('',(8.55,-6.01,0.01));
#21111=CARTESIAN_POINT('',(8.55,-6.01,-0.81));
#21112=CARTESIAN_POINT('',(9.00000000000001,-6.01,-0.92802768));
#21113=CARTESIAN_POINT('',(9.,-9.6,-0.8));
#21114=CARTESIAN_POINT('',(9.00000000000001,-6.38,-0.92802768));
#21115=CARTESIAN_POINT('',(9.00000000000001,-6.38,-0.81));
#21116=CARTESIAN_POINT('',(8.55,-6.38,0.01));
#21117=CARTESIAN_POINT('',(8.55,-6.38,0.01));
#21118=CARTESIAN_POINT('',(8.55,-7.28,0.01));
#21119=CARTESIAN_POINT('',(8.55,-7.28,-0.81));
#21120=CARTESIAN_POINT('',(9.00000000000001,-7.28,-0.92802768));
#21121=CARTESIAN_POINT('',(9.,-9.6,-0.8));
#21122=CARTESIAN_POINT('',(9.00000000000001,-7.65,-0.92802768));
#21123=CARTESIAN_POINT('',(9.00000000000001,-7.65,-0.81));
#21124=CARTESIAN_POINT('',(8.55,-7.65,0.01));
#21125=CARTESIAN_POINT('',(8.55,-7.65,0.01));
#21126=CARTESIAN_POINT('',(8.55,-8.55,0.01));
#21127=CARTESIAN_POINT('',(8.55,-8.55,-0.81));
#21128=CARTESIAN_POINT('',(9.00000000000001,-8.55,-0.92802768));
#21129=CARTESIAN_POINT('',(9.,-9.6,-0.8));
#21130=CARTESIAN_POINT('',(9.,-9.6,-0.8));
#21131=CARTESIAN_POINT('',(-9.,-9.6,-0.8));
#21132=CARTESIAN_POINT('',(7.435,-9.6,-0.92802768));
#21133=CARTESIAN_POINT('',(7.435,-9.15,-0.81));
#21134=CARTESIAN_POINT('',(7.435,-9.15,0.01));
#21135=CARTESIAN_POINT('',(6.535,-9.15,0.01));
#21136=CARTESIAN_POINT('',(6.535,-9.15,0.01));
#21137=CARTESIAN_POINT('',(6.535,-9.6,-0.81));
#21138=CARTESIAN_POINT('',(6.535,-9.6,-0.92802768));
#21139=CARTESIAN_POINT('',(-9.,-9.6,-0.8));
#21140=CARTESIAN_POINT('',(6.165,-9.6,-0.92802768));
#21141=CARTESIAN_POINT('',(6.165,-9.15,-0.81));
#21142=CARTESIAN_POINT('',(6.165,-9.15,0.01));
#21143=CARTESIAN_POINT('',(5.265,-9.15,0.01));
#21144=CARTESIAN_POINT('',(5.265,-9.15,0.01));
#21145=CARTESIAN_POINT('',(5.265,-9.6,-0.81));
#21146=CARTESIAN_POINT('',(5.265,-9.6,-0.92802768));
#21147=CARTESIAN_POINT('',(-9.,-9.6,-0.8));
#21148=CARTESIAN_POINT('',(4.895,-9.6,-0.92802768));
#21149=CARTESIAN_POINT('',(4.895,-9.15,-0.81));
#21150=CARTESIAN_POINT('',(4.895,-9.15,0.01));
#21151=CARTESIAN_POINT('',(3.995,-9.15,0.01));
#21152=CARTESIAN_POINT('',(3.995,-9.15,0.01));
#21153=CARTESIAN_POINT('',(3.995,-9.6,-0.81));
#21154=CARTESIAN_POINT('',(3.995,-9.6,-0.92802768));
#21155=CARTESIAN_POINT('',(-9.,-9.6,-0.8));
#21156=CARTESIAN_POINT('',(3.625,-9.6,-0.92802768));
#21157=CARTESIAN_POINT('',(3.625,-9.15,-0.81));
#21158=CARTESIAN_POINT('',(3.625,-9.15,0.01));
#21159=CARTESIAN_POINT('',(2.725,-9.15,0.01));
#21160=CARTESIAN_POINT('',(2.725,-9.15,0.01));
#21161=CARTESIAN_POINT('',(2.725,-9.6,-0.81));
#21162=CARTESIAN_POINT('',(2.725,-9.6,-0.92802768));
#21163=CARTESIAN_POINT('',(-9.,-9.6,-0.8));
#21164=CARTESIAN_POINT('',(2.355,-9.6,-0.92802768));
#21165=CARTESIAN_POINT('',(2.355,-9.15,-0.81));
#21166=CARTESIAN_POINT('',(2.355,-9.15,0.01));
#21167=CARTESIAN_POINT('',(1.455,-9.15,0.01));
#21168=CARTESIAN_POINT('',(1.455,-9.15,0.01));
#21169=CARTESIAN_POINT('',(1.455,-9.6,-0.81));
#21170=CARTESIAN_POINT('',(1.455,-9.6,-0.92802768));
#21171=CARTESIAN_POINT('',(-9.,-9.6,-0.8));
#21172=CARTESIAN_POINT('',(1.085,-9.6,-0.92802768));
#21173=CARTESIAN_POINT('',(1.085,-9.15,-0.81));
#21174=CARTESIAN_POINT('',(1.085,-9.15,0.01));
#21175=CARTESIAN_POINT('',(0.185,-9.15,0.01));
#21176=CARTESIAN_POINT('',(0.185,-9.15,0.01));
#21177=CARTESIAN_POINT('',(0.185,-9.6,-0.81));
#21178=CARTESIAN_POINT('',(0.185,-9.6,-0.92802768));
#21179=CARTESIAN_POINT('',(-9.,-9.6,-0.8));
#21180=CARTESIAN_POINT('',(-0.184999999999999,-9.6,-0.92802768));
#21181=CARTESIAN_POINT('',(-0.184999999999999,-9.15,-0.81));
#21182=CARTESIAN_POINT('',(-0.184999999999999,-9.15,0.01));
#21183=CARTESIAN_POINT('',(-1.085,-9.15,0.01));
#21184=CARTESIAN_POINT('',(-1.085,-9.15,0.01));
#21185=CARTESIAN_POINT('',(-1.085,-9.6,-0.81));
#21186=CARTESIAN_POINT('',(-1.085,-9.6,-0.92802768));
#21187=CARTESIAN_POINT('',(-9.,-9.6,-0.8));
#21188=CARTESIAN_POINT('',(-1.455,-9.6,-0.92802768));
#21189=CARTESIAN_POINT('',(-1.455,-9.15,-0.81));
#21190=CARTESIAN_POINT('',(-1.455,-9.15,0.01));
#21191=CARTESIAN_POINT('',(-2.355,-9.15,0.01));
#21192=CARTESIAN_POINT('',(-2.355,-9.15,0.01));
#21193=CARTESIAN_POINT('',(-2.355,-9.6,-0.81));
#21194=CARTESIAN_POINT('',(-2.355,-9.6,-0.92802768));
#21195=CARTESIAN_POINT('',(-9.,-9.6,-0.8));
#21196=CARTESIAN_POINT('',(-2.725,-9.6,-0.92802768));
#21197=CARTESIAN_POINT('',(-2.725,-9.15,-0.81));
#21198=CARTESIAN_POINT('',(-2.725,-9.15,0.01));
#21199=CARTESIAN_POINT('',(-3.625,-9.15,0.01));
#21200=CARTESIAN_POINT('',(-3.625,-9.15,0.01));
#21201=CARTESIAN_POINT('',(-3.625,-9.6,-0.81));
#21202=CARTESIAN_POINT('',(-3.625,-9.6,-0.92802768));
#21203=CARTESIAN_POINT('',(-9.,-9.6,-0.8));
#21204=CARTESIAN_POINT('',(-3.995,-9.6,-0.92802768));
#21205=CARTESIAN_POINT('',(-3.995,-9.15,-0.81));
#21206=CARTESIAN_POINT('',(-3.995,-9.15,0.01));
#21207=CARTESIAN_POINT('',(-4.895,-9.15,0.01));
#21208=CARTESIAN_POINT('',(-4.895,-9.15,0.01));
#21209=CARTESIAN_POINT('',(-4.895,-9.6,-0.81));
#21210=CARTESIAN_POINT('',(-4.895,-9.6,-0.92802768));
#21211=CARTESIAN_POINT('',(-9.,-9.6,-0.8));
#21212=CARTESIAN_POINT('',(-5.265,-9.6,-0.92802768));
#21213=CARTESIAN_POINT('',(-5.265,-9.15,-0.81));
#21214=CARTESIAN_POINT('',(-5.265,-9.15,0.01));
#21215=CARTESIAN_POINT('',(-6.165,-9.15,0.01));
#21216=CARTESIAN_POINT('',(-6.165,-9.15,0.01));
#21217=CARTESIAN_POINT('',(-6.165,-9.6,-0.81));
#21218=CARTESIAN_POINT('',(-6.165,-9.6,-0.92802768));
#21219=CARTESIAN_POINT('',(-9.,-9.6,-0.8));
#21220=CARTESIAN_POINT('',(-6.535,-9.6,-0.92802768));
#21221=CARTESIAN_POINT('',(-6.535,-9.15,-0.81));
#21222=CARTESIAN_POINT('',(-6.535,-9.15,0.01));
#21223=CARTESIAN_POINT('',(-7.435,-9.15,0.01));
#21224=CARTESIAN_POINT('',(-7.435,-9.15,0.01));
#21225=CARTESIAN_POINT('',(-7.435,-9.6,-0.81));
#21226=CARTESIAN_POINT('',(-7.435,-9.6,-0.92802768));
#21227=CARTESIAN_POINT('',(-9.,-9.6,-0.8));
#21228=CARTESIAN_POINT('',(4.97,6.11,1.25));
#21229=CARTESIAN_POINT('',(4.7,6.11,1.25));
#21230=CARTESIAN_POINT('',(4.7,8.44,1.25));
#21231=CARTESIAN_POINT('',(4.7,7.44,1.25));
#21232=CARTESIAN_POINT('',(4.7,7.44,0.15));
#21233=CARTESIAN_POINT('',(4.7,8.44,0.15));
#21234=CARTESIAN_POINT('',(4.7,6.84,0.15));
#21235=CARTESIAN_POINT('',(4.7,6.84,1.25));
#21236=CARTESIAN_POINT('',(4.7,8.17,1.25));
#21237=CARTESIAN_POINT('',(4.97,8.17,1.25));
#21238=CARTESIAN_POINT('',(7.03000000000001,8.17,1.25));
#21239=CARTESIAN_POINT('',(7.03000000000001,6.11,1.25));
#21240=CARTESIAN_POINT('',(6.,7.14,1.226));
#21241=CARTESIAN_POINT('',(7.,7.44,0.352891815487999));
#21242=CARTESIAN_POINT('',(7.,7.44,0.352891815487999));
#21243=CARTESIAN_POINT('',(7.55,7.44,0.352891815487999));
#21244=CARTESIAN_POINT('',(7.01040387964418,7.44,0.352891815487999));
#21245=CARTESIAN_POINT('',(6.,7.14,0.352891815487999));
#21246=CARTESIAN_POINT('',(7.01040387964418,6.84,0.352891815487999));
#21247=CARTESIAN_POINT('',(7.,6.84,0.352891815487999));
#21248=CARTESIAN_POINT('',(7.55,6.84,0.352891815487999));
#21249=CARTESIAN_POINT('',(7.55,7.44,0.352891815487999));
#21250=CARTESIAN_POINT('',(7.55,7.44,0.352891815487999));
#21251=CARTESIAN_POINT('',(7.55,6.84,0.352891815487999));
#21252=CARTESIAN_POINT('',(7.55,6.84,0.202891815487999));
#21253=CARTESIAN_POINT('',(7.55,7.44,0.202891815487999));
#21254=CARTESIAN_POINT('',(7.55,7.44,0.202891815487999));
#21255=CARTESIAN_POINT('',(7.55,7.44,0.352891815487999));
#21256=CARTESIAN_POINT('',(0.,6.84,0.));
#21257=CARTESIAN_POINT('',(7.55,6.84,0.202891815487999));
#21258=CARTESIAN_POINT('',(7.01040387964418,6.84,0.352891815487999));
#21259=CARTESIAN_POINT('',(6.98123456472066,6.84,0.352891815487999));
#21260=CARTESIAN_POINT('',(6.95393920141694,6.84,0.37768370134212));
#21261=CARTESIAN_POINT('',(6.95393920141694,6.84,0.406891815487996));
#21262=CARTESIAN_POINT('',(0.,7.44,0.));
#21263=CARTESIAN_POINT('',(6.533661989536,7.44,0.202891815487999));
#21264=CARTESIAN_POINT('',(6.95393920141695,7.44,0.406891815487998));
#21265=CARTESIAN_POINT('',(6.95393920141695,7.44,0.377709457578864));
#21266=CARTESIAN_POINT('',(6.9812559626645,7.44,0.352891815486459));
#21267=CARTESIAN_POINT('',(7.01040387964372,7.44,0.352891815486232));
#21268=CARTESIAN_POINT('',(7.55,7.44,0.202891815487999));
#21269=CARTESIAN_POINT('',(0.,7.44,0.));
#21270=CARTESIAN_POINT('',(4.45,7.44,0.));
#21271=CARTESIAN_POINT('',(4.45,7.44,0.15));
#21272=CARTESIAN_POINT('',(4.45,7.44,0.15));
#21273=CARTESIAN_POINT('',(0.,6.84,0.));
#21274=CARTESIAN_POINT('',(4.45,6.84,0.15));
#21275=CARTESIAN_POINT('',(4.45,6.84,0.15));
#21276=CARTESIAN_POINT('',(4.45,6.84,0.));
#21277=CARTESIAN_POINT('',(4.45,7.44,0.15));
#21278=CARTESIAN_POINT('',(4.45,7.44,0.15));
#21279=CARTESIAN_POINT('',(4.45,7.44,0.));
#21280=CARTESIAN_POINT('',(6.,7.14,0.406891815487998));
#21281=CARTESIAN_POINT('',(0.,0.,0.15));
#21282=CARTESIAN_POINT('',(5.1,8.64,0.15));
#21283=CARTESIAN_POINT('',(5.1,5.64,0.15));
#21284=CARTESIAN_POINT('',(5.1,5.64,0.15));
#21285=CARTESIAN_POINT('',(6.9,5.64,0.15));
#21286=CARTESIAN_POINT('',(6.9,5.64,0.15));
#21287=CARTESIAN_POINT('',(6.9,5.64,0.15));
#21288=CARTESIAN_POINT('',(6.9,5.64,0.15));
#21289=CARTESIAN_POINT('',(5.1,8.64,0.15));
#21290=CARTESIAN_POINT('',(5.1,5.64,0.15));
#21291=CARTESIAN_POINT('',(5.1,5.64,0.15));
#21292=CARTESIAN_POINT('',(5.1,8.64,0.15));
#21293=CARTESIAN_POINT('',(5.1,8.64,0.15));
#21294=CARTESIAN_POINT('',(5.1,8.64,0.15));
#21295=CARTESIAN_POINT('',(5.1,8.64,0.15));
#21296=CARTESIAN_POINT('',(6.9,5.64,0.15));
#21297=CARTESIAN_POINT('',(6.9,5.64,0.15));
#21298=CARTESIAN_POINT('',(6.9,8.64,0.15));
#21299=CARTESIAN_POINT('',(6.9,8.64,0.15));
#21300=CARTESIAN_POINT('',(0.,0.,0.15));
#21301=CARTESIAN_POINT('',(6.9,8.64,0.15));
#21302=CARTESIAN_POINT('',(6.9,8.64,0.15));
#21303=CARTESIAN_POINT('',(2.77,8.75,0.00442926188662287));
#21304=CARTESIAN_POINT('',(2.77,8.75,2.4));
#21305=CARTESIAN_POINT('',(2.77,8.75,2.4));
#21306=CARTESIAN_POINT('',(2.79,8.75,2.4));
#21307=CARTESIAN_POINT('',(2.79,8.75,2.17));
#21308=CARTESIAN_POINT('',(3.02,8.75,2.17));
#21309=CARTESIAN_POINT('',(3.02,8.75,0.00442926188662287));
#21310=CARTESIAN_POINT('',(3.02,8.75,0.00442926188662287));
#21311=CARTESIAN_POINT('',(2.77,8.75,0.00442926188662287));
#21312=CARTESIAN_POINT('',(2.82,8.75,0.00442926188662287));
#21313=CARTESIAN_POINT('',(2.82,8.75,0.00442926188662287));
#21314=CARTESIAN_POINT('',(2.82,8.75,2.20080842509047));
#21315=CARTESIAN_POINT('',(2.82,8.75,2.20080842509047));
#21316=CARTESIAN_POINT('',(2.77,8.75,2.20080842509047));
#21317=CARTESIAN_POINT('',(2.77,8.75,0.00442926188662287));
#21318=CARTESIAN_POINT('',(6.03878406167528,4.22357512508614,0.00442926188662287));
#21319=CARTESIAN_POINT('',(6.03878406167528,4.22357512508614,2.4));
#21320=CARTESIAN_POINT('',(6.03878406167528,4.22357512508614,2.4));
#21321=CARTESIAN_POINT('',(6.03878406167528,4.37,2.4));
#21322=CARTESIAN_POINT('',(6.03878406167528,4.37,2.17));
#21323=CARTESIAN_POINT('',(6.03878406167528,4.6,2.17));
#21324=CARTESIAN_POINT('',(6.03878406167528,4.6,0.00442926188662287));
#21325=CARTESIAN_POINT('',(6.03878406167528,4.6,0.00442926188662287));
#21326=CARTESIAN_POINT('',(6.03878406167528,4.22357512508614,0.00442926188662287));
#21327=CARTESIAN_POINT('',(6.03878406167528,4.4,0.00442926188662287));
#21328=CARTESIAN_POINT('',(6.03878406167528,4.4,0.00442926188662287));
#21329=CARTESIAN_POINT('',(6.03878406167528,4.4,2.20080842509047));
#21330=CARTESIAN_POINT('',(6.03878406167528,4.4,2.20080842509047));
#21331=CARTESIAN_POINT('',(6.03878406167528,4.22357512508614,2.20080842509047));
#21332=CARTESIAN_POINT('',(6.03878406167528,4.22357512508614,0.00442926188662287));
#21333=CARTESIAN_POINT('',(7.67,4.35,0.00442926188662287));
#21334=CARTESIAN_POINT('',(7.67,4.35,2.4));
#21335=CARTESIAN_POINT('',(7.67,4.35,2.4));
#21336=CARTESIAN_POINT('',(7.69,4.35,2.4));
#21337=CARTESIAN_POINT('',(7.69,4.35,2.17));
#21338=CARTESIAN_POINT('',(7.92,4.35,2.17));
#21339=CARTESIAN_POINT('',(7.92,4.35,0.00442926188662287));
#21340=CARTESIAN_POINT('',(7.92,4.35,0.00442926188662287));
#21341=CARTESIAN_POINT('',(7.67,4.35,0.00442926188662287));
#21342=CARTESIAN_POINT('',(7.72,4.35,0.00442926188662287));
#21343=CARTESIAN_POINT('',(7.72,4.35,0.00442926188662287));
#21344=CARTESIAN_POINT('',(7.72,4.35,2.20080842509047));
#21345=CARTESIAN_POINT('',(7.72,4.35,2.20080842509047));
#21346=CARTESIAN_POINT('',(7.67,4.35,2.20080842509047));
#21347=CARTESIAN_POINT('',(7.67,4.35,0.00442926188662287));
#21348=CARTESIAN_POINT('',(7.67,-8.25,0.00442926188662287));
#21349=CARTESIAN_POINT('',(7.67,-8.25,2.4));
#21350=CARTESIAN_POINT('',(7.67,-8.25,2.4));
#21351=CARTESIAN_POINT('',(7.67,-8.27,2.4));
#21352=CARTESIAN_POINT('',(7.67,-8.27,2.17));
#21353=CARTESIAN_POINT('',(7.67,-8.5,2.17));
#21354=CARTESIAN_POINT('',(7.67,-8.5,0.00442926188662287));
#21355=CARTESIAN_POINT('',(7.67,-8.5,0.00442926188662287));
#21356=CARTESIAN_POINT('',(7.67,-8.25,0.00442926188662287));
#21357=CARTESIAN_POINT('',(7.67,-8.3,0.00442926188662287));
#21358=CARTESIAN_POINT('',(7.67,-8.3,0.00442926188662287));
#21359=CARTESIAN_POINT('',(7.67,-8.3,2.20080842509047));
#21360=CARTESIAN_POINT('',(7.67,-8.3,2.20080842509047));
#21361=CARTESIAN_POINT('',(7.67,-8.25,2.20080842509047));
#21362=CARTESIAN_POINT('',(7.67,-8.25,0.00442926188662287));
#21363=CARTESIAN_POINT('',(-7.48,-8.25,0.00442926188662287));
#21364=CARTESIAN_POINT('',(-7.48,-8.25,2.4));
#21365=CARTESIAN_POINT('',(-7.48,-8.25,2.4));
#21366=CARTESIAN_POINT('',(-7.5,-8.25,2.4));
#21367=CARTESIAN_POINT('',(-7.5,-8.25,2.17));
#21368=CARTESIAN_POINT('',(-7.73,-8.25,2.17));
#21369=CARTESIAN_POINT('',(-7.73,-8.25,0.00442926188662287));
#21370=CARTESIAN_POINT('',(-7.73,-8.25,0.00442926188662287));
#21371=CARTESIAN_POINT('',(-7.48,-8.25,0.00442926188662287));
#21372=CARTESIAN_POINT('',(-7.53,-8.25,0.00442926188662287));
#21373=CARTESIAN_POINT('',(-7.53,-8.25,0.00442926188662287));
#21374=CARTESIAN_POINT('',(-7.53,-8.25,2.20080842509047));
#21375=CARTESIAN_POINT('',(-7.53,-8.25,2.20080842509047));
#21376=CARTESIAN_POINT('',(-7.48,-8.25,2.20080842509047));
#21377=CARTESIAN_POINT('',(-7.48,-8.25,0.00442926188662287));
#21378=CARTESIAN_POINT('',(-7.48,8.75,0.00442926188662287));
#21379=CARTESIAN_POINT('',(-7.48,8.75,2.4));
#21380=CARTESIAN_POINT('',(-7.48,8.75,2.4));
#21381=CARTESIAN_POINT('',(-7.48,8.77,2.4));
#21382=CARTESIAN_POINT('',(-7.48,8.77,2.17));
#21383=CARTESIAN_POINT('',(-7.48,9.,2.17));
#21384=CARTESIAN_POINT('',(-7.48,9.,0.00442926188662287));
#21385=CARTESIAN_POINT('',(-7.48,9.,0.00442926188662287));
#21386=CARTESIAN_POINT('',(-7.48,8.75,0.00442926188662287));
#21387=CARTESIAN_POINT('',(-7.48,8.8,0.00442926188662287));
#21388=CARTESIAN_POINT('',(-7.48,8.8,0.00442926188662287));
#21389=CARTESIAN_POINT('',(-7.48,8.8,2.20080842509047));
#21390=CARTESIAN_POINT('',(-7.48,8.8,2.20080842509047));
#21391=CARTESIAN_POINT('',(-7.48,8.75,2.20080842509047));
#21392=CARTESIAN_POINT('',(-7.48,8.75,0.00442926188662287));
#21393=CARTESIAN_POINT('',(2.7926537235106,4.8139109176197,0.00442926188662287));
#21394=CARTESIAN_POINT('',(2.7926537235106,4.8939109176197,0.00442926188662287));
#21395=CARTESIAN_POINT('',(2.7926537235106,4.8939109176197,2.20080842509047));
#21396=CARTESIAN_POINT('',(2.7926537235106,4.8939109176197,2.39998469025465));
#21397=CARTESIAN_POINT('',(2.7926537235106,4.8939109176197,2.39998469025465));
#21398=CARTESIAN_POINT('',(2.79176893499506,4.8939109176197,2.39999489956069));
#21399=CARTESIAN_POINT('',(2.79088436045912,4.8938962432072,2.4));
#21400=CARTESIAN_POINT('',(2.79,4.89386689145236,2.4));
#21401=CARTESIAN_POINT('',(2.79,4.89386689145236,2.4));
#21402=CARTESIAN_POINT('',(2.7926537235106,4.8139109176197,2.4));
#21403=CARTESIAN_POINT('',(2.7126537235106,4.8139109176197,2.4));
#21404=CARTESIAN_POINT('',(2.7126537235106,4.8139109176197,0.00442926188662287));
#21405=CARTESIAN_POINT('',(2.7126537235106,4.8139109176197,2.20080842509047));
#21406=CARTESIAN_POINT('',(2.7926537235106,4.8139109176197,2.20080842509047));
#21407=CARTESIAN_POINT('',(2.7126537235106,4.8139109176197,0.00442926188662287));
#21408=CARTESIAN_POINT('',(2.7126537235106,4.22357512508614,2.20080842509047));
#21409=CARTESIAN_POINT('',(2.7126537235106,4.22357512508614,2.20080842509047));
#21410=CARTESIAN_POINT('',(2.7126537235106,4.8139109176197,2.4));
#21411=CARTESIAN_POINT('',(2.7126537235106,4.22357512508614,2.4));
#21412=CARTESIAN_POINT('',(2.7126537235106,4.22357512508614,0.00442926188662287));
#21413=CARTESIAN_POINT('',(2.7926537235106,4.22357512508614,0.00442926188662287));
#21414=CARTESIAN_POINT('',(2.7926537235106,4.22357512508614,2.20080842509047));
#21415=CARTESIAN_POINT('',(2.7926537235106,4.14357512508614,2.20080842509047));
#21416=CARTESIAN_POINT('',(2.7926537235106,4.22357512508614,2.4));
#21417=CARTESIAN_POINT('',(2.7926537235106,4.14357512508614,2.4));
#21418=CARTESIAN_POINT('',(2.7926537235106,4.14357512508614,0.00442926188662287));
#21419=CARTESIAN_POINT('',(2.7926537235106,4.14357512508614,0.00442926188662287));
#21420=CARTESIAN_POINT('',(5.95878406167528,4.14357512508614,2.20080842509047));
#21421=CARTESIAN_POINT('',(5.95878406167528,4.14357512508614,2.20080842509047));
#21422=CARTESIAN_POINT('',(2.7926537235106,4.14357512508614,2.4));
#21423=CARTESIAN_POINT('',(5.95878406167528,4.14357512508614,2.4));
#21424=CARTESIAN_POINT('',(5.95878406167528,4.14357512508614,0.00442926188662287));
#21425=CARTESIAN_POINT('',(5.95878406167528,4.22357512508614,0.00442926188662287));
#21426=CARTESIAN_POINT('',(5.95878406167528,4.22357512508614,2.20080842509047));
#21427=CARTESIAN_POINT('',(5.95878406167528,4.22357512508614,2.4));
#21428=CARTESIAN_POINT('',(2.77,9.,0.00442926188662287));
#21429=CARTESIAN_POINT('',(2.77,9.,0.00442926188662287));
#21430=CARTESIAN_POINT('',(2.77,9.,0.00442926188662287));
#21431=CARTESIAN_POINT('',(2.77,9.,2.17));
#21432=CARTESIAN_POINT('',(2.77,8.77,2.17));
#21433=CARTESIAN_POINT('',(2.77,8.77,2.4));
#21434=CARTESIAN_POINT('',(2.77,9.,2.4));
#21435=CARTESIAN_POINT('',(2.77,8.75,2.20080842509047));
#21436=CARTESIAN_POINT('',(2.77,8.8,2.20080842509047));
#21437=CARTESIAN_POINT('',(2.77,8.8,0.00442926188662287));
#21438=CARTESIAN_POINT('',(2.77,8.8,0.00442926188662287));
#21439=CARTESIAN_POINT('',(2.77,9.,0.00442926188662287));
#21440=CARTESIAN_POINT('',(3.02,4.8939109176197,0.00442926188662287));
#21441=CARTESIAN_POINT('',(3.02,4.8939109176197,0.00442926188662287));
#21442=CARTESIAN_POINT('',(3.02,4.8939109176197,0.00442926188662287));
#21443=CARTESIAN_POINT('',(3.02,4.8939109176197,2.17));
#21444=CARTESIAN_POINT('',(2.79,4.8939109176197,2.17));
#21445=CARTESIAN_POINT('',(2.7926537235106,4.8939109176197,2.20080842509047));
#21446=CARTESIAN_POINT('',(2.82,4.8939109176197,2.20080842509047));
#21447=CARTESIAN_POINT('',(2.82,4.8939109176197,0.00442926188662287));
#21448=CARTESIAN_POINT('',(2.82,4.8939109176197,0.00442926188662287));
#21449=CARTESIAN_POINT('',(3.02,4.8939109176197,0.00442926188662287));
#21450=CARTESIAN_POINT('',(7.67,4.6,0.00442926188662287));
#21451=CARTESIAN_POINT('',(7.67,4.6,0.00442926188662287));
#21452=CARTESIAN_POINT('',(7.67,4.6,0.00442926188662287));
#21453=CARTESIAN_POINT('',(7.67,4.6,2.17));
#21454=CARTESIAN_POINT('',(7.67,4.37,2.17));
#21455=CARTESIAN_POINT('',(7.67,4.37,2.4));
#21456=CARTESIAN_POINT('',(7.67,4.6,2.4));
#21457=CARTESIAN_POINT('',(7.67,4.35,2.20080842509047));
#21458=CARTESIAN_POINT('',(7.67,4.4,2.20080842509047));
#21459=CARTESIAN_POINT('',(7.67,4.4,0.00442926188662287));
#21460=CARTESIAN_POINT('',(7.67,4.4,0.00442926188662287));
#21461=CARTESIAN_POINT('',(7.67,4.6,0.00442926188662287));
#21462=CARTESIAN_POINT('',(7.92,-8.25,0.00442926188662287));
#21463=CARTESIAN_POINT('',(7.92,-8.25,0.00442926188662287));
#21464=CARTESIAN_POINT('',(7.92,-8.25,0.00442926188662287));
#21465=CARTESIAN_POINT('',(7.92,-8.25,2.17));
#21466=CARTESIAN_POINT('',(7.69,-8.25,2.17));
#21467=CARTESIAN_POINT('',(7.69,-8.25,2.4));
#21468=CARTESIAN_POINT('',(7.92,-8.25,2.4));
#21469=CARTESIAN_POINT('',(7.67,-8.25,2.20080842509047));
#21470=CARTESIAN_POINT('',(7.72,-8.25,2.20080842509047));
#21471=CARTESIAN_POINT('',(7.72,-8.25,0.00442926188662287));
#21472=CARTESIAN_POINT('',(7.72,-8.25,0.00442926188662287));
#21473=CARTESIAN_POINT('',(7.92,-8.25,0.00442926188662287));
#21474=CARTESIAN_POINT('',(-7.48,-8.5,0.00442926188662287));
#21475=CARTESIAN_POINT('',(-7.48,-8.5,0.00442926188662287));
#21476=CARTESIAN_POINT('',(-7.48,-8.5,0.00442926188662287));
#21477=CARTESIAN_POINT('',(-7.48,-8.5,2.17));
#21478=CARTESIAN_POINT('',(-7.48,-8.27,2.17));
#21479=CARTESIAN_POINT('',(-7.48,-8.27,2.4));
#21480=CARTESIAN_POINT('',(-7.48,-8.5,2.4));
#21481=CARTESIAN_POINT('',(-7.48,-8.25,2.20080842509047));
#21482=CARTESIAN_POINT('',(-7.48,-8.3,2.20080842509047));
#21483=CARTESIAN_POINT('',(-7.48,-8.3,0.00442926188662287));
#21484=CARTESIAN_POINT('',(-7.48,-8.3,0.00442926188662287));
#21485=CARTESIAN_POINT('',(-7.48,-8.5,0.00442926188662287));
#21486=CARTESIAN_POINT('',(-7.73,8.75,0.00442926188662287));
#21487=CARTESIAN_POINT('',(-7.73,8.75,0.00442926188662287));
#21488=CARTESIAN_POINT('',(-7.73,8.75,0.00442926188662287));
#21489=CARTESIAN_POINT('',(-7.73,8.75,2.17));
#21490=CARTESIAN_POINT('',(-7.5,8.75,2.17));
#21491=CARTESIAN_POINT('',(-7.5,8.75,2.4));
#21492=CARTESIAN_POINT('',(-7.73,8.75,2.4));
#21493=CARTESIAN_POINT('',(-7.48,8.75,2.20080842509047));
#21494=CARTESIAN_POINT('',(-7.53,8.75,2.20080842509047));
#21495=CARTESIAN_POINT('',(-7.53,8.75,0.00442926188662287));
#21496=CARTESIAN_POINT('',(-7.53,8.75,0.00442926188662287));
#21497=CARTESIAN_POINT('',(-7.73,8.75,0.00442926188662287));
#21498=CARTESIAN_POINT('',(2.7926537235106,4.8139109176197,0.00442926188662287));
#21499=CARTESIAN_POINT('',(7.72,4.8139109176197,0.00442926188662287));
#21500=CARTESIAN_POINT('',(7.92,4.35,0.00442926188662287));
#21501=CARTESIAN_POINT('',(2.7926537235106,4.8139109176197,0.00442926188662287));
#21502=CARTESIAN_POINT('',(2.7926537235106,4.4,0.00442926188662287));
#21503=CARTESIAN_POINT('',(6.03878406167528,4.6,0.00442926188662287));
#21504=CARTESIAN_POINT('',(2.7926537235106,4.8139109176197,0.00442926188662287));
#21505=CARTESIAN_POINT('',(2.82,4.8139109176197,0.00442926188662287));
#21506=CARTESIAN_POINT('',(3.02,8.75,0.00442926188662287));
#21507=CARTESIAN_POINT('',(2.7926537235106,4.8139109176197,0.00442926188662287));
#21508=CARTESIAN_POINT('',(2.7926537235106,8.8,0.00442926188662287));
#21509=CARTESIAN_POINT('',(-7.48,9.,0.00442926188662287));
#21510=CARTESIAN_POINT('',(2.7926537235106,4.8139109176197,0.00442926188662287));
#21511=CARTESIAN_POINT('',(-7.53,4.8139109176197,0.00442926188662287));
#21512=CARTESIAN_POINT('',(-7.73,-8.25,0.00442926188662287));
#21513=CARTESIAN_POINT('',(2.7926537235106,4.8139109176197,0.00442926188662287));
#21514=CARTESIAN_POINT('',(2.7926537235106,-8.3,0.00442926188662287));
#21515=CARTESIAN_POINT('',(7.67,-8.5,0.00442926188662287));
#21516=CARTESIAN_POINT('',(-7.48,9.,0.00442926188662287));
#21517=CARTESIAN_POINT('',(2.77,9.,2.17));
#21518=CARTESIAN_POINT('',(3.02,8.75,0.00442926188662287));
#21519=CARTESIAN_POINT('',(3.02,4.8939109176197,2.17));
#21520=CARTESIAN_POINT('',(6.03878406167528,4.6,0.00442926188662287));
#21521=CARTESIAN_POINT('',(7.67,4.6,2.17));
#21522=CARTESIAN_POINT('',(7.92,4.35,0.00442926188662287));
#21523=CARTESIAN_POINT('',(7.92,-8.25,2.17));
#21524=CARTESIAN_POINT('',(7.67,-8.5,0.00442926188662287));
#21525=CARTESIAN_POINT('',(-7.48,-8.5,2.17));
#21526=CARTESIAN_POINT('',(-7.73,-8.25,0.00442926188662287));
#21527=CARTESIAN_POINT('',(-7.73,8.75,2.17));
#21528=CARTESIAN_POINT('',(2.7926537235106,4.8139109176197,2.4));
#21529=CARTESIAN_POINT('',(-6.67110209486843,-7.46667093187852,2.4));
#21530=CARTESIAN_POINT('',(-6.42110209486843,-7.46667093187852,2.4));
#21531=CARTESIAN_POINT('',(7.69,4.35,2.4));
#21532=CARTESIAN_POINT('',(6.03878406167528,4.37,2.4));
#21533=CARTESIAN_POINT('',(2.79,8.75,2.4));
#21534=CARTESIAN_POINT('',(-7.48,8.77,2.4));
#21535=CARTESIAN_POINT('',(-7.5,-8.25,2.4));
#21536=CARTESIAN_POINT('',(7.67,-8.27,2.4));
#21537=CARTESIAN_POINT('',(7.72,4.15,2.09437731389058));
#21538=CARTESIAN_POINT('',(7.72,-8.25,2.20080842509047));
#21539=CARTESIAN_POINT('',(2.88685924677614,4.4,2.09437731389058));
#21540=CARTESIAN_POINT('',(7.67,4.4,2.20080842509047));
#21541=CARTESIAN_POINT('',(2.82,8.55,2.09437731389058));
#21542=CARTESIAN_POINT('',(2.82,4.8939109176197,2.20080842509047));
#21543=CARTESIAN_POINT('',(-7.53,8.8,2.09437731389058));
#21544=CARTESIAN_POINT('',(2.77,8.8,2.20080842509047));
#21545=CARTESIAN_POINT('',(-7.53,-8.05,2.09437731389058));
#21546=CARTESIAN_POINT('',(-7.53,8.75,2.20080842509047));
#21547=CARTESIAN_POINT('',(7.47,-8.3,2.09437731389058));
#21548=CARTESIAN_POINT('',(-7.48,-8.3,2.20080842509047));
#21549=CARTESIAN_POINT('',(5.95878406167528,4.22357512508614,2.20080842509047));
#21550=CARTESIAN_POINT('',(-6.67110209486843,-7.46667093187852,2.35));
#21551=CARTESIAN_POINT('',(-6.67110209486843,-7.46667093187852,2.35));
#21552=CARTESIAN_POINT('',(-6.42110209486843,-7.46667093187852,2.35));
#21553=CARTESIAN_POINT('',(-6.67110209486843,-7.46667093187852,2.35));
#21554=CARTESIAN_POINT('',(6.03878406167528,4.37,2.17));
#21555=CARTESIAN_POINT('',(7.67,-8.27,2.17));
#21556=CARTESIAN_POINT('',(-7.5,-8.25,2.17));
#21557=CARTESIAN_POINT('',(2.79,8.75,2.17));
#21558=CARTESIAN_POINT('',(-7.48,8.77,2.17));
#21559=CARTESIAN_POINT('',(7.69,4.35,2.17));
#21560=MECHANICAL_DESIGN_GEOMETRIC_PRESENTATION_REPRESENTATION('',(#10492,
#10493,#10494,#10495,#10496,#10497,#10498,#10499,#10500,#10501,#10502,#10503,
#10504,#10505,#10506,#10507,#10508,#10509,#10510,#10511,#10512,#10513,#10514,
#10515,#10516,#10517,#10518,#10519,#10520,#10521,#10522,#10523,#10524,#10525,
#10526,#10527,#10528,#10529,#10530,#10531,#10532,#10533,#10534,#10535,#10536,
#10537,#10538,#10539,#10540,#10541,#10542,#10543,#10544,#10545,#10546,#10547,
#10548,#10549,#10550,#10551,#10552,#10553,#10554,#10555,#10556,#10557,#10558,
#10559,#10560,#10561,#10562,#10563,#10564,#10565,#10566,#10567,#10568,#10569,
#10570,#10571,#10572,#10573,#10574,#10575,#10576,#10577,#10578,#10579,#10580,
#10581,#10582,#10583,#10584,#10585,#10586,#10587,#10588,#10589,#10590,#10591,
#10592,#10593,#10594,#10595,#10596,#10597,#10598,#10599,#10600,#10601,#10602,
#10603,#10604,#10605,#10606,#10607,#10608,#10609,#10610,#10611,#10612,#10613,
#10614,#10615,#10616,#10617,#10618,#10619,#10620,#10621,#10622,#10623,#10624,
#10625,#10626,#10627,#10628,#10629,#10630,#10631,#10632,#10633,#10634,#10635,
#10636,#10637,#10638,#10639,#10640,#10641,#10642,#10643,#10644,#10645,#10646,
#10647,#10648,#10649,#10650,#10651,#10652,#10653,#10654,#10655,#10656,#10657,
#10658,#10659,#10660,#10661,#10662,#10663,#10664,#10665,#10666,#10667,#10668,
#10669,#10670,#10671,#10672,#10673,#10674,#10675,#10676,#10677,#10678,#10679,
#10680,#10681,#10682,#10683,#10684,#10685,#10686,#10687,#10688,#10689,#10690,
#10691,#10692,#10693,#10694,#10695,#10696,#10697,#10698,#10699,#10700,#10701,
#10702,#10703,#10704,#10705,#10706,#10707,#10708,#10709,#10710,#10711,#10712,
#10713,#10714,#10715,#10716,#10717,#10718,#10719,#10720,#10721,#10722,#10723,
#10724,#10725,#10726,#10727,#10728,#10729,#10730,#10731,#10732,#10733,#10734,
#10735,#10736,#10737,#10738,#10739,#10740,#10741,#10742,#10743,#10744,#10745,
#10746,#10747,#10748,#10749,#10750,#10751,#10752,#10753,#10754,#10755,#10756,
#10757,#10758,#10759,#10760,#10761,#10762,#10763,#10764,#10765,#10766,#10767,
#10768,#10769,#10770,#10771,#10772,#10773,#10774,#10775,#10776,#10777,#10778,
#10779,#10780,#10781,#10782,#10783,#10784,#10785,#10786,#10787,#10788,#10789,
#10790,#10791,#10792,#10793,#10794,#10795,#10796,#10797,#10798,#10799,#10800,
#10801,#10802,#10803,#10804,#10805,#10806,#10807,#10808,#10809,#10810,#10811,
#10812,#10813,#10814,#10815,#10816,#10817,#10818,#10819,#10820,#10821,#10822,
#10823,#10824,#10825,#10826,#10827,#10828,#10829,#10830,#10831,#10832,#10833,
#10834,#10835,#10836,#10837,#10838,#10839,#10840,#10841,#10842,#10843,#10844,
#10845,#10846,#10847,#10848,#10849,#10850,#10851,#10852,#10853,#10854,#10855,
#10856,#10857,#10858,#10859,#10860,#10861,#10862,#10863,#10864,#10865,#10866,
#10867,#10868,#10869,#10870,#10871,#10872,#10873,#10874,#10875,#10876,#10877,
#10878,#10879,#10880,#10881,#10882,#10883,#10884,#10885,#10886,#10887,#10888,
#10889,#10890,#10891,#10892,#10893,#10894,#10895,#10896,#10897,#10898,#10899,
#10900,#10901,#10902,#10903,#10904,#10905,#10906,#10907,#10908,#10909,#10910,
#10911,#10912,#10913,#10914,#10915,#10916,#10917,#10918,#10919,#10920,#10921,
#10922,#10923,#10924,#10925,#10926,#10927,#10928,#10929,#10930,#10931,#10932,
#10933,#10934,#10935,#10936,#10937,#10938,#10939,#10940,#10941,#10942,#10943,
#10944,#10945,#10946,#10947,#10948,#10949,#10950,#10951,#10952,#10953,#10954,
#10955,#10956,#10957,#10958,#10959,#10960,#10961,#10962,#10963,#10964,#10965,
#10966,#10967,#10968,#10969,#10970,#10971,#10972,#10973,#10974,#10975,#10976,
#10977,#10978,#10979,#10980,#10981,#10982,#10983,#10984,#10985,#10986,#10987,
#10988,#10989,#10990,#10991,#10992,#10993,#10994,#10995,#10996,#10997,#10998,
#10999,#11000,#11001,#11002,#11003,#11004,#11005,#11006,#11007,#11008,#11009,
#11010,#11011,#11012,#11013,#11014,#11015,#11016,#11017,#11018,#11019,#11020,
#11021,#11022,#11023,#11024,#11025,#11026,#11027,#11028,#11029,#11030,#11031,
#11032,#11033,#11034,#11035,#11036,#11037,#11038,#11039),#21561);
#21561=(
GEOMETRIC_REPRESENTATION_CONTEXT(3)
GLOBAL_UNCERTAINTY_ASSIGNED_CONTEXT((#21562))
GLOBAL_UNIT_ASSIGNED_CONTEXT((#21565,#21564,#21563))
REPRESENTATION_CONTEXT('ESP32-S3-WROOM-1U-N8R8',
'TOP_LEVEL_ASSEMBLY_PART')
);
#21562=UNCERTAINTY_MEASURE_WITH_UNIT(LENGTH_MEASURE(0.005),#21565,
'DISTANCE_ACCURACY_VALUE','Maximum Tolerance applied to model');
#21563=(
NAMED_UNIT(*)
SI_UNIT($,.STERADIAN.)
SOLID_ANGLE_UNIT()
);
#21564=(
NAMED_UNIT(*)
PLANE_ANGLE_UNIT()
SI_UNIT($,.RADIAN.)
);
#21565=(
LENGTH_UNIT()
NAMED_UNIT(*)
SI_UNIT(.MILLI.,.METRE.)
);
#21566=PRODUCT_DEFINITION_SHAPE('','',#21567);
#21567=PRODUCT_DEFINITION('','',#21569,#21568);
#21568=PRODUCT_DEFINITION_CONTEXT('',#21575,'design');
#21569=PRODUCT_DEFINITION_FORMATION_WITH_SPECIFIED_SOURCE('','',#21571,
 .NOT_KNOWN.);
#21570=PRODUCT_RELATED_PRODUCT_CATEGORY('','',(#21571));
#21571=PRODUCT('ESP32-S3-WROOM-1U-N8R8','ESP32-S3-WROOM-1U-N8R8',
'ESP32-S3-WROOM-1U-N8R8',(#21573));
#21572=PRODUCT_CATEGORY('','');
#21573=PRODUCT_CONTEXT('',#21575,'mechanical');
#21574=APPLICATION_PROTOCOL_DEFINITION('international standard',
'automotive_design',2010,#21575);
#21575=APPLICATION_CONTEXT(
'core data for automotive mechanical design processes');
ENDSEC;
END-ISO-10303-21;
