ISO-10303-21;
HEADER;
FILE_DESCRIPTION (( 'STEP AP214' ),
    '1' );
FILE_NAME ('MAX31328NELB+.STEP',
    '2024-06-27T04:00:10',
    ( '' ),
    ( '' ),
    'SwSTEP 2.0',
    'SolidWorks 2022',
    '' );
FILE_SCHEMA (( 'AUTOMOTIVE_DESIGN' ));
ENDSEC;

DATA;
#1 = EDGE_CURVE ( 'NONE', #373, #553, #3118, .T. ) ;
#2 = EDGE_LOOP ( 'NONE', ( #2932, #109, #2581, #1732 ) ) ;
#3 =( LENGTH_UNIT ( ) NAMED_UNIT ( * ) SI_UNIT ( .MILLI., .METRE. ) );
#4 = DIRECTION ( 'NONE',  ( -0.000000000000000000, 1.000000000000000000, -0.000000000000000000 ) ) ;
#5 = LINE ( 'NONE', #1128, #1257 ) ;
#6 = SURFACE_STYLE_FILL_AREA ( #3579 ) ;
#7 = ORIENTED_EDGE ( 'NONE', *, *, #4534, .T. ) ;
#8 = DIRECTION ( 'NONE',  ( -0.000000000000000000, 1.000000000000000000, -0.000000000000000000 ) ) ;
#9 = DIRECTION ( 'NONE',  ( 0.000000000000000000, 0.000000000000000000, -1.000000000000000000 ) ) ;
#10 = ADVANCED_FACE ( 'NONE', ( #983 ), #4464, .T. ) ;
#11 = FACE_OUTER_BOUND ( 'NONE', #3786, .T. ) ;
#12 = EDGE_CURVE ( 'NONE', #1160, #4565, #1652, .T. ) ;
#13 = CARTESIAN_POINT ( 'NONE',  ( 2.399999999999999911, -1.799999999999999600, 0.000000000000000000 ) ) ;
#14 = DIRECTION ( 'NONE',  ( 0.000000000000000000, -1.000000000000000000, 0.000000000000000000 ) ) ;
#15 = CARTESIAN_POINT ( 'NONE',  ( -1.800000000000000044, -1.799999999999999600, 0.1000000000000000056 ) ) ;
#16 = SURFACE_SIDE_STYLE ('',( #3192 ) ) ;
#17 = PRESENTATION_LAYER_ASSIGNMENT (  '', '', ( #4185 ) ) ;
#18 = PLANE ( 'NONE',  #967 ) ;
#19 = ORIENTED_EDGE ( 'NONE', *, *, #2365, .T. ) ;
#20 = FACE_OUTER_BOUND ( 'NONE', #602, .T. ) ;
#21 = SURFACE_STYLE_USAGE ( .BOTH. , #3658 ) ;
#22 = CARTESIAN_POINT ( 'NONE',  ( 2.399999999999999911, 2.199999999999999734, 0.1000000000000000056 ) ) ;
#23 = COLOUR_RGB ( '',0.8431372549019607865, 0.8431372549019607865, 0.8431372549019607865 ) ;
#24 = ADVANCED_FACE ( 'NONE', ( #2791 ), #1002, .F. ) ;
#25 = UNCERTAINTY_MEASURE_WITH_UNIT (LENGTH_MEASURE( 1.000000000000000082E-05 ), #1614, 'distance_accuracy_value', 'NONE');
#26 = VECTOR ( 'NONE', #2655, 1000.000000000000000 ) ;
#27 = LINE ( 'NONE', #3883, #1636 ) ;
#28 = CARTESIAN_POINT ( 'NONE',  ( -2.449999999999999289, -2.500000000000000000, 1.350000000000000089 ) ) ;
#29 = EDGE_CURVE ( 'NONE', #4101, #3884, #3395, .T. ) ;
#30 = CARTESIAN_POINT ( 'NONE',  ( 2.399999999999999911, 1.199999999999999956, 0.1000000000000000056 ) ) ;
#31 = CARTESIAN_POINT ( 'NONE',  ( -2.399999999999999911, 0.7999999999999997113, 0.000000000000000000 ) ) ;
#32 = CARTESIAN_POINT ( 'NONE',  ( -2.399999999999999911, -1.799999999999999600, 0.1000000000000000056 ) ) ;
#33 = UNCERTAINTY_MEASURE_WITH_UNIT (LENGTH_MEASURE( 1.000000000000000082E-05 ), #3596, 'distance_accuracy_value', 'NONE');
#34 = EDGE_LOOP ( 'NONE', ( #727, #1643, #532, #265 ) ) ;
#35 = FILL_AREA_STYLE ('',( #1158 ) ) ;
#36 = CARTESIAN_POINT ( 'NONE',  ( 2.449999999999999734, -2.449999999999998401, 1.300000000000000266 ) ) ;
#37 = DIRECTION ( 'NONE',  ( -0.000000000000000000, 1.000000000000000000, -0.000000000000000000 ) ) ;
#38 = EDGE_LOOP ( 'NONE', ( #2756, #2421, #3985, #188 ) ) ;
#39 = DIRECTION ( 'NONE',  ( 0.000000000000000000, 0.000000000000000000, 1.000000000000000000 ) ) ;
#40 = PRESENTATION_STYLE_ASSIGNMENT (( #3785 ) ) ;
#41 = EDGE_CURVE ( 'NONE', #3256, #4105, #2690, .T. ) ;
#42 = CARTESIAN_POINT ( 'NONE',  ( -2.399999999999999911, -2.199999999999999734, 0.1000000000000000056 ) ) ;
#43 = EDGE_LOOP ( 'NONE', ( #477, #1351 ) ) ;
#44 =( GEOMETRIC_REPRESENTATION_CONTEXT ( 3 ) GLOBAL_UNCERTAINTY_ASSIGNED_CONTEXT ( ( #3309 ) ) GLOBAL_UNIT_ASSIGNED_CONTEXT ( ( #4352, #3321, #1053 ) ) REPRESENTATION_CONTEXT ( 'NONE', 'WORKASPACE' ) );
#45 = COLOUR_RGB ( '',0.8431372549019607865, 0.8431372549019607865, 0.8431372549019607865 ) ;
#46 =( NAMED_UNIT ( * ) PLANE_ANGLE_UNIT ( ) SI_UNIT ( $, .RADIAN. ) );
#47 = PRESENTATION_STYLE_ASSIGNMENT (( #753 ) ) ;
#48 = ORIENTED_EDGE ( 'NONE', *, *, #3844, .F. ) ;
#49 = ORIENTED_EDGE ( 'NONE', *, *, #3845, .F. ) ;
#50 = CARTESIAN_POINT ( 'NONE',  ( 2.399999999999999911, -2.199999999999999734, 0.1000000000000000056 ) ) ;
#51 =( LENGTH_UNIT ( ) NAMED_UNIT ( * ) SI_UNIT ( .MILLI., .METRE. ) );
#52 = DIRECTION ( 'NONE',  ( -1.000000000000000000, 0.000000000000000000, 0.000000000000000000 ) ) ;
#53 = EDGE_LOOP ( 'NONE', ( #361, #1152, #3498, #146 ) ) ;
#54 = DIRECTION ( 'NONE',  ( 0.7071067811865474617, -0.7071067811865474617, 0.000000000000000000 ) ) ;
#55 = PLANE ( 'NONE',  #1321 ) ;
#56 = STYLED_ITEM ( 'NONE', ( #2498 ), #285 ) ;
#57 = SURFACE_STYLE_USAGE ( .BOTH. , #397 ) ;
#58 = CARTESIAN_POINT ( 'NONE',  ( 2.500000000000000000, 2.449999999999999734, 1.350000000000000089 ) ) ;
#59 = PRESENTATION_LAYER_ASSIGNMENT (  '', '', ( #2530 ) ) ;
#60 = FILL_AREA_STYLE_COLOUR ( '', #2631 ) ;
#61 = CARTESIAN_POINT ( 'NONE',  ( 2.500000000000000000, -2.449999999999998401, 0.000000000000000000 ) ) ;
#62 = VECTOR ( 'NONE', #2985, 1000.000000000000000 ) ;
#63 = UNCERTAINTY_MEASURE_WITH_UNIT (LENGTH_MEASURE( 1.000000000000000082E-05 ), #1872, 'distance_accuracy_value', 'NONE');
#64 = AXIS2_PLACEMENT_3D ( 'NONE', #2797, #2702, #1009 ) ;
#65 = COLOUR_RGB ( '',0.2862745098039215508, 0.2862745098039215508, 0.2862745098039215508 ) ;
#66 = FACE_OUTER_BOUND ( 'NONE', #2763, .T. ) ;
#67 = MECHANICAL_DESIGN_GEOMETRIC_PRESENTATION_REPRESENTATION (  '', ( #4098 ), #665 ) ;
#68 =( GEOMETRIC_REPRESENTATION_CONTEXT ( 3 ) GLOBAL_UNCERTAINTY_ASSIGNED_CONTEXT ( ( #25 ) ) GLOBAL_UNIT_ASSIGNED_CONTEXT ( ( #1614, #904, #4152 ) ) REPRESENTATION_CONTEXT ( 'NONE', 'WORKASPACE' ) );
#69 = SURFACE_STYLE_USAGE ( .BOTH. , #1775 ) ;
#70 = VERTEX_POINT ( 'NONE', #2349 ) ;
#71 = CARTESIAN_POINT ( 'NONE',  ( -2.399999999999999911, -0.7999999999999994893, 0.000000000000000000 ) ) ;
#72 = SURFACE_STYLE_FILL_AREA ( #1867 ) ;
#73 = MECHANICAL_DESIGN_GEOMETRIC_PRESENTATION_REPRESENTATION (  '', ( #1639 ), #756 ) ;
#74 = UNCERTAINTY_MEASURE_WITH_UNIT (LENGTH_MEASURE( 1.000000000000000082E-05 ), #1091, 'distance_accuracy_value', 'NONE');
#75 = EDGE_CURVE ( 'NONE', #1707, #235, #4284, .T. ) ;
#76 = CARTESIAN_POINT ( 'NONE',  ( -1.800000000000000044, 0.2000000000000000944, 0.000000000000000000 ) ) ;
#77 = PRESENTATION_LAYER_ASSIGNMENT (  '', '', ( #1573 ) ) ;
#78 = ORIENTED_EDGE ( 'NONE', *, *, #1, .F. ) ;
#79 = LINE ( 'NONE', #2206, #2998 ) ;
#80 = ORIENTED_EDGE ( 'NONE', *, *, #1906, .F. ) ;
#81 =( NAMED_UNIT ( * ) PLANE_ANGLE_UNIT ( ) SI_UNIT ( $, .RADIAN. ) );
#82 = VECTOR ( 'NONE', #54, 1000.000000000000114 ) ;
#83 = VECTOR ( 'NONE', #2878, 1000.000000000000000 ) ;
#84 = ORIENTED_EDGE ( 'NONE', *, *, #3601, .F. ) ;
#85 =( NAMED_UNIT ( * ) SI_UNIT ( $, .STERADIAN. ) SOLID_ANGLE_UNIT ( ) );
#86 = PRESENTATION_LAYER_ASSIGNMENT (  '', '', ( #1651 ) ) ;
#87 = EDGE_CURVE ( 'NONE', #349, #654, #3173, .T. ) ;
#88 = ADVANCED_FACE ( 'NONE', ( #341 ), #800, .T. ) ;
#89 = ORIENTED_EDGE ( 'NONE', *, *, #4580, .T. ) ;
#90 = MECHANICAL_DESIGN_GEOMETRIC_PRESENTATION_REPRESENTATION (  '', ( #2867 ), #1147 ) ;
#91 = ORIENTED_EDGE ( 'NONE', *, *, #3347, .F. ) ;
#92 = FILL_AREA_STYLE_COLOUR ( '', #1144 ) ;
#93 = SURFACE_STYLE_FILL_AREA ( #4351 ) ;
#94 = FILL_AREA_STYLE_COLOUR ( '', #1161 ) ;
#95 = CARTESIAN_POINT ( 'NONE',  ( -2.399999999999999911, 0.2000000000000000944, 0.1000000000000000056 ) ) ;
#96 =( LENGTH_UNIT ( ) NAMED_UNIT ( * ) SI_UNIT ( .MILLI., .METRE. ) );
#97 = ORIENTED_EDGE ( 'NONE', *, *, #4110, .F. ) ;
#98 = FACE_OUTER_BOUND ( 'NONE', #4045, .T. ) ;
#99 = LINE ( 'NONE', #3738, #3054 ) ;
#100 = ORIENTED_EDGE ( 'NONE', *, *, #1539, .T. ) ;
#101 =( NAMED_UNIT ( * ) SI_UNIT ( $, .STERADIAN. ) SOLID_ANGLE_UNIT ( ) );
#102 = EDGE_LOOP ( 'NONE', ( #193, #260, #4356, #1662 ) ) ;
#103 = LINE ( 'NONE', #3409, #2226 ) ;
#104 = SURFACE_STYLE_USAGE ( .BOTH. , #3948 ) ;
#105 = DIRECTION ( 'NONE',  ( -0.000000000000000000, -0.000000000000000000, -1.000000000000000000 ) ) ;
#106 = AXIS2_PLACEMENT_3D ( 'NONE', #4298, #368, #1802 ) ;
#107 =( NAMED_UNIT ( * ) SI_UNIT ( $, .STERADIAN. ) SOLID_ANGLE_UNIT ( ) );
#108 = DIRECTION ( 'NONE',  ( -1.000000000000000000, 0.000000000000000000, 0.000000000000000000 ) ) ;
#109 = ORIENTED_EDGE ( 'NONE', *, *, #1743, .F. ) ;
#110 =( GEOMETRIC_REPRESENTATION_CONTEXT ( 3 ) GLOBAL_UNCERTAINTY_ASSIGNED_CONTEXT ( ( #1514 ) ) GLOBAL_UNIT_ASSIGNED_CONTEXT ( ( #1702, #3858, #1654 ) ) REPRESENTATION_CONTEXT ( 'NONE', 'WORKASPACE' ) );
#111 = SURFACE_SIDE_STYLE ('',( #174 ) ) ;
#112 = ADVANCED_FACE ( 'NONE', ( #4327 ), #3889, .F. ) ;
#113 = ORIENTED_EDGE ( 'NONE', *, *, #1481, .F. ) ;
#114 = CARTESIAN_POINT ( 'NONE',  ( -2.399999999999999911, -2.199999999999999734, 0.1000000000000000056 ) ) ;
#115 = PRODUCT_DEFINITION_CONTEXT ( 'detailed design', #536, 'design' ) ;
#116 = DIRECTION ( 'NONE',  ( -0.000000000000000000, 0.000000000000000000, 1.000000000000000000 ) ) ;
#117 = CARTESIAN_POINT ( 'NONE',  ( 2.399999999999999911, -0.7999999999999994893, 0.1000000000000000056 ) ) ;
#118 = VERTEX_POINT ( 'NONE', #32 ) ;
#119 = CARTESIAN_POINT ( 'NONE',  ( 1.800000000000000044, -1.799999999999999600, 0.000000000000000000 ) ) ;
#120 = DIRECTION ( 'NONE',  ( 1.000000000000000000, 0.000000000000000000, 0.000000000000000000 ) ) ;
#121 = CARTESIAN_POINT ( 'NONE',  ( -1.800000000000000044, 1.799999999999999600, 0.000000000000000000 ) ) ;
#122 = PRESENTATION_STYLE_ASSIGNMENT (( #3020 ) ) ;
#123 = SURFACE_STYLE_USAGE ( .BOTH. , #1163 ) ;
#124 = VECTOR ( 'NONE', #2704, 1000.000000000000000 ) ;
#125 = ORIENTED_EDGE ( 'NONE', *, *, #1430, .F. ) ;
#126 = CARTESIAN_POINT ( 'NONE',  ( 1.800000000000000044, -1.799999999999999600, 0.1000000000000000056 ) ) ;
#127 = SURFACE_STYLE_USAGE ( .BOTH. , #4048 ) ;
#128 = STYLED_ITEM ( 'NONE', ( #2621 ), #1959 ) ;
#129 = VECTOR ( 'NONE', #2912, 1000.000000000000000 ) ;
#130 = DIRECTION ( 'NONE',  ( 1.000000000000000000, 0.000000000000000000, 0.000000000000000000 ) ) ;
#131 = ORIENTED_EDGE ( 'NONE', *, *, #2422, .T. ) ;
#132 = AXIS2_PLACEMENT_3D ( 'NONE', #3991, #3635, #461 ) ;
#133 = DIRECTION ( 'NONE',  ( 1.000000000000000000, 0.000000000000000000, 0.000000000000000000 ) ) ;
#134 = CARTESIAN_POINT ( 'NONE',  ( -1.800000000000000044, -0.2000000000000000944, 0.000000000000000000 ) ) ;
#135 = STYLED_ITEM ( 'NONE', ( #2572 ), #1619 ) ;
#136 = FILL_AREA_STYLE ('',( #2288 ) ) ;
#137 =( NAMED_UNIT ( * ) SI_UNIT ( $, .STERADIAN. ) SOLID_ANGLE_UNIT ( ) );
#138 = PRESENTATION_LAYER_ASSIGNMENT (  '', '', ( #2457 ) ) ;
#139 = DIRECTION ( 'NONE',  ( 1.000000000000000000, 0.000000000000000000, 0.000000000000000000 ) ) ;
#140 = CARTESIAN_POINT ( 'NONE',  ( -1.800000000000000044, -2.199999999999999734, 0.1000000000000000056 ) ) ;
#141 = DIRECTION ( 'NONE',  ( 1.000000000000000000, 0.000000000000000000, -0.000000000000000000 ) ) ;
#142 = FILL_AREA_STYLE ('',( #3698 ) ) ;
#143 =( GEOMETRIC_REPRESENTATION_CONTEXT ( 3 ) GLOBAL_UNCERTAINTY_ASSIGNED_CONTEXT ( ( #33 ) ) GLOBAL_UNIT_ASSIGNED_CONTEXT ( ( #3596, #46, #3160 ) ) REPRESENTATION_CONTEXT ( 'NONE', 'WORKASPACE' ) );
#144 = DIRECTION ( 'NONE',  ( 0.000000000000000000, -1.000000000000000000, 0.000000000000000000 ) ) ;
#145 = LINE ( 'NONE', #3967, #4459 ) ;
#146 = ORIENTED_EDGE ( 'NONE', *, *, #3744, .T. ) ;
#147 = CARTESIAN_POINT ( 'NONE',  ( -2.399999999999999911, -0.2000000000000000944, 0.1000000000000000056 ) ) ;
#148 = AXIS2_PLACEMENT_3D ( 'NONE', #2744, #4139, #3750 ) ;
#149 = VECTOR ( 'NONE', #1529, 1000.000000000000000 ) ;
#150 = CARTESIAN_POINT ( 'NONE',  ( 1.800000000000000044, 0.7999999999999997113, 0.1000000000000000056 ) ) ;
#151 = CARTESIAN_POINT ( 'NONE',  ( 2.399999999999999911, -1.199999999999999734, 0.1000000000000000056 ) ) ;
#152 = VECTOR ( 'NONE', #3231, 1000.000000000000000 ) ;
#153 = PLANE ( 'NONE',  #2993 ) ;
#154 = ORIENTED_EDGE ( 'NONE', *, *, #937, .T. ) ;
#155 = AXIS2_PLACEMENT_3D ( 'NONE', #2238, #3702, #502 ) ;
#156 = UNCERTAINTY_MEASURE_WITH_UNIT (LENGTH_MEASURE( 1.000000000000000082E-05 ), #2058, 'distance_accuracy_value', 'NONE');
#157 = COLOUR_RGB ( '',0.8431372549019607865, 0.8431372549019607865, 0.8431372549019607865 ) ;
#158 =( NAMED_UNIT ( * ) PLANE_ANGLE_UNIT ( ) SI_UNIT ( $, .RADIAN. ) );
#159 = PRESENTATION_STYLE_ASSIGNMENT (( #3968 ) ) ;
#160 = VERTEX_POINT ( 'NONE', #1449 ) ;
#161 = ADVANCED_FACE ( 'NONE', ( #1841 ), #2887, .T. ) ;
#162 = DIRECTION ( 'NONE',  ( -0.000000000000000000, -0.000000000000000000, -1.000000000000000000 ) ) ;
#163 = DIRECTION ( 'NONE',  ( -0.000000000000000000, 0.000000000000000000, 1.000000000000000000 ) ) ;
#164 = PRESENTATION_STYLE_ASSIGNMENT (( #3078 ) ) ;
#165 = DIRECTION ( 'NONE',  ( 0.000000000000000000, -0.000000000000000000, -1.000000000000000000 ) ) ;
#166 = LINE ( 'NONE', #2705, #2903 ) ;
#167 = EDGE_CURVE ( 'NONE', #4479, #2497, #2652, .T. ) ;
#168 = EDGE_CURVE ( 'NONE', #1632, #321, #1907, .T. ) ;
#169 = ADVANCED_BREP_SHAPE_REPRESENTATION ( 'MAX31328NELB+', ( #2252, #723, #638, #3761, #3665, #587, #2136, #3743, #3682, #2151, #595, #1735 ), #1879 ) ;
#170 = EDGE_CURVE ( 'NONE', #4460, #2618, #4426, .T. ) ;
#171 = CARTESIAN_POINT ( 'NONE',  ( 2.449999999999998401, 2.449999999999999734, 0.000000000000000000 ) ) ;
#172 = CARTESIAN_POINT ( 'NONE',  ( -1.800000000000000044, -0.2000000000000000944, 0.1000000000000000056 ) ) ;
#173 = CARTESIAN_POINT ( 'NONE',  ( -1.800000000000000044, 1.199999999999999956, 0.1000000000000000056 ) ) ;
#174 = SURFACE_STYLE_FILL_AREA ( #4583 ) ;
#175 = CLOSED_SHELL ( 'NONE', ( #1677, #285, #752, #1653, #517, #2517 ) ) ;
#176 = CARTESIAN_POINT ( 'NONE',  ( -2.399999999999999911, 0.2000000000000000944, 0.1000000000000000056 ) ) ;
#177 = CARTESIAN_POINT ( 'NONE',  ( 1.800000000000000044, -1.199999999999999734, 0.000000000000000000 ) ) ;
#178 = SURFACE_STYLE_FILL_AREA ( #4427 ) ;
#179 =( NAMED_UNIT ( * ) PLANE_ANGLE_UNIT ( ) SI_UNIT ( $, .RADIAN. ) );
#180 =( LENGTH_UNIT ( ) NAMED_UNIT ( * ) SI_UNIT ( .MILLI., .METRE. ) );
#181 = CARTESIAN_POINT ( 'NONE',  ( 2.399999999999999911, -1.799999999999999600, 0.000000000000000000 ) ) ;
#182 = DIRECTION ( 'NONE',  ( 0.000000000000000000, 0.000000000000000000, -1.000000000000000000 ) ) ;
#183 = LINE ( 'NONE', #4116, #4237 ) ;
#184 = ADVANCED_FACE ( 'NONE', ( #556 ), #4109, .T. ) ;
#185 = FILL_AREA_STYLE_COLOUR ( '', #1723 ) ;
#186 = VERTEX_POINT ( 'NONE', #2312 ) ;
#187 = ORIENTED_EDGE ( 'NONE', *, *, #787, .T. ) ;
#188 = ORIENTED_EDGE ( 'NONE', *, *, #4601, .T. ) ;
#189 = COLOUR_RGB ( '',0.8431372549019607865, 0.8431372549019607865, 0.8431372549019607865 ) ;
#190 = CARTESIAN_POINT ( 'NONE',  ( -1.800000000000000044, -1.799999999999999600, 0.000000000000000000 ) ) ;
#191 = VERTEX_POINT ( 'NONE', #177 ) ;
#192 =( GEOMETRIC_REPRESENTATION_CONTEXT ( 3 ) GLOBAL_UNCERTAINTY_ASSIGNED_CONTEXT ( ( #3970 ) ) GLOBAL_UNIT_ASSIGNED_CONTEXT ( ( #96, #443, #394 ) ) REPRESENTATION_CONTEXT ( 'NONE', 'WORKASPACE' ) );
#193 = ORIENTED_EDGE ( 'NONE', *, *, #1562, .F. ) ;
#194 = EDGE_CURVE ( 'NONE', #2468, #2869, #3731, .T. ) ;
#195 = DIRECTION ( 'NONE',  ( -0.000000000000000000, -0.000000000000000000, -1.000000000000000000 ) ) ;
#196 = PRESENTATION_LAYER_ASSIGNMENT (  '', '', ( #288 ) ) ;
#197 = VECTOR ( 'NONE', #4369, 1000.000000000000000 ) ;
#198 = SURFACE_SIDE_STYLE ('',( #2691 ) ) ;
#199 = ORIENTED_EDGE ( 'NONE', *, *, #3310, .T. ) ;
#200 = CARTESIAN_POINT ( 'NONE',  ( 2.449999999999998401, 2.500000000000000000, 0.000000000000000000 ) ) ;
#201 = AXIS2_PLACEMENT_3D ( 'NONE', #1236, #541, #802 ) ;
#202 = VECTOR ( 'NONE', #3140, 1000.000000000000000 ) ;
#203 = SURFACE_STYLE_USAGE ( .BOTH. , #559 ) ;
#204 = VECTOR ( 'NONE', #2193, 1000.000000000000000 ) ;
#205 = EDGE_CURVE ( 'NONE', #3781, #2137, #533, .T. ) ;
#206 = STYLED_ITEM ( 'NONE', ( #4050 ), #1479 ) ;
#207 = DIRECTION ( 'NONE',  ( 8.673617379884037937E-17, -1.000000000000000000, 0.000000000000000000 ) ) ;
#208 = CARTESIAN_POINT ( 'NONE',  ( -2.399999999999999911, 2.199999999999999734, 0.1000000000000000056 ) ) ;
#209 = VECTOR ( 'NONE', #988, 1000.000000000000000 ) ;
#210 = CARTESIAN_POINT ( 'NONE',  ( 2.399999999999999911, -1.799999999999999600, 0.1000000000000000056 ) ) ;
#211 = CARTESIAN_POINT ( 'NONE',  ( 2.399999999999999911, -0.7999999999999994893, 0.000000000000000000 ) ) ;
#212 = LINE ( 'NONE', #3388, #309 ) ;
#213 = EDGE_LOOP ( 'NONE', ( #850, #2776, #1664, #1988 ) ) ;
#214 = ORIENTED_EDGE ( 'NONE', *, *, #2835, .F. ) ;
#215 = AXIS2_PLACEMENT_3D ( 'NONE', #832, #2251, #3982 ) ;
#216 = CARTESIAN_POINT ( 'NONE',  ( -2.399999999999999911, 1.799999999999999600, 0.1000000000000000056 ) ) ;
#217 = CARTESIAN_POINT ( 'NONE',  ( -1.800000000000000044, -2.199999999999999734, 0.1000000000000000056 ) ) ;
#218 = CARTESIAN_POINT ( 'NONE',  ( -1.800000000000000044, 2.049999999999999822, 0.1000000000000000056 ) ) ;
#219 = ORIENTED_EDGE ( 'NONE', *, *, #1807, .T. ) ;
#220 = ADVANCED_FACE ( 'NONE', ( #3047 ), #2265, .T. ) ;
#221 = CARTESIAN_POINT ( 'NONE',  ( 2.399999999999999911, -2.199999999999999734, 0.1000000000000000056 ) ) ;
#222 = AXIS2_PLACEMENT_3D ( 'NONE', #50, #676, #2834 ) ;
#223 = ORIENTED_EDGE ( 'NONE', *, *, #3946, .T. ) ;
#224 = ORIENTED_EDGE ( 'NONE', *, *, #402, .T. ) ;
#225 = DIRECTION ( 'NONE',  ( -1.000000000000000000, 0.000000000000000000, 0.000000000000000000 ) ) ;
#226 = ADVANCED_FACE ( 'NONE', ( #2761 ), #3589, .F. ) ;
#227 = COLOUR_RGB ( '',0.7921568627450980005, 0.8196078431372548767, 0.9333333333333333481 ) ;
#228 = ADVANCED_FACE ( 'NONE', ( #4262 ), #1038, .T. ) ;
#229 = ORIENTED_EDGE ( 'NONE', *, *, #992, .T. ) ;
#230 = STYLED_ITEM ( 'NONE', ( #3683 ), #3923 ) ;
#231 = DIRECTION ( 'NONE',  ( 8.673617379884051249E-15, 0.000000000000000000, 1.000000000000000000 ) ) ;
#232 = LINE ( 'NONE', #1374, #1878 ) ;
#233 = ORIENTED_EDGE ( 'NONE', *, *, #1024, .F. ) ;
#234 =( GEOMETRIC_REPRESENTATION_CONTEXT ( 3 ) GLOBAL_UNCERTAINTY_ASSIGNED_CONTEXT ( ( #4229 ) ) GLOBAL_UNIT_ASSIGNED_CONTEXT ( ( #1979, #1681, #323 ) ) REPRESENTATION_CONTEXT ( 'NONE', 'WORKASPACE' ) );
#235 = VERTEX_POINT ( 'NONE', #4416 ) ;
#236 = VERTEX_POINT ( 'NONE', #835 ) ;
#237 = COLOUR_RGB ( '',0.7921568627450980005, 0.8196078431372548767, 0.9333333333333333481 ) ;
#238 = ORIENTED_EDGE ( 'NONE', *, *, #2362, .T. ) ;
#239 = CARTESIAN_POINT ( 'NONE',  ( -2.157669551882922754, 2.104871887813290599, 1.350000000000000089 ) ) ;
#240 = ORIENTED_EDGE ( 'NONE', *, *, #1832, .T. ) ;
#241 = EDGE_CURVE ( 'NONE', #118, #3811, #3630, .T. ) ;
#242 = EDGE_CURVE ( 'NONE', #1819, #629, #2291, .T. ) ;
#243 = FILL_AREA_STYLE_COLOUR ( '', #4409 ) ;
#244 = DIRECTION ( 'NONE',  ( -0.000000000000000000, 0.000000000000000000, 1.000000000000000000 ) ) ;
#245 = FACE_BOUND ( 'NONE', #755, .T. ) ;
#246 = LINE ( 'NONE', #1022, #2544 ) ;
#247 = VERTEX_POINT ( 'NONE', #3300 ) ;
#248 = CARTESIAN_POINT ( 'NONE',  ( -1.800000000000000044, 1.199999999999999956, 0.000000000000000000 ) ) ;
#249 = LINE ( 'NONE', #1673, #1587 ) ;
#250 = ORIENTED_EDGE ( 'NONE', *, *, #4582, .T. ) ;
#251 = LINE ( 'NONE', #984, #3928 ) ;
#252 = ADVANCED_FACE ( 'NONE', ( #4064 ), #2123, .F. ) ;
#253 = SURFACE_STYLE_USAGE ( .BOTH. , #961 ) ;
#254 = EDGE_CURVE ( 'NONE', #3598, #792, #386, .T. ) ;
#255 = CARTESIAN_POINT ( 'NONE',  ( -2.399999999999999911, -1.799999999999999600, 0.1000000000000000056 ) ) ;
#256 = LINE ( 'NONE', #4154, #2236 ) ;
#257 = DIRECTION ( 'NONE',  ( 1.000000000000000000, 0.000000000000000000, -0.000000000000000000 ) ) ;
#258 = DIRECTION ( 'NONE',  ( 1.000000000000000000, -0.000000000000000000, -0.000000000000000000 ) ) ;
#259 = FILL_AREA_STYLE_COLOUR ( '', #2218 ) ;
#260 = ORIENTED_EDGE ( 'NONE', *, *, #4414, .F. ) ;
#261 = PLANE ( 'NONE',  #1025 ) ;
#262 = DIRECTION ( 'NONE',  ( 0.000000000000000000, 0.000000000000000000, -1.000000000000000000 ) ) ;
#263 = FILL_AREA_STYLE_COLOUR ( '', #3158 ) ;
#264 = FACE_OUTER_BOUND ( 'NONE', #414, .T. ) ;
#265 = ORIENTED_EDGE ( 'NONE', *, *, #3751, .T. ) ;
#266 = DIRECTION ( 'NONE',  ( 1.000000000000000000, 8.673617379884037937E-17, -0.000000000000000000 ) ) ;
#267 = LINE ( 'NONE', #1311, #2908 ) ;
#268 = CARTESIAN_POINT ( 'NONE',  ( 2.449999999999999734, 2.449999999999999734, 1.300000000000000266 ) ) ;
#269 = ORIENTED_EDGE ( 'NONE', *, *, #2100, .F. ) ;
#270 = VECTOR ( 'NONE', #3099, 1000.000000000000000 ) ;
#271 = VECTOR ( 'NONE', #3402, 1000.000000000000000 ) ;
#272 = STYLED_ITEM ( 'NONE', ( #4056 ), #1677 ) ;
#273 = FILL_AREA_STYLE ('',( #3479 ) ) ;
#274 =( GEOMETRIC_REPRESENTATION_CONTEXT ( 3 ) GLOBAL_UNCERTAINTY_ASSIGNED_CONTEXT ( ( #2169 ) ) GLOBAL_UNIT_ASSIGNED_CONTEXT ( ( #2513, #4564, #1432 ) ) REPRESENTATION_CONTEXT ( 'NONE', 'WORKASPACE' ) );
#275 = CARTESIAN_POINT ( 'NONE',  ( -1.800000000000000044, 2.049999999999999822, 0.1000000000000000056 ) ) ;
#276 = ORIENTED_EDGE ( 'NONE', *, *, #2934, .F. ) ;
#277 =( GEOMETRIC_REPRESENTATION_CONTEXT ( 3 ) GLOBAL_UNCERTAINTY_ASSIGNED_CONTEXT ( ( #1836 ) ) GLOBAL_UNIT_ASSIGNED_CONTEXT ( ( #635, #2088, #2335 ) ) REPRESENTATION_CONTEXT ( 'NONE', 'WORKASPACE' ) );
#278 = COLOUR_RGB ( '',0.8431372549019607865, 0.8431372549019607865, 0.8431372549019607865 ) ;
#279 = VERTEX_POINT ( 'NONE', #1416 ) ;
#280 = CARTESIAN_POINT ( 'NONE',  ( 1.800000000000000044, -2.199999999999999734, 0.1000000000000000056 ) ) ;
#281 = DIRECTION ( 'NONE',  ( -0.000000000000000000, 0.000000000000000000, -1.000000000000000000 ) ) ;
#282 =( NAMED_UNIT ( * ) PLANE_ANGLE_UNIT ( ) SI_UNIT ( $, .RADIAN. ) );
#283 =( GEOMETRIC_REPRESENTATION_CONTEXT ( 3 ) GLOBAL_UNCERTAINTY_ASSIGNED_CONTEXT ( ( #3564 ) ) GLOBAL_UNIT_ASSIGNED_CONTEXT ( ( #180, #4093, #3337 ) ) REPRESENTATION_CONTEXT ( 'NONE', 'WORKASPACE' ) );
#284 = EDGE_CURVE ( 'NONE', #2137, #1703, #3445, .T. ) ;
#285 = ADVANCED_FACE ( 'NONE', ( #4271 ), #1291, .T. ) ;
#286 = ADVANCED_FACE ( 'NONE', ( #2040 ), #4496, .F. ) ;
#287 = STYLED_ITEM ( 'NONE', ( #159 ), #2517 ) ;
#288 = STYLED_ITEM ( 'NONE', ( #1940 ), #1881 ) ;
#289 = CARTESIAN_POINT ( 'NONE',  ( 0.000000000000000000, 0.000000000000000000, 0.000000000000000000 ) ) ;
#290 = COLOUR_RGB ( '',0.8431372549019607865, 0.8431372549019607865, 0.8431372549019607865 ) ;
#291 = DIRECTION ( 'NONE',  ( 0.000000000000000000, 0.000000000000000000, -1.000000000000000000 ) ) ;
#292 =( GEOMETRIC_REPRESENTATION_CONTEXT ( 3 ) GLOBAL_UNCERTAINTY_ASSIGNED_CONTEXT ( ( #3671 ) ) GLOBAL_UNIT_ASSIGNED_CONTEXT ( ( #2204, #1215, #137 ) ) REPRESENTATION_CONTEXT ( 'NONE', 'WORKASPACE' ) );
#293 = DIRECTION ( 'NONE',  ( -0.000000000000000000, 1.000000000000000000, -0.000000000000000000 ) ) ;
#294 = DIRECTION ( 'NONE',  ( -0.000000000000000000, 1.000000000000000000, -0.000000000000000000 ) ) ;
#295 = VECTOR ( 'NONE', #2649, 1000.000000000000000 ) ;
#296 = ORIENTED_EDGE ( 'NONE', *, *, #456, .T. ) ;
#297 = FILL_AREA_STYLE_COLOUR ( '', #4076 ) ;
#298 = VECTOR ( 'NONE', #3027, 1000.000000000000114 ) ;
#299 = DIRECTION ( 'NONE',  ( -0.000000000000000000, -0.000000000000000000, -1.000000000000000000 ) ) ;
#300 = PRESENTATION_STYLE_ASSIGNMENT (( #3503 ) ) ;
#301 = EDGE_LOOP ( 'NONE', ( #1426, #3902, #89, #4051 ) ) ;
#302 = ORIENTED_EDGE ( 'NONE', *, *, #3639, .F. ) ;
#303 =( GEOMETRIC_REPRESENTATION_CONTEXT ( 3 ) GLOBAL_UNCERTAINTY_ASSIGNED_CONTEXT ( ( #3322 ) ) GLOBAL_UNIT_ASSIGNED_CONTEXT ( ( #2640, #2997, #3662 ) ) REPRESENTATION_CONTEXT ( 'NONE', 'WORKASPACE' ) );
#304 = PLANE ( 'NONE',  #4602 ) ;
#305 = SPHERICAL_SURFACE ( 'NONE', #2324, 0.05000000000000000278 ) ;
#306 = LINE ( 'NONE', #634, #1640 ) ;
#307 = DIRECTION ( 'NONE',  ( -1.000000000000000000, 0.000000000000000000, 0.000000000000000000 ) ) ;
#308 = VERTEX_POINT ( 'NONE', #3110 ) ;
#309 = VECTOR ( 'NONE', #3432, 1000.000000000000000 ) ;
#310 = PRESENTATION_STYLE_ASSIGNMENT (( #4594 ) ) ;
#311 = FILL_AREA_STYLE ('',( #1382 ) ) ;
#312 = CARTESIAN_POINT ( 'NONE',  ( 1.800000000000000044, -2.199999999999999734, 0.000000000000000000 ) ) ;
#313 = ORIENTED_EDGE ( 'NONE', *, *, #3131, .F. ) ;
#314 = ADVANCED_FACE ( 'NONE', ( #1305 ), #4169, .F. ) ;
#315 =( LENGTH_UNIT ( ) NAMED_UNIT ( * ) SI_UNIT ( .MILLI., .METRE. ) );
#316 =( NAMED_UNIT ( * ) SI_UNIT ( $, .STERADIAN. ) SOLID_ANGLE_UNIT ( ) );
#317 = PLANE ( 'NONE',  #4088 ) ;
#318 = VERTEX_POINT ( 'NONE', #61 ) ;
#319 =( LENGTH_UNIT ( ) NAMED_UNIT ( * ) SI_UNIT ( .MILLI., .METRE. ) );
#320 = DIRECTION ( 'NONE',  ( -1.000000000000000000, -0.000000000000000000, -0.000000000000000000 ) ) ;
#321 = VERTEX_POINT ( 'NONE', #42 ) ;
#322 = CARTESIAN_POINT ( 'NONE',  ( 1.800000000000000044, -2.199999999999999734, 0.000000000000000000 ) ) ;
#323 =( NAMED_UNIT ( * ) SI_UNIT ( $, .STERADIAN. ) SOLID_ANGLE_UNIT ( ) );
#324 = DIRECTION ( 'NONE',  ( -0.000000000000000000, 1.000000000000000000, -0.000000000000000000 ) ) ;
#325 = PLANE ( 'NONE',  #3224 ) ;
#326 =( NAMED_UNIT ( * ) PLANE_ANGLE_UNIT ( ) SI_UNIT ( $, .RADIAN. ) );
#327 = ORIENTED_EDGE ( 'NONE', *, *, #935, .F. ) ;
#328 = EDGE_CURVE ( 'NONE', #1115, #654, #748, .T. ) ;
#329 = CARTESIAN_POINT ( 'NONE',  ( -2.399999999999999911, -0.2000000000000000944, 0.1000000000000000056 ) ) ;
#330 = SURFACE_SIDE_STYLE ('',( #2500 ) ) ;
#331 = UNCERTAINTY_MEASURE_WITH_UNIT (LENGTH_MEASURE( 1.000000000000000082E-05 ), #3527, 'distance_accuracy_value', 'NONE');
#332 = SURFACE_SIDE_STYLE ('',( #2812 ) ) ;
#333 = EDGE_LOOP ( 'NONE', ( #887, #3984, #3910, #661 ) ) ;
#334 = FACE_OUTER_BOUND ( 'NONE', #2440, .T. ) ;
#335 = ORIENTED_EDGE ( 'NONE', *, *, #1906, .T. ) ;
#336 = LINE ( 'NONE', #1469, #674 ) ;
#337 = DIRECTION ( 'NONE',  ( 0.000000000000000000, -1.000000000000000000, -0.000000000000000000 ) ) ;
#338 = VERTEX_POINT ( 'NONE', #380 ) ;
#339 = CARTESIAN_POINT ( 'NONE',  ( 1.800000000000000044, -1.799999999999999600, 0.1000000000000000056 ) ) ;
#340 = AXIS2_PLACEMENT_3D ( 'NONE', #1767, #2004, #1444 ) ;
#341 = FACE_OUTER_BOUND ( 'NONE', #3841, .T. ) ;
#342 = VECTOR ( 'NONE', #3423, 1000.000000000000000 ) ;
#343 = VERTEX_POINT ( 'NONE', #1462 ) ;
#344 = PLANE ( 'NONE',  #4264 ) ;
#345 = SHAPE_DEFINITION_REPRESENTATION ( #4560, #169 ) ;
#346 = SURFACE_SIDE_STYLE ('',( #3825 ) ) ;
#347 = SURFACE_STYLE_USAGE ( .BOTH. , #2920 ) ;
#348 = COLOUR_RGB ( '',0.8431372549019607865, 0.8431372549019607865, 0.8431372549019607865 ) ;
#349 = VERTEX_POINT ( 'NONE', #2617 ) ;
#350 = VECTOR ( 'NONE', #1852, 1000.000000000000000 ) ;
#351 = MECHANICAL_DESIGN_GEOMETRIC_PRESENTATION_REPRESENTATION (  '', ( #2537 ), #3710 ) ;
#352 = COLOUR_RGB ( '',0.9607843137254902244, 0.9607843137254902244, 0.9607843137254902244 ) ;
#353 = DIRECTION ( 'NONE',  ( 1.000000000000000000, -0.000000000000000000, -0.000000000000000000 ) ) ;
#354 = PLANE ( 'NONE',  #1929 ) ;
#355 = VECTOR ( 'NONE', #3770, 1000.000000000000000 ) ;
#356 = VECTOR ( 'NONE', #481, 1000.000000000000000 ) ;
#357 = CIRCLE ( 'NONE', #3652, 0.04999999999999991257 ) ;
#358 = DIRECTION ( 'NONE',  ( 1.000000000000000000, 0.000000000000000000, 0.000000000000000000 ) ) ;
#359 = EDGE_CURVE ( 'NONE', #1850, #3978, #2895, .T. ) ;
#360 = AXIS2_PLACEMENT_3D ( 'NONE', #1218, #884, #974 ) ;
#361 = ORIENTED_EDGE ( 'NONE', *, *, #1067, .F. ) ;
#362 = EDGE_CURVE ( 'NONE', #619, #448, #1113, .T. ) ;
#363 = VERTEX_POINT ( 'NONE', #1141 ) ;
#364 = LINE ( 'NONE', #4275, #1352 ) ;
#365 = CARTESIAN_POINT ( 'NONE',  ( -2.399999999999999911, 2.199999999999999734, 0.1000000000000000056 ) ) ;
#366 = MECHANICAL_DESIGN_GEOMETRIC_PRESENTATION_REPRESENTATION (  '', ( #2313 ), #292 ) ;
#367 = EDGE_CURVE ( 'NONE', #3082, #2869, #4360, .T. ) ;
#368 = DIRECTION ( 'NONE',  ( 0.000000000000000000, -1.000000000000000000, 0.000000000000000000 ) ) ;
#369 = CARTESIAN_POINT ( 'NONE',  ( -2.399999999999999911, -0.2000000000000000944, 0.1000000000000000056 ) ) ;
#370 = FILL_AREA_STYLE_COLOUR ( '', #427 ) ;
#371 = VERTEX_POINT ( 'NONE', #839 ) ;
#372 = AXIS2_PLACEMENT_3D ( 'NONE', #1996, #2346, #531 ) ;
#373 = VERTEX_POINT ( 'NONE', #4287 ) ;
#374 = DIRECTION ( 'NONE',  ( 0.000000000000000000, 0.000000000000000000, -1.000000000000000000 ) ) ;
#375 = EDGE_LOOP ( 'NONE', ( #2453, #302, #592, #214 ) ) ;
#376 = FACE_OUTER_BOUND ( 'NONE', #2035, .T. ) ;
#377 = VECTOR ( 'NONE', #2230, 1000.000000000000000 ) ;
#378 = EDGE_LOOP ( 'NONE', ( #199, #1023, #3014, #1524, #956 ) ) ;
#379 = DIRECTION ( 'NONE',  ( 0.000000000000000000, 0.000000000000000000, 1.000000000000000000 ) ) ;
#380 = CARTESIAN_POINT ( 'NONE',  ( 2.399999999999999911, 1.799999999999999600, 0.000000000000000000 ) ) ;
#381 =( GEOMETRIC_REPRESENTATION_CONTEXT ( 3 ) GLOBAL_UNCERTAINTY_ASSIGNED_CONTEXT ( ( #74 ) ) GLOBAL_UNIT_ASSIGNED_CONTEXT ( ( #1091, #1012, #2390 ) ) REPRESENTATION_CONTEXT ( 'NONE', 'WORKASPACE' ) );
#382 = CARTESIAN_POINT ( 'NONE',  ( -1.949999999999999956, 2.199999999999999734, 0.1000000000000000056 ) ) ;
#383 = VERTEX_POINT ( 'NONE', #2574 ) ;
#384 = PRESENTATION_LAYER_ASSIGNMENT (  '', '', ( #2399 ) ) ;
#385 = UNCERTAINTY_MEASURE_WITH_UNIT (LENGTH_MEASURE( 1.000000000000000082E-05 ), #1806, 'distance_accuracy_value', 'NONE');
#386 = LINE ( 'NONE', #3201, #4586 ) ;
#387 = SURFACE_SIDE_STYLE ('',( #3920 ) ) ;
#388 = DIRECTION ( 'NONE',  ( -0.000000000000000000, 0.000000000000000000, -1.000000000000000000 ) ) ;
#389 = ORIENTED_EDGE ( 'NONE', *, *, #242, .T. ) ;
#390 = DIRECTION ( 'NONE',  ( -1.000000000000000000, 0.000000000000000000, -0.000000000000000000 ) ) ;
#391 = CARTESIAN_POINT ( 'NONE',  ( -1.800000000000000044, 2.049999999999999822, 0.000000000000000000 ) ) ;
#392 = UNCERTAINTY_MEASURE_WITH_UNIT (LENGTH_MEASURE( 1.000000000000000082E-05 ), #2266, 'distance_accuracy_value', 'NONE');
#393 = ORIENTED_EDGE ( 'NONE', *, *, #4433, .T. ) ;
#394 =( NAMED_UNIT ( * ) SI_UNIT ( $, .STERADIAN. ) SOLID_ANGLE_UNIT ( ) );
#395 = LINE ( 'NONE', #3267, #82 ) ;
#396 = EDGE_LOOP ( 'NONE', ( #3180, #4123, #229, #3281 ) ) ;
#397 = SURFACE_SIDE_STYLE ('',( #449 ) ) ;
#398 = SURFACE_STYLE_FILL_AREA ( #2849 ) ;
#399 = CARTESIAN_POINT ( 'NONE',  ( -2.399999999999999911, -1.799999999999999600, 0.1000000000000000056 ) ) ;
#400 = DIRECTION ( 'NONE',  ( -0.000000000000000000, 0.000000000000000000, 1.000000000000000000 ) ) ;
#401 = FILL_AREA_STYLE_COLOUR ( '', #3539 ) ;
#402 = EDGE_CURVE ( 'NONE', #798, #1900, #3965, .T. ) ;
#403 = ADVANCED_FACE ( 'NONE', ( #2592 ), #3987, .T. ) ;
#404 = EDGE_CURVE ( 'NONE', #645, #1115, #4117, .T. ) ;
#405 = AXIS2_PLACEMENT_3D ( 'NONE', #3908, #3606, #2585 ) ;
#406 = CARTESIAN_POINT ( 'NONE',  ( -2.399999999999999911, -1.199999999999999734, 0.1000000000000000056 ) ) ;
#407 = LINE ( 'NONE', #3632, #911 ) ;
#408 = DIRECTION ( 'NONE',  ( 1.000000000000000000, 0.000000000000000000, 0.000000000000000000 ) ) ;
#409 = FACE_OUTER_BOUND ( 'NONE', #4573, .T. ) ;
#410 = FACE_OUTER_BOUND ( 'NONE', #2582, .T. ) ;
#411 = ORIENTED_EDGE ( 'NONE', *, *, #2207, .F. ) ;
#412 = ORIENTED_EDGE ( 'NONE', *, *, #3269, .F. ) ;
#413 = SURFACE_STYLE_USAGE ( .BOTH. , #1425 ) ;
#414 = EDGE_LOOP ( 'NONE', ( #2549, #1007, #1452, #3137 ) ) ;
#415 = FILL_AREA_STYLE_COLOUR ( '', #716 ) ;
#416 = DIRECTION ( 'NONE',  ( 0.000000000000000000, -0.000000000000000000, -1.000000000000000000 ) ) ;
#417 = VECTOR ( 'NONE', #1963, 1000.000000000000000 ) ;
#418 = DIRECTION ( 'NONE',  ( -1.000000000000000000, -2.602085213965203700E-14, 0.000000000000000000 ) ) ;
#419 = CARTESIAN_POINT ( 'NONE',  ( 2.399999999999999911, 0.7999999999999997113, 0.1000000000000000056 ) ) ;
#420 =( GEOMETRIC_REPRESENTATION_CONTEXT ( 3 ) GLOBAL_UNCERTAINTY_ASSIGNED_CONTEXT ( ( #4536 ) ) GLOBAL_UNIT_ASSIGNED_CONTEXT ( ( #3748, #3019, #562 ) ) REPRESENTATION_CONTEXT ( 'NONE', 'WORKASPACE' ) );
#421 = SURFACE_STYLE_USAGE ( .BOTH. , #3250 ) ;
#422 = DIRECTION ( 'NONE',  ( -1.000000000000000000, 0.000000000000000000, 0.000000000000000000 ) ) ;
#423 = DIRECTION ( 'NONE',  ( 0.7071067811865475727, 0.7071067811865475727, -0.000000000000000000 ) ) ;
#424 = EDGE_CURVE ( 'NONE', #118, #971, #938, .T. ) ;
#425 = CARTESIAN_POINT ( 'NONE',  ( 2.449999999999999734, -2.449999999999998401, 1.350000000000000089 ) ) ;
#426 = VECTOR ( 'NONE', #963, 1000.000000000000000 ) ;
#427 = COLOUR_RGB ( '',0.8431372549019607865, 0.8431372549019607865, 0.8431372549019607865 ) ;
#428 = SURFACE_STYLE_FILL_AREA ( #2858 ) ;
#429 = UNCERTAINTY_MEASURE_WITH_UNIT (LENGTH_MEASURE( 1.000000000000000082E-05 ), #484, 'distance_accuracy_value', 'NONE');
#430 = CIRCLE ( 'NONE', #1032, 0.05000000000000012768 ) ;
#431 = DIRECTION ( 'NONE',  ( -0.000000000000000000, -0.000000000000000000, -1.000000000000000000 ) ) ;
#432 = DIRECTION ( 'NONE',  ( 0.000000000000000000, -1.000000000000000000, 0.000000000000000000 ) ) ;
#433 = STYLED_ITEM ( 'NONE', ( #47 ), #2240 ) ;
#434 = AXIS2_PLACEMENT_3D ( 'NONE', #2419, #2064, #1607 ) ;
#435 = ORIENTED_EDGE ( 'NONE', *, *, #3681, .T. ) ;
#436 =( LENGTH_UNIT ( ) NAMED_UNIT ( * ) SI_UNIT ( .MILLI., .METRE. ) );
#437 = AXIS2_PLACEMENT_3D ( 'NONE', #2718, #4506, #620 ) ;
#438 = VECTOR ( 'NONE', #3775, 1000.000000000000000 ) ;
#439 = ORIENTED_EDGE ( 'NONE', *, *, #1719, .T. ) ;
#440 = LINE ( 'NONE', #71, #3087 ) ;
#441 = SURFACE_SIDE_STYLE ('',( #93 ) ) ;
#442 = UNCERTAINTY_MEASURE_WITH_UNIT (LENGTH_MEASURE( 1.000000000000000082E-05 ), #315, 'distance_accuracy_value', 'NONE');
#443 =( NAMED_UNIT ( * ) PLANE_ANGLE_UNIT ( ) SI_UNIT ( $, .RADIAN. ) );
#444 = DIRECTION ( 'NONE',  ( -8.673617379884037937E-17, 1.000000000000000000, 0.000000000000000000 ) ) ;
#445 = SURFACE_SIDE_STYLE ('',( #178 ) ) ;
#446 = CARTESIAN_POINT ( 'NONE',  ( -1.800000000000000044, -1.199999999999999734, 0.000000000000000000 ) ) ;
#447 = VECTOR ( 'NONE', #3471, 1000.000000000000000 ) ;
#448 = VERTEX_POINT ( 'NONE', #1621 ) ;
#449 = SURFACE_STYLE_FILL_AREA ( #2181 ) ;
#450 = DIRECTION ( 'NONE',  ( -0.000000000000000000, 0.000000000000000000, 1.000000000000000000 ) ) ;
#451 = DIRECTION ( 'NONE',  ( -0.000000000000000000, -0.000000000000000000, -1.000000000000000000 ) ) ;
#452 = ORIENTED_EDGE ( 'NONE', *, *, #4013, .T. ) ;
#453 = SURFACE_SIDE_STYLE ('',( #3655 ) ) ;
#454 = VECTOR ( 'NONE', #324, 1000.000000000000000 ) ;
#455 = DIRECTION ( 'NONE',  ( -0.000000000000000000, 0.000000000000000000, -1.000000000000000000 ) ) ;
#456 = EDGE_CURVE ( 'NONE', #1350, #70, #3057, .T. ) ;
#457 = FACE_OUTER_BOUND ( 'NONE', #1518, .T. ) ;
#458 = AXIS2_PLACEMENT_3D ( 'NONE', #173, #2372, #3787 ) ;
#459 = ADVANCED_FACE ( 'NONE', ( #3081 ), #476, .F. ) ;
#460 = MECHANICAL_DESIGN_GEOMETRIC_PRESENTATION_REPRESENTATION (  '', ( #606 ), #381 ) ;
#461 = DIRECTION ( 'NONE',  ( -1.000000000000000000, 0.000000000000000000, 0.000000000000000000 ) ) ;
#462 = VECTOR ( 'NONE', #2481, 1000.000000000000000 ) ;
#463 = CARTESIAN_POINT ( 'NONE',  ( 2.399999999999999911, -2.199999999999999734, 0.1000000000000000056 ) ) ;
#464 = ORIENTED_EDGE ( 'NONE', *, *, #3961, .T. ) ;
#465 = VERTEX_POINT ( 'NONE', #4042 ) ;
#466 = FILL_AREA_STYLE ('',( #3669 ) ) ;
#467 = CARTESIAN_POINT ( 'NONE',  ( -1.800000000000000044, 1.199999999999999956, 0.1000000000000000056 ) ) ;
#468 = CARTESIAN_POINT ( 'NONE',  ( 1.800000000000000044, 1.199999999999999956, 0.1000000000000000056 ) ) ;
#469 = CARTESIAN_POINT ( 'NONE',  ( 2.399999999999999911, -1.799999999999999600, 0.1000000000000000056 ) ) ;
#470 = SURFACE_STYLE_USAGE ( .BOTH. , #3675 ) ;
#471 = PRESENTATION_STYLE_ASSIGNMENT (( #4333 ) ) ;
#472 = ORIENTED_EDGE ( 'NONE', *, *, #3832, .T. ) ;
#473 = EDGE_LOOP ( 'NONE', ( #3640, #2354, #3654, #1180 ) ) ;
#474 = DIRECTION ( 'NONE',  ( 8.673617379884013384E-15, -1.000000000000000000, 0.000000000000000000 ) ) ;
#475 = SURFACE_SIDE_STYLE ('',( #936 ) ) ;
#476 = PLANE ( 'NONE',  #2668 ) ;
#477 = ORIENTED_EDGE ( 'NONE', *, *, #2374, .F. ) ;
#478 = EDGE_LOOP ( 'NONE', ( #2085, #1780, #2833, #3893 ) ) ;
#479 = FILL_AREA_STYLE_COLOUR ( '', #2831 ) ;
#480 = EDGE_CURVE ( 'NONE', #3733, #1178, #2273, .T. ) ;
#481 = DIRECTION ( 'NONE',  ( 0.000000000000000000, 0.000000000000000000, -1.000000000000000000 ) ) ;
#482 = ORIENTED_EDGE ( 'NONE', *, *, #4013, .F. ) ;
#483 = DIRECTION ( 'NONE',  ( 0.000000000000000000, -1.000000000000000000, 0.000000000000000000 ) ) ;
#484 =( LENGTH_UNIT ( ) NAMED_UNIT ( * ) SI_UNIT ( .MILLI., .METRE. ) );
#485 = EDGE_CURVE ( 'NONE', #798, #4215, #3021, .T. ) ;
#486 = ADVANCED_FACE ( 'NONE', ( #1660 ), #261, .T. ) ;
#487 = UNCERTAINTY_MEASURE_WITH_UNIT (LENGTH_MEASURE( 1.000000000000000082E-05 ), #3532, 'distance_accuracy_value', 'NONE');
#488 = CARTESIAN_POINT ( 'NONE',  ( 2.449999999999999734, -2.449999999999999734, 1.300000000000000266 ) ) ;
#489 = LINE ( 'NONE', #2961, #4596 ) ;
#490 = CARTESIAN_POINT ( 'NONE',  ( -1.800000000000000044, -0.2000000000000000944, 0.000000000000000000 ) ) ;
#491 = PLANE ( 'NONE',  #3001 ) ;
#492 = VERTEX_POINT ( 'NONE', #446 ) ;
#493 = CARTESIAN_POINT ( 'NONE',  ( -2.399999999999999911, -1.799999999999999600, 0.1000000000000000056 ) ) ;
#494 = FILL_AREA_STYLE_COLOUR ( '', #278 ) ;
#495 = DIRECTION ( 'NONE',  ( 0.000000000000000000, -0.000000000000000000, -1.000000000000000000 ) ) ;
#496 = CARTESIAN_POINT ( 'NONE',  ( 2.399999999999999911, 2.199999999999999734, 0.000000000000000000 ) ) ;
#497 = PRESENTATION_LAYER_ASSIGNMENT (  '', '', ( #3482 ) ) ;
#498 = EDGE_CURVE ( 'NONE', #4242, #1458, #2159, .T. ) ;
#499 = DIRECTION ( 'NONE',  ( 0.000000000000000000, -1.000000000000000000, 0.000000000000000000 ) ) ;
#500 = LINE ( 'NONE', #773, #1861 ) ;
#501 = VERTEX_POINT ( 'NONE', #1135 ) ;
#502 = DIRECTION ( 'NONE',  ( 0.000000000000000000, -0.000000000000000000, 1.000000000000000000 ) ) ;
#503 = CARTESIAN_POINT ( 'NONE',  ( -2.399999999999999911, -1.799999999999999600, 0.000000000000000000 ) ) ;
#504 =( GEOMETRIC_REPRESENTATION_CONTEXT ( 3 ) GLOBAL_UNCERTAINTY_ASSIGNED_CONTEXT ( ( #4269 ) ) GLOBAL_UNIT_ASSIGNED_CONTEXT ( ( #4429, #81, #3339 ) ) REPRESENTATION_CONTEXT ( 'NONE', 'WORKASPACE' ) );
#505 = VERTEX_POINT ( 'NONE', #1454 ) ;
#506 = EDGE_CURVE ( 'NONE', #191, #2826, #1808, .T. ) ;
#507 = LINE ( 'NONE', #1934, #3236 ) ;
#508 = VECTOR ( 'NONE', #1417, 1000.000000000000000 ) ;
#509 = MECHANICAL_DESIGN_GEOMETRIC_PRESENTATION_REPRESENTATION (  '', ( #3364 ), #3284 ) ;
#510 = CARTESIAN_POINT ( 'NONE',  ( 0.000000000000000000, 0.000000000000000000, 0.000000000000000000 ) ) ;
#511 = CARTESIAN_POINT ( 'NONE',  ( -1.800000000000000044, 2.049999999999999822, 0.000000000000000000 ) ) ;
#512 =( NAMED_UNIT ( * ) PLANE_ANGLE_UNIT ( ) SI_UNIT ( $, .RADIAN. ) );
#513 = DIRECTION ( 'NONE',  ( 0.000000000000000000, 0.000000000000000000, -1.000000000000000000 ) ) ;
#514 = VECTOR ( 'NONE', #2532, 1000.000000000000000 ) ;
#515 = CARTESIAN_POINT ( 'NONE',  ( 2.399999999999999911, 2.199999999999999734, 0.000000000000000000 ) ) ;
#516 = COLOUR_RGB ( '',0.8431372549019607865, 0.8431372549019607865, 0.8431372549019607865 ) ;
#517 = ADVANCED_FACE ( 'NONE', ( #1079 ), #2915, .T. ) ;
#518 = DIRECTION ( 'NONE',  ( -1.000000000000000000, -8.673617379883973842E-17, 0.000000000000000000 ) ) ;
#519 = SURFACE_STYLE_FILL_AREA ( #3384 ) ;
#520 =( GEOMETRIC_REPRESENTATION_CONTEXT ( 3 ) GLOBAL_UNCERTAINTY_ASSIGNED_CONTEXT ( ( #4330 ) ) GLOBAL_UNIT_ASSIGNED_CONTEXT ( ( #3279, #2579, #597 ) ) REPRESENTATION_CONTEXT ( 'NONE', 'WORKASPACE' ) );
#521 = PRESENTATION_LAYER_ASSIGNMENT (  '', '', ( #3072 ) ) ;
#522 =( NAMED_UNIT ( * ) SI_UNIT ( $, .STERADIAN. ) SOLID_ANGLE_UNIT ( ) );
#523 = SURFACE_STYLE_FILL_AREA ( #1622 ) ;
#524 = CARTESIAN_POINT ( 'NONE',  ( 1.800000000000000044, -0.2000000000000000944, 0.000000000000000000 ) ) ;
#525 =( GEOMETRIC_REPRESENTATION_CONTEXT ( 3 ) GLOBAL_UNCERTAINTY_ASSIGNED_CONTEXT ( ( #392 ) ) GLOBAL_UNIT_ASSIGNED_CONTEXT ( ( #2266, #158, #558 ) ) REPRESENTATION_CONTEXT ( 'NONE', 'WORKASPACE' ) );
#526 = PRESENTATION_LAYER_ASSIGNMENT (  '', '', ( #1507 ) ) ;
#527 = DIRECTION ( 'NONE',  ( 0.000000000000000000, 0.000000000000000000, -1.000000000000000000 ) ) ;
#528 = FACE_BOUND ( 'NONE', #4441, .T. ) ;
#529 = STYLED_ITEM ( 'NONE', ( #3799 ), #4032 ) ;
#530 = LINE ( 'NONE', #1953, #2913 ) ;
#531 = DIRECTION ( 'NONE',  ( 0.000000000000000000, 0.000000000000000000, -1.000000000000000000 ) ) ;
#532 = ORIENTED_EDGE ( 'NONE', *, *, #1670, .T. ) ;
#533 = LINE ( 'NONE', #3396, #2343 ) ;
#534 = EDGE_CURVE ( 'NONE', #4382, #2551, #1214, .T. ) ;
#535 = VECTOR ( 'NONE', #1100, 1000.000000000000000 ) ;
#536 = APPLICATION_CONTEXT ( 'automotive_design' ) ;
#537 = LINE ( 'NONE', #2588, #1939 ) ;
#538 = PLANE ( 'NONE',  #3562 ) ;
#539 = DIRECTION ( 'NONE',  ( 0.000000000000000000, 0.000000000000000000, -1.000000000000000000 ) ) ;
#540 = DIRECTION ( 'NONE',  ( -0.000000000000000000, -0.000000000000000000, -1.000000000000000000 ) ) ;
#541 = DIRECTION ( 'NONE',  ( -1.000000000000000000, 0.000000000000000000, -0.000000000000000000 ) ) ;
#542 = PLANE ( 'NONE',  #3994 ) ;
#543 = EDGE_CURVE ( 'NONE', #675, #3850, #878, .T. ) ;
#544 = CARTESIAN_POINT ( 'NONE',  ( 1.800000000000000044, -0.2000000000000000944, 0.000000000000000000 ) ) ;
#545 = CARTESIAN_POINT ( 'NONE',  ( -2.449999999999999734, 2.449999999999999734, 1.300000000000000266 ) ) ;
#546 = DIRECTION ( 'NONE',  ( 1.000000000000000000, 0.000000000000000000, 0.000000000000000000 ) ) ;
#547 = ORIENTED_EDGE ( 'NONE', *, *, #87, .F. ) ;
#548 = DIRECTION ( 'NONE',  ( -1.000000000000000000, 0.000000000000000000, 0.000000000000000000 ) ) ;
#549 = CARTESIAN_POINT ( 'NONE',  ( -2.399999999999999911, -0.2000000000000000944, 0.1000000000000000056 ) ) ;
#550 = LINE ( 'NONE', #3136, #3719 ) ;
#551 = VECTOR ( 'NONE', #3959, 1000.000000000000000 ) ;
#552 = FACE_OUTER_BOUND ( 'NONE', #2384, .T. ) ;
#553 = VERTEX_POINT ( 'NONE', #2694 ) ;
#554 = EDGE_LOOP ( 'NONE', ( #3817, #4392, #3840 ) ) ;
#555 = ADVANCED_FACE ( 'NONE', ( #3382 ), #538, .F. ) ;
#556 = FACE_OUTER_BOUND ( 'NONE', #2974, .T. ) ;
#557 = LINE ( 'NONE', #469, #342 ) ;
#558 =( NAMED_UNIT ( * ) SI_UNIT ( $, .STERADIAN. ) SOLID_ANGLE_UNIT ( ) );
#559 = SURFACE_SIDE_STYLE ('',( #2719 ) ) ;
#560 = EDGE_CURVE ( 'NONE', #2666, #505, #3466, .T. ) ;
#561 = CARTESIAN_POINT ( 'NONE',  ( 2.399999999999999911, -0.7999999999999994893, 0.1000000000000000056 ) ) ;
#562 =( NAMED_UNIT ( * ) SI_UNIT ( $, .STERADIAN. ) SOLID_ANGLE_UNIT ( ) );
#563 = CARTESIAN_POINT ( 'NONE',  ( -2.399999999999999911, -1.799999999999999600, 0.000000000000000000 ) ) ;
#564 = CARTESIAN_POINT ( 'NONE',  ( -2.399999999999999911, -1.799999999999999600, 0.1000000000000000056 ) ) ;
#565 = LINE ( 'NONE', #1584, #1063 ) ;
#566 = ADVANCED_FACE ( 'NONE', ( #2084 ), #628, .T. ) ;
#567 = DIRECTION ( 'NONE',  ( -1.000000000000000000, 0.000000000000000000, 0.000000000000000000 ) ) ;
#568 = CARTESIAN_POINT ( 'NONE',  ( 2.500000000000000000, -2.449999999999998401, 1.350000000000000089 ) ) ;
#569 = VERTEX_POINT ( 'NONE', #2357 ) ;
#570 = CARTESIAN_POINT ( 'NONE',  ( 1.800000000000000044, -0.7999999999999994893, 0.000000000000000000 ) ) ;
#571 = COLOUR_RGB ( '',0.7921568627450980005, 0.8196078431372548767, 0.9333333333333333481 ) ;
#572 = DIRECTION ( 'NONE',  ( -0.000000000000000000, -0.000000000000000000, -1.000000000000000000 ) ) ;
#573 = LINE ( 'NONE', #3094, #3006 ) ;
#574 = ORIENTED_EDGE ( 'NONE', *, *, #284, .F. ) ;
#575 = COLOUR_RGB ( '',0.8431372549019607865, 0.8431372549019607865, 0.8431372549019607865 ) ;
#576 = VECTOR ( 'NONE', #2182, 1000.000000000000000 ) ;
#577 = COLOUR_RGB ( '',0.8431372549019607865, 0.8431372549019607865, 0.8431372549019607865 ) ;
#578 = DIRECTION ( 'NONE',  ( 1.000000000000000000, -0.000000000000000000, -8.673617379884051249E-15 ) ) ;
#579 = PLANE ( 'NONE',  #3717 ) ;
#580 = CARTESIAN_POINT ( 'NONE',  ( 1.800000000000000044, 1.799999999999999600, 0.1000000000000000056 ) ) ;
#581 = CARTESIAN_POINT ( 'NONE',  ( 1.800000000000000044, 0.7999999999999997113, 0.1000000000000000056 ) ) ;
#582 = PRESENTATION_LAYER_ASSIGNMENT (  '', '', ( #2991 ) ) ;
#583 = STYLED_ITEM ( 'NONE', ( #40 ), #1605 ) ;
#584 = VERTEX_POINT ( 'NONE', #3774 ) ;
#585 = DIRECTION ( 'NONE',  ( -0.000000000000000000, -0.000000000000000000, -1.000000000000000000 ) ) ;
#586 = CARTESIAN_POINT ( 'NONE',  ( 2.399999999999999911, 0.7999999999999997113, 0.1000000000000000056 ) ) ;
#587 = MANIFOLD_SOLID_BREP ( 'Boss-Extrude2[5]', #1746 ) ;
#588 = EDGE_LOOP ( 'NONE', ( #2045, #2767, #1069 ) ) ;
#589 =( NAMED_UNIT ( * ) PLANE_ANGLE_UNIT ( ) SI_UNIT ( $, .RADIAN. ) );
#590 = ORIENTED_EDGE ( 'NONE', *, *, #1598, .T. ) ;
#591 = VECTOR ( 'NONE', #2139, 1000.000000000000000 ) ;
#592 = ORIENTED_EDGE ( 'NONE', *, *, #2664, .F. ) ;
#593 = EDGE_LOOP ( 'NONE', ( #1597, #2120, #3251, #2798 ) ) ;
#594 = MECHANICAL_DESIGN_GEOMETRIC_PRESENTATION_REPRESENTATION (  '', ( #4102 ), #520 ) ;
#595 = MANIFOLD_SOLID_BREP ( 'Boss-Extrude2[10]', #2650 ) ;
#596 = VECTOR ( 'NONE', #3481, 1000.000000000000000 ) ;
#597 =( NAMED_UNIT ( * ) SI_UNIT ( $, .STERADIAN. ) SOLID_ANGLE_UNIT ( ) );
#598 = EDGE_CURVE ( 'NONE', #4479, #619, #1299, .T. ) ;
#599 = ADVANCED_FACE ( 'NONE', ( #3294 ), #1434, .F. ) ;
#600 =( LENGTH_UNIT ( ) NAMED_UNIT ( * ) SI_UNIT ( .MILLI., .METRE. ) );
#601 = ORIENTED_EDGE ( 'NONE', *, *, #4263, .T. ) ;
#602 = EDGE_LOOP ( 'NONE', ( #4132, #97, #2112, #3530 ) ) ;
#603 = CARTESIAN_POINT ( 'NONE',  ( 2.399999999999999911, 2.199999999999999734, 0.1000000000000000056 ) ) ;
#604 = COLOUR_RGB ( '',0.7921568627450980005, 0.8196078431372548767, 0.9333333333333333481 ) ;
#605 = EDGE_CURVE ( 'NONE', #1125, #2141, #877, .T. ) ;
#606 = STYLED_ITEM ( 'NONE', ( #1068 ), #4020 ) ;
#607 = FACE_OUTER_BOUND ( 'NONE', #1021, .T. ) ;
#608 = DIRECTION ( 'NONE',  ( 0.000000000000000000, 0.000000000000000000, 1.000000000000000000 ) ) ;
#609 = FACE_OUTER_BOUND ( 'NONE', #2862, .T. ) ;
#610 = ORIENTED_EDGE ( 'NONE', *, *, #4272, .T. ) ;
#611 = COLOUR_RGB ( '',0.8431372549019607865, 0.8431372549019607865, 0.8431372549019607865 ) ;
#612 = VERTEX_POINT ( 'NONE', #4086 ) ;
#613 = DIRECTION ( 'NONE',  ( 0.000000000000000000, 0.000000000000000000, 1.000000000000000000 ) ) ;
#614 = LINE ( 'NONE', #3451, #447 ) ;
#615 = EDGE_CURVE ( 'NONE', #343, #569, #557, .T. ) ;
#616 = CARTESIAN_POINT ( 'NONE',  ( -2.399999999999999911, 0.2000000000000000944, 0.1000000000000000056 ) ) ;
#617 = PLANE ( 'NONE',  #825 ) ;
#618 = CARTESIAN_POINT ( 'NONE',  ( -1.800000000000000044, 2.049999999999999822, 0.000000000000000000 ) ) ;
#619 = VERTEX_POINT ( 'NONE', #200 ) ;
#620 = DIRECTION ( 'NONE',  ( 0.000000000000000000, -0.000000000000000000, -1.000000000000000000 ) ) ;
#621 = DIRECTION ( 'NONE',  ( 1.000000000000000000, 0.000000000000000000, 0.000000000000000000 ) ) ;
#622 = EDGE_CURVE ( 'NONE', #4382, #373, #4466, .T. ) ;
#623 = LINE ( 'NONE', #4225, #3022 ) ;
#624 = CARTESIAN_POINT ( 'NONE',  ( -1.800000000000000044, 1.199999999999999956, 0.1000000000000000056 ) ) ;
#625 = VERTEX_POINT ( 'NONE', #4131 ) ;
#626 = EDGE_CURVE ( 'NONE', #2688, #2656, #648, .T. ) ;
#627 = CARTESIAN_POINT ( 'NONE',  ( 0.000000000000000000, 0.000000000000000000, 0.000000000000000000 ) ) ;
#628 = PLANE ( 'NONE',  #3050 ) ;
#629 = VERTEX_POINT ( 'NONE', #4179 ) ;
#630 = PRESENTATION_LAYER_ASSIGNMENT (  '', '', ( #2657 ) ) ;
#631 = PRESENTATION_STYLE_ASSIGNMENT (( #1715 ) ) ;
#632 = FACE_OUTER_BOUND ( 'NONE', #1171, .T. ) ;
#633 = FACE_OUTER_BOUND ( 'NONE', #3557, .T. ) ;
#634 = CARTESIAN_POINT ( 'NONE',  ( -2.399999999999999911, -2.199999999999999734, 0.000000000000000000 ) ) ;
#635 =( LENGTH_UNIT ( ) NAMED_UNIT ( * ) SI_UNIT ( .MILLI., .METRE. ) );
#636 =( NAMED_UNIT ( * ) PLANE_ANGLE_UNIT ( ) SI_UNIT ( $, .RADIAN. ) );
#637 = ORIENTED_EDGE ( 'NONE', *, *, #3673, .T. ) ;
#638 = MANIFOLD_SOLID_BREP ( 'Boss-Extrude2[2]', #3106 ) ;
#639 = PLANE ( 'NONE',  #671 ) ;
#640 = FACE_OUTER_BOUND ( 'NONE', #3295, .T. ) ;
#641 = ORIENTED_EDGE ( 'NONE', *, *, #2930, .F. ) ;
#642 = AXIS2_PLACEMENT_3D ( 'NONE', #2393, #266, #3270 ) ;
#643 = DIRECTION ( 'NONE',  ( -0.000000000000000000, 0.000000000000000000, -1.000000000000000000 ) ) ;
#644 = LINE ( 'NONE', #1419, #2300 ) ;
#645 = VERTEX_POINT ( 'NONE', #2126 ) ;
#646 = ADVANCED_FACE ( 'NONE', ( #66 ), #947, .F. ) ;
#647 = ORIENTED_EDGE ( 'NONE', *, *, #3343, .F. ) ;
#648 = LINE ( 'NONE', #2450, #1473 ) ;
#649 = DIRECTION ( 'NONE',  ( -1.000000000000000000, 0.000000000000000000, 0.000000000000000000 ) ) ;
#650 = VECTOR ( 'NONE', #1897, 1000.000000000000000 ) ;
#651 = PRESENTATION_LAYER_ASSIGNMENT (  '', '', ( #2675 ) ) ;
#652 = DIRECTION ( 'NONE',  ( -1.000000000000000000, 0.000000000000000000, 0.000000000000000000 ) ) ;
#653 = LINE ( 'NONE', #1280, #209 ) ;
#654 = VERTEX_POINT ( 'NONE', #3327 ) ;
#655 = EDGE_CURVE ( 'NONE', #2551, #553, #1186, .T. ) ;
#656 = COLOUR_RGB ( '',0.8431372549019607865, 0.8431372549019607865, 0.8431372549019607865 ) ;
#657 = AXIS2_PLACEMENT_3D ( 'NONE', #2870, #2589, #3676 ) ;
#658 = EDGE_LOOP ( 'NONE', ( #2352, #3511, #4150, #4140 ) ) ;
#659 = FACE_OUTER_BOUND ( 'NONE', #4512, .T. ) ;
#660 = VERTEX_POINT ( 'NONE', #1600 ) ;
#661 = ORIENTED_EDGE ( 'NONE', *, *, #2778, .T. ) ;
#662 = PRESENTATION_LAYER_ASSIGNMENT (  '', '', ( #433 ) ) ;
#663 = VECTOR ( 'NONE', #1226, 1000.000000000000000 ) ;
#664 = DIRECTION ( 'NONE',  ( 0.000000000000000000, -0.000000000000000000, 1.000000000000000000 ) ) ;
#665 =( GEOMETRIC_REPRESENTATION_CONTEXT ( 3 ) GLOBAL_UNCERTAINTY_ASSIGNED_CONTEXT ( ( #2940 ) ) GLOBAL_UNIT_ASSIGNED_CONTEXT ( ( #3101, #2766, #3210 ) ) REPRESENTATION_CONTEXT ( 'NONE', 'WORKASPACE' ) );
#666 = STYLED_ITEM ( 'NONE', ( #4135 ), #1653 ) ;
#667 =( NAMED_UNIT ( * ) PLANE_ANGLE_UNIT ( ) SI_UNIT ( $, .RADIAN. ) );
#668 = EDGE_LOOP ( 'NONE', ( #3010, #3338, #4405, #1093 ) ) ;
#669 = UNCERTAINTY_MEASURE_WITH_UNIT (LENGTH_MEASURE( 1.000000000000000082E-05 ), #1410, 'distance_accuracy_value', 'NONE');
#670 = CARTESIAN_POINT ( 'NONE',  ( -2.500000000000000000, 2.449999999999999734, 1.350000000000000089 ) ) ;
#671 = AXIS2_PLACEMENT_3D ( 'NONE', #382, #423, #2258 ) ;
#672 = FACE_OUTER_BOUND ( 'NONE', #2671, .T. ) ;
#673 = LINE ( 'NONE', #3522, #4166 ) ;
#674 = VECTOR ( 'NONE', #1391, 1000.000000000000000 ) ;
#675 = VERTEX_POINT ( 'NONE', #1282 ) ;
#676 = DIRECTION ( 'NONE',  ( 0.000000000000000000, -1.000000000000000000, -0.000000000000000000 ) ) ;
#677 =( LENGTH_UNIT ( ) NAMED_UNIT ( * ) SI_UNIT ( .MILLI., .METRE. ) );
#678 = AXIS2_PLACEMENT_3D ( 'NONE', #4202, #1001, #3729 ) ;
#679 = DIRECTION ( 'NONE',  ( -1.000000000000000000, -0.000000000000000000, -0.000000000000000000 ) ) ;
#680 = ADVANCED_FACE ( 'NONE', ( #2989 ), #2703, .T. ) ;
#681 = UNCERTAINTY_MEASURE_WITH_UNIT (LENGTH_MEASURE( 1.000000000000000082E-05 ), #51, 'distance_accuracy_value', 'NONE');
#682 = CARTESIAN_POINT ( 'NONE',  ( 1.800000000000000044, -0.2000000000000000944, 0.1000000000000000056 ) ) ;
#683 = SURFACE_STYLE_USAGE ( .BOTH. , #3865 ) ;
#684 =( GEOMETRIC_REPRESENTATION_CONTEXT ( 3 ) GLOBAL_UNCERTAINTY_ASSIGNED_CONTEXT ( ( #785 ) ) GLOBAL_UNIT_ASSIGNED_CONTEXT ( ( #2599, #2264, #3003 ) ) REPRESENTATION_CONTEXT ( 'NONE', 'WORKASPACE' ) );
#685 = PLANE ( 'NONE',  #2904 ) ;
#686 = SURFACE_SIDE_STYLE ('',( #3509 ) ) ;
#687 = CARTESIAN_POINT ( 'NONE',  ( 2.399999999999999911, 2.199999999999999734, 0.000000000000000000 ) ) ;
#688 = FACE_OUTER_BOUND ( 'NONE', #1895, .T. ) ;
#689 = DIRECTION ( 'NONE',  ( 0.000000000000000000, -1.000000000000000000, 0.000000000000000000 ) ) ;
#690 =( NAMED_UNIT ( * ) SI_UNIT ( $, .STERADIAN. ) SOLID_ANGLE_UNIT ( ) );
#691 = EDGE_CURVE ( 'NONE', #1812, #2328, #909, .T. ) ;
#692 = EDGE_LOOP ( 'NONE', ( #3508, #851, #412, #1781 ) ) ;
#693 = CARTESIAN_POINT ( 'NONE',  ( -1.800000000000000044, -1.799999999999999600, 0.000000000000000000 ) ) ;
#694 = EDGE_CURVE ( 'NONE', #4565, #1071, #3040, .T. ) ;
#695 = ORIENTED_EDGE ( 'NONE', *, *, #726, .F. ) ;
#696 = ORIENTED_EDGE ( 'NONE', *, *, #2276, .F. ) ;
#697 = DIRECTION ( 'NONE',  ( -1.000000000000000000, -0.000000000000000000, -0.000000000000000000 ) ) ;
#698 = ORIENTED_EDGE ( 'NONE', *, *, #981, .T. ) ;
#699 = ORIENTED_EDGE ( 'NONE', *, *, #2310, .F. ) ;
#700 =( NAMED_UNIT ( * ) SI_UNIT ( $, .STERADIAN. ) SOLID_ANGLE_UNIT ( ) );
#701 = LINE ( 'NONE', #1729, #1130 ) ;
#702 = EDGE_CURVE ( 'NONE', #3795, #4224, #4398, .T. ) ;
#703 = PRESENTATION_STYLE_ASSIGNMENT (( #69 ) ) ;
#704 = ORIENTED_EDGE ( 'NONE', *, *, #2207, .T. ) ;
#705 = ORIENTED_EDGE ( 'NONE', *, *, #560, .F. ) ;
#706 = SURFACE_STYLE_USAGE ( .BOTH. , #2601 ) ;
#707 = LINE ( 'NONE', #339, #3230 ) ;
#708 = ORIENTED_EDGE ( 'NONE', *, *, #2740, .F. ) ;
#709 = CARTESIAN_POINT ( 'NONE',  ( -1.800000000000000044, -1.199999999999999734, 0.000000000000000000 ) ) ;
#710 = VERTEX_POINT ( 'NONE', #544 ) ;
#711 = FACE_OUTER_BOUND ( 'NONE', #2398, .T. ) ;
#712 = ORIENTED_EDGE ( 'NONE', *, *, #3208, .T. ) ;
#713 = EDGE_CURVE ( 'NONE', #2484, #4537, #2271, .T. ) ;
#714 = CARTESIAN_POINT ( 'NONE',  ( -2.399999999999999911, 0.2000000000000000944, 0.1000000000000000056 ) ) ;
#715 =( NAMED_UNIT ( * ) PLANE_ANGLE_UNIT ( ) SI_UNIT ( $, .RADIAN. ) );
#716 = COLOUR_RGB ( '',0.8431372549019607865, 0.8431372549019607865, 0.8431372549019607865 ) ;
#717 = FILL_AREA_STYLE ('',( #2493 ) ) ;
#718 = SURFACE_SIDE_STYLE ('',( #2494 ) ) ;
#719 = PLANE ( 'NONE',  #900 ) ;
#720 =( LENGTH_UNIT ( ) NAMED_UNIT ( * ) SI_UNIT ( .MILLI., .METRE. ) );
#721 = ORIENTED_EDGE ( 'NONE', *, *, #3844, .T. ) ;
#722 = STYLED_ITEM ( 'NONE', ( #2115 ), #228 ) ;
#723 = MANIFOLD_SOLID_BREP ( 'Boss-Extrude2[1]', #3971 ) ;
#724 = CARTESIAN_POINT ( 'NONE',  ( 1.800000000000000044, 1.799999999999999600, 0.1000000000000000056 ) ) ;
#725 = UNCERTAINTY_MEASURE_WITH_UNIT (LENGTH_MEASURE( 1.000000000000000082E-05 ), #2566, 'distance_accuracy_value', 'NONE');
#726 = EDGE_CURVE ( 'NONE', #2339, #4460, #4040, .T. ) ;
#727 = ORIENTED_EDGE ( 'NONE', *, *, #2095, .F. ) ;
#728 = DIRECTION ( 'NONE',  ( -0.000000000000000000, 1.000000000000000000, -0.000000000000000000 ) ) ;
#729 = FACE_OUTER_BOUND ( 'NONE', #4350, .T. ) ;
#730 = LINE ( 'NONE', #2882, #2981 ) ;
#731 = ORIENTED_EDGE ( 'NONE', *, *, #1392, .T. ) ;
#732 = ADVANCED_FACE ( 'NONE', ( #862 ), #2272, .T. ) ;
#733 = VERTEX_POINT ( 'NONE', #4012 ) ;
#734 = ADVANCED_FACE ( 'NONE', ( #1945 ), #2229, .T. ) ;
#735 = CARTESIAN_POINT ( 'NONE',  ( 2.399999999999999911, 0.7999999999999997113, 0.000000000000000000 ) ) ;
#736 = DIRECTION ( 'NONE',  ( 1.000000000000000000, 0.000000000000000000, 0.000000000000000000 ) ) ;
#737 = MECHANICAL_DESIGN_GEOMETRIC_PRESENTATION_REPRESENTATION (  '', ( #3482 ), #4435 ) ;
#738 = ORIENTED_EDGE ( 'NONE', *, *, #1645, .T. ) ;
#739 = PLANE ( 'NONE',  #1697 ) ;
#740 = MECHANICAL_DESIGN_GEOMETRIC_PRESENTATION_REPRESENTATION (  '', ( #2146 ), #1772 ) ;
#741 = SURFACE_SIDE_STYLE ('',( #398 ) ) ;
#742 = EDGE_LOOP ( 'NONE', ( #2602, #2030, #815, #4541 ) ) ;
#743 = VERTEX_POINT ( 'NONE', #1976 ) ;
#744 = ADVANCED_FACE ( 'NONE', ( #3249 ), #1400, .T. ) ;
#745 = CARTESIAN_POINT ( 'NONE',  ( -2.399999999999999911, 2.199999999999999734, 0.000000000000000000 ) ) ;
#746 = AXIS2_PLACEMENT_3D ( 'NONE', #2616, #3341, #3368 ) ;
#747 = ORIENTED_EDGE ( 'NONE', *, *, #2028, .T. ) ;
#748 = LINE ( 'NONE', #1188, #883 ) ;
#749 = VECTOR ( 'NONE', #3103, 1000.000000000000000 ) ;
#750 = AXIS2_PLACEMENT_3D ( 'NONE', #3038, #795, #1465 ) ;
#751 = SURFACE_SIDE_STYLE ('',( #1095 ) ) ;
#752 = ADVANCED_FACE ( 'NONE', ( #2844 ), #739, .T. ) ;
#753 = SURFACE_STYLE_USAGE ( .BOTH. , #387 ) ;
#754 = EDGE_CURVE ( 'NONE', #4203, #2639, #1451, .T. ) ;
#755 = EDGE_LOOP ( 'NONE', ( #2905, #269, #2066, #3871 ) ) ;
#756 =( GEOMETRIC_REPRESENTATION_CONTEXT ( 3 ) GLOBAL_UNCERTAINTY_ASSIGNED_CONTEXT ( ( #2648 ) ) GLOBAL_UNIT_ASSIGNED_CONTEXT ( ( #979, #921, #3413 ) ) REPRESENTATION_CONTEXT ( 'NONE', 'WORKASPACE' ) );
#757 = ORIENTED_EDGE ( 'NONE', *, *, #1066, .F. ) ;
#758 = CARTESIAN_POINT ( 'NONE',  ( 1.800000000000000044, 1.199999999999999956, 0.000000000000000000 ) ) ;
#759 = EDGE_LOOP ( 'NONE', ( #1429, #3255, #2282, #2286 ) ) ;
#760 = VECTOR ( 'NONE', #3232, 1000.000000000000000 ) ;
#761 = ADVANCED_FACE ( 'NONE', ( #2543 ), #685, .F. ) ;
#762 = SURFACE_SIDE_STYLE ('',( #3212 ) ) ;
#763 = DIRECTION ( 'NONE',  ( 1.000000000000000000, 0.000000000000000000, -0.000000000000000000 ) ) ;
#764 = ORIENTED_EDGE ( 'NONE', *, *, #2502, .T. ) ;
#765 = MECHANICAL_DESIGN_GEOMETRIC_PRESENTATION_REPRESENTATION (  '', ( #2775 ), #525 ) ;
#766 = FILL_AREA_STYLE ('',( #1530 ) ) ;
#767 = DIRECTION ( 'NONE',  ( 0.000000000000000000, -0.000000000000000000, 1.000000000000000000 ) ) ;
#768 = ORIENTED_EDGE ( 'NONE', *, *, #925, .F. ) ;
#769 = EDGE_CURVE ( 'NONE', #1227, #733, #3607, .T. ) ;
#770 = LINE ( 'NONE', #399, #1716 ) ;
#771 = VECTOR ( 'NONE', #2577, 1000.000000000000000 ) ;
#772 = EDGE_CURVE ( 'NONE', #3117, #954, #3009, .T. ) ;
#773 = CARTESIAN_POINT ( 'NONE',  ( 2.399999999999999911, 2.199999999999999734, 0.1000000000000000056 ) ) ;
#774 = CARTESIAN_POINT ( 'NONE',  ( -1.800000000000000044, -0.7999999999999994893, 0.1000000000000000056 ) ) ;
#775 = ORIENTED_EDGE ( 'NONE', *, *, #3347, .T. ) ;
#776 = DIRECTION ( 'NONE',  ( 0.000000000000000000, 0.000000000000000000, -1.000000000000000000 ) ) ;
#777 = UNCERTAINTY_MEASURE_WITH_UNIT (LENGTH_MEASURE( 1.000000000000000082E-05 ), #1259, 'distance_accuracy_value', 'NONE');
#778 = PLANE ( 'NONE',  #3934 ) ;
#779 = CARTESIAN_POINT ( 'NONE',  ( 2.399999999999999911, -2.199999999999999734, 0.000000000000000000 ) ) ;
#780 = ORIENTED_EDGE ( 'NONE', *, *, #2323, .F. ) ;
#781 = ORIENTED_EDGE ( 'NONE', *, *, #3302, .F. ) ;
#782 =( NAMED_UNIT ( * ) PLANE_ANGLE_UNIT ( ) SI_UNIT ( $, .RADIAN. ) );
#783 = DIRECTION ( 'NONE',  ( 0.000000000000000000, -0.000000000000000000, -1.000000000000000000 ) ) ;
#784 = PLANE ( 'NONE',  #2361 ) ;
#785 = UNCERTAINTY_MEASURE_WITH_UNIT (LENGTH_MEASURE( 1.000000000000000082E-05 ), #2599, 'distance_accuracy_value', 'NONE');
#786 = VERTEX_POINT ( 'NONE', #2586 ) ;
#787 = EDGE_CURVE ( 'NONE', #160, #612, #489, .T. ) ;
#788 = DIRECTION ( 'NONE',  ( 8.673617379884035472E-17, -1.000000000000000000, 0.000000000000000000 ) ) ;
#789 = EDGE_CURVE ( 'NONE', #2955, #1663, #1202, .T. ) ;
#790 = DIRECTION ( 'NONE',  ( -0.000000000000000000, 0.000000000000000000, 1.000000000000000000 ) ) ;
#791 = DIRECTION ( 'NONE',  ( 0.000000000000000000, 1.000000000000000000, -0.000000000000000000 ) ) ;
#792 = VERTEX_POINT ( 'NONE', #468 ) ;
#793 =( NAMED_UNIT ( * ) SI_UNIT ( $, .STERADIAN. ) SOLID_ANGLE_UNIT ( ) );
#794 = LINE ( 'NONE', #3944, #377 ) ;
#795 = DIRECTION ( 'NONE',  ( -0.000000000000000000, 0.000000000000000000, 1.000000000000000000 ) ) ;
#796 = FACE_OUTER_BOUND ( 'NONE', #2113, .T. ) ;
#797 = ORIENTED_EDGE ( 'NONE', *, *, #2029, .T. ) ;
#798 = VERTEX_POINT ( 'NONE', #2247 ) ;
#799 = SURFACE_STYLE_FILL_AREA ( #1126 ) ;
#800 = PLANE ( 'NONE',  #1606 ) ;
#801 = VECTOR ( 'NONE', #3404, 1000.000000000000000 ) ;
#802 = DIRECTION ( 'NONE',  ( -0.000000000000000000, 0.000000000000000000, 1.000000000000000000 ) ) ;
#803 = ORIENTED_EDGE ( 'NONE', *, *, #3741, .T. ) ;
#804 = FILL_AREA_STYLE ('',( #3983 ) ) ;
#805 = EDGE_CURVE ( 'NONE', #1071, #2770, #1157, .T. ) ;
#806 = VERTEX_POINT ( 'NONE', #3732 ) ;
#807 = ORIENTED_EDGE ( 'NONE', *, *, #4414, .T. ) ;
#808 = EDGE_CURVE ( 'NONE', #2826, #2937, #1176, .T. ) ;
#809 = CARTESIAN_POINT ( 'NONE',  ( 2.399999999999999911, -1.799999999999999600, 0.1000000000000000056 ) ) ;
#810 = CARTESIAN_POINT ( 'NONE',  ( -2.399999999999999911, -0.7999999999999994893, 0.1000000000000000056 ) ) ;
#811 = PRESENTATION_LAYER_ASSIGNMENT (  '', '', ( #2975 ) ) ;
#812 = CARTESIAN_POINT ( 'NONE',  ( -1.800000000000000044, 2.049999999999999822, 0.1000000000000000056 ) ) ;
#813 =( LENGTH_UNIT ( ) NAMED_UNIT ( * ) SI_UNIT ( .MILLI., .METRE. ) );
#814 = FILL_AREA_STYLE_COLOUR ( '', #189 ) ;
#815 = ORIENTED_EDGE ( 'NONE', *, *, #769, .T. ) ;
#816 =( NAMED_UNIT ( * ) PLANE_ANGLE_UNIT ( ) SI_UNIT ( $, .RADIAN. ) );
#817 = AXIS2_PLACEMENT_3D ( 'NONE', #3767, #578, #231 ) ;
#818 = MECHANICAL_DESIGN_GEOMETRIC_PRESENTATION_REPRESENTATION (  '', ( #2829 ), #504 ) ;
#819 = VECTOR ( 'NONE', #3842, 1000.000000000000000 ) ;
#820 = ORIENTED_EDGE ( 'NONE', *, *, #1769, .F. ) ;
#821 = CARTESIAN_POINT ( 'NONE',  ( 2.399999999999999911, -0.2000000000000000944, 0.1000000000000000056 ) ) ;
#822 =( GEOMETRIC_REPRESENTATION_CONTEXT ( 3 ) GLOBAL_UNCERTAINTY_ASSIGNED_CONTEXT ( ( #2827 ) ) GLOBAL_UNIT_ASSIGNED_CONTEXT ( ( #1517, #4021, #107 ) ) REPRESENTATION_CONTEXT ( 'NONE', 'WORKASPACE' ) );
#823 = SURFACE_STYLE_USAGE ( .BOTH. , #2307 ) ;
#824 = ORIENTED_EDGE ( 'NONE', *, *, #4601, .F. ) ;
#825 = AXIS2_PLACEMENT_3D ( 'NONE', #2856, #1385, #2059 ) ;
#826 = EDGE_LOOP ( 'NONE', ( #641, #1674, #1948, #1166 ) ) ;
#827 = FACE_OUTER_BOUND ( 'NONE', #658, .T. ) ;
#828 = DIRECTION ( 'NONE',  ( 1.000000000000000000, -0.000000000000000000, -0.000000000000000000 ) ) ;
#829 = MECHANICAL_DESIGN_GEOMETRIC_PRESENTATION_REPRESENTATION (  '', ( #3656 ), #2007 ) ;
#830 = UNCERTAINTY_MEASURE_WITH_UNIT (LENGTH_MEASURE( 1.000000000000000082E-05 ), #4235, 'distance_accuracy_value', 'NONE');
#831 = CARTESIAN_POINT ( 'NONE',  ( -2.399999999999999911, 1.799999999999999600, 0.000000000000000000 ) ) ;
#832 = CARTESIAN_POINT ( 'NONE',  ( 2.399999999999999911, -1.199999999999999734, 0.1000000000000000056 ) ) ;
#833 = FACE_OUTER_BOUND ( 'NONE', #2927, .T. ) ;
#834 = EDGE_LOOP ( 'NONE', ( #2820, #1302, #1722, #4066 ) ) ;
#835 = CARTESIAN_POINT ( 'NONE',  ( 1.800000000000000044, 0.7999999999999997113, 0.000000000000000000 ) ) ;
#836 = AXIS2_PLACEMENT_3D ( 'NONE', #3467, #4518, #2772 ) ;
#837 = CARTESIAN_POINT ( 'NONE',  ( -2.399999999999999911, 1.199999999999999956, 0.000000000000000000 ) ) ;
#838 = FILL_AREA_STYLE_COLOUR ( '', #1191 ) ;
#839 = CARTESIAN_POINT ( 'NONE',  ( -1.800000000000000044, -0.7999999999999994893, 0.000000000000000000 ) ) ;
#840 = LINE ( 'NONE', #2653, #650 ) ;
#841 = EDGE_CURVE ( 'NONE', #2392, #1377, #2221, .T. ) ;
#842 = PRESENTATION_LAYER_ASSIGNMENT (  '', '', ( #1583 ) ) ;
#843 = VECTOR ( 'NONE', #408, 1000.000000000000000 ) ;
#844 = ORIENTED_EDGE ( 'NONE', *, *, #2021, .F. ) ;
#845 = LINE ( 'NONE', #888, #2369 ) ;
#846 = FILL_AREA_STYLE_COLOUR ( '', #604 ) ;
#847 = ADVANCED_FACE ( 'NONE', ( #3035 ), #3336, .F. ) ;
#848 = FILL_AREA_STYLE ('',( #1499 ) ) ;
#849 = FILL_AREA_STYLE ('',( #2597 ) ) ;
#850 = ORIENTED_EDGE ( 'NONE', *, *, #3609, .T. ) ;
#851 = ORIENTED_EDGE ( 'NONE', *, *, #1094, .F. ) ;
#852 = CARTESIAN_POINT ( 'NONE',  ( 2.399999999999999911, 1.199999999999999956, 0.000000000000000000 ) ) ;
#853 = DIRECTION ( 'NONE',  ( 1.000000000000000000, 0.000000000000000000, -2.602085213965215059E-14 ) ) ;
#854 = EDGE_CURVE ( 'NONE', #247, #4346, #1526, .T. ) ;
#855 = CARTESIAN_POINT ( 'NONE',  ( 2.399999999999999911, -1.199999999999999734, 0.1000000000000000056 ) ) ;
#856 = ORIENTED_EDGE ( 'NONE', *, *, #1501, .T. ) ;
#857 = LINE ( 'NONE', #119, #4399 ) ;
#858 = FILL_AREA_STYLE ('',( #3015 ) ) ;
#859 = CARTESIAN_POINT ( 'NONE',  ( -1.800000000000000044, -0.7999999999999994893, 0.1000000000000000056 ) ) ;
#860 = EDGE_CURVE ( 'NONE', #3353, #4479, #4443, .T. ) ;
#861 = DIRECTION ( 'NONE',  ( 0.000000000000000000, 0.000000000000000000, 1.000000000000000000 ) ) ;
#862 = FACE_OUTER_BOUND ( 'NONE', #3963, .T. ) ;
#863 = SURFACE_STYLE_FILL_AREA ( #4041 ) ;
#864 = FILL_AREA_STYLE ('',( #4043 ) ) ;
#865 = VERTEX_POINT ( 'NONE', #76 ) ;
#866 = CARTESIAN_POINT ( 'NONE',  ( -1.949999999999999956, 2.199999999999999734, 0.1000000000000000056 ) ) ;
#867 = PLANE ( 'NONE',  #3313 ) ;
#868 = SURFACE_STYLE_USAGE ( .BOTH. , #3684 ) ;
#869 = ADVANCED_FACE ( 'NONE', ( #1506 ), #2942, .F. ) ;
#870 = ORIENTED_EDGE ( 'NONE', *, *, #808, .T. ) ;
#871 =( NAMED_UNIT ( * ) PLANE_ANGLE_UNIT ( ) SI_UNIT ( $, .RADIAN. ) );
#872 = VERTEX_POINT ( 'NONE', #121 ) ;
#873 =( GEOMETRIC_REPRESENTATION_CONTEXT ( 3 ) GLOBAL_UNCERTAINTY_ASSIGNED_CONTEXT ( ( #3254 ) ) GLOBAL_UNIT_ASSIGNED_CONTEXT ( ( #3420, #512, #4082 ) ) REPRESENTATION_CONTEXT ( 'NONE', 'WORKASPACE' ) );
#874 = FILL_AREA_STYLE ('',( #2647 ) ) ;
#875 = UNCERTAINTY_MEASURE_WITH_UNIT (LENGTH_MEASURE( 1.000000000000000082E-05 ), #1974, 'distance_accuracy_value', 'NONE');
#876 = CARTESIAN_POINT ( 'NONE',  ( -2.399999999999999911, -0.7999999999999994893, 0.1000000000000000056 ) ) ;
#877 = LINE ( 'NONE', #2287, #3488 ) ;
#878 = LINE ( 'NONE', #1938, #4306 ) ;
#879 = SURFACE_SIDE_STYLE ('',( #4060 ) ) ;
#880 = DIRECTION ( 'NONE',  ( -0.000000000000000000, 0.000000000000000000, -1.000000000000000000 ) ) ;
#881 = ORIENTED_EDGE ( 'NONE', *, *, #4316, .T. ) ;
#882 = DIRECTION ( 'NONE',  ( 1.000000000000000000, 0.000000000000000000, 0.000000000000000000 ) ) ;
#883 = VECTOR ( 'NONE', #3304, 1000.000000000000000 ) ;
#884 = DIRECTION ( 'NONE',  ( 0.000000000000000000, 1.000000000000000000, 0.000000000000000000 ) ) ;
#885 = ORIENTED_EDGE ( 'NONE', *, *, #1562, .T. ) ;
#886 = AXIS2_PLACEMENT_3D ( 'NONE', #4282, #3011, #2248 ) ;
#887 = ORIENTED_EDGE ( 'NONE', *, *, #2314, .T. ) ;
#888 = CARTESIAN_POINT ( 'NONE',  ( 2.399999999999999911, -0.2000000000000000944, 0.000000000000000000 ) ) ;
#889 = VECTOR ( 'NONE', #4037, 1000.000000000000000 ) ;
#890 = DIRECTION ( 'NONE',  ( 0.000000000000000000, -0.000000000000000000, -1.000000000000000000 ) ) ;
#891 = CARTESIAN_POINT ( 'NONE',  ( -2.399999999999999911, -1.799999999999999600, 0.1000000000000000056 ) ) ;
#892 = EDGE_CURVE ( 'NONE', #1663, #2886, #4097, .T. ) ;
#893 = DIRECTION ( 'NONE',  ( 0.000000000000000000, -1.000000000000000000, 0.000000000000000000 ) ) ;
#894 = CARTESIAN_POINT ( 'NONE',  ( 0.000000000000000000, 0.000000000000000000, 0.000000000000000000 ) ) ;
#895 = COLOUR_RGB ( '',0.8431372549019607865, 0.8431372549019607865, 0.8431372549019607865 ) ;
#896 = AXIS2_PLACEMENT_3D ( 'NONE', #4283, #2435, #4258 ) ;
#897 = DIRECTION ( 'NONE',  ( -0.000000000000000000, -0.000000000000000000, -1.000000000000000000 ) ) ;
#898 = VERTEX_POINT ( 'NONE', #563 ) ;
#899 = EDGE_CURVE ( 'NONE', #70, #660, #183, .T. ) ;
#900 = AXIS2_PLACEMENT_3D ( 'NONE', #3713, #163, #1892 ) ;
#901 = DIRECTION ( 'NONE',  ( 0.000000000000000000, 0.000000000000000000, -1.000000000000000000 ) ) ;
#902 = COLOUR_RGB ( '',0.8431372549019607865, 0.8431372549019607865, 0.8431372549019607865 ) ;
#903 = CARTESIAN_POINT ( 'NONE',  ( 2.449999999999999734, 2.449999999999999734, 1.300000000000000266 ) ) ;
#904 =( NAMED_UNIT ( * ) PLANE_ANGLE_UNIT ( ) SI_UNIT ( $, .RADIAN. ) );
#905 = LINE ( 'NONE', #2316, #2864 ) ;
#906 = CARTESIAN_POINT ( 'NONE',  ( 2.399999999999999911, 2.199999999999999734, 0.1000000000000000056 ) ) ;
#907 = VECTOR ( 'NONE', #3153, 1000.000000000000000 ) ;
#908 = DIRECTION ( 'NONE',  ( 1.000000000000000000, 0.000000000000000000, 0.000000000000000000 ) ) ;
#909 = LINE ( 'NONE', #3386, #2061 ) ;
#910 = CARTESIAN_POINT ( 'NONE',  ( -2.399999999999999911, -0.7999999999999994893, 0.000000000000000000 ) ) ;
#911 = VECTOR ( 'NONE', #4361, 1000.000000000000000 ) ;
#912 = CARTESIAN_POINT ( 'NONE',  ( -1.800000000000000044, -2.199999999999999734, 0.000000000000000000 ) ) ;
#913 = CARTESIAN_POINT ( 'NONE',  ( 1.800000000000000044, -2.199999999999999734, 0.1000000000000000056 ) ) ;
#914 = FACE_OUTER_BOUND ( 'NONE', #2439, .T. ) ;
#915 = MECHANICAL_DESIGN_GEOMETRIC_PRESENTATION_REPRESENTATION (  '', ( #980 ), #2695 ) ;
#916 = ADVANCED_FACE ( 'NONE', ( #1300 ), #3709, .T. ) ;
#917 = APPLICATION_CONTEXT ( 'automotive_design' ) ;
#918 = STYLED_ITEM ( 'NONE', ( #1487 ), #3743 ) ;
#919 =( LENGTH_UNIT ( ) NAMED_UNIT ( * ) SI_UNIT ( .MILLI., .METRE. ) );
#920 =( LENGTH_UNIT ( ) NAMED_UNIT ( * ) SI_UNIT ( .MILLI., .METRE. ) );
#921 =( NAMED_UNIT ( * ) PLANE_ANGLE_UNIT ( ) SI_UNIT ( $, .RADIAN. ) );
#922 = CARTESIAN_POINT ( 'NONE',  ( 2.399999999999999911, 1.199999999999999956, 0.000000000000000000 ) ) ;
#923 = VECTOR ( 'NONE', #195, 1000.000000000000000 ) ;
#924 = DIRECTION ( 'NONE',  ( 0.000000000000000000, -0.000000000000000000, -1.000000000000000000 ) ) ;
#925 = EDGE_CURVE ( 'NONE', #2505, #2826, #950, .T. ) ;
#926 = PRESENTATION_LAYER_ASSIGNMENT (  '', '', ( #4472 ) ) ;
#927 = DIRECTION ( 'NONE',  ( -0.000000000000000000, 1.000000000000000000, -0.000000000000000000 ) ) ;
#928 = SURFACE_STYLE_USAGE ( .BOTH. , #198 ) ;
#929 = ADVANCED_FACE ( 'NONE', ( #3740 ), #542, .F. ) ;
#930 = DIRECTION ( 'NONE',  ( 1.000000000000000000, 0.000000000000000000, 0.000000000000000000 ) ) ;
#931 = SURFACE_STYLE_USAGE ( .BOTH. , #4111 ) ;
#932 = CARTESIAN_POINT ( 'NONE',  ( -2.399999999999999911, 0.2000000000000000944, 0.000000000000000000 ) ) ;
#933 = EDGE_CURVE ( 'NONE', #321, #1689, #1685, .T. ) ;
#934 = PLANE ( 'NONE',  #2452 ) ;
#935 = EDGE_CURVE ( 'NONE', #2217, #710, #2178, .T. ) ;
#936 = SURFACE_STYLE_FILL_AREA ( #142 ) ;
#937 = EDGE_CURVE ( 'NONE', #1582, #3163, #2155, .T. ) ;
#938 = LINE ( 'NONE', #564, #801 ) ;
#939 = PRESENTATION_STYLE_ASSIGNMENT (( #2706 ) ) ;
#940 = PLANE ( 'NONE',  #4035 ) ;
#941 = SURFACE_STYLE_FILL_AREA ( #4121 ) ;
#942 = DIRECTION ( 'NONE',  ( 0.000000000000000000, -0.000000000000000000, -1.000000000000000000 ) ) ;
#943 = VECTOR ( 'NONE', #927, 1000.000000000000000 ) ;
#944 = ORIENTED_EDGE ( 'NONE', *, *, #3377, .T. ) ;
#945 = ORIENTED_EDGE ( 'NONE', *, *, #933, .T. ) ;
#946 = CARTESIAN_POINT ( 'NONE',  ( -2.399999999999999911, 0.2000000000000000944, 0.1000000000000000056 ) ) ;
#947 = PLANE ( 'NONE',  #1989 ) ;
#948 = EDGE_LOOP ( 'NONE', ( #2194, #2983, #3108, #3755 ) ) ;
#949 =( NAMED_UNIT ( * ) SI_UNIT ( $, .STERADIAN. ) SOLID_ANGLE_UNIT ( ) );
#950 = LINE ( 'NONE', #3771, #3135 ) ;
#951 = ADVANCED_FACE ( 'NONE', ( #2461 ), #2842, .F. ) ;
#952 = ORIENTED_EDGE ( 'NONE', *, *, #2787, .T. ) ;
#953 = AXIS2_PLACEMENT_3D ( 'NONE', #329, #1764, #2779 ) ;
#954 = VERTEX_POINT ( 'NONE', #3218 ) ;
#955 = VECTOR ( 'NONE', #182, 1000.000000000000000 ) ;
#956 = ORIENTED_EDGE ( 'NONE', *, *, #3462, .T. ) ;
#957 = DIRECTION ( 'NONE',  ( -0.000000000000000000, 1.000000000000000000, -0.000000000000000000 ) ) ;
#958 = CARTESIAN_POINT ( 'NONE',  ( -2.399999999999999911, 1.199999999999999956, 0.1000000000000000056 ) ) ;
#959 = VECTOR ( 'NONE', #1477, 1000.000000000000000 ) ;
#960 = CARTESIAN_POINT ( 'NONE',  ( 0.000000000000000000, 0.000000000000000000, 0.000000000000000000 ) ) ;
#961 = SURFACE_SIDE_STYLE ('',( #4151 ) ) ;
#962 = PRESENTATION_LAYER_ASSIGNMENT (  '', '', ( #1924 ) ) ;
#963 = DIRECTION ( 'NONE',  ( 0.000000000000000000, 0.000000000000000000, -1.000000000000000000 ) ) ;
#964 = CARTESIAN_POINT ( 'NONE',  ( 1.800000000000000044, -1.799999999999999600, 0.1000000000000000056 ) ) ;
#965 = VERTEX_POINT ( 'NONE', #1008 ) ;
#966 = CARTESIAN_POINT ( 'NONE',  ( -2.399999999999999911, 0.7999999999999997113, 0.1000000000000000056 ) ) ;
#967 = AXIS2_PLACEMENT_3D ( 'NONE', #2051, #1005, #3184 ) ;
#968 = VECTOR ( 'NONE', #1340, 1000.000000000000000 ) ;
#969 = VERTEX_POINT ( 'NONE', #4589 ) ;
#970 = FILL_AREA_STYLE ('',( #2819 ) ) ;
#971 = VERTEX_POINT ( 'NONE', #2082 ) ;
#972 = PRESENTATION_STYLE_ASSIGNMENT (( #991 ) ) ;
#973 = CARTESIAN_POINT ( 'NONE',  ( 1.800000000000000044, 2.199999999999999734, 0.000000000000000000 ) ) ;
#974 = DIRECTION ( 'NONE',  ( 0.000000000000000000, -0.000000000000000000, 1.000000000000000000 ) ) ;
#975 = ORIENTED_EDGE ( 'NONE', *, *, #1286, .T. ) ;
#976 = VERTEX_POINT ( 'NONE', #1077 ) ;
#977 = FACE_OUTER_BOUND ( 'NONE', #2278, .T. ) ;
#978 = COLOUR_RGB ( '',0.8431372549019607865, 0.8431372549019607865, 0.8431372549019607865 ) ;
#979 =( LENGTH_UNIT ( ) NAMED_UNIT ( * ) SI_UNIT ( .MILLI., .METRE. ) );
#980 = STYLED_ITEM ( 'NONE', ( #3813 ), #3501 ) ;
#981 = EDGE_CURVE ( 'NONE', #3319, #1721, #4231, .T. ) ;
#982 = DIRECTION ( 'NONE',  ( 0.000000000000000000, -1.000000000000000000, 0.000000000000000000 ) ) ;
#983 = FACE_OUTER_BOUND ( 'NONE', #1468, .T. ) ;
#984 = CARTESIAN_POINT ( 'NONE',  ( 1.800000000000000044, -2.199999999999999734, 0.1000000000000000056 ) ) ;
#985 = MECHANICAL_DESIGN_GEOMETRIC_PRESENTATION_REPRESENTATION (  '', ( #918 ), #3513 ) ;
#986 = VERTEX_POINT ( 'NONE', #4254 ) ;
#987 = DIRECTION ( 'NONE',  ( -1.000000000000000000, 0.000000000000000000, -0.000000000000000000 ) ) ;
#988 = DIRECTION ( 'NONE',  ( -1.000000000000000000, 0.000000000000000000, 0.000000000000000000 ) ) ;
#989 = DIRECTION ( 'NONE',  ( 1.000000000000000000, -0.000000000000000000, -0.000000000000000000 ) ) ;
#990 = DIRECTION ( 'NONE',  ( -0.000000000000000000, 1.000000000000000000, -0.000000000000000000 ) ) ;
#991 = SURFACE_STYLE_USAGE ( .BOTH. , #2037 ) ;
#992 = EDGE_CURVE ( 'NONE', #3248, #1222, #1842, .T. ) ;
#993 = ORIENTED_EDGE ( 'NONE', *, *, #1971, .F. ) ;
#994 = CARTESIAN_POINT ( 'NONE',  ( 2.399999999999999911, 1.199999999999999956, 0.1000000000000000056 ) ) ;
#995 = CARTESIAN_POINT ( 'NONE',  ( -2.399999999999999911, -1.199999999999999734, 0.1000000000000000056 ) ) ;
#996 = DIRECTION ( 'NONE',  ( 0.000000000000000000, -0.000000000000000000, 1.000000000000000000 ) ) ;
#997 = SURFACE_STYLE_USAGE ( .BOTH. , #2825 ) ;
#998 = UNCERTAINTY_MEASURE_WITH_UNIT (LENGTH_MEASURE( 1.000000000000000082E-05 ), #919, 'distance_accuracy_value', 'NONE');
#999 = DIRECTION ( 'NONE',  ( -0.000000000000000000, 0.000000000000000000, -1.000000000000000000 ) ) ;
#1000 = ORIENTED_EDGE ( 'NONE', *, *, #4014, .F. ) ;
#1001 = DIRECTION ( 'NONE',  ( -1.000000000000000000, 0.000000000000000000, 0.000000000000000000 ) ) ;
#1002 = PLANE ( 'NONE',  #1533 ) ;
#1003 = EDGE_CURVE ( 'NONE', #501, #4491, #4313, .T. ) ;
#1004 = DIRECTION ( 'NONE',  ( 0.000000000000000000, -0.000000000000000000, -1.000000000000000000 ) ) ;
#1005 = DIRECTION ( 'NONE',  ( -0.000000000000000000, 0.000000000000000000, 1.000000000000000000 ) ) ;
#1006 = ORIENTED_EDGE ( 'NONE', *, *, #2338, .F. ) ;
#1007 = ORIENTED_EDGE ( 'NONE', *, *, #1539, .F. ) ;
#1008 = CARTESIAN_POINT ( 'NONE',  ( 2.500000000000000000, 2.449999999999999734, 0.000000000000000000 ) ) ;
#1009 = DIRECTION ( 'NONE',  ( 0.000000000000000000, 0.000000000000000000, 1.000000000000000000 ) ) ;
#1010 = EDGE_LOOP ( 'NONE', ( #2845, #1470, #610, #3185 ) ) ;
#1011 = VERTEX_POINT ( 'NONE', #134 ) ;
#1012 =( NAMED_UNIT ( * ) PLANE_ANGLE_UNIT ( ) SI_UNIT ( $, .RADIAN. ) );
#1013 = LINE ( 'NONE', #1035, #2773 ) ;
#1014 = CARTESIAN_POINT ( 'NONE',  ( -1.949999999999999956, 2.199999999999999734, 0.1000000000000000056 ) ) ;
#1015 = LINE ( 'NONE', #3914, #907 ) ;
#1016 = SURFACE_STYLE_USAGE ( .BOTH. , #3588 ) ;
#1017 = ORIENTED_EDGE ( 'NONE', *, *, #1034, .F. ) ;
#1018 = SURFACE_STYLE_FILL_AREA ( #3851 ) ;
#1019 = ADVANCED_FACE ( 'NONE', ( #1910 ), #3008, .T. ) ;
#1020 = DIRECTION ( 'NONE',  ( 0.000000000000000000, -1.000000000000000000, 0.000000000000000000 ) ) ;
#1021 = EDGE_LOOP ( 'NONE', ( #885, #2568, #276, #2808 ) ) ;
#1022 = CARTESIAN_POINT ( 'NONE',  ( -2.399999999999999911, -1.199999999999999734, 0.1000000000000000056 ) ) ;
#1023 = ORIENTED_EDGE ( 'NONE', *, *, #841, .T. ) ;
#1024 = EDGE_CURVE ( 'NONE', #792, #2468, #2959, .T. ) ;
#1025 = AXIS2_PLACEMENT_3D ( 'NONE', #1508, #2943, #767 ) ;
#1026 = STYLED_ITEM ( 'NONE', ( #3188 ), #566 ) ;
#1027 = SURFACE_STYLE_FILL_AREA ( #1446 ) ;
#1028 = PRESENTATION_LAYER_ASSIGNMENT (  '', '', ( #666 ) ) ;
#1029 = ORIENTED_EDGE ( 'NONE', *, *, #1184, .F. ) ;
#1030 = CARTESIAN_POINT ( 'NONE',  ( 2.399999999999999911, 0.2000000000000000944, 0.1000000000000000056 ) ) ;
#1031 =( NAMED_UNIT ( * ) PLANE_ANGLE_UNIT ( ) SI_UNIT ( $, .RADIAN. ) );
#1032 = AXIS2_PLACEMENT_3D ( 'NONE', #3697, #495, #882 ) ;
#1033 = CARTESIAN_POINT ( 'NONE',  ( -2.399999999999999911, 2.199999999999999734, 0.1000000000000000056 ) ) ;
#1034 = EDGE_CURVE ( 'NONE', #338, #3687, #2200, .T. ) ;
#1035 = CARTESIAN_POINT ( 'NONE',  ( -1.800000000000000044, 2.049999999999999822, 0.000000000000000000 ) ) ;
#1036 = MECHANICAL_DESIGN_GEOMETRIC_PRESENTATION_REPRESENTATION (  '', ( #3062 ), #1633 ) ;
#1037 = CARTESIAN_POINT ( 'NONE',  ( -1.800000000000000044, -0.7999999999999994893, 0.000000000000000000 ) ) ;
#1038 = PLANE ( 'NONE',  #2528 ) ;
#1039 = VERTEX_POINT ( 'NONE', #4502 ) ;
#1040 = AXIS2_PLACEMENT_3D ( 'NONE', #1699, #3765, #1254 ) ;
#1041 = CARTESIAN_POINT ( 'NONE',  ( -1.800000000000000044, 0.2000000000000000944, 0.000000000000000000 ) ) ;
#1042 = CARTESIAN_POINT ( 'NONE',  ( -2.499999999999999556, -2.500000000000000000, 0.000000000000000000 ) ) ;
#1043 = AXIS2_PLACEMENT_3D ( 'NONE', #1437, #1720, #2872 ) ;
#1044 = ORIENTED_EDGE ( 'NONE', *, *, #2575, .T. ) ;
#1045 = UNCERTAINTY_MEASURE_WITH_UNIT (LENGTH_MEASURE( 1.000000000000000082E-05 ), #4090, 'distance_accuracy_value', 'NONE');
#1046 = CARTESIAN_POINT ( 'NONE',  ( 2.399999999999999911, 1.799999999999999600, 0.000000000000000000 ) ) ;
#1047 = COLOUR_RGB ( '',0.8431372549019607865, 0.8431372549019607865, 0.8431372549019607865 ) ;
#1048 = FACE_OUTER_BOUND ( 'NONE', #2195, .T. ) ;
#1049 = STYLED_ITEM ( 'NONE', ( #1791 ), #3682 ) ;
#1050 = ORIENTED_EDGE ( 'NONE', *, *, #2396, .T. ) ;
#1051 = ORIENTED_EDGE ( 'NONE', *, *, #1965, .F. ) ;
#1052 = CARTESIAN_POINT ( 'NONE',  ( -2.399999999999999911, 0.2000000000000000944, 0.000000000000000000 ) ) ;
#1053 =( NAMED_UNIT ( * ) SI_UNIT ( $, .STERADIAN. ) SOLID_ANGLE_UNIT ( ) );
#1054 = DIRECTION ( 'NONE',  ( 0.000000000000000000, -0.000000000000000000, -1.000000000000000000 ) ) ;
#1055 = CARTESIAN_POINT ( 'NONE',  ( -2.399999999999999911, 0.2000000000000000944, 0.1000000000000000056 ) ) ;
#1056 = DIRECTION ( 'NONE',  ( -0.000000000000000000, 0.000000000000000000, -1.000000000000000000 ) ) ;
#1057 = AXIS2_PLACEMENT_3D ( 'NONE', #2056, #3127, #3151 ) ;
#1058 = SURFACE_STYLE_FILL_AREA ( #1078 ) ;
#1059 = DIRECTION ( 'NONE',  ( 0.000000000000000000, -0.000000000000000000, -1.000000000000000000 ) ) ;
#1060 = LINE ( 'NONE', #2205, #2906 ) ;
#1061 = VECTOR ( 'NONE', #2216, 1000.000000000000000 ) ;
#1062 = EDGE_CURVE ( 'NONE', #3978, #3318, #246, .T. ) ;
#1063 = VECTOR ( 'NONE', #1986, 1000.000000000000000 ) ;
#1064 = CARTESIAN_POINT ( 'NONE',  ( 1.800000000000000044, 1.799999999999999600, 0.000000000000000000 ) ) ;
#1065 = LINE ( 'NONE', #724, #591 ) ;
#1066 = EDGE_CURVE ( 'NONE', #2639, #1828, #3159, .T. ) ;
#1067 = EDGE_CURVE ( 'NONE', #3163, #2081, #3476, .T. ) ;
#1068 = PRESENTATION_STYLE_ASSIGNMENT (( #3308 ) ) ;
#1069 = ORIENTED_EDGE ( 'NONE', *, *, #3130, .F. ) ;
#1070 = LINE ( 'NONE', #3899, #3797 ) ;
#1071 = VERTEX_POINT ( 'NONE', #2442 ) ;
#1072 = ORIENTED_EDGE ( 'NONE', *, *, #1701, .F. ) ;
#1073 = FACE_OUTER_BOUND ( 'NONE', #1874, .T. ) ;
#1074 = PLANE ( 'NONE',  #4114 ) ;
#1075 =( NAMED_UNIT ( * ) SI_UNIT ( $, .STERADIAN. ) SOLID_ANGLE_UNIT ( ) );
#1076 = EDGE_LOOP ( 'NONE', ( #3693, #2152, #952, #2214 ) ) ;
#1077 = CARTESIAN_POINT ( 'NONE',  ( 1.800000000000000044, 1.799999999999999600, 0.1000000000000000056 ) ) ;
#1078 = FILL_AREA_STYLE ('',( #370 ) ) ;
#1079 = FACE_OUTER_BOUND ( 'NONE', #3443, .T. ) ;
#1080 = CARTESIAN_POINT ( 'NONE',  ( -1.800000000000000044, 1.799999999999999600, 0.1000000000000000056 ) ) ;
#1081 = PLANE ( 'NONE',  #201 ) ;
#1082 = ORIENTED_EDGE ( 'NONE', *, *, #4339, .F. ) ;
#1083 =( NAMED_UNIT ( * ) PLANE_ANGLE_UNIT ( ) SI_UNIT ( $, .RADIAN. ) );
#1084 = FILL_AREA_STYLE ('',( #3533 ) ) ;
#1085 = PRESENTATION_LAYER_ASSIGNMENT (  '', '', ( #4364 ) ) ;
#1086 = EDGE_CURVE ( 'NONE', #654, #1363, #3856, .T. ) ;
#1087 = DIRECTION ( 'NONE',  ( -0.000000000000000000, -0.000000000000000000, -1.000000000000000000 ) ) ;
#1088 = ORIENTED_EDGE ( 'NONE', *, *, #1684, .F. ) ;
#1089 = CARTESIAN_POINT ( 'NONE',  ( 1.800000000000000044, 2.199999999999999734, 0.1000000000000000056 ) ) ;
#1090 = DIRECTION ( 'NONE',  ( 0.000000000000000000, 0.000000000000000000, 1.000000000000000000 ) ) ;
#1091 =( LENGTH_UNIT ( ) NAMED_UNIT ( * ) SI_UNIT ( .MILLI., .METRE. ) );
#1092 = UNCERTAINTY_MEASURE_WITH_UNIT (LENGTH_MEASURE( 1.000000000000000082E-05 ), #3375, 'distance_accuracy_value', 'NONE');
#1093 = ORIENTED_EDGE ( 'NONE', *, *, #935, .T. ) ;
#1094 = EDGE_CURVE ( 'NONE', #4186, #1819, #267, .T. ) ;
#1095 = SURFACE_STYLE_FILL_AREA ( #1744 ) ;
#1096 = FILL_AREA_STYLE ('',( #2142 ) ) ;
#1097 = ADVANCED_FACE ( 'NONE', ( #2370 ), #317, .T. ) ;
#1098 = DIRECTION ( 'NONE',  ( 0.000000000000000000, 1.000000000000000000, -0.000000000000000000 ) ) ;
#1099 = VECTOR ( 'NONE', #37, 1000.000000000000000 ) ;
#1100 = DIRECTION ( 'NONE',  ( -0.000000000000000000, 1.000000000000000000, -0.000000000000000000 ) ) ;
#1101 = DIRECTION ( 'NONE',  ( 0.000000000000000000, -1.000000000000000000, 0.000000000000000000 ) ) ;
#1102 = ORIENTED_EDGE ( 'NONE', *, *, #2921, .T. ) ;
#1103 = CARTESIAN_POINT ( 'NONE',  ( 2.399999999999999911, -0.7999999999999994893, 0.000000000000000000 ) ) ;
#1104 = VECTOR ( 'NONE', #2321, 1000.000000000000000 ) ;
#1105 = SURFACE_STYLE_USAGE ( .BOTH. , #762 ) ;
#1106 = FILL_AREA_STYLE ('',( #1757 ) ) ;
#1107 = CARTESIAN_POINT ( 'NONE',  ( 1.800000000000000044, -1.799999999999999600, 0.000000000000000000 ) ) ;
#1108 = VECTOR ( 'NONE', #499, 1000.000000000000000 ) ;
#1109 = VECTOR ( 'NONE', #2246, 1000.000000000000000 ) ;
#1110 = EDGE_LOOP ( 'NONE', ( #696, #3541, #2034, #393 ) ) ;
#1111 = VECTOR ( 'NONE', #1476, 1000.000000000000000 ) ;
#1112 = ORIENTED_EDGE ( 'NONE', *, *, #3832, .F. ) ;
#1113 = LINE ( 'NONE', #1511, #4303 ) ;
#1114 = PRESENTATION_LAYER_ASSIGNMENT (  '', '', ( #3206 ) ) ;
#1115 = VERTEX_POINT ( 'NONE', #1263 ) ;
#1116 = AXIS2_PLACEMENT_3D ( 'NONE', #4125, #1592, #2344 ) ;
#1117 = DIRECTION ( 'NONE',  ( -1.000000000000000000, 0.000000000000000000, 0.000000000000000000 ) ) ;
#1118 = VECTOR ( 'NONE', #3604, 1000.000000000000000 ) ;
#1119 = AXIS2_PLACEMENT_3D ( 'NONE', #171, #942, #3111 ) ;
#1120 = CARTESIAN_POINT ( 'NONE',  ( -2.399999999999999911, -0.2000000000000000944, 0.000000000000000000 ) ) ;
#1121 = ADVANCED_FACE ( 'NONE', ( #1687 ), #3149, .F. ) ;
#1122 = AXIS2_PLACEMENT_3D ( 'NONE', #545, #3800, #4453 ) ;
#1123 = EDGE_CURVE ( 'NONE', #1319, #4338, #4137, .T. ) ;
#1124 = ORIENTED_EDGE ( 'NONE', *, *, #1666, .F. ) ;
#1125 = VERTEX_POINT ( 'NONE', #561 ) ;
#1126 = FILL_AREA_STYLE ('',( #3238 ) ) ;
#1127 = FACE_OUTER_BOUND ( 'NONE', #1354, .T. ) ;
#1128 = CARTESIAN_POINT ( 'NONE',  ( -2.399999999999999911, -1.199999999999999734, 0.1000000000000000056 ) ) ;
#1129 = DIRECTION ( 'NONE',  ( 0.000000000000000000, -1.000000000000000000, 0.000000000000000000 ) ) ;
#1130 = VECTOR ( 'NONE', #4274, 1000.000000000000000 ) ;
#1131 = CARTESIAN_POINT ( 'NONE',  ( -2.399999999999999911, 0.7999999999999997113, 0.1000000000000000056 ) ) ;
#1132 = EDGE_CURVE ( 'NONE', #3082, #4297, #1983, .T. ) ;
#1133 = SURFACE_STYLE_USAGE ( .BOTH. , #4256 ) ;
#1134 = CARTESIAN_POINT ( 'NONE',  ( 1.800000000000000044, 1.199999999999999956, 0.000000000000000000 ) ) ;
#1135 = CARTESIAN_POINT ( 'NONE',  ( 2.500000000000000000, -2.449999999999998401, 1.300000000000000266 ) ) ;
#1136 = LINE ( 'NONE', #15, #1318 ) ;
#1137 = DIRECTION ( 'NONE',  ( 1.000000000000000000, 0.000000000000000000, 0.000000000000000000 ) ) ;
#1138 = VECTOR ( 'NONE', #3918, 1000.000000000000000 ) ;
#1139 = LINE ( 'NONE', #810, #3060 ) ;
#1140 = DIRECTION ( 'NONE',  ( 0.000000000000000000, -0.000000000000000000, -1.000000000000000000 ) ) ;
#1141 = CARTESIAN_POINT ( 'NONE',  ( 2.399999999999999911, 1.199999999999999956, 0.1000000000000000056 ) ) ;
#1142 =( GEOMETRIC_REPRESENTATION_CONTEXT ( 3 ) GLOBAL_UNCERTAINTY_ASSIGNED_CONTEXT ( ( #1523 ) ) GLOBAL_UNIT_ASSIGNED_CONTEXT ( ( #3, #4144, #2244 ) ) REPRESENTATION_CONTEXT ( 'NONE', 'WORKASPACE' ) );
#1143 = CARTESIAN_POINT ( 'NONE',  ( 2.449999999999999734, -2.500000000000000000, 1.300000000000000266 ) ) ;
#1144 = COLOUR_RGB ( '',0.8431372549019607865, 0.8431372549019607865, 0.8431372549019607865 ) ;
#1145 = UNCERTAINTY_MEASURE_WITH_UNIT (LENGTH_MEASURE( 1.000000000000000082E-05 ), #3392, 'distance_accuracy_value', 'NONE');
#1146 = CARTESIAN_POINT ( 'NONE',  ( 1.800000000000000044, 1.799999999999999600, 0.1000000000000000056 ) ) ;
#1147 =( GEOMETRIC_REPRESENTATION_CONTEXT ( 3 ) GLOBAL_UNCERTAINTY_ASSIGNED_CONTEXT ( ( #830 ) ) GLOBAL_UNIT_ASSIGNED_CONTEXT ( ( #4235, #3152, #3129 ) ) REPRESENTATION_CONTEXT ( 'NONE', 'WORKASPACE' ) );
#1148 = EDGE_LOOP ( 'NONE', ( #4157, #2801, #2347, #4047 ) ) ;
#1149 =( NAMED_UNIT ( * ) SI_UNIT ( $, .STERADIAN. ) SOLID_ANGLE_UNIT ( ) );
#1150 = EDGE_CURVE ( 'NONE', #3978, #3146, #1139, .T. ) ;
#1151 = EDGE_CURVE ( 'NONE', #1363, #448, #430, .T. ) ;
#1152 = ORIENTED_EDGE ( 'NONE', *, *, #2633, .F. ) ;
#1153 = DIRECTION ( 'NONE',  ( 1.000000000000000000, 0.000000000000000000, 0.000000000000000000 ) ) ;
#1154 = FACE_OUTER_BOUND ( 'NONE', #3567, .T. ) ;
#1155 = ORIENTED_EDGE ( 'NONE', *, *, #1832, .F. ) ;
#1156 = CARTESIAN_POINT ( 'NONE',  ( 2.399999999999999911, 2.199999999999999734, 0.1000000000000000056 ) ) ;
#1157 = LINE ( 'NONE', #515, #1921 ) ;
#1158 = FILL_AREA_STYLE_COLOUR ( '', #571 ) ;
#1159 = CARTESIAN_POINT ( 'NONE',  ( -2.399999999999999911, -1.799999999999999600, 0.1000000000000000056 ) ) ;
#1160 = VERTEX_POINT ( 'NONE', #1536 ) ;
#1161 = COLOUR_RGB ( '',0.8431372549019607865, 0.8431372549019607865, 0.8431372549019607865 ) ;
#1162 = STYLED_ITEM ( 'NONE', ( #1428 ), #88 ) ;
#1163 = SURFACE_SIDE_STYLE ('',( #1461 ) ) ;
#1164 = DIRECTION ( 'NONE',  ( -0.000000000000000000, -0.000000000000000000, -1.000000000000000000 ) ) ;
#1165 = ORIENTED_EDGE ( 'NONE', *, *, #3191, .T. ) ;
#1166 = ORIENTED_EDGE ( 'NONE', *, *, #3626, .T. ) ;
#1167 = COLOUR_RGB ( '',0.8431372549019607865, 0.8431372549019607865, 0.8431372549019607865 ) ;
#1168 = EDGE_CURVE ( 'NONE', #349, #1812, #3641, .T. ) ;
#1169 = LINE ( 'NONE', #126, #1208 ) ;
#1170 = DIRECTION ( 'NONE',  ( -0.000000000000000000, 1.000000000000000000, -0.000000000000000000 ) ) ;
#1171 = EDGE_LOOP ( 'NONE', ( #4249, #1006, #2367, #2009 ) ) ;
#1172 = PRESENTATION_STYLE_ASSIGNMENT (( #4365 ) ) ;
#1173 = SURFACE_STYLE_FILL_AREA ( #2956 ) ;
#1174 = VERTEX_POINT ( 'NONE', #1894 ) ;
#1175 = SURFACE_STYLE_USAGE ( .BOTH. , #1200 ) ;
#1176 = LINE ( 'NONE', #3380, #3849 ) ;
#1177 = DIRECTION ( 'NONE',  ( 0.000000000000000000, 0.000000000000000000, 1.000000000000000000 ) ) ;
#1178 = VERTEX_POINT ( 'NONE', #1917 ) ;
#1179 = AXIS2_PLACEMENT_3D ( 'NONE', #2636, #4450, #165 ) ;
#1180 = ORIENTED_EDGE ( 'NONE', *, *, #3516, .T. ) ;
#1181 =( NAMED_UNIT ( * ) PLANE_ANGLE_UNIT ( ) SI_UNIT ( $, .RADIAN. ) );
#1182 = EDGE_LOOP ( 'NONE', ( #4091, #1564, #3584, #2301 ) ) ;
#1183 = DIRECTION ( 'NONE',  ( -0.7071067811865474617, 0.7071067811865474617, 0.000000000000000000 ) ) ;
#1184 = EDGE_CURVE ( 'NONE', #4105, #2963, #4375, .T. ) ;
#1185 = MECHANICAL_DESIGN_GEOMETRIC_PRESENTATION_REPRESENTATION (  '', ( #1026 ), #4438 ) ;
#1186 = LINE ( 'NONE', #4039, #955 ) ;
#1187 =( NAMED_UNIT ( * ) PLANE_ANGLE_UNIT ( ) SI_UNIT ( $, .RADIAN. ) );
#1188 = CARTESIAN_POINT ( 'NONE',  ( -2.500000000000000000, 2.500000000000000000, 1.300000000000000266 ) ) ;
#1189 = VECTOR ( 'NONE', #388, 1000.000000000000000 ) ;
#1190 = DIRECTION ( 'NONE',  ( 1.000000000000000000, 0.000000000000000000, 0.000000000000000000 ) ) ;
#1191 = COLOUR_RGB ( '',0.8431372549019607865, 0.8431372549019607865, 0.8431372549019607865 ) ;
#1192 = COLOUR_RGB ( '',0.8431372549019607865, 0.8431372549019607865, 0.8431372549019607865 ) ;
#1193 = VECTOR ( 'NONE', #3548, 1000.000000000000000 ) ;
#1194 = CARTESIAN_POINT ( 'NONE',  ( -1.800000000000000044, 1.199999999999999956, 0.1000000000000000056 ) ) ;
#1195 = VECTOR ( 'NONE', #4236, 1000.000000000000000 ) ;
#1196 = PRESENTATION_LAYER_ASSIGNMENT (  '', '', ( #3207 ) ) ;
#1197 = CARTESIAN_POINT ( 'NONE',  ( 2.399999999999999911, -1.799999999999999600, 0.1000000000000000056 ) ) ;
#1198 = ORIENTED_EDGE ( 'NONE', *, *, #75, .F. ) ;
#1199 = ORIENTED_EDGE ( 'NONE', *, *, #2078, .T. ) ;
#1200 = SURFACE_SIDE_STYLE ('',( #4386 ) ) ;
#1201 = VECTOR ( 'NONE', #2366, 1000.000000000000000 ) ;
#1202 = LINE ( 'NONE', #876, #3426 ) ;
#1203 = PRESENTATION_STYLE_ASSIGNMENT (( #470 ) ) ;
#1204 = MECHANICAL_DESIGN_GEOMETRIC_PRESENTATION_REPRESENTATION (  '', ( #1573 ), #2094 ) ;
#1205 = DIRECTION ( 'NONE',  ( 0.000000000000000000, 0.000000000000000000, -1.000000000000000000 ) ) ;
#1206 = CARTESIAN_POINT ( 'NONE',  ( 2.399999999999999911, 1.199999999999999956, 0.1000000000000000056 ) ) ;
#1207 = ADVANCED_FACE ( 'NONE', ( #3340 ), #3366, .T. ) ;
#1208 = VECTOR ( 'NONE', #2620, 1000.000000000000000 ) ;
#1209 = ORIENTED_EDGE ( 'NONE', *, *, #1304, .T. ) ;
#1210 = LINE ( 'NONE', #1197, #663 ) ;
#1211 = DIRECTION ( 'NONE',  ( 0.000000000000000000, -1.000000000000000000, 0.000000000000000000 ) ) ;
#1212 = ORIENTED_EDGE ( 'NONE', *, *, #4529, .T. ) ;
#1213 =( NAMED_UNIT ( * ) SI_UNIT ( $, .STERADIAN. ) SOLID_ANGLE_UNIT ( ) );
#1214 = LINE ( 'NONE', #855, #1695 ) ;
#1215 =( NAMED_UNIT ( * ) PLANE_ANGLE_UNIT ( ) SI_UNIT ( $, .RADIAN. ) );
#1216 = EDGE_CURVE ( 'NONE', #710, #954, #103, .T. ) ;
#1217 = CARTESIAN_POINT ( 'NONE',  ( -2.399999999999999911, -0.2000000000000000944, 0.1000000000000000056 ) ) ;
#1218 = CARTESIAN_POINT ( 'NONE',  ( -2.399999999999999911, 2.199999999999999734, 0.1000000000000000056 ) ) ;
#1219 = ORIENTED_EDGE ( 'NONE', *, *, #4083, .F. ) ;
#1220 = ORIENTED_EDGE ( 'NONE', *, *, #170, .F. ) ;
#1221 = CLOSED_SHELL ( 'NONE', ( #161, #734, #2806, #3804, #2240, #1984 ) ) ;
#1222 = VERTEX_POINT ( 'NONE', #1949 ) ;
#1223 = DIRECTION ( 'NONE',  ( 0.000000000000000000, 1.000000000000000000, -0.000000000000000000 ) ) ;
#1224 = PLANE ( 'NONE',  #4019 ) ;
#1225 =( NAMED_UNIT ( * ) PLANE_ANGLE_UNIT ( ) SI_UNIT ( $, .RADIAN. ) );
#1226 = DIRECTION ( 'NONE',  ( 0.000000000000000000, -1.000000000000000000, 0.000000000000000000 ) ) ;
#1227 = VERTEX_POINT ( 'NONE', #3026 ) ;
#1228 = EDGE_LOOP ( 'NONE', ( #738, #3835, #3061, #2039 ) ) ;
#1229 = ADVANCED_FACE ( 'NONE', ( #2969 ), #4421, .T. ) ;
#1230 = LINE ( 'NONE', #2736, #2707 ) ;
#1231 = CARTESIAN_POINT ( 'NONE',  ( -2.399999999999999911, 2.199999999999999734, 0.1000000000000000056 ) ) ;
#1232 = ORIENTED_EDGE ( 'NONE', *, *, #2861, .F. ) ;
#1233 = EDGE_CURVE ( 'NONE', #2081, #1997, #845, .T. ) ;
#1234 = ORIENTED_EDGE ( 'NONE', *, *, #1430, .T. ) ;
#1235 = DIRECTION ( 'NONE',  ( 1.000000000000000000, -0.000000000000000000, -0.000000000000000000 ) ) ;
#1236 = CARTESIAN_POINT ( 'NONE',  ( -2.399999999999999911, -1.799999999999999600, 0.1000000000000000056 ) ) ;
#1237 = LINE ( 'NONE', #581, #749 ) ;
#1238 = PRESENTATION_LAYER_ASSIGNMENT (  '', '', ( #3988 ) ) ;
#1239 = FILL_AREA_STYLE_COLOUR ( '', #895 ) ;
#1240 = DIRECTION ( 'NONE',  ( 1.000000000000000000, 0.000000000000000000, 0.000000000000000000 ) ) ;
#1241 = MECHANICAL_DESIGN_GEOMETRIC_PRESENTATION_REPRESENTATION (  '', ( #2975 ), #3125 ) ;
#1242 = EDGE_CURVE ( 'NONE', #4460, #2309, #3594, .T. ) ;
#1243 = VECTOR ( 'NONE', #1891, 1000.000000000000000 ) ;
#1244 = VECTOR ( 'NONE', #2463, 1000.000000000000000 ) ;
#1245 = FACE_OUTER_BOUND ( 'NONE', #2436, .T. ) ;
#1246 = SURFACE_STYLE_USAGE ( .BOTH. , #1309 ) ;
#1247 = LINE ( 'NONE', #922, #4389 ) ;
#1248 = VECTOR ( 'NONE', #1129, 1000.000000000000000 ) ;
#1249 = AXIS2_PLACEMENT_3D ( 'NONE', #488, #4002, #3645 ) ;
#1250 = ORIENTED_EDGE ( 'NONE', *, *, #1645, .F. ) ;
#1251 = PLANE ( 'NONE',  #4261 ) ;
#1252 = ORIENTED_EDGE ( 'NONE', *, *, #2555, .T. ) ;
#1253 = PRESENTATION_LAYER_ASSIGNMENT (  '', '', ( #583 ) ) ;
#1254 = DIRECTION ( 'NONE',  ( 1.000000000000000000, 0.000000000000000000, 0.000000000000000000 ) ) ;
#1255 = ADVANCED_FACE ( 'NONE', ( #1414 ), #3416, .F. ) ;
#1256 = FILL_AREA_STYLE ('',( #4444 ) ) ;
#1257 = VECTOR ( 'NONE', #2511, 1000.000000000000000 ) ;
#1258 = AXIS2_PLACEMENT_3D ( 'NONE', #4206, #2427, #2077 ) ;
#1259 =( LENGTH_UNIT ( ) NAMED_UNIT ( * ) SI_UNIT ( .MILLI., .METRE. ) );
#1260 = ORIENTED_EDGE ( 'NONE', *, *, #3269, .T. ) ;
#1261 = AXIS2_PLACEMENT_3D ( 'NONE', #2391, #3803, #1240 ) ;
#1262 = CARTESIAN_POINT ( 'NONE',  ( 1.800000000000000044, 2.199999999999999734, 0.1000000000000000056 ) ) ;
#1263 = CARTESIAN_POINT ( 'NONE',  ( -2.499999999999999556, -2.449999999999999734, 1.300000000000000266 ) ) ;
#1264 = SURFACE_SIDE_STYLE ('',( #523 ) ) ;
#1265 = LINE ( 'NONE', #1217, #4193 ) ;
#1266 = VECTOR ( 'NONE', #2304, 1000.000000000000000 ) ;
#1267 = EDGE_LOOP ( 'NONE', ( #4142, #48, #3167, #637 ) ) ;
#1268 = CARTESIAN_POINT ( 'NONE',  ( 0.000000000000000000, 0.000000000000000000, 0.1000000000000000056 ) ) ;
#1269 = EDGE_CURVE ( 'NONE', #2656, #1379, #2626, .T. ) ;
#1270 = CARTESIAN_POINT ( 'NONE',  ( 2.399999999999999911, 1.799999999999999600, 0.1000000000000000056 ) ) ;
#1271 = PRESENTATION_STYLE_ASSIGNMENT (( #127 ) ) ;
#1272 = DIRECTION ( 'NONE',  ( -1.000000000000000000, 0.000000000000000000, -0.000000000000000000 ) ) ;
#1273 = CARTESIAN_POINT ( 'NONE',  ( 2.399999999999999911, 1.199999999999999956, 0.1000000000000000056 ) ) ;
#1274 = ORIENTED_EDGE ( 'NONE', *, *, #167, .T. ) ;
#1275 = PRESENTATION_LAYER_ASSIGNMENT (  '', '', ( #230 ) ) ;
#1276 = ORIENTED_EDGE ( 'NONE', *, *, #4316, .F. ) ;
#1277 = CARTESIAN_POINT ( 'NONE',  ( -2.399999999999999911, -2.199999999999999734, 0.000000000000000000 ) ) ;
#1278 = AXIS2_PLACEMENT_3D ( 'NONE', #4204, #3886, #1004 ) ;
#1279 = EDGE_CURVE ( 'NONE', #2963, #4525, #3352, .T. ) ;
#1280 = CARTESIAN_POINT ( 'NONE',  ( 2.399999999999999911, 0.7999999999999997113, 0.000000000000000000 ) ) ;
#1281 =( LENGTH_UNIT ( ) NAMED_UNIT ( * ) SI_UNIT ( .MILLI., .METRE. ) );
#1282 = CARTESIAN_POINT ( 'NONE',  ( -2.399999999999999911, -2.199999999999999734, 0.1000000000000000056 ) ) ;
#1283 = ORIENTED_EDGE ( 'NONE', *, *, #2041, .T. ) ;
#1284 = FACE_BOUND ( 'NONE', #3754, .T. ) ;
#1285 = ORIENTED_EDGE ( 'NONE', *, *, #534, .T. ) ;
#1286 = EDGE_CURVE ( 'NONE', #3534, #247, #2644, .T. ) ;
#1287 = DIRECTION ( 'NONE',  ( 1.000000000000000000, 0.000000000000000000, 0.000000000000000000 ) ) ;
#1288 = ORIENTED_EDGE ( 'NONE', *, *, #29, .F. ) ;
#1289 = CARTESIAN_POINT ( 'NONE',  ( 1.800000000000000044, -1.799999999999999600, 0.000000000000000000 ) ) ;
#1290 = ADVANCED_FACE ( 'NONE', ( #4077 ), #1944, .T. ) ;
#1291 = PLANE ( 'NONE',  #953 ) ;
#1292 = LINE ( 'NONE', #3861, #4552 ) ;
#1293 = PRESENTATION_STYLE_ASSIGNMENT (( #203 ) ) ;
#1294 = ORIENTED_EDGE ( 'NONE', *, *, #506, .F. ) ;
#1295 = CARTESIAN_POINT ( 'NONE',  ( -2.399999999999999911, 0.7999999999999997113, 0.000000000000000000 ) ) ;
#1296 = SURFACE_STYLE_USAGE ( .BOTH. , #3505 ) ;
#1297 = ORIENTED_EDGE ( 'NONE', *, *, #4538, .F. ) ;
#1298 =( NAMED_UNIT ( * ) PLANE_ANGLE_UNIT ( ) SI_UNIT ( $, .RADIAN. ) );
#1299 = LINE ( 'NONE', #3222, #1840 ) ;
#1300 = FACE_OUTER_BOUND ( 'NONE', #2534, .T. ) ;
#1301 = DIRECTION ( 'NONE',  ( -1.000000000000000000, -0.000000000000000000, -0.000000000000000000 ) ) ;
#1302 = ORIENTED_EDGE ( 'NONE', *, *, #2623, .F. ) ;
#1303 = ADVANCED_FACE ( 'NONE', ( #659 ), #304, .F. ) ;
#1304 = EDGE_CURVE ( 'NONE', #584, #4491, #1559, .T. ) ;
#1305 = FACE_OUTER_BOUND ( 'NONE', #1367, .T. ) ;
#1306 = CARTESIAN_POINT ( 'NONE',  ( -2.399999999999999911, 2.199999999999999734, 0.1000000000000000056 ) ) ;
#1307 = DIRECTION ( 'NONE',  ( 0.7071067811865474617, -0.7071067811865474617, 0.000000000000000000 ) ) ;
#1308 = DIRECTION ( 'NONE',  ( 1.000000000000000000, 0.000000000000000000, 0.000000000000000000 ) ) ;
#1309 = SURFACE_SIDE_STYLE ('',( #3091 ) ) ;
#1310 = ORIENTED_EDGE ( 'NONE', *, *, #694, .F. ) ;
#1311 = CARTESIAN_POINT ( 'NONE',  ( 2.399999999999999911, -1.799999999999999600, 0.1000000000000000056 ) ) ;
#1312 = FILL_AREA_STYLE ('',( #3093 ) ) ;
#1313 = VECTOR ( 'NONE', #989, 1000.000000000000000 ) ;
#1314 = ORIENTED_EDGE ( 'NONE', *, *, #2017, .F. ) ;
#1315 = ORIENTED_EDGE ( 'NONE', *, *, #1578, .F. ) ;
#1316 = CARTESIAN_POINT ( 'NONE',  ( 0.000000000000000000, 0.000000000000000000, 0.1000000000000000056 ) ) ;
#1317 = LINE ( 'NONE', #1346, #1790 ) ;
#1318 = VECTOR ( 'NONE', #1848, 1000.000000000000000 ) ;
#1319 = VERTEX_POINT ( 'NONE', #714 ) ;
#1320 = DIRECTION ( 'NONE',  ( 0.000000000000000000, 0.000000000000000000, -1.000000000000000000 ) ) ;
#1321 = AXIS2_PLACEMENT_3D ( 'NONE', #3448, #2700, #3053 ) ;
#1322 = EDGE_CURVE ( 'NONE', #1350, #1039, #1758, .T. ) ;
#1323 = LINE ( 'NONE', #2764, #3424 ) ;
#1324 = CARTESIAN_POINT ( 'NONE',  ( 2.399999999999999911, 0.2000000000000000944, 0.1000000000000000056 ) ) ;
#1325 = EDGE_LOOP ( 'NONE', ( #4279, #327, #3931, #1585 ) ) ;
#1326 =( NAMED_UNIT ( * ) PLANE_ANGLE_UNIT ( ) SI_UNIT ( $, .RADIAN. ) );
#1327 = COLOUR_RGB ( '',0.8431372549019607865, 0.8431372549019607865, 0.8431372549019607865 ) ;
#1328 = EDGE_LOOP ( 'NONE', ( #1029, #1232, #1543, #3071 ) ) ;
#1329 =( NAMED_UNIT ( * ) SI_UNIT ( $, .STERADIAN. ) SOLID_ANGLE_UNIT ( ) );
#1330 = EDGE_LOOP ( 'NONE', ( #3660, #1212, #1198, #1773, #91, #1771, #4539, #2116 ) ) ;
#1331 = FILL_AREA_STYLE ('',( #2386 ) ) ;
#1332 = ORIENTED_EDGE ( 'NONE', *, *, #3191, .F. ) ;
#1333 = COLOUR_RGB ( '',0.8431372549019607865, 0.8431372549019607865, 0.8431372549019607865 ) ;
#1334 = APPLICATION_PROTOCOL_DEFINITION ( 'draft international standard', 'automotive_design', 1998, #917 ) ;
#1335 = EDGE_CURVE ( 'NONE', #4224, #338, #2492, .T. ) ;
#1336 = FACE_OUTER_BOUND ( 'NONE', #3720, .T. ) ;
#1337 = LINE ( 'NONE', #4499, #2614 ) ;
#1338 = STYLED_ITEM ( 'NONE', ( #300 ), #3272 ) ;
#1339 = FILL_AREA_STYLE ('',( #2122 ) ) ;
#1340 = DIRECTION ( 'NONE',  ( 0.000000000000000000, 0.000000000000000000, -1.000000000000000000 ) ) ;
#1341 = ORIENTED_EDGE ( 'NONE', *, *, #328, .T. ) ;
#1342 = FACE_OUTER_BOUND ( 'NONE', #2174, .T. ) ;
#1343 = ADVANCED_FACE ( 'NONE', ( #11 ), #1403, .F. ) ;
#1344 = ADVANCED_FACE ( 'NONE', ( #1571 ), #55, .T. ) ;
#1345 = CARTESIAN_POINT ( 'NONE',  ( 1.800000000000000044, 2.199999999999999734, 0.000000000000000000 ) ) ;
#1346 = CARTESIAN_POINT ( 'NONE',  ( -2.399999999999999911, -1.199999999999999734, 0.000000000000000000 ) ) ;
#1347 = VECTOR ( 'NONE', #2950, 1000.000000000000000 ) ;
#1348 = VECTOR ( 'NONE', #776, 1000.000000000000000 ) ;
#1349 = CARTESIAN_POINT ( 'NONE',  ( 1.800000000000000044, -1.799999999999999600, 0.1000000000000000056 ) ) ;
#1350 = VERTEX_POINT ( 'NONE', #2356 ) ;
#1351 = ORIENTED_EDGE ( 'NONE', *, *, #4555, .F. ) ;
#1352 = VECTOR ( 'NONE', #4296, 1000.000000000000000 ) ;
#1353 = ORIENTED_EDGE ( 'NONE', *, *, #456, .F. ) ;
#1354 = EDGE_LOOP ( 'NONE', ( #4597, #113, #3924, #1050 ) ) ;
#1355 = ADVANCED_FACE ( 'NONE', ( #4430 ), #4115, .F. ) ;
#1356 = VERTEX_POINT ( 'NONE', #586 ) ;
#1357 = DIRECTION ( 'NONE',  ( -1.000000000000000000, 0.000000000000000000, 0.000000000000000000 ) ) ;
#1358 = DIRECTION ( 'NONE',  ( -0.000000000000000000, -0.000000000000000000, -1.000000000000000000 ) ) ;
#1359 = DIRECTION ( 'NONE',  ( 1.000000000000000000, 0.000000000000000000, 0.000000000000000000 ) ) ;
#1360 =( NAMED_UNIT ( * ) SI_UNIT ( $, .STERADIAN. ) SOLID_ANGLE_UNIT ( ) );
#1361 =( LENGTH_UNIT ( ) NAMED_UNIT ( * ) SI_UNIT ( .MILLI., .METRE. ) );
#1362 = FILL_AREA_STYLE ('',( #4576 ) ) ;
#1363 = VERTEX_POINT ( 'NONE', #3696 ) ;
#1364 = EDGE_CURVE ( 'NONE', #1458, #308, #1579, .T. ) ;
#1365 = UNCERTAINTY_MEASURE_WITH_UNIT (LENGTH_MEASURE( 1.000000000000000082E-05 ), #2135, 'distance_accuracy_value', 'NONE');
#1366 = CARTESIAN_POINT ( 'NONE',  ( -2.399999999999999911, 1.799999999999999600, 0.1000000000000000056 ) ) ;
#1367 = EDGE_LOOP ( 'NONE', ( #1341, #3096, #775, #1688 ) ) ;
#1368 = CARTESIAN_POINT ( 'NONE',  ( -2.399999999999999911, -0.7999999999999994893, 0.000000000000000000 ) ) ;
#1369 = CARTESIAN_POINT ( 'NONE',  ( 1.800000000000000044, -0.2000000000000000944, 0.1000000000000000056 ) ) ;
#1370 = VERTEX_POINT ( 'NONE', #3772 ) ;
#1371 = ORIENTED_EDGE ( 'NONE', *, *, #254, .F. ) ;
#1372 = DIRECTION ( 'NONE',  ( 0.000000000000000000, 0.000000000000000000, -1.000000000000000000 ) ) ;
#1373 = LINE ( 'NONE', #30, #3446 ) ;
#1374 = CARTESIAN_POINT ( 'NONE',  ( -2.399999999999999911, -0.2000000000000000944, 0.1000000000000000056 ) ) ;
#1375 = ORIENTED_EDGE ( 'NONE', *, *, #4397, .F. ) ;
#1376 = UNCERTAINTY_MEASURE_WITH_UNIT (LENGTH_MEASURE( 1.000000000000000082E-05 ), #4260, 'distance_accuracy_value', 'NONE');
#1377 = VERTEX_POINT ( 'NONE', #1618 ) ;
#1378 = LINE ( 'NONE', #3818, #1710 ) ;
#1379 = VERTEX_POINT ( 'NONE', #1942 ) ;
#1380 = DIRECTION ( 'NONE',  ( 0.000000000000000000, -1.000000000000000000, -0.000000000000000000 ) ) ;
#1381 =( NAMED_UNIT ( * ) PLANE_ANGLE_UNIT ( ) SI_UNIT ( $, .RADIAN. ) );
#1382 = FILL_AREA_STYLE_COLOUR ( '', #4329 ) ;
#1383 = EDGE_LOOP ( 'NONE', ( #313, #1711, #2327, #4550 ) ) ;
#1384 = LINE ( 'NONE', #2822, #2079 ) ;
#1385 = DIRECTION ( 'NONE',  ( -1.000000000000000000, 0.000000000000000000, -0.000000000000000000 ) ) ;
#1386 = ADVANCED_FACE ( 'NONE', ( #3018 ), #934, .T. ) ;
#1387 = ORIENTED_EDGE ( 'NONE', *, *, #1062, .F. ) ;
#1388 =( GEOMETRIC_REPRESENTATION_CONTEXT ( 3 ) GLOBAL_UNCERTAINTY_ASSIGNED_CONTEXT ( ( #669 ) ) GLOBAL_UNIT_ASSIGNED_CONTEXT ( ( #1410, #3877, #1740 ) ) REPRESENTATION_CONTEXT ( 'NONE', 'WORKASPACE' ) );
#1389 = SURFACE_STYLE_USAGE ( .BOTH. , #751 ) ;
#1390 = EDGE_CURVE ( 'NONE', #349, #4479, #3123, .T. ) ;
#1391 = DIRECTION ( 'NONE',  ( -1.000000000000000000, 0.000000000000000000, 0.000000000000000000 ) ) ;
#1392 = EDGE_CURVE ( 'NONE', #2215, #1689, #2462, .T. ) ;
#1393 = STYLED_ITEM ( 'NONE', ( #1271 ), #1923 ) ;
#1394 = EDGE_CURVE ( 'NONE', #321, #118, #1378, .T. ) ;
#1395 = ORIENTED_EDGE ( 'NONE', *, *, #4080, .F. ) ;
#1396 = CYLINDRICAL_SURFACE ( 'NONE', #3881, 0.04999999999999991257 ) ;
#1397 = ADVANCED_FACE ( 'NONE', ( #4232 ), #2843, .T. ) ;
#1398 = FACE_OUTER_BOUND ( 'NONE', #2431, .T. ) ;
#1399 = DIRECTION ( 'NONE',  ( -0.000000000000000000, -0.000000000000000000, -1.000000000000000000 ) ) ;
#1400 = PLANE ( 'NONE',  #2293 ) ;
#1401 = VECTOR ( 'NONE', #1211, 1000.000000000000000 ) ;
#1402 = ORIENTED_EDGE ( 'NONE', *, *, #2623, .T. ) ;
#1403 = PLANE ( 'NONE',  #657 ) ;
#1404 = SURFACE_STYLE_FILL_AREA ( #2111 ) ;
#1405 = CARTESIAN_POINT ( 'NONE',  ( 2.500000000000000000, -2.449999999999999734, 1.350000000000000089 ) ) ;
#1406 =( GEOMETRIC_REPRESENTATION_CONTEXT ( 3 ) GLOBAL_UNCERTAINTY_ASSIGNED_CONTEXT ( ( #3882 ) ) GLOBAL_UNIT_ASSIGNED_CONTEXT ( ( #720, #636, #1535 ) ) REPRESENTATION_CONTEXT ( 'NONE', 'WORKASPACE' ) );
#1407 = MECHANICAL_DESIGN_GEOMETRIC_PRESENTATION_REPRESENTATION (  '', ( #3207 ), #3782 ) ;
#1408 =( NAMED_UNIT ( * ) PLANE_ANGLE_UNIT ( ) SI_UNIT ( $, .RADIAN. ) );
#1409 = PRESENTATION_LAYER_ASSIGNMENT (  '', '', ( #4098 ) ) ;
#1410 =( LENGTH_UNIT ( ) NAMED_UNIT ( * ) SI_UNIT ( .MILLI., .METRE. ) );
#1411 = CARTESIAN_POINT ( 'NONE',  ( 1.800000000000000044, 2.199999999999999734, 0.1000000000000000056 ) ) ;
#1412 = VECTOR ( 'NONE', #2326, 1000.000000000000000 ) ;
#1413 = CARTESIAN_POINT ( 'NONE',  ( -1.800000000000000044, -2.199999999999999734, 0.1000000000000000056 ) ) ;
#1414 = FACE_OUTER_BOUND ( 'NONE', #4038, .T. ) ;
#1415 = CIRCLE ( 'NONE', #1122, 0.04999999999999991257 ) ;
#1416 = CARTESIAN_POINT ( 'NONE',  ( 1.800000000000000044, -0.2000000000000000944, 0.1000000000000000056 ) ) ;
#1417 = DIRECTION ( 'NONE',  ( 0.000000000000000000, 0.000000000000000000, -1.000000000000000000 ) ) ;
#1418 = CARTESIAN_POINT ( 'NONE',  ( 2.399999999999999911, 0.2000000000000000944, 0.1000000000000000056 ) ) ;
#1419 = CARTESIAN_POINT ( 'NONE',  ( 2.399999999999999911, 1.799999999999999600, 0.000000000000000000 ) ) ;
#1420 = LINE ( 'NONE', #28, #1189 ) ;
#1421 = AXIS2_PLACEMENT_3D ( 'NONE', #365, #390, #4049 ) ;
#1422 = CARTESIAN_POINT ( 'NONE',  ( -1.800000000000000044, -0.7999999999999994893, 0.1000000000000000056 ) ) ;
#1423 = VECTOR ( 'NONE', #1205, 1000.000000000000000 ) ;
#1424 = VERTEX_POINT ( 'NONE', #3484 ) ;
#1425 = SURFACE_SIDE_STYLE ('',( #799 ) ) ;
#1426 = ORIENTED_EDGE ( 'NONE', *, *, #75, .T. ) ;
#1427 =( LENGTH_UNIT ( ) NAMED_UNIT ( * ) SI_UNIT ( .MILLI., .METRE. ) );
#1428 = PRESENTATION_STYLE_ASSIGNMENT (( #1105 ) ) ;
#1429 = ORIENTED_EDGE ( 'NONE', *, *, #2728, .T. ) ;
#1430 = EDGE_CURVE ( 'NONE', #954, #2373, #1782, .T. ) ;
#1431 = VECTOR ( 'NONE', #1358, 1000.000000000000000 ) ;
#1432 =( NAMED_UNIT ( * ) SI_UNIT ( $, .STERADIAN. ) SOLID_ANGLE_UNIT ( ) );
#1433 = ORIENTED_EDGE ( 'NONE', *, *, #2814, .T. ) ;
#1434 = PLANE ( 'NONE',  #886 ) ;
#1435 = CARTESIAN_POINT ( 'NONE',  ( 1.800000000000000044, -0.7999999999999994893, 0.000000000000000000 ) ) ;
#1436 = SURFACE_STYLE_USAGE ( .BOTH. , #3870 ) ;
#1437 = CARTESIAN_POINT ( 'NONE',  ( 2.399999999999999911, 0.2000000000000000944, 0.1000000000000000056 ) ) ;
#1438 = ADVANCED_FACE ( 'NONE', ( #711 ), #2741, .F. ) ;
#1439 = PLANE ( 'NONE',  #1727 ) ;
#1440 = CARTESIAN_POINT ( 'NONE',  ( -1.800000000000000044, 1.199999999999999956, 0.000000000000000000 ) ) ;
#1441 = DIRECTION ( 'NONE',  ( -1.000000000000000000, 0.000000000000000000, 0.000000000000000000 ) ) ;
#1442 = ORIENTED_EDGE ( 'NONE', *, *, #3896, .T. ) ;
#1443 = PLANE ( 'NONE',  #155 ) ;
#1444 = DIRECTION ( 'NONE',  ( -1.000000000000000000, 0.000000000000000000, 0.000000000000000000 ) ) ;
#1445 = PLANE ( 'NONE',  #132 ) ;
#1446 = FILL_AREA_STYLE ('',( #4222 ) ) ;
#1447 = CARTESIAN_POINT ( 'NONE',  ( 2.399999999999999911, -0.2000000000000000944, 0.1000000000000000056 ) ) ;
#1448 = CARTESIAN_POINT ( 'NONE',  ( -2.399999999999999911, 1.799999999999999600, 0.1000000000000000056 ) ) ;
#1449 = CARTESIAN_POINT ( 'NONE',  ( -1.800000000000000044, 0.2000000000000000944, 0.1000000000000000056 ) ) ;
#1450 = LINE ( 'NONE', #3960, #3298 ) ;
#1451 = LINE ( 'NONE', #2889, #1244 ) ;
#1452 = ORIENTED_EDGE ( 'NONE', *, *, #1094, .T. ) ;
#1453 =( NAMED_UNIT ( * ) PLANE_ANGLE_UNIT ( ) SI_UNIT ( $, .RADIAN. ) );
#1454 = CARTESIAN_POINT ( 'NONE',  ( 2.399999999999999911, -1.799999999999999600, 0.000000000000000000 ) ) ;
#1455 = ORIENTED_EDGE ( 'NONE', *, *, #789, .T. ) ;
#1456 = DIRECTION ( 'NONE',  ( 0.000000000000000000, -1.000000000000000000, 0.000000000000000000 ) ) ;
#1457 = PLANE ( 'NONE',  #1793 ) ;
#1458 = VERTEX_POINT ( 'NONE', #4280 ) ;
#1459 = CARTESIAN_POINT ( 'NONE',  ( -1.824999999999999734, 1.947847897356044466, 1.350000000000000089 ) ) ;
#1460 = ORIENTED_EDGE ( 'NONE', *, *, #1233, .T. ) ;
#1461 = SURFACE_STYLE_FILL_AREA ( #1537 ) ;
#1462 = CARTESIAN_POINT ( 'NONE',  ( 1.800000000000000044, -1.799999999999999600, 0.1000000000000000056 ) ) ;
#1463 = ORIENTED_EDGE ( 'NONE', *, *, #2259, .T. ) ;
#1464 = FACE_OUTER_BOUND ( 'NONE', #2099, .T. ) ;
#1465 = DIRECTION ( 'NONE',  ( 1.000000000000000000, 0.000000000000000000, 0.000000000000000000 ) ) ;
#1466 = CARTESIAN_POINT ( 'NONE',  ( 1.800000000000000044, -0.2000000000000000944, 0.1000000000000000056 ) ) ;
#1467 = VECTOR ( 'NONE', #120, 1000.000000000000000 ) ;
#1468 = EDGE_LOOP ( 'NONE', ( #3542, #3885, #2645, #1968 ) ) ;
#1469 = CARTESIAN_POINT ( 'NONE',  ( -2.500000000000000000, 2.449999999999999734, 1.350000000000000089 ) ) ;
#1470 = ORIENTED_EDGE ( 'NONE', *, *, #1598, .F. ) ;
#1471 = DIRECTION ( 'NONE',  ( 0.000000000000000000, 0.000000000000000000, -1.000000000000000000 ) ) ;
#1472 = LINE ( 'NONE', #3043, #4257 ) ;
#1473 = VECTOR ( 'NONE', #3791, 1000.000000000000000 ) ;
#1474 = SURFACE_STYLE_USAGE ( .BOTH. , #1504 ) ;
#1475 = UNCERTAINTY_MEASURE_WITH_UNIT (LENGTH_MEASURE( 1.000000000000000082E-05 ), #3328, 'distance_accuracy_value', 'NONE');
#1476 = DIRECTION ( 'NONE',  ( -0.000000000000000000, -0.000000000000000000, -1.000000000000000000 ) ) ;
#1477 = DIRECTION ( 'NONE',  ( 0.000000000000000000, -1.000000000000000000, 0.000000000000000000 ) ) ;
#1478 = ORIENTED_EDGE ( 'NONE', *, *, #622, .F. ) ;
#1479 = ADVANCED_FACE ( 'NONE', ( #2972 ), #3727, .T. ) ;
#1480 = VECTOR ( 'NONE', #2563, 1000.000000000000000 ) ;
#1481 = EDGE_CURVE ( 'NONE', #4578, #3726, #3332, .T. ) ;
#1482 = SURFACE_SIDE_STYLE ('',( #3981 ) ) ;
#1483 =( GEOMETRIC_REPRESENTATION_CONTEXT ( 3 ) GLOBAL_UNCERTAINTY_ASSIGNED_CONTEXT ( ( #1696 ) ) GLOBAL_UNIT_ASSIGNED_CONTEXT ( ( #2591, #3716, #101 ) ) REPRESENTATION_CONTEXT ( 'NONE', 'WORKASPACE' ) );
#1484 = PRESENTATION_STYLE_ASSIGNMENT (( #1809 ) ) ;
#1485 =( GEOMETRIC_REPRESENTATION_CONTEXT ( 3 ) GLOBAL_UNCERTAINTY_ASSIGNED_CONTEXT ( ( #3519 ) ) GLOBAL_UNIT_ASSIGNED_CONTEXT ( ( #3551, #4335, #690 ) ) REPRESENTATION_CONTEXT ( 'NONE', 'WORKASPACE' ) );
#1486 = VECTOR ( 'NONE', #4174, 1000.000000000000000 ) ;
#1487 = PRESENTATION_STYLE_ASSIGNMENT (( #123 ) ) ;
#1488 = VECTOR ( 'NONE', #2456, 1000.000000000000000 ) ;
#1489 = CARTESIAN_POINT ( 'NONE',  ( -1.800000000000000044, -1.199999999999999734, 0.1000000000000000056 ) ) ;
#1490 = PLANE ( 'NONE',  #750 ) ;
#1491 = PRESENTATION_LAYER_ASSIGNMENT (  '', '', ( #287 ) ) ;
#1492 = AXIS2_PLACEMENT_3D ( 'NONE', #151, #1588, #527 ) ;
#1493 = EDGE_CURVE ( 'NONE', #569, #3086, #1210, .T. ) ;
#1494 = ADVANCED_FACE ( 'NONE', ( #2624, #4023 ), #3351, .T. ) ;
#1495 = ORIENTED_EDGE ( 'NONE', *, *, #1686, .F. ) ;
#1496 = SURFACE_STYLE_FILL_AREA ( #2558 ) ;
#1497 = LINE ( 'NONE', #821, #3320 ) ;
#1498 = PRESENTATION_LAYER_ASSIGNMENT (  '', '', ( #3656 ) ) ;
#1499 = FILL_AREA_STYLE_COLOUR ( '', #2768 ) ;
#1500 = AXIS2_PLACEMENT_3D ( 'NONE', #4212, #3823, #4190 ) ;
#1501 = EDGE_CURVE ( 'NONE', #3086, #786, #1546, .T. ) ;
#1502 = ORIENTED_EDGE ( 'NONE', *, *, #1604, .F. ) ;
#1503 = LINE ( 'NONE', #3623, #1590 ) ;
#1504 = SURFACE_SIDE_STYLE ('',( #72 ) ) ;
#1505 = SURFACE_SIDE_STYLE ('',( #3289 ) ) ;
#1506 = FACE_OUTER_BOUND ( 'NONE', #2, .T. ) ;
#1507 = STYLED_ITEM ( 'NONE', ( #3303 ), #3761 ) ;
#1508 = CARTESIAN_POINT ( 'NONE',  ( 2.399999999999999911, 2.199999999999999734, 0.1000000000000000056 ) ) ;
#1509 = MECHANICAL_DESIGN_GEOMETRIC_PRESENTATION_REPRESENTATION (  '', ( #230 ), #303 ) ;
#1510 = ORIENTED_EDGE ( 'NONE', *, *, #4062, .T. ) ;
#1511 = CARTESIAN_POINT ( 'NONE',  ( -2.500000000000000000, 2.500000000000000000, 0.000000000000000000 ) ) ;
#1512 = MECHANICAL_DESIGN_GEOMETRIC_PRESENTATION_REPRESENTATION (  '', ( #2399 ), #3518 ) ;
#1513 = DIRECTION ( 'NONE',  ( -0.000000000000000000, 0.000000000000000000, -1.000000000000000000 ) ) ;
#1514 = UNCERTAINTY_MEASURE_WITH_UNIT (LENGTH_MEASURE( 1.000000000000000082E-05 ), #1702, 'distance_accuracy_value', 'NONE');
#1515 = CARTESIAN_POINT ( 'NONE',  ( -2.399999999999999911, 2.199999999999999734, 0.1000000000000000056 ) ) ;
#1516 = LINE ( 'NONE', #3330, #3301 ) ;
#1517 =( LENGTH_UNIT ( ) NAMED_UNIT ( * ) SI_UNIT ( .MILLI., .METRE. ) );
#1518 = EDGE_LOOP ( 'NONE', ( #807, #4173, #4127, #2526 ) ) ;
#1519 = ORIENTED_EDGE ( 'NONE', *, *, #3130, .T. ) ;
#1520 = CARTESIAN_POINT ( 'NONE',  ( 2.399999999999999911, 1.799999999999999600, 0.1000000000000000056 ) ) ;
#1521 = SURFACE_SIDE_STYLE ('',( #1886 ) ) ;
#1522 =( NAMED_UNIT ( * ) PLANE_ANGLE_UNIT ( ) SI_UNIT ( $, .RADIAN. ) );
#1523 = UNCERTAINTY_MEASURE_WITH_UNIT (LENGTH_MEASURE( 1.000000000000000082E-05 ), #3, 'distance_accuracy_value', 'NONE');
#1524 = ORIENTED_EDGE ( 'NONE', *, *, #1066, .T. ) ;
#1525 = CARTESIAN_POINT ( 'NONE',  ( -1.800000000000000044, 1.199999999999999956, 0.1000000000000000056 ) ) ;
#1526 = LINE ( 'NONE', #3674, #197 ) ;
#1527 = EDGE_LOOP ( 'NONE', ( #4366, #1124, #389, #7 ) ) ;
#1528 =( NAMED_UNIT ( * ) SI_UNIT ( $, .STERADIAN. ) SOLID_ANGLE_UNIT ( ) );
#1529 = DIRECTION ( 'NONE',  ( -1.000000000000000000, -0.000000000000000000, -0.000000000000000000 ) ) ;
#1530 = FILL_AREA_STYLE_COLOUR ( '', #352 ) ;
#1531 = DIRECTION ( 'NONE',  ( -0.000000000000000000, 1.000000000000000000, -0.000000000000000000 ) ) ;
#1532 = CARTESIAN_POINT ( 'NONE',  ( 2.399999999999999911, 0.2000000000000000944, 0.000000000000000000 ) ) ;
#1533 = AXIS2_PLACEMENT_3D ( 'NONE', #1973, #3833, #643 ) ;
#1534 = ORIENTED_EDGE ( 'NONE', *, *, #1648, .T. ) ;
#1535 =( NAMED_UNIT ( * ) SI_UNIT ( $, .STERADIAN. ) SOLID_ANGLE_UNIT ( ) );
#1536 = CARTESIAN_POINT ( 'NONE',  ( 1.800000000000000044, 1.799999999999999600, 0.000000000000000000 ) ) ;
#1537 = FILL_AREA_STYLE ('',( #60 ) ) ;
#1538 = FILL_AREA_STYLE ('',( #814 ) ) ;
#1539 = EDGE_CURVE ( 'NONE', #4186, #4242, #2262, .T. ) ;
#1540 = EDGE_LOOP ( 'NONE', ( #1082, #1387, #4207, #4373 ) ) ;
#1541 =( NAMED_UNIT ( * ) SI_UNIT ( $, .STERADIAN. ) SOLID_ANGLE_UNIT ( ) );
#1542 = PRESENTATION_LAYER_ASSIGNMENT (  '', '', ( #722 ) ) ;
#1543 = ORIENTED_EDGE ( 'NONE', *, *, #3196, .T. ) ;
#1544 = PRESENTATION_STYLE_ASSIGNMENT (( #104 ) ) ;
#1545 = FACE_OUTER_BOUND ( 'NONE', #826, .T. ) ;
#1546 = LINE ( 'NONE', #463, #1634 ) ;
#1547 = PRESENTATION_STYLE_ASSIGNMENT (( #1175 ) ) ;
#1548 = FILL_AREA_STYLE_COLOUR ( '', #577 ) ;
#1549 = ADVANCED_FACE ( 'NONE', ( #1932 ), #153, .F. ) ;
#1550 = VERTEX_POINT ( 'NONE', #4075 ) ;
#1551 = CARTESIAN_POINT ( 'NONE',  ( 1.800000000000000044, 0.2000000000000000944, 0.000000000000000000 ) ) ;
#1552 = VECTOR ( 'NONE', #3427, 1000.000000000000000 ) ;
#1553 = LINE ( 'NONE', #2990, #2250 ) ;
#1554 = DIRECTION ( 'NONE',  ( 0.000000000000000000, 0.000000000000000000, 1.000000000000000000 ) ) ;
#1555 = DIRECTION ( 'NONE',  ( 0.000000000000000000, 0.000000000000000000, -1.000000000000000000 ) ) ;
#1556 = VECTOR ( 'NONE', #1531, 1000.000000000000000 ) ;
#1557 = PRESENTATION_LAYER_ASSIGNMENT (  '', '', ( #4081 ) ) ;
#1558 = MECHANICAL_DESIGN_GEOMETRIC_PRESENTATION_REPRESENTATION (  '', ( #4445 ), #3574 ) ;
#1559 = CIRCLE ( 'NONE', #1705, 0.04999999999999991257 ) ;
#1560 = DIRECTION ( 'NONE',  ( -0.000000000000000000, 0.000000000000000000, -1.000000000000000000 ) ) ;
#1561 = VECTOR ( 'NONE', #3214, 1000.000000000000000 ) ;
#1562 = EDGE_CURVE ( 'NONE', #898, #1721, #530, .T. ) ;
#1563 = ORIENTED_EDGE ( 'NONE', *, *, #4110, .T. ) ;
#1564 = ORIENTED_EDGE ( 'NONE', *, *, #1184, .T. ) ;
#1565 = DIRECTION ( 'NONE',  ( 1.000000000000000000, 0.000000000000000000, 0.000000000000000000 ) ) ;
#1566 = LINE ( 'NONE', #3004, #4451 ) ;
#1567 = AXIS2_PLACEMENT_3D ( 'NONE', #894, #2330, #4501 ) ;
#1568 = PRESENTATION_STYLE_ASSIGNMENT (( #3672 ) ) ;
#1569 = ORIENTED_EDGE ( 'NONE', *, *, #3196, .F. ) ;
#1570 = LINE ( 'NONE', #831, #149 ) ;
#1571 = FACE_OUTER_BOUND ( 'NONE', #43, .T. ) ;
#1572 = DIRECTION ( 'NONE',  ( -0.000000000000000000, 0.000000000000000000, 1.000000000000000000 ) ) ;
#1573 = STYLED_ITEM ( 'NONE', ( #3515 ), #2987 ) ;
#1574 = FACE_OUTER_BOUND ( 'NONE', #53, .T. ) ;
#1575 = LINE ( 'NONE', #4415, #2683 ) ;
#1576 = EDGE_CURVE ( 'NONE', #3353, #2497, #2233, .T. ) ;
#1577 = ORIENTED_EDGE ( 'NONE', *, *, #598, .T. ) ;
#1578 = EDGE_CURVE ( 'NONE', #553, #2884, #2733, .T. ) ;
#1579 = LINE ( 'NONE', #181, #3715 ) ;
#1580 = VECTOR ( 'NONE', #982, 1000.000000000000000 ) ;
#1581 = SURFACE_STYLE_FILL_AREA ( #2948 ) ;
#1582 = VERTEX_POINT ( 'NONE', #1995 ) ;
#1583 = STYLED_ITEM ( 'NONE', ( #703 ), #3804 ) ;
#1584 = CARTESIAN_POINT ( 'NONE',  ( -2.499999999999999556, -2.500000000000000000, 1.300000000000000266 ) ) ;
#1585 = ORIENTED_EDGE ( 'NONE', *, *, #1269, .T. ) ;
#1586 = ADVANCED_FACE ( 'NONE', ( #552 ), #3830, .F. ) ;
#1587 = VECTOR ( 'NONE', #4463, 1000.000000000000000 ) ;
#1588 = DIRECTION ( 'NONE',  ( 0.000000000000000000, -1.000000000000000000, -0.000000000000000000 ) ) ;
#1589 = FACE_BOUND ( 'NONE', #834, .T. ) ;
#1590 = VECTOR ( 'NONE', #1153, 1000.000000000000000 ) ;
#1591 = CARTESIAN_POINT ( 'NONE',  ( 2.399999999999999911, 1.199999999999999956, 0.1000000000000000056 ) ) ;
#1592 = DIRECTION ( 'NONE',  ( -0.000000000000000000, 0.000000000000000000, 1.000000000000000000 ) ) ;
#1593 = PLANE ( 'NONE',  #437 ) ;
#1594 = CARTESIAN_POINT ( 'NONE',  ( 2.399999999999999911, -0.7999999999999994893, 0.1000000000000000056 ) ) ;
#1595 = FILL_AREA_STYLE ('',( #1548 ) ) ;
#1596 = DIRECTION ( 'NONE',  ( 1.000000000000000000, 0.000000000000000000, 0.000000000000000000 ) ) ;
#1597 = ORIENTED_EDGE ( 'NONE', *, *, #1168, .T. ) ;
#1598 = EDGE_CURVE ( 'NONE', #625, #1871, #3807, .T. ) ;
#1599 = CARTESIAN_POINT ( 'NONE',  ( 1.800000000000000044, -1.799999999999999600, 0.1000000000000000056 ) ) ;
#1600 = CARTESIAN_POINT ( 'NONE',  ( -1.949999999999999956, 2.199999999999999734, 0.000000000000000000 ) ) ;
#1601 = ADVANCED_FACE ( 'NONE', ( #640 ), #3415, .T. ) ;
#1602 = FACE_OUTER_BOUND ( 'NONE', #1831, .T. ) ;
#1603 = CARTESIAN_POINT ( 'NONE',  ( 2.399999999999999911, -0.2000000000000000944, 0.1000000000000000056 ) ) ;
#1604 = EDGE_CURVE ( 'NONE', #1115, #1550, #2619, .T. ) ;
#1605 = ADVANCED_FACE ( 'NONE', ( #4147 ), #2163, .T. ) ;
#1606 = AXIS2_PLACEMENT_3D ( 'NONE', #1156, #2154, #1824 ) ;
#1607 = DIRECTION ( 'NONE',  ( 1.000000000000000000, 0.000000000000000000, 0.000000000000000000 ) ) ;
#1608 = CARTESIAN_POINT ( 'NONE',  ( 1.800000000000000044, 0.2000000000000000944, 0.1000000000000000056 ) ) ;
#1609 = DIRECTION ( 'NONE',  ( -0.000000000000000000, -0.000000000000000000, -1.000000000000000000 ) ) ;
#1610 = EDGE_LOOP ( 'NONE', ( #3952, #2946, #4112, #1885 ) ) ;
#1611 = CARTESIAN_POINT ( 'NONE',  ( -2.399999999999999911, -1.199999999999999734, 0.1000000000000000056 ) ) ;
#1612 = DIRECTION ( 'NONE',  ( -1.000000000000000000, -0.000000000000000000, -0.000000000000000000 ) ) ;
#1613 =( NAMED_UNIT ( * ) PLANE_ANGLE_UNIT ( ) SI_UNIT ( $, .RADIAN. ) );
#1614 =( LENGTH_UNIT ( ) NAMED_UNIT ( * ) SI_UNIT ( .MILLI., .METRE. ) );
#1615 = FILL_AREA_STYLE ('',( #3397 ) ) ;
#1616 = LINE ( 'NONE', #2334, #2678 ) ;
#1617 = CARTESIAN_POINT ( 'NONE',  ( -2.399999999999999911, -2.199999999999999734, 0.1000000000000000056 ) ) ;
#1618 = CARTESIAN_POINT ( 'NONE',  ( -1.949999999999999956, 2.199999999999999734, 0.000000000000000000 ) ) ;
#1619 = ADVANCED_FACE ( 'NONE', ( #376 ), #719, .F. ) ;
#1620 = MECHANICAL_DESIGN_GEOMETRIC_PRESENTATION_REPRESENTATION (  '', ( #3988 ), #3193 ) ;
#1621 = CARTESIAN_POINT ( 'NONE',  ( -2.449999999999999734, 2.500000000000000000, 0.000000000000000000 ) ) ;
#1622 = FILL_AREA_STYLE ('',( #185 ) ) ;
#1623 = ORIENTED_EDGE ( 'NONE', *, *, #2212, .F. ) ;
#1624 = COLOUR_RGB ( '',0.7921568627450980005, 0.8196078431372548767, 0.9333333333333333481 ) ;
#1625 = EDGE_CURVE ( 'NONE', #343, #2666, #2268, .T. ) ;
#1626 = AXIS2_PLACEMENT_3D ( 'NONE', #3869, #14, #2519 ) ;
#1627 = COLOUR_RGB ( '',0.8431372549019607865, 0.8431372549019607865, 0.8431372549019607865 ) ;
#1628 = LINE ( 'NONE', #217, #1201 ) ;
#1629 = EDGE_CURVE ( 'NONE', #2618, #2392, #99, .T. ) ;
#1630 = AXIS2_PLACEMENT_3D ( 'NONE', #4417, #2966, #474 ) ;
#1631 = CARTESIAN_POINT ( 'NONE',  ( 0.000000000000000000, 0.000000000000000000, 0.1000000000000000056 ) ) ;
#1632 = VERTEX_POINT ( 'NONE', #140 ) ;
#1633 =( GEOMETRIC_REPRESENTATION_CONTEXT ( 3 ) GLOBAL_UNCERTAINTY_ASSIGNED_CONTEXT ( ( #429 ) ) GLOBAL_UNIT_ASSIGNED_CONTEXT ( ( #484, #1522, #4054 ) ) REPRESENTATION_CONTEXT ( 'NONE', 'WORKASPACE' ) );
#1634 = VECTOR ( 'NONE', #108, 1000.000000000000000 ) ;
#1635 =( NAMED_UNIT ( * ) SI_UNIT ( $, .STERADIAN. ) SOLID_ANGLE_UNIT ( ) );
#1636 = VECTOR ( 'NONE', #3521, 1000.000000000000000 ) ;
#1637 = EDGE_LOOP ( 'NONE', ( #944, #2735, #3905, #1563 ) ) ;
#1638 = CARTESIAN_POINT ( 'NONE',  ( 2.399999999999999911, 0.2000000000000000944, 0.1000000000000000056 ) ) ;
#1639 = STYLED_ITEM ( 'NONE', ( #2731 ), #2852 ) ;
#1640 = VECTOR ( 'NONE', #4569, 1000.000000000000000 ) ;
#1641 =( LENGTH_UNIT ( ) NAMED_UNIT ( * ) SI_UNIT ( .MILLI., .METRE. ) );
#1642 = DIRECTION ( 'NONE',  ( -0.000000000000000000, 0.000000000000000000, -1.000000000000000000 ) ) ;
#1643 = ORIENTED_EDGE ( 'NONE', *, *, #1859, .F. ) ;
#1644 = AXIS2_PLACEMENT_3D ( 'NONE', #1978, #3074, #2032 ) ;
#1645 = EDGE_CURVE ( 'NONE', #2373, #1379, #1960, .T. ) ;
#1646 = FACE_OUTER_BOUND ( 'NONE', #473, .T. ) ;
#1647 = FILL_AREA_STYLE ('',( #4436 ) ) ;
#1648 = EDGE_CURVE ( 'NONE', #3353, #501, #3399, .T. ) ;
#1649 = EDGE_LOOP ( 'NONE', ( #3487, #1250, #125, #2279 ) ) ;
#1650 = MECHANICAL_DESIGN_GEOMETRIC_PRESENTATION_REPRESENTATION (  '', ( #3878 ), #3801 ) ;
#1651 = STYLED_ITEM ( 'NONE', ( #2127 ), #4437 ) ;
#1652 = LINE ( 'NONE', #1345, #943 ) ;
#1653 = ADVANCED_FACE ( 'NONE', ( #4396 ), #2634, .T. ) ;
#1654 =( NAMED_UNIT ( * ) SI_UNIT ( $, .STERADIAN. ) SOLID_ANGLE_UNIT ( ) );
#1655 = ORIENTED_EDGE ( 'NONE', *, *, #1807, .F. ) ;
#1656 = EDGE_CURVE ( 'NONE', #371, #2131, #1450, .T. ) ;
#1657 = DIRECTION ( 'NONE',  ( -1.000000000000000000, 0.000000000000000000, 0.000000000000000000 ) ) ;
#1658 = ORIENTED_EDGE ( 'NONE', *, *, #4000, .T. ) ;
#1659 = ORIENTED_EDGE ( 'NONE', *, *, #4534, .F. ) ;
#1660 = FACE_OUTER_BOUND ( 'NONE', #1799, .T. ) ;
#1661 = ORIENTED_EDGE ( 'NONE', *, *, #1123, .T. ) ;
#1662 = ORIENTED_EDGE ( 'NONE', *, *, #2016, .F. ) ;
#1663 = VERTEX_POINT ( 'NONE', #2888 ) ;
#1664 = ORIENTED_EDGE ( 'NONE', *, *, #3155, .F. ) ;
#1665 = ORIENTED_EDGE ( 'NONE', *, *, #2283, .F. ) ;
#1666 = EDGE_CURVE ( 'NONE', #1819, #1458, #1825, .T. ) ;
#1667 = FILL_AREA_STYLE ('',( #243 ) ) ;
#1668 = PLANE ( 'NONE',  #1567 ) ;
#1669 = ORIENTED_EDGE ( 'NONE', *, *, #1882, .F. ) ;
#1670 = EDGE_CURVE ( 'NONE', #1222, #2353, #4328, .T. ) ;
#1671 = ORIENTED_EDGE ( 'NONE', *, *, #2485, .T. ) ;
#1672 = PLANE ( 'NONE',  #458 ) ;
#1673 = CARTESIAN_POINT ( 'NONE',  ( 2.399999999999999911, -1.199999999999999734, 0.000000000000000000 ) ) ;
#1674 = ORIENTED_EDGE ( 'NONE', *, *, #4001, .F. ) ;
#1675 = DIRECTION ( 'NONE',  ( -0.000000000000000000, 1.000000000000000000, -0.000000000000000000 ) ) ;
#1676 = DIRECTION ( 'NONE',  ( -0.000000000000000000, 0.000000000000000000, -1.000000000000000000 ) ) ;
#1677 = ADVANCED_FACE ( 'NONE', ( #1398 ), #784, .T. ) ;
#1678 = CARTESIAN_POINT ( 'NONE',  ( 2.399999999999999911, -1.199999999999999734, 0.1000000000000000056 ) ) ;
#1679 =( LENGTH_UNIT ( ) NAMED_UNIT ( * ) SI_UNIT ( .MILLI., .METRE. ) );
#1680 = DIRECTION ( 'NONE',  ( 0.000000000000000000, 1.000000000000000000, 0.000000000000000000 ) ) ;
#1681 =( NAMED_UNIT ( * ) PLANE_ANGLE_UNIT ( ) SI_UNIT ( $, .RADIAN. ) );
#1682 = FILL_AREA_STYLE ('',( #4276 ) ) ;
#1683 = VERTEX_POINT ( 'NONE', #2692 ) ;
#1684 = EDGE_CURVE ( 'NONE', #2277, #2215, #4293, .T. ) ;
#1685 = LINE ( 'NONE', #1617, #3566 ) ;
#1686 = EDGE_CURVE ( 'NONE', #2203, #969, #3205, .T. ) ;
#1687 = FACE_OUTER_BOUND ( 'NONE', #2104, .T. ) ;
#1688 = ORIENTED_EDGE ( 'NONE', *, *, #404, .T. ) ;
#1689 = VERTEX_POINT ( 'NONE', #1747 ) ;
#1690 = PLANE ( 'NONE',  #1057 ) ;
#1691 = CARTESIAN_POINT ( 'NONE',  ( 2.399999999999999911, -0.7999999999999994893, 0.1000000000000000056 ) ) ;
#1692 = EDGE_LOOP ( 'NONE', ( #2473, #4155, #2080, #1463, #3520 ) ) ;
#1693 = ORIENTED_EDGE ( 'NONE', *, *, #892, .T. ) ;
#1694 = EDGE_CURVE ( 'NONE', #1550, #1707, #1420, .T. ) ;
#1695 = VECTOR ( 'NONE', #4059, 1000.000000000000000 ) ;
#1696 = UNCERTAINTY_MEASURE_WITH_UNIT (LENGTH_MEASURE( 1.000000000000000082E-05 ), #2591, 'distance_accuracy_value', 'NONE');
#1697 = AXIS2_PLACEMENT_3D ( 'NONE', #2156, #1805, #3243 ) ;
#1698 = DIRECTION ( 'NONE',  ( 1.000000000000000000, 0.000000000000000000, 0.000000000000000000 ) ) ;
#1699 = CARTESIAN_POINT ( 'NONE',  ( 0.000000000000000000, 0.000000000000000000, 0.1000000000000000056 ) ) ;
#1700 = STYLED_ITEM ( 'NONE', ( #972 ), #2014 ) ;
#1701 = EDGE_CURVE ( 'NONE', #3996, #2914, #730, .T. ) ;
#1702 =( LENGTH_UNIT ( ) NAMED_UNIT ( * ) SI_UNIT ( .MILLI., .METRE. ) );
#1703 = VERTEX_POINT ( 'NONE', #1725 ) ;
#1704 = VECTOR ( 'NONE', #621, 1000.000000000000000 ) ;
#1705 = AXIS2_PLACEMENT_3D ( 'NONE', #3223, #1733, #2518 ) ;
#1706 = FACE_OUTER_BOUND ( 'NONE', #593, .T. ) ;
#1707 = VERTEX_POINT ( 'NONE', #3966 ) ;
#1708 = COLOUR_RGB ( '',0.8431372549019607865, 0.8431372549019607865, 0.8431372549019607865 ) ;
#1709 = CARTESIAN_POINT ( 'NONE',  ( -2.399999999999999911, 1.799999999999999600, 0.1000000000000000056 ) ) ;
#1710 = VECTOR ( 'NONE', #8, 1000.000000000000000 ) ;
#1711 = ORIENTED_EDGE ( 'NONE', *, *, #4244, .F. ) ;
#1712 = DIRECTION ( 'NONE',  ( -1.000000000000000000, 0.000000000000000000, 0.000000000000000000 ) ) ;
#1713 = DIRECTION ( 'NONE',  ( -0.000000000000000000, 1.000000000000000000, 0.000000000000000000 ) ) ;
#1714 = DIRECTION ( 'NONE',  ( -0.000000000000000000, 0.000000000000000000, -1.000000000000000000 ) ) ;
#1715 = SURFACE_STYLE_USAGE ( .BOTH. , #3822 ) ;
#1716 = VECTOR ( 'NONE', #1137, 1000.000000000000000 ) ;
#1717 = LINE ( 'NONE', #3469, #3280 ) ;
#1718 = FILL_AREA_STYLE ('',( #3531 ) ) ;
#1719 = EDGE_CURVE ( 'NONE', #4297, #3598, #2896, .T. ) ;
#1720 = DIRECTION ( 'NONE',  ( 0.000000000000000000, 1.000000000000000000, 0.000000000000000000 ) ) ;
#1721 = VERTEX_POINT ( 'NONE', #693 ) ;
#1722 = ORIENTED_EDGE ( 'NONE', *, *, #194, .F. ) ;
#1723 = COLOUR_RGB ( '',0.8431372549019607865, 0.8431372549019607865, 0.8431372549019607865 ) ;
#1724 =( NAMED_UNIT ( * ) SI_UNIT ( $, .STERADIAN. ) SOLID_ANGLE_UNIT ( ) );
#1725 = CARTESIAN_POINT ( 'NONE',  ( -2.399999999999999911, 1.799999999999999600, 0.000000000000000000 ) ) ;
#1726 = EDGE_CURVE ( 'NONE', #1683, #338, #2499, .T. ) ;
#1727 = AXIS2_PLACEMENT_3D ( 'NONE', #2165, #3592, #379 ) ;
#1728 = SURFACE_STYLE_FILL_AREA ( #3766 ) ;
#1729 = CARTESIAN_POINT ( 'NONE',  ( -2.399999999999999911, -1.199999999999999734, 0.000000000000000000 ) ) ;
#1730 = VECTOR ( 'NONE', #1947, 1000.000000000000000 ) ;
#1731 = CARTESIAN_POINT ( 'NONE',  ( 2.399999999999999911, 0.7999999999999997113, 0.1000000000000000056 ) ) ;
#1732 = ORIENTED_EDGE ( 'NONE', *, *, #1625, .T. ) ;
#1733 = DIRECTION ( 'NONE',  ( 1.000000000000000000, 0.000000000000000000, -0.000000000000000000 ) ) ;
#1734 = ORIENTED_EDGE ( 'NONE', *, *, #4555, .T. ) ;
#1735 = AXIS2_PLACEMENT_3D ( 'NONE', #1737, #4522, #1359 ) ;
#1736 =( LENGTH_UNIT ( ) NAMED_UNIT ( * ) SI_UNIT ( .MILLI., .METRE. ) );
#1737 = CARTESIAN_POINT ( 'NONE',  ( 0.000000000000000000, 0.000000000000000000, 0.000000000000000000 ) ) ;
#1738 = FACE_OUTER_BOUND ( 'NONE', #3229, .T. ) ;
#1739 = ORIENTED_EDGE ( 'NONE', *, *, #480, .T. ) ;
#1740 =( NAMED_UNIT ( * ) SI_UNIT ( $, .STERADIAN. ) SOLID_ANGLE_UNIT ( ) );
#1741 = CARTESIAN_POINT ( 'NONE',  ( 0.000000000000000000, 0.000000000000000000, 0.000000000000000000 ) ) ;
#1742 = UNCERTAINTY_MEASURE_WITH_UNIT (LENGTH_MEASURE( 1.000000000000000082E-05 ), #3637, 'distance_accuracy_value', 'NONE');
#1743 = EDGE_CURVE ( 'NONE', #569, #505, #1384, .T. ) ;
#1744 = FILL_AREA_STYLE ('',( #4290 ) ) ;
#1745 = PRESENTATION_STYLE_ASSIGNMENT (( #4579 ) ) ;
#1746 = CLOSED_SHELL ( 'NONE', ( #1881, #2876, #2486, #566, #3477, #1397 ) ) ;
#1747 = CARTESIAN_POINT ( 'NONE',  ( -2.399999999999999911, -2.199999999999999734, 0.000000000000000000 ) ) ;
#1748 = ORIENTED_EDGE ( 'NONE', *, *, #702, .F. ) ;
#1749 = DIRECTION ( 'NONE',  ( 0.000000000000000000, 0.000000000000000000, -1.000000000000000000 ) ) ;
#1750 = ORIENTED_EDGE ( 'NONE', *, *, #2259, .F. ) ;
#1751 = CARTESIAN_POINT ( 'NONE',  ( -1.800000000000000044, 2.049999999999999822, 0.1000000000000000056 ) ) ;
#1752 = LINE ( 'NONE', #2482, #596 ) ;
#1753 = LINE ( 'NONE', #758, #1118 ) ;
#1754 = ORIENTED_EDGE ( 'NONE', *, *, #3976, .F. ) ;
#1755 = DIRECTION ( 'NONE',  ( 0.000000000000000000, -1.000000000000000000, 0.000000000000000000 ) ) ;
#1756 = AXIS2_PLACEMENT_3D ( 'NONE', #3941, #2186, #3614 ) ;
#1757 = FILL_AREA_STYLE_COLOUR ( '', #1627 ) ;
#1758 = LINE ( 'NONE', #1033, #1193 ) ;
#1759 =( NAMED_UNIT ( * ) SI_UNIT ( $, .STERADIAN. ) SOLID_ANGLE_UNIT ( ) );
#1760 = CARTESIAN_POINT ( 'NONE',  ( -2.399999999999999911, 1.199999999999999956, 0.1000000000000000056 ) ) ;
#1761 = PLANE ( 'NONE',  #4600 ) ;
#1762 = ORIENTED_EDGE ( 'NONE', *, *, #1576, .T. ) ;
#1763 = ORIENTED_EDGE ( 'NONE', *, *, #4263, .F. ) ;
#1764 = DIRECTION ( 'NONE',  ( 0.000000000000000000, -1.000000000000000000, 0.000000000000000000 ) ) ;
#1765 = ORIENTED_EDGE ( 'NONE', *, *, #3166, .T. ) ;
#1766 = VECTOR ( 'NONE', #1164, 1000.000000000000000 ) ;
#1767 = CARTESIAN_POINT ( 'NONE',  ( 0.000000000000000000, 0.000000000000000000, 0.1000000000000000056 ) ) ;
#1768 = PLANE ( 'NONE',  #2547 ) ;
#1769 = EDGE_CURVE ( 'NONE', #1011, #3726, #840, .T. ) ;
#1770 = EDGE_CURVE ( 'NONE', #660, #2145, #2256, .T. ) ;
#1771 = ORIENTED_EDGE ( 'NONE', *, *, #1151, .T. ) ;
#1772 =( GEOMETRIC_REPRESENTATION_CONTEXT ( 3 ) GLOBAL_UNCERTAINTY_ASSIGNED_CONTEXT ( ( #385 ) ) GLOBAL_UNIT_ASSIGNED_CONTEXT ( ( #1806, #1453, #1528 ) ) REPRESENTATION_CONTEXT ( 'NONE', 'WORKASPACE' ) );
#1773 = ORIENTED_EDGE ( 'NONE', *, *, #2587, .T. ) ;
#1774 = PLANE ( 'NONE',  #372 ) ;
#1775 = SURFACE_SIDE_STYLE ('',( #3930 ) ) ;
#1776 = MECHANICAL_DESIGN_GEOMETRIC_PRESENTATION_REPRESENTATION (  '', ( #1393 ), #3500 ) ;
#1777 = ORIENTED_EDGE ( 'NONE', *, *, #1132, .T. ) ;
#1778 = MECHANICAL_DESIGN_GEOMETRIC_PRESENTATION_REPRESENTATION (  '', ( #3493 ), #1483 ) ;
#1779 = CARTESIAN_POINT ( 'NONE',  ( 1.800000000000000044, 2.199999999999999734, 0.1000000000000000056 ) ) ;
#1780 = ORIENTED_EDGE ( 'NONE', *, *, #933, .F. ) ;
#1781 = ORIENTED_EDGE ( 'NONE', *, *, #2411, .F. ) ;
#1782 = LINE ( 'NONE', #3546, #2306 ) ;
#1783 = MECHANICAL_DESIGN_GEOMETRIC_PRESENTATION_REPRESENTATION (  '', ( #3776 ), #3565 ) ;
#1784 = SURFACE_STYLE_FILL_AREA ( #1106 ) ;
#1785 = COLOUR_RGB ( '',0.8431372549019607865, 0.8431372549019607865, 0.8431372549019607865 ) ;
#1786 = ORIENTED_EDGE ( 'NONE', *, *, #4171, .F. ) ;
#1787 = LINE ( 'NONE', #58, #3358 ) ;
#1788 = SURFACE_STYLE_USAGE ( .BOTH. , #346 ) ;
#1789 = CARTESIAN_POINT ( 'NONE',  ( -2.044529805392914401, 1.804902175136026132, 1.350000000000000089 ) ) ;
#1790 = VECTOR ( 'NONE', #4486, 1000.000000000000000 ) ;
#1791 = PRESENTATION_STYLE_ASSIGNMENT (( #3194 ) ) ;
#1792 = SURFACE_STYLE_FILL_AREA ( #1538 ) ;
#1793 = AXIS2_PLACEMENT_3D ( 'NONE', #3299, #3678, #4036 ) ;
#1794 = UNCERTAINTY_MEASURE_WITH_UNIT (LENGTH_MEASURE( 1.000000000000000082E-05 ), #3464, 'distance_accuracy_value', 'NONE');
#1795 = LINE ( 'NONE', #3234, #3012 ) ;
#1796 = MECHANICAL_DESIGN_GEOMETRIC_PRESENTATION_REPRESENTATION (  '', ( #3072 ), #2625 ) ;
#1797 = DIRECTION ( 'NONE',  ( 0.000000000000000000, -1.000000000000000000, 0.000000000000000000 ) ) ;
#1798 = STYLED_ITEM ( 'NONE', ( #3178 ), #3568 ) ;
#1799 = EDGE_LOOP ( 'NONE', ( #1310, #1830, #2054, #240 ) ) ;
#1800 = VECTOR ( 'NONE', #3046, 1000.000000000000000 ) ;
#1801 = DIRECTION ( 'NONE',  ( -0.000000000000000000, -0.000000000000000000, -1.000000000000000000 ) ) ;
#1802 = DIRECTION ( 'NONE',  ( 0.000000000000000000, -0.000000000000000000, -1.000000000000000000 ) ) ;
#1803 = CARTESIAN_POINT ( 'NONE',  ( 0.000000000000000000, 0.000000000000000000, 1.350000000000000089 ) ) ;
#1804 = VECTOR ( 'NONE', #1847, 1000.000000000000000 ) ;
#1805 = DIRECTION ( 'NONE',  ( 1.000000000000000000, 0.000000000000000000, 0.000000000000000000 ) ) ;
#1806 =( LENGTH_UNIT ( ) NAMED_UNIT ( * ) SI_UNIT ( .MILLI., .METRE. ) );
#1807 = EDGE_CURVE ( 'NONE', #4476, #1850, #2274, .T. ) ;
#1808 = LINE ( 'NONE', #1435, #1099 ) ;
#1809 = SURFACE_STYLE_USAGE ( .BOTH. , #741 ) ;
#1810 = FACE_OUTER_BOUND ( 'NONE', #554, .T. ) ;
#1811 = SURFACE_STYLE_FILL_AREA ( #804 ) ;
#1812 = VERTEX_POINT ( 'NONE', #3369 ) ;
#1813 = ORIENTED_EDGE ( 'NONE', *, *, #2485, .F. ) ;
#1814 = CARTESIAN_POINT ( 'NONE',  ( -1.800000000000000044, -1.799999999999999600, 0.1000000000000000056 ) ) ;
#1815 = CARTESIAN_POINT ( 'NONE',  ( -2.399999999999999911, 0.7999999999999997113, 0.1000000000000000056 ) ) ;
#1816 = DIRECTION ( 'NONE',  ( 0.000000000000000000, 0.000000000000000000, 1.000000000000000000 ) ) ;
#1817 = EDGE_CURVE ( 'NONE', #2217, #3117, #166, .T. ) ;
#1818 = DIRECTION ( 'NONE',  ( 0.000000000000000000, 0.000000000000000000, -1.000000000000000000 ) ) ;
#1819 = VERTEX_POINT ( 'NONE', #210 ) ;
#1820 = ORIENTED_EDGE ( 'NONE', *, *, #702, .T. ) ;
#1821 = CARTESIAN_POINT ( 'NONE',  ( 2.399999999999999911, -0.2000000000000000944, 0.1000000000000000056 ) ) ;
#1822 = FACE_OUTER_BOUND ( 'NONE', #759, .T. ) ;
#1823 = DIRECTION ( 'NONE',  ( 0.000000000000000000, -0.000000000000000000, -1.000000000000000000 ) ) ;
#1824 = DIRECTION ( 'NONE',  ( 0.000000000000000000, 0.000000000000000000, -1.000000000000000000 ) ) ;
#1825 = LINE ( 'NONE', #3261, #2292 ) ;
#1826 = VECTOR ( 'NONE', #2400, 1000.000000000000000 ) ;
#1827 =( NAMED_UNIT ( * ) SI_UNIT ( $, .STERADIAN. ) SOLID_ANGLE_UNIT ( ) );
#1828 = VERTEX_POINT ( 'NONE', #4477 ) ;
#1829 = SURFACE_STYLE_USAGE ( .BOTH. , #2546 ) ;
#1830 = ORIENTED_EDGE ( 'NONE', *, *, #3438, .F. ) ;
#1831 = EDGE_LOOP ( 'NONE', ( #1813, #2523, #80, #4230 ) ) ;
#1832 = EDGE_CURVE ( 'NONE', #3733, #1071, #4189, .T. ) ;
#1833 = EDGE_CURVE ( 'NONE', #2688, #2373, #2011, .T. ) ;
#1834 = PLANE ( 'NONE',  #148 ) ;
#1835 = LINE ( 'NONE', #3275, #3734 ) ;
#1836 = UNCERTAINTY_MEASURE_WITH_UNIT (LENGTH_MEASURE( 1.000000000000000082E-05 ), #635, 'distance_accuracy_value', 'NONE');
#1837 = CARTESIAN_POINT ( 'NONE',  ( 2.449999999999999734, 0.000000000000000000, 1.300000000000000266 ) ) ;
#1838 = EDGE_LOOP ( 'NONE', ( #601, #1288, #4221, #2397 ) ) ;
#1839 = LINE ( 'NONE', #1779, #4030 ) ;
#1840 = VECTOR ( 'NONE', #9, 1000.000000000000000 ) ;
#1841 = FACE_OUTER_BOUND ( 'NONE', #1110, .T. ) ;
#1842 = LINE ( 'NONE', #467, #1109 ) ;
#1843 = DIRECTION ( 'NONE',  ( 0.000000000000000000, -0.000000000000000000, 1.000000000000000000 ) ) ;
#1844 = VECTOR ( 'NONE', #2102, 1000.000000000000000 ) ;
#1845 = VECTOR ( 'NONE', #1596, 1000.000000000000000 ) ;
#1846 = ORIENTED_EDGE ( 'NONE', *, *, #3390, .F. ) ;
#1847 = DIRECTION ( 'NONE',  ( 0.000000000000000000, -1.000000000000000000, 0.000000000000000000 ) ) ;
#1848 = DIRECTION ( 'NONE',  ( 0.000000000000000000, 0.000000000000000000, -1.000000000000000000 ) ) ;
#1849 = COLOUR_RGB ( '',0.7921568627450980005, 0.8196078431372548767, 0.9333333333333333481 ) ;
#1850 = VERTEX_POINT ( 'NONE', #2389 ) ;
#1851 = VECTOR ( 'NONE', #2043, 1000.000000000000000 ) ;
#1852 = DIRECTION ( 'NONE',  ( -1.000000000000000000, -0.000000000000000000, -0.000000000000000000 ) ) ;
#1853 = VECTOR ( 'NONE', #162, 1000.000000000000000 ) ;
#1854 = VECTOR ( 'NONE', #4503, 1000.000000000000000 ) ;
#1855 = SURFACE_SIDE_STYLE ('',( #428 ) ) ;
#1856 = VECTOR ( 'NONE', #483, 1000.000000000000000 ) ;
#1857 = VECTOR ( 'NONE', #2171, 1000.000000000000000 ) ;
#1858 = LINE ( 'NONE', #1194, #1347 ) ;
#1859 = EDGE_CURVE ( 'NONE', #1222, #4525, #1717, .T. ) ;
#1860 = DIRECTION ( 'NONE',  ( 0.000000000000000000, -0.000000000000000000, 1.000000000000000000 ) ) ;
#1861 = VECTOR ( 'NONE', #4402, 1000.000000000000000 ) ;
#1862 = VERTEX_POINT ( 'NONE', #3126 ) ;
#1863 = EDGE_LOOP ( 'NONE', ( #4420, #2477, #4480, #2006 ) ) ;
#1864 = FACE_OUTER_BOUND ( 'NONE', #1325, .T. ) ;
#1865 = DIRECTION ( 'NONE',  ( 1.000000000000000000, 0.000000000000000000, 0.000000000000000000 ) ) ;
#1866 = MECHANICAL_DESIGN_GEOMETRIC_PRESENTATION_REPRESENTATION (  '', ( #2857 ), #3943 ) ;
#1867 = FILL_AREA_STYLE ('',( #415 ) ) ;
#1868 = ADVANCED_FACE ( 'NONE', ( #632 ), #2465, .F. ) ;
#1869 = DIRECTION ( 'NONE',  ( 0.000000000000000000, 0.000000000000000000, -1.000000000000000000 ) ) ;
#1870 =( GEOMETRIC_REPRESENTATION_CONTEXT ( 3 ) GLOBAL_UNCERTAINTY_ASSIGNED_CONTEXT ( ( #3033 ) ) GLOBAL_UNIT_ASSIGNED_CONTEXT ( ( #677, #2836, #1149 ) ) REPRESENTATION_CONTEXT ( 'NONE', 'WORKASPACE' ) );
#1871 = VERTEX_POINT ( 'NONE', #490 ) ;
#1872 =( LENGTH_UNIT ( ) NAMED_UNIT ( * ) SI_UNIT ( .MILLI., .METRE. ) );
#1873 = PRESENTATION_LAYER_ASSIGNMENT (  '', '', ( #3878 ) ) ;
#1874 = EDGE_LOOP ( 'NONE', ( #2407, #3095, #2771, #2596 ) ) ;
#1875 = EDGE_LOOP ( 'NONE', ( #3915, #647, #1276, #1332, #4143 ) ) ;
#1876 = EDGE_CURVE ( 'NONE', #3781, #872, #3647, .T. ) ;
#1877 = SURFACE_SIDE_STYLE ('',( #1581 ) ) ;
#1878 = VECTOR ( 'NONE', #2423, 1000.000000000000000 ) ;
#1879 =( GEOMETRIC_REPRESENTATION_CONTEXT ( 3 ) GLOBAL_UNCERTAINTY_ASSIGNED_CONTEXT ( ( #1376 ) ) GLOBAL_UNIT_ASSIGNED_CONTEXT ( ( #4260, #282, #3847 ) ) REPRESENTATION_CONTEXT ( 'NONE', 'WORKASPACE' ) );
#1880 = FILL_AREA_STYLE ('',( #2999 ) ) ;
#1881 = ADVANCED_FACE ( 'NONE', ( #1574 ), #3383, .T. ) ;
#1882 = EDGE_CURVE ( 'NONE', #3876, #743, #2351, .T. ) ;
#1883 = EDGE_CURVE ( 'NONE', #2328, #1550, #2828, .T. ) ;
#1884 = ORIENTED_EDGE ( 'NONE', *, *, #2664, .T. ) ;
#1885 = ORIENTED_EDGE ( 'NONE', *, *, #1941, .F. ) ;
#1886 = SURFACE_STYLE_FILL_AREA ( #466 ) ;
#1887 = CARTESIAN_POINT ( 'NONE',  ( 2.399999999999999911, 1.199999999999999956, 0.000000000000000000 ) ) ;
#1888 = UNCERTAINTY_MEASURE_WITH_UNIT (LENGTH_MEASURE( 1.000000000000000082E-05 ), #1679, 'distance_accuracy_value', 'NONE');
#1889 = CARTESIAN_POINT ( 'NONE',  ( 0.000000000000000000, 0.000000000000000000, 0.1000000000000000056 ) ) ;
#1890 = ORIENTED_EDGE ( 'NONE', *, *, #3741, .F. ) ;
#1891 = DIRECTION ( 'NONE',  ( -0.000000000000000000, -0.000000000000000000, -1.000000000000000000 ) ) ;
#1892 = DIRECTION ( 'NONE',  ( 1.000000000000000000, 0.000000000000000000, 0.000000000000000000 ) ) ;
#1893 = DIRECTION ( 'NONE',  ( 0.7071067811865475727, 0.7071067811865475727, 0.000000000000000000 ) ) ;
#1894 = CARTESIAN_POINT ( 'NONE',  ( -1.824999999999999734, 1.999999999999999112, 1.350000000000000089 ) ) ;
#1895 = EDGE_LOOP ( 'NONE', ( #3147, #2816, #780, #698 ) ) ;
#1896 = PRESENTATION_LAYER_ASSIGNMENT (  '', '', ( #3898 ) ) ;
#1897 = DIRECTION ( 'NONE',  ( -1.000000000000000000, -0.000000000000000000, -0.000000000000000000 ) ) ;
#1898 = DIRECTION ( 'NONE',  ( -1.000000000000000000, 0.000000000000000000, 0.000000000000000000 ) ) ;
#1899 = AXIS2_PLACEMENT_3D ( 'NONE', #1975, #853, #2976 ) ;
#1900 = VERTEX_POINT ( 'NONE', #3793 ) ;
#1901 = CARTESIAN_POINT ( 'NONE',  ( 1.800000000000000044, 1.199999999999999956, 0.000000000000000000 ) ) ;
#1902 = SURFACE_STYLE_USAGE ( .BOTH. , #3723 ) ;
#1903 = ADVANCED_FACE ( 'NONE', ( #607 ), #3461, .F. ) ;
#1904 = DIRECTION ( 'NONE',  ( 0.000000000000000000, 0.000000000000000000, -1.000000000000000000 ) ) ;
#1905 = ORIENTED_EDGE ( 'NONE', *, *, #2426, .T. ) ;
#1906 = EDGE_CURVE ( 'NONE', #2551, #2107, #1323, .T. ) ;
#1907 = LINE ( 'NONE', #114, #4291 ) ;
#1908 = DIRECTION ( 'NONE',  ( -0.000000000000000000, 0.000000000000000000, 1.000000000000000000 ) ) ;
#1909 = COLOUR_RGB ( '',0.8431372549019607865, 0.8431372549019607865, 0.8431372549019607865 ) ;
#1910 = FACE_OUTER_BOUND ( 'NONE', #396, .T. ) ;
#1911 = CARTESIAN_POINT ( 'NONE',  ( 1.800000000000000044, 0.2000000000000000944, 0.1000000000000000056 ) ) ;
#1912 = ORIENTED_EDGE ( 'NONE', *, *, #3000, .F. ) ;
#1913 = CARTESIAN_POINT ( 'NONE',  ( -1.800000000000000044, 1.799999999999999600, 0.1000000000000000056 ) ) ;
#1914 = STYLED_ITEM ( 'NONE', ( #4355 ), #517 ) ;
#1915 = EDGE_LOOP ( 'NONE', ( #4175, #708, #1260, #100 ) ) ;
#1916 = FILL_AREA_STYLE ('',( #494 ) ) ;
#1917 = CARTESIAN_POINT ( 'NONE',  ( 2.399999999999999911, 1.799999999999999600, 0.1000000000000000056 ) ) ;
#1918 = CARTESIAN_POINT ( 'NONE',  ( 2.399999999999999911, 2.199999999999999734, 0.000000000000000000 ) ) ;
#1919 = DIRECTION ( 'NONE',  ( -0.000000000000000000, 1.000000000000000000, -0.000000000000000000 ) ) ;
#1920 =( GEOMETRIC_REPRESENTATION_CONTEXT ( 3 ) GLOBAL_UNCERTAINTY_ASSIGNED_CONTEXT ( ( #3618 ) ) GLOBAL_UNIT_ASSIGNED_CONTEXT ( ( #920, #3411, #3495 ) ) REPRESENTATION_CONTEXT ( 'NONE', 'WORKASPACE' ) );
#1921 = VECTOR ( 'NONE', #2630, 1000.000000000000000 ) ;
#1922 = VECTOR ( 'NONE', #2715, 1000.000000000000000 ) ;
#1923 = ADVANCED_FACE ( 'NONE', ( #2405 ), #3814, .T. ) ;
#1924 = STYLED_ITEM ( 'NONE', ( #1568 ), #1019 ) ;
#1925 = ORIENTED_EDGE ( 'NONE', *, *, #12, .T. ) ;
#1926 = DIRECTION ( 'NONE',  ( -0.000000000000000000, 1.000000000000000000, -0.000000000000000000 ) ) ;
#1927 = FACE_OUTER_BOUND ( 'NONE', #2818, .T. ) ;
#1928 = CARTESIAN_POINT ( 'NONE',  ( -2.399999999999999911, -0.7999999999999994893, 0.1000000000000000056 ) ) ;
#1929 = AXIS2_PLACEMENT_3D ( 'NONE', #22, #4289, #1090 ) ;
#1930 = AXIS2_PLACEMENT_3D ( 'NONE', #1803, #3242, #130 ) ;
#1931 = ORIENTED_EDGE ( 'NONE', *, *, #2679, .T. ) ;
#1932 = FACE_OUTER_BOUND ( 'NONE', #4570, .T. ) ;
#1933 = STYLED_ITEM ( 'NONE', ( #1745 ), #2789 ) ;
#1934 = CARTESIAN_POINT ( 'NONE',  ( 2.399999999999999911, 1.199999999999999956, 0.000000000000000000 ) ) ;
#1935 = AXIS2_PLACEMENT_3D ( 'NONE', #1089, #2527, #1816 ) ;
#1936 = UNCERTAINTY_MEASURE_WITH_UNIT (LENGTH_MEASURE( 1.000000000000000082E-05 ), #2970, 'distance_accuracy_value', 'NONE');
#1937 = DIRECTION ( 'NONE',  ( -0.000000000000000000, -0.000000000000000000, -1.000000000000000000 ) ) ;
#1938 = CARTESIAN_POINT ( 'NONE',  ( -2.399999999999999911, -2.199999999999999734, 0.1000000000000000056 ) ) ;
#1939 = VECTOR ( 'NONE', #2249, 1000.000000000000000 ) ;
#1940 = PRESENTATION_STYLE_ASSIGNMENT (( #2289 ) ) ;
#1941 = EDGE_CURVE ( 'NONE', #501, #318, #4069, .T. ) ;
#1942 = CARTESIAN_POINT ( 'NONE',  ( 2.399999999999999911, -0.2000000000000000944, 0.000000000000000000 ) ) ;
#1943 = VECTOR ( 'NONE', #3957, 1000.000000000000000 ) ;
#1944 = CYLINDRICAL_SURFACE ( 'NONE', #896, 0.05000000000000012768 ) ;
#1945 = FACE_OUTER_BOUND ( 'NONE', #1994, .T. ) ;
#1946 = PRESENTATION_LAYER_ASSIGNMENT (  '', '', ( #1049 ) ) ;
#1947 = DIRECTION ( 'NONE',  ( -1.000000000000000000, 0.000000000000000000, 0.000000000000000000 ) ) ;
#1948 = ORIENTED_EDGE ( 'NONE', *, *, #4171, .T. ) ;
#1949 = CARTESIAN_POINT ( 'NONE',  ( -1.800000000000000044, 0.7999999999999997113, 0.1000000000000000056 ) ) ;
#1950 = FACE_OUTER_BOUND ( 'NONE', #2052, .T. ) ;
#1951 = LINE ( 'NONE', #1928, #1943 ) ;
#1952 = AXIS2_PLACEMENT_3D ( 'NONE', #1821, #2865, #2197 ) ;
#1953 = CARTESIAN_POINT ( 'NONE',  ( -2.399999999999999911, -1.799999999999999600, 0.000000000000000000 ) ) ;
#1954 = ORIENTED_EDGE ( 'NONE', *, *, #2310, .T. ) ;
#1955 = DIRECTION ( 'NONE',  ( -1.000000000000000000, -0.000000000000000000, -0.000000000000000000 ) ) ;
#1956 = DIRECTION ( 'NONE',  ( -1.000000000000000000, 0.000000000000000000, 0.000000000000000000 ) ) ;
#1957 = FACE_OUTER_BOUND ( 'NONE', #1915, .T. ) ;
#1958 = VERTEX_POINT ( 'NONE', #891 ) ;
#1959 = ADVANCED_FACE ( 'NONE', ( #1245 ), #2971, .T. ) ;
#1960 = LINE ( 'NONE', #1532, #889 ) ;
#1961 = DIRECTION ( 'NONE',  ( -0.000000000000000000, 0.000000000000000000, -1.000000000000000000 ) ) ;
#1962 = DIRECTION ( 'NONE',  ( -1.000000000000000000, 0.000000000000000000, -0.000000000000000000 ) ) ;
#1963 = DIRECTION ( 'NONE',  ( 0.000000000000000000, -0.000000000000000000, 1.000000000000000000 ) ) ;
#1964 = PLANE ( 'NONE',  #1500 ) ;
#1965 = EDGE_CURVE ( 'NONE', #1377, #2639, #1337, .T. ) ;
#1966 = CLOSED_SHELL ( 'NONE', ( #1494, #555, #112, #314, #599, #1344, #2953, #3483, #1229, #732, #3439, #4253, #1290, #2933, #4074, #680, #3900, #2235, #2529, #2062, #2515, #3005, #4307, #3316, #3037, #3925, #4046, #1903, #1255, #1355, #4301, #459, #4353, #1207, #3689, #1303, #3611, #226, #847, #4572, #1549, #1121, #1868, #1601, #2900, #2406, #646, #3024, #2863, #2725, #761, #869, #4278, #1586, #3346, #1438, #3739, #929, #3629, #2627, #286, #2786, #3622, #3211, #10, #951, #3311, #24, #1343, #2873 ) ) ;
#1967 = ORIENTED_EDGE ( 'NONE', *, *, #3686, .F. ) ;
#1968 = ORIENTED_EDGE ( 'NONE', *, *, #4084, .T. ) ;
#1969 = ORIENTED_EDGE ( 'NONE', *, *, #2144, .T. ) ;
#1970 = SURFACE_SIDE_STYLE ('',( #2643 ) ) ;
#1971 = EDGE_CURVE ( 'NONE', #2160, #4224, #2755, .T. ) ;
#1972 = ORIENTED_EDGE ( 'NONE', *, *, #2144, .F. ) ;
#1973 = CARTESIAN_POINT ( 'NONE',  ( -1.800000000000000044, 0.2000000000000000944, 0.1000000000000000056 ) ) ;
#1974 =( LENGTH_UNIT ( ) NAMED_UNIT ( * ) SI_UNIT ( .MILLI., .METRE. ) );
#1975 = CARTESIAN_POINT ( 'NONE',  ( 2.449999999999998401, 2.449999999999999734, 1.300000000000000266 ) ) ;
#1976 = CARTESIAN_POINT ( 'NONE',  ( 1.800000000000000044, 1.199999999999999956, 0.000000000000000000 ) ) ;
#1977 = ORIENTED_EDGE ( 'NONE', *, *, #1876, .T. ) ;
#1978 = CARTESIAN_POINT ( 'NONE',  ( 0.000000000000000000, 0.000000000000000000, 0.1000000000000000056 ) ) ;
#1979 =( LENGTH_UNIT ( ) NAMED_UNIT ( * ) SI_UNIT ( .MILLI., .METRE. ) );
#1980 = CARTESIAN_POINT ( 'NONE',  ( 2.399999999999999911, -0.2000000000000000944, 0.000000000000000000 ) ) ;
#1981 = ORIENTED_EDGE ( 'NONE', *, *, #328, .F. ) ;
#1982 = CARTESIAN_POINT ( 'NONE',  ( -2.449999999999998845, -2.449999999999999734, 1.350000000000000089 ) ) ;
#1983 = LINE ( 'NONE', #2651, #2447 ) ;
#1984 = ADVANCED_FACE ( 'NONE', ( #977 ), #4482, .T. ) ;
#1985 =( GEOMETRIC_REPRESENTATION_CONTEXT ( 3 ) GLOBAL_UNCERTAINTY_ASSIGNED_CONTEXT ( ( #1365 ) ) GLOBAL_UNIT_ASSIGNED_CONTEXT ( ( #2135, #2091, #793 ) ) REPRESENTATION_CONTEXT ( 'NONE', 'WORKASPACE' ) );
#1986 = DIRECTION ( 'NONE',  ( -1.000000000000000000, 0.000000000000000000, -0.000000000000000000 ) ) ;
#1987 = FACE_OUTER_BOUND ( 'NONE', #1076, .T. ) ;
#1988 = ORIENTED_EDGE ( 'NONE', *, *, #3685, .T. ) ;
#1989 = AXIS2_PLACEMENT_3D ( 'NONE', #812, #2228, #455 ) ;
#1990 = PRESENTATION_LAYER_ASSIGNMENT (  '', '', ( #1393 ) ) ;
#1991 =( GEOMETRIC_REPRESENTATION_CONTEXT ( 3 ) GLOBAL_UNCERTAINTY_ASSIGNED_CONTEXT ( ( #725 ) ) GLOBAL_UNIT_ASSIGNED_CONTEXT ( ( #2566, #3220, #1827 ) ) REPRESENTATION_CONTEXT ( 'NONE', 'WORKASPACE' ) );
#1992 = LINE ( 'NONE', #1466, #1348 ) ;
#1993 = LINE ( 'NONE', #2783, #4533 ) ;
#1994 = EDGE_LOOP ( 'NONE', ( #1112, #1669, #452, #1905 ) ) ;
#1995 = CARTESIAN_POINT ( 'NONE',  ( 1.800000000000000044, 0.2000000000000000944, 0.000000000000000000 ) ) ;
#1996 = CARTESIAN_POINT ( 'NONE',  ( -1.800000000000000044, -1.799999999999999600, 0.1000000000000000056 ) ) ;
#1997 = VERTEX_POINT ( 'NONE', #524 ) ;
#1998 = VECTOR ( 'NONE', #2191, 1000.000000000000000 ) ;
#1999 =( GEOMETRIC_REPRESENTATION_CONTEXT ( 3 ) GLOBAL_UNCERTAINTY_ASSIGNED_CONTEXT ( ( #2504 ) ) GLOBAL_UNIT_ASSIGNED_CONTEXT ( ( #2110, #3186, #1329 ) ) REPRESENTATION_CONTEXT ( 'NONE', 'WORKASPACE' ) );
#2000 = LINE ( 'NONE', #603, #2758 ) ;
#2001 = COLOUR_RGB ( '',0.8431372549019607865, 0.8431372549019607865, 0.8431372549019607865 ) ;
#2002 = ORIENTED_EDGE ( 'NONE', *, *, #41, .F. ) ;
#2003 = CARTESIAN_POINT ( 'NONE',  ( -2.449999999999999734, 2.449999999999999734, 1.350000000000000089 ) ) ;
#2004 = DIRECTION ( 'NONE',  ( -0.000000000000000000, 0.000000000000000000, -1.000000000000000000 ) ) ;
#2005 = DIRECTION ( 'NONE',  ( 0.000000000000000000, 0.000000000000000000, -1.000000000000000000 ) ) ;
#2006 = ORIENTED_EDGE ( 'NONE', *, *, #4001, .T. ) ;
#2007 =( GEOMETRIC_REPRESENTATION_CONTEXT ( 3 ) GLOBAL_UNCERTAINTY_ASSIGNED_CONTEXT ( ( #2220 ) ) GLOBAL_UNIT_ASSIGNED_CONTEXT ( ( #3171, #1083, #3553 ) ) REPRESENTATION_CONTEXT ( 'NONE', 'WORKASPACE' ) );
#2008 = AXIS2_PLACEMENT_3D ( 'NONE', #3535, #1020, #3853 ) ;
#2009 = ORIENTED_EDGE ( 'NONE', *, *, #3073, .T. ) ;
#2010 = ORIENTED_EDGE ( 'NONE', *, *, #3438, .T. ) ;
#2011 = LINE ( 'NONE', #3450, #4442 ) ;
#2012 = ORIENTED_EDGE ( 'NONE', *, *, #2787, .F. ) ;
#2013 = CARTESIAN_POINT ( 'NONE',  ( -1.800000000000000044, 0.7999999999999997113, 0.000000000000000000 ) ) ;
#2014 = ADVANCED_FACE ( 'NONE', ( #1602 ), #4432, .F. ) ;
#2015 = COLOUR_RGB ( '',0.8431372549019607865, 0.8431372549019607865, 0.8431372549019607865 ) ;
#2016 = EDGE_CURVE ( 'NONE', #1721, #3154, #3169, .T. ) ;
#2017 = EDGE_CURVE ( 'NONE', #976, #2996, #1060, .T. ) ;
#2018 = ORIENTED_EDGE ( 'NONE', *, *, #3000, .T. ) ;
#2019 = VECTOR ( 'NONE', #2524, 1000.000000000000000 ) ;
#2020 = FACE_OUTER_BOUND ( 'NONE', #1383, .T. ) ;
#2021 = EDGE_CURVE ( 'NONE', #1356, #2484, #2467, .T. ) ;
#2022 = ORIENTED_EDGE ( 'NONE', *, *, #2374, .T. ) ;
#2023 = COLOUR_RGB ( '',0.8431372549019607865, 0.8431372549019607865, 0.8431372549019607865 ) ;
#2024 = ORIENTED_EDGE ( 'NONE', *, *, #2747, .F. ) ;
#2025 = MECHANICAL_DESIGN_GEOMETRIC_PRESENTATION_REPRESENTATION (  '', ( #1651 ), #1142 ) ;
#2026 = FACE_OUTER_BOUND ( 'NONE', #1692, .T. ) ;
#2027 = ADVANCED_FACE ( 'NONE', ( #3296 ), #1761, .F. ) ;
#2028 = EDGE_CURVE ( 'NONE', #965, #3353, #1787, .T. ) ;
#2029 = EDGE_CURVE ( 'NONE', #2328, #584, #3913, .T. ) ;
#2030 = ORIENTED_EDGE ( 'NONE', *, *, #4014, .T. ) ;
#2031 = SURFACE_SIDE_STYLE ('',( #1728 ) ) ;
#2032 = DIRECTION ( 'NONE',  ( -1.000000000000000000, 0.000000000000000000, 0.000000000000000000 ) ) ;
#2033 = CARTESIAN_POINT ( 'NONE',  ( 2.399999999999999911, 2.199999999999999734, 0.000000000000000000 ) ) ;
#2034 = ORIENTED_EDGE ( 'NONE', *, *, #2283, .T. ) ;
#2035 = EDGE_LOOP ( 'NONE', ( #4598, #3550, #4017, #731 ) ) ;
#2036 = CARTESIAN_POINT ( 'NONE',  ( -2.399999999999999911, -2.199999999999999734, 0.000000000000000000 ) ) ;
#2037 = SURFACE_SIDE_STYLE ('',( #4191 ) ) ;
#2038 = DIRECTION ( 'NONE',  ( 0.000000000000000000, -0.000000000000000000, -1.000000000000000000 ) ) ;
#2039 = ORIENTED_EDGE ( 'NONE', *, *, #1833, .T. ) ;
#2040 = FACE_OUTER_BOUND ( 'NONE', #4547, .T. ) ;
#2041 = EDGE_CURVE ( 'NONE', #3811, #2277, #1136, .T. ) ;
#2042 = ORIENTED_EDGE ( 'NONE', *, *, #4083, .T. ) ;
#2043 = DIRECTION ( 'NONE',  ( 0.000000000000000000, -1.000000000000000000, 0.000000000000000000 ) ) ;
#2044 = CARTESIAN_POINT ( 'NONE',  ( -2.399999999999999911, 0.2000000000000000944, 0.000000000000000000 ) ) ;
#2045 = ORIENTED_EDGE ( 'NONE', *, *, #1168, .F. ) ;
#2046 = DIRECTION ( 'NONE',  ( 0.000000000000000000, -1.000000000000000000, 0.000000000000000000 ) ) ;
#2047 = MECHANICAL_DESIGN_GEOMETRIC_PRESENTATION_REPRESENTATION (  '', ( #4364 ), #873 ) ;
#2048 = CARTESIAN_POINT ( 'NONE',  ( 1.800000000000000044, -1.199999999999999734, 0.1000000000000000056 ) ) ;
#2049 = SURFACE_SIDE_STYLE ('',( #4545 ) ) ;
#2050 = ORIENTED_EDGE ( 'NONE', *, *, #4582, .F. ) ;
#2051 = CARTESIAN_POINT ( 'NONE',  ( 0.000000000000000000, 0.000000000000000000, 0.1000000000000000056 ) ) ;
#2052 = EDGE_LOOP ( 'NONE', ( #3780, #3572, #3102, #250 ) ) ;
#2053 = SURFACE_STYLE_FILL_AREA ( #1331 ) ;
#2054 = ORIENTED_EDGE ( 'NONE', *, *, #3077, .T. ) ;
#2055 = ADVANCED_FACE ( 'NONE', ( #3612 ), #1081, .T. ) ;
#2056 = CARTESIAN_POINT ( 'NONE',  ( 0.000000000000000000, 0.000000000000000000, 0.1000000000000000056 ) ) ;
#2057 = VECTOR ( 'NONE', #1087, 1000.000000000000000 ) ;
#2058 =( LENGTH_UNIT ( ) NAMED_UNIT ( * ) SI_UNIT ( .MILLI., .METRE. ) );
#2059 = DIRECTION ( 'NONE',  ( -0.000000000000000000, 0.000000000000000000, 1.000000000000000000 ) ) ;
#2060 = PRESENTATION_STYLE_ASSIGNMENT (( #997 ) ) ;
#2061 = VECTOR ( 'NONE', #207, 1000.000000000000000 ) ;
#2062 = ADVANCED_FACE ( 'NONE', ( #98 ), #4092, .F. ) ;
#2063 = UNCERTAINTY_MEASURE_WITH_UNIT (LENGTH_MEASURE( 1.000000000000000082E-05 ), #319, 'distance_accuracy_value', 'NONE');
#2064 = DIRECTION ( 'NONE',  ( 0.000000000000000000, 0.000000000000000000, 1.000000000000000000 ) ) ;
#2065 = EDGE_LOOP ( 'NONE', ( #4559, #3085, #705, #2412 ) ) ;
#2066 = ORIENTED_EDGE ( 'NONE', *, *, #854, .F. ) ;
#2067 = CARTESIAN_POINT ( 'NONE',  ( -2.399999999999999911, -2.199999999999999734, 0.1000000000000000056 ) ) ;
#2068 = LINE ( 'NONE', #946, #3066 ) ;
#2069 = AXIS2_PLACEMENT_3D ( 'NONE', #906, #2317, #3737 ) ;
#2070 = VECTOR ( 'NONE', #3189, 1000.000000000000000 ) ;
#2071 = EDGE_LOOP ( 'NONE', ( #3608, #1460, #2792, #154 ) ) ;
#2072 = AXIS2_PLACEMENT_3D ( 'NONE', #3235, #3569, #358 ) ;
#2073 = AXIS2_PLACEMENT_3D ( 'NONE', #4158, #1712, #613 ) ;
#2074 = PLANE ( 'NONE',  #1421 ) ;
#2075 = DIRECTION ( 'NONE',  ( -1.000000000000000000, -0.000000000000000000, -0.000000000000000000 ) ) ;
#2076 = ORIENTED_EDGE ( 'NONE', *, *, #2613, .F. ) ;
#2077 = DIRECTION ( 'NONE',  ( 0.000000000000000000, -0.000000000000000000, 1.000000000000000000 ) ) ;
#2078 = EDGE_CURVE ( 'NONE', #675, #1958, #4357, .T. ) ;
#2079 = VECTOR ( 'NONE', #4239, 1000.000000000000000 ) ;
#2080 = ORIENTED_EDGE ( 'NONE', *, *, #3663, .T. ) ;
#2081 = VERTEX_POINT ( 'NONE', #1980 ) ;
#2082 = CARTESIAN_POINT ( 'NONE',  ( -2.399999999999999911, -1.799999999999999600, 0.000000000000000000 ) ) ;
#2083 = VERTEX_POINT ( 'NONE', #580 ) ;
#2084 = FACE_OUTER_BOUND ( 'NONE', #1863, .T. ) ;
#2085 = ORIENTED_EDGE ( 'NONE', *, *, #2449, .F. ) ;
#2086 = PRESENTATION_LAYER_ASSIGNMENT (  '', '', ( #1639 ) ) ;
#2087 = SURFACE_STYLE_USAGE ( .BOTH. , #2410 ) ;
#2088 =( NAMED_UNIT ( * ) PLANE_ANGLE_UNIT ( ) SI_UNIT ( $, .RADIAN. ) );
#2089 = APPLICATION_PROTOCOL_DEFINITION ( 'draft international standard', 'automotive_design', 1998, #536 ) ;
#2090 = EDGE_CURVE ( 'NONE', #235, #4491, #3121, .T. ) ;
#2091 =( NAMED_UNIT ( * ) PLANE_ANGLE_UNIT ( ) SI_UNIT ( $, .RADIAN. ) );
#2092 = ORIENTED_EDGE ( 'NONE', *, *, #1656, .F. ) ;
#2093 = ORIENTED_EDGE ( 'NONE', *, *, #754, .F. ) ;
#2094 =( GEOMETRIC_REPRESENTATION_CONTEXT ( 3 ) GLOBAL_UNCERTAINTY_ASSIGNED_CONTEXT ( ( #442 ) ) GLOBAL_UNIT_ASSIGNED_CONTEXT ( ( #315, #2471, #3879 ) ) REPRESENTATION_CONTEXT ( 'NONE', 'WORKASPACE' ) );
#2095 = EDGE_CURVE ( 'NONE', #4525, #3256, #2425, .T. ) ;
#2096 = SURFACE_STYLE_FILL_AREA ( #1096 ) ;
#2097 =( GEOMETRIC_REPRESENTATION_CONTEXT ( 3 ) GLOBAL_UNCERTAINTY_ASSIGNED_CONTEXT ( ( #4588 ) ) GLOBAL_UNIT_ASSIGNED_CONTEXT ( ( #4070, #4326, #3259 ) ) REPRESENTATION_CONTEXT ( 'NONE', 'WORKASPACE' ) );
#2098 = SURFACE_STYLE_FILL_AREA ( #1362 ) ;
#2099 = EDGE_LOOP ( 'NONE', ( #3463, #1890, #2355, #3067 ) ) ;
#2100 = EDGE_CURVE ( 'NONE', #4346, #4009, #1616, .T. ) ;
#2101 = MECHANICAL_DESIGN_GEOMETRIC_PRESENTATION_REPRESENTATION (  '', ( #1507 ), #2475 ) ;
#2102 = DIRECTION ( 'NONE',  ( 0.000000000000000000, -1.000000000000000000, 0.000000000000000000 ) ) ;
#2103 = CARTESIAN_POINT ( 'NONE',  ( -2.399999999999999911, -0.7999999999999994893, 0.1000000000000000056 ) ) ;
#2104 = EDGE_LOOP ( 'NONE', ( #3452, #233, #1371, #4133 ) ) ;
#2105 = FILL_AREA_STYLE_COLOUR ( '', #1849 ) ;
#2106 = PRODUCT_DEFINITION_FORMATION_WITH_SPECIFIED_SOURCE ( 'ANY', '', #3714, .NOT_KNOWN. ) ;
#2107 = VERTEX_POINT ( 'NONE', #2698 ) ;
#2108 = ORIENTED_EDGE ( 'NONE', *, *, #787, .F. ) ;
#2109 = DIRECTION ( 'NONE',  ( 0.000000000000000000, 0.000000000000000000, 1.000000000000000000 ) ) ;
#2110 =( LENGTH_UNIT ( ) NAMED_UNIT ( * ) SI_UNIT ( .MILLI., .METRE. ) );
#2111 = FILL_AREA_STYLE ('',( #263 ) ) ;
#2112 = ORIENTED_EDGE ( 'NONE', *, *, #2167, .F. ) ;
#2113 = EDGE_LOOP ( 'NONE', ( #2945, #3472, #2417, #2010 ) ) ;
#2114 = CARTESIAN_POINT ( 'NONE',  ( -1.800000000000000044, -0.2000000000000000944, 0.1000000000000000056 ) ) ;
#2115 = PRESENTATION_STYLE_ASSIGNMENT (( #4214 ) ) ;
#2116 = ORIENTED_EDGE ( 'NONE', *, *, #2810, .T. ) ;
#2117 = EDGE_CURVE ( 'NONE', #3489, #4374, #4113, .T. ) ;
#2118 = CARTESIAN_POINT ( 'NONE',  ( -2.399999999999999911, 0.2000000000000000944, 0.000000000000000000 ) ) ;
#2119 = LINE ( 'NONE', #4603, #2693 ) ;
#2120 = ORIENTED_EDGE ( 'NONE', *, *, #3538, .F. ) ;
#2121 = UNCERTAINTY_MEASURE_WITH_UNIT (LENGTH_MEASURE( 1.000000000000000082E-05 ), #2541, 'distance_accuracy_value', 'NONE');
#2122 = FILL_AREA_STYLE_COLOUR ( '', #1785 ) ;
#2123 = PLANE ( 'NONE',  #340 ) ;
#2124 = DIRECTION ( 'NONE',  ( 0.000000000000000000, 0.000000000000000000, -1.000000000000000000 ) ) ;
#2125 = ORIENTED_EDGE ( 'NONE', *, *, #3621, .F. ) ;
#2126 = CARTESIAN_POINT ( 'NONE',  ( -2.499999999999999556, -2.449999999999999289, 0.000000000000000000 ) ) ;
#2127 = PRESENTATION_STYLE_ASSIGNMENT (( #706 ) ) ;
#2128 = MECHANICAL_DESIGN_GEOMETRIC_PRESENTATION_REPRESENTATION (  '', ( #722 ), #1985 ) ;
#2129 = CARTESIAN_POINT ( 'NONE',  ( 2.500000000000000000, 2.500000000000000000, 1.300000000000000266 ) ) ;
#2130 = CARTESIAN_POINT ( 'NONE',  ( 2.500000000000000000, 2.449999999999999734, 1.300000000000000266 ) ) ;
#2131 = VERTEX_POINT ( 'NONE', #709 ) ;
#2132 =( NAMED_UNIT ( * ) SI_UNIT ( $, .STERADIAN. ) SOLID_ANGLE_UNIT ( ) );
#2133 = CARTESIAN_POINT ( 'NONE',  ( -1.800000000000000044, -1.799999999999999600, 0.000000000000000000 ) ) ;
#2134 = FACE_OUTER_BOUND ( 'NONE', #2732, .T. ) ;
#2135 =( LENGTH_UNIT ( ) NAMED_UNIT ( * ) SI_UNIT ( .MILLI., .METRE. ) );
#2136 = MANIFOLD_SOLID_BREP ( 'Boss-Extrude2[6]', #175 ) ;
#2137 = VERTEX_POINT ( 'NONE', #1448 ) ;
#2138 = CARTESIAN_POINT ( 'NONE',  ( -1.800000000000000044, 1.199999999999999956, 0.1000000000000000056 ) ) ;
#2139 = DIRECTION ( 'NONE',  ( -0.000000000000000000, -0.000000000000000000, -1.000000000000000000 ) ) ;
#2140 = SURFACE_SIDE_STYLE ('',( #2098 ) ) ;
#2141 = VERTEX_POINT ( 'NONE', #1103 ) ;
#2142 = FILL_AREA_STYLE_COLOUR ( '', #3558 ) ;
#2143 = SPHERICAL_SURFACE ( 'NONE', #2072, 0.05000000000000000278 ) ;
#2144 = EDGE_CURVE ( 'NONE', #1319, #160, #2540, .T. ) ;
#2145 = VERTEX_POINT ( 'NONE', #391 ) ;
#2146 = STYLED_ITEM ( 'NONE', ( #3266 ), #595 ) ;
#2147 = VERTEX_POINT ( 'NONE', #3335 ) ;
#2148 = MECHANICAL_DESIGN_GEOMETRIC_PRESENTATION_REPRESENTATION (  '', ( #3058 ), #1485 ) ;
#2149 = VECTOR ( 'NONE', #2322, 1000.000000000000000 ) ;
#2150 = DIRECTION ( 'NONE',  ( -0.000000000000000000, 1.000000000000000000, -0.000000000000000000 ) ) ;
#2151 = MANIFOLD_SOLID_BREP ( 'Boss-Extrude2[9]', #3745 ) ;
#2152 = ORIENTED_EDGE ( 'NONE', *, *, #3626, .F. ) ;
#2153 = SURFACE_SIDE_STYLE ('',( #6 ) ) ;
#2154 = DIRECTION ( 'NONE',  ( 1.000000000000000000, 0.000000000000000000, 0.000000000000000000 ) ) ;
#2155 = LINE ( 'NONE', #4299, #129 ) ;
#2156 = CARTESIAN_POINT ( 'NONE',  ( -1.800000000000000044, 0.2000000000000000944, 0.1000000000000000056 ) ) ;
#2157 = MECHANICAL_DESIGN_GEOMETRIC_PRESENTATION_REPRESENTATION (  '', ( #2986 ), #2298 ) ;
#2158 = EDGE_LOOP ( 'NONE', ( #757, #2093, #3649, #712 ) ) ;
#2159 = LINE ( 'NONE', #13, #3048 ) ;
#2160 = VERTEX_POINT ( 'NONE', #4128 ) ;
#2161 = COLOUR_RGB ( '',0.8431372549019607865, 0.8431372549019607865, 0.8431372549019607865 ) ;
#2162 = AXIS2_PLACEMENT_3D ( 'NONE', #2185, #400, #3587 ) ;
#2163 = PLANE ( 'NONE',  #2162 ) ;
#2164 = DIRECTION ( 'NONE',  ( -0.000000000000000000, -0.000000000000000000, -1.000000000000000000 ) ) ;
#2165 = CARTESIAN_POINT ( 'NONE',  ( -2.399999999999999911, 1.199999999999999956, 0.1000000000000000056 ) ) ;
#2166 = DIRECTION ( 'NONE',  ( 1.000000000000000000, -0.000000000000000000, -0.000000000000000000 ) ) ;
#2167 = EDGE_CURVE ( 'NONE', #4514, #3355, #2584, .T. ) ;
#2168 = VECTOR ( 'NONE', #4531, 1000.000000000000000 ) ;
#2169 = UNCERTAINTY_MEASURE_WITH_UNIT (LENGTH_MEASURE( 1.000000000000000082E-05 ), #2513, 'distance_accuracy_value', 'NONE');
#2170 = VECTOR ( 'NONE', #3945, 1000.000000000000000 ) ;
#2171 = DIRECTION ( 'NONE',  ( -0.000000000000000000, -0.000000000000000000, -1.000000000000000000 ) ) ;
#2172 = AXIS2_PLACEMENT_3D ( 'NONE', #36, #4300, #3937 ) ;
#2173 = ORIENTED_EDGE ( 'NONE', *, *, #4376, .T. ) ;
#2174 = EDGE_LOOP ( 'NONE', ( #4470, #768, #3523, #2658 ) ) ;
#2175 = EDGE_CURVE ( 'NONE', #3355, #1370, #3142, .T. ) ;
#2176 = COLOUR_RGB ( '',0.8431372549019607865, 0.8431372549019607865, 0.8431372549019607865 ) ;
#2177 = PRESENTATION_STYLE_ASSIGNMENT (( #1474 ) ) ;
#2178 = LINE ( 'NONE', #682, #1111 ) ;
#2179 = DIRECTION ( 'NONE',  ( -0.000000000000000000, 0.000000000000000000, -1.000000000000000000 ) ) ;
#2180 = DIRECTION ( 'NONE',  ( 1.000000000000000000, -0.000000000000000000, -0.000000000000000000 ) ) ;
#2181 = FILL_AREA_STYLE ('',( #3650 ) ) ;
#2182 = DIRECTION ( 'NONE',  ( 1.000000000000000000, -0.000000000000000000, 0.000000000000000000 ) ) ;
#2183 = ORIENTED_EDGE ( 'NONE', *, *, #543, .F. ) ;
#2184 = MECHANICAL_DESIGN_GEOMETRIC_PRESENTATION_REPRESENTATION (  '', ( #4472 ), #3387 ) ;
#2185 = CARTESIAN_POINT ( 'NONE',  ( 0.000000000000000000, 0.000000000000000000, 0.1000000000000000056 ) ) ;
#2186 = DIRECTION ( 'NONE',  ( 0.000000000000000000, 1.000000000000000000, 0.000000000000000000 ) ) ;
#2187 = PLANE ( 'NONE',  #3863 ) ;
#2188 = CARTESIAN_POINT ( 'NONE',  ( 2.399999999999999911, 1.199999999999999956, 0.1000000000000000056 ) ) ;
#2189 = PRODUCT_RELATED_PRODUCT_CATEGORY ( 'part', '', ( #3714 ) ) ;
#2190 = FILL_AREA_STYLE_COLOUR ( '', #2931 ) ;
#2191 = DIRECTION ( 'NONE',  ( 1.000000000000000000, 0.000000000000000000, 0.000000000000000000 ) ) ;
#2192 = FILL_AREA_STYLE ('',( #2860 ) ) ;
#2193 = DIRECTION ( 'NONE',  ( -1.000000000000000000, 0.000000000000000000, 0.000000000000000000 ) ) ;
#2194 = ORIENTED_EDGE ( 'NONE', *, *, #1883, .T. ) ;
#2195 = EDGE_LOOP ( 'NONE', ( #1088, #3440, #3455, #2580 ) ) ;
#2196 = PLANE ( 'NONE',  #4465 ) ;
#2197 = DIRECTION ( 'NONE',  ( 0.000000000000000000, -0.000000000000000000, -1.000000000000000000 ) ) ;
#2198 = ORIENTED_EDGE ( 'NONE', *, *, #2411, .T. ) ;
#2199 = FILL_AREA_STYLE_COLOUR ( '', #575 ) ;
#2200 = LINE ( 'NONE', #1046, #1486 ) ;
#2201 = DIRECTION ( 'NONE',  ( 0.000000000000000000, -1.000000000000000000, 0.000000000000000000 ) ) ;
#2202 = EDGE_LOOP ( 'NONE', ( #2042, #699, #1375, #764 ) ) ;
#2203 = VERTEX_POINT ( 'NONE', #1611 ) ;
#2204 =( LENGTH_UNIT ( ) NAMED_UNIT ( * ) SI_UNIT ( .MILLI., .METRE. ) );
#2205 = CARTESIAN_POINT ( 'NONE',  ( 1.800000000000000044, 2.199999999999999734, 0.1000000000000000056 ) ) ;
#2206 = CARTESIAN_POINT ( 'NONE',  ( 2.399999999999999911, -0.7999999999999994893, 0.1000000000000000056 ) ) ;
#2207 = EDGE_CURVE ( 'NONE', #4476, #371, #673, .T. ) ;
#2208 = FILL_AREA_STYLE_COLOUR ( '', #4468 ) ;
#2209 = UNCERTAINTY_MEASURE_WITH_UNIT (LENGTH_MEASURE( 1.000000000000000082E-05 ), #1427, 'distance_accuracy_value', 'NONE');
#2210 = LINE ( 'NONE', #3634, #4543 ) ;
#2211 = CARTESIAN_POINT ( 'NONE',  ( -1.800000000000000044, -0.7999999999999994893, 0.1000000000000000056 ) ) ;
#2212 = EDGE_CURVE ( 'NONE', #2770, #1160, #644, .T. ) ;
#2213 = AXIS2_PLACEMENT_3D ( 'NONE', #3195, #4599, #2854 ) ;
#2214 = ORIENTED_EDGE ( 'NONE', *, *, #2633, .T. ) ;
#2215 = VERTEX_POINT ( 'NONE', #4581 ) ;
#2216 = DIRECTION ( 'NONE',  ( 0.000000000000000000, 0.000000000000000000, -1.000000000000000000 ) ) ;
#2217 = VERTEX_POINT ( 'NONE', #1369 ) ;
#2218 = COLOUR_RGB ( '',0.8431372549019607865, 0.8431372549019607865, 0.8431372549019607865 ) ;
#2219 =( NAMED_UNIT ( * ) PLANE_ANGLE_UNIT ( ) SI_UNIT ( $, .RADIAN. ) );
#2220 = UNCERTAINTY_MEASURE_WITH_UNIT (LENGTH_MEASURE( 1.000000000000000082E-05 ), #3171, 'distance_accuracy_value', 'NONE');
#2221 = LINE ( 'NONE', #2669, #1845 ) ;
#2222 = MECHANICAL_DESIGN_GEOMETRIC_PRESENTATION_REPRESENTATION (  '', ( #666 ), #4099 ) ;
#2223 = AXIS2_PLACEMENT_3D ( 'NONE', #994, #3494, #664 ) ;
#2224 = ORIENTED_EDGE ( 'NONE', *, *, #622, .T. ) ;
#2225 = ORIENTED_EDGE ( 'NONE', *, *, #4062, .F. ) ;
#2226 = VECTOR ( 'NONE', #1926, 1000.000000000000000 ) ;
#2227 = FILL_AREA_STYLE ('',( #3986 ) ) ;
#2228 = DIRECTION ( 'NONE',  ( 1.000000000000000000, 0.000000000000000000, -0.000000000000000000 ) ) ;
#2229 = PLANE ( 'NONE',  #2223 ) ;
#2230 = DIRECTION ( 'NONE',  ( 0.000000000000000000, 0.000000000000000000, -1.000000000000000000 ) ) ;
#2231 = VECTOR ( 'NONE', #139, 1000.000000000000000 ) ;
#2232 = ORIENTED_EDGE ( 'NONE', *, *, #2861, .T. ) ;
#2233 = CIRCLE ( 'NONE', #3293, 0.04999999999999991257 ) ;
#2234 = CARTESIAN_POINT ( 'NONE',  ( 2.399999999999999911, 0.7999999999999997113, 0.1000000000000000056 ) ) ;
#2235 = ADVANCED_FACE ( 'NONE', ( #334 ), #2143, .T. ) ;
#2236 = VECTOR ( 'NONE', #4469, 1000.000000000000000 ) ;
#2237 = ORIENTED_EDGE ( 'NONE', *, *, #3389, .F. ) ;
#2238 = CARTESIAN_POINT ( 'NONE',  ( -2.399999999999999911, -0.7999999999999994893, 0.1000000000000000056 ) ) ;
#2239 = AXIS2_PLACEMENT_3D ( 'NONE', #1691, #3406, #3779 ) ;
#2240 = ADVANCED_FACE ( 'NONE', ( #729 ), #1445, .F. ) ;
#2241 = CARTESIAN_POINT ( 'NONE',  ( 2.399999999999999911, -1.799999999999999600, 0.1000000000000000056 ) ) ;
#2242 = VECTOR ( 'NONE', #2166, 1000.000000000000000 ) ;
#2243 = ORIENTED_EDGE ( 'NONE', *, *, #3208, .F. ) ;
#2244 =( NAMED_UNIT ( * ) SI_UNIT ( $, .STERADIAN. ) SOLID_ANGLE_UNIT ( ) );
#2245 = COLOUR_RGB ( '',0.8431372549019607865, 0.8431372549019607865, 0.8431372549019607865 ) ;
#2246 = DIRECTION ( 'NONE',  ( 0.000000000000000000, -1.000000000000000000, 0.000000000000000000 ) ) ;
#2247 = CARTESIAN_POINT ( 'NONE',  ( 2.399999999999999911, -1.199999999999999734, 0.1000000000000000056 ) ) ;
#2248 = DIRECTION ( 'NONE',  ( 0.000000000000000000, -0.000000000000000000, 1.000000000000000000 ) ) ;
#2249 = DIRECTION ( 'NONE',  ( 0.000000000000000000, -1.000000000000000000, 0.000000000000000000 ) ) ;
#2250 = VECTOR ( 'NONE', #3657, 1000.000000000000000 ) ;
#2251 = DIRECTION ( 'NONE',  ( 0.000000000000000000, -1.000000000000000000, 0.000000000000000000 ) ) ;
#2252 = MANIFOLD_SOLID_BREP ( 'Cut-Extrude1', #1966 ) ;
#2253 = DIRECTION ( 'NONE',  ( 1.000000000000000000, 0.000000000000000000, 0.000000000000000000 ) ) ;
#2254 = CARTESIAN_POINT ( 'NONE',  ( 2.399999999999999911, -1.199999999999999734, 0.1000000000000000056 ) ) ;
#2255 = VECTOR ( 'NONE', #679, 1000.000000000000000 ) ;
#2256 = LINE ( 'NONE', #3344, #2458 ) ;
#2257 = ORIENTED_EDGE ( 'NONE', *, *, #3357, .T. ) ;
#2258 = DIRECTION ( 'NONE',  ( -0.7071067811865474617, 0.7071067811865474617, 0.000000000000000000 ) ) ;
#2259 = EDGE_CURVE ( 'NONE', #4273, #3781, #3349, .T. ) ;
#2260 = CARTESIAN_POINT ( 'NONE',  ( -2.449999999999999734, 2.449999999999999734, 1.300000000000000266 ) ) ;
#2261 = DIRECTION ( 'NONE',  ( -0.000000000000000000, 1.000000000000000000, 0.000000000000000000 ) ) ;
#2262 = LINE ( 'NONE', #4408, #356 ) ;
#2263 = EDGE_LOOP ( 'NONE', ( #2022, #1734 ) ) ;
#2264 =( NAMED_UNIT ( * ) PLANE_ANGLE_UNIT ( ) SI_UNIT ( $, .RADIAN. ) );
#2265 = PLANE ( 'NONE',  #3828 ) ;
#2266 =( LENGTH_UNIT ( ) NAMED_UNIT ( * ) SI_UNIT ( .MILLI., .METRE. ) );
#2267 = LINE ( 'NONE', #117, #4192 ) ;
#2268 = LINE ( 'NONE', #1599, #4312 ) ;
#2269 = CARTESIAN_POINT ( 'NONE',  ( 2.399999999999999911, 0.2000000000000000944, 0.1000000000000000056 ) ) ;
#2270 = DIRECTION ( 'NONE',  ( -0.000000000000000000, 1.000000000000000000, -0.000000000000000000 ) ) ;
#2271 = LINE ( 'NONE', #3367, #271 ) ;
#2272 = CYLINDRICAL_SURFACE ( 'NONE', #746, 0.05000000000000012768 ) ;
#2273 = LINE ( 'NONE', #3699, #4377 ) ;
#2274 = LINE ( 'NONE', #2295, #1108 ) ;
#2275 = DIRECTION ( 'NONE',  ( 0.000000000000000000, 0.000000000000000000, 1.000000000000000000 ) ) ;
#2276 = EDGE_CURVE ( 'NONE', #383, #186, #1247, .T. ) ;
#2277 = VERTEX_POINT ( 'NONE', #190 ) ;
#2278 = EDGE_LOOP ( 'NONE', ( #3036, #1252, #1044, #472 ) ) ;
#2279 = ORIENTED_EDGE ( 'NONE', *, *, #1216, .F. ) ;
#2280 =( NAMED_UNIT ( * ) SI_UNIT ( $, .STERADIAN. ) SOLID_ANGLE_UNIT ( ) );
#2281 = CARTESIAN_POINT ( 'NONE',  ( -1.800000000000000044, 0.7999999999999997113, 0.1000000000000000056 ) ) ;
#2282 = ORIENTED_EDGE ( 'NONE', *, *, #4397, .T. ) ;
#2283 = EDGE_CURVE ( 'NONE', #363, #1356, #3065, .T. ) ;
#2284 = SURFACE_STYLE_FILL_AREA ( #1595 ) ;
#2285 = DIRECTION ( 'NONE',  ( 1.000000000000000000, -0.000000000000000000, -0.000000000000000000 ) ) ;
#2286 = ORIENTED_EDGE ( 'NONE', *, *, #3023, .T. ) ;
#2287 = CARTESIAN_POINT ( 'NONE',  ( 2.399999999999999911, -0.7999999999999994893, 0.1000000000000000056 ) ) ;
#2288 = FILL_AREA_STYLE_COLOUR ( '', #4340 ) ;
#2289 = SURFACE_STYLE_USAGE ( .BOTH. , #879 ) ;
#2290 = LINE ( 'NONE', #2699, #355 ) ;
#2291 = LINE ( 'NONE', #809, #3421 ) ;
#2292 = VECTOR ( 'NONE', #4587, 1000.000000000000000 ) ;
#2293 = AXIS2_PLACEMENT_3D ( 'NONE', #3580, #2201, #416 ) ;
#2294 =( LENGTH_UNIT ( ) NAMED_UNIT ( * ) SI_UNIT ( .MILLI., .METRE. ) );
#2295 = CARTESIAN_POINT ( 'NONE',  ( -1.800000000000000044, -0.7999999999999994893, 0.1000000000000000056 ) ) ;
#2296 = PRESENTATION_LAYER_ASSIGNMENT (  '', '', ( #1700 ) ) ;
#2297 = CARTESIAN_POINT ( 'NONE',  ( -2.399999999999999911, 0.7999999999999997113, 0.1000000000000000056 ) ) ;
#2298 =( GEOMETRIC_REPRESENTATION_CONTEXT ( 3 ) GLOBAL_UNCERTAINTY_ASSIGNED_CONTEXT ( ( #777 ) ) GLOBAL_UNIT_ASSIGNED_CONTEXT ( ( #1259, #1298, #3365 ) ) REPRESENTATION_CONTEXT ( 'NONE', 'WORKASPACE' ) );
#2299 = CARTESIAN_POINT ( 'NONE',  ( 2.399999999999999911, 1.199999999999999956, 0.000000000000000000 ) ) ;
#2300 = VECTOR ( 'NONE', #4220, 1000.000000000000000 ) ;
#2301 = ORIENTED_EDGE ( 'NONE', *, *, #2095, .T. ) ;
#2302 = SURFACE_STYLE_FILL_AREA ( #2686 ) ;
#2303 = B_SPLINE_CURVE_WITH_KNOTS ( 'NONE', 3,
 ( #4423, #1459, #3556, #1789, #3228, #2495, #4213 ),
 .UNSPECIFIED., .F., .F.,
 ( 4, 1, 1, 1, 4 ),
 ( 0.000000000000000000, 0.1428571428571431545, 0.2857142857142862535, 0.4285714285714287697, 0.5000000000000000000 ),
 .UNSPECIFIED. ) ;
#2304 = DIRECTION ( 'NONE',  ( -0.000000000000000000, 1.000000000000000000, -0.000000000000000000 ) ) ;
#2305 = AXIS2_PLACEMENT_3D ( 'NONE', #425, #2898, #1117 ) ;
#2306 = VECTOR ( 'NONE', #3891, 1000.000000000000000 ) ;
#2307 = SURFACE_SIDE_STYLE ('',( #3995 ) ) ;
#2308 = VECTOR ( 'NONE', #2682, 1000.000000000000000 ) ;
#2309 = VERTEX_POINT ( 'NONE', #4122 ) ;
#2310 = EDGE_CURVE ( 'NONE', #806, #3795, #3759, .T. ) ;
#2311 = CARTESIAN_POINT ( 'NONE',  ( -2.399999999999999911, 1.199999999999999956, 0.1000000000000000056 ) ) ;
#2312 = CARTESIAN_POINT ( 'NONE',  ( 2.399999999999999911, 0.7999999999999997113, 0.000000000000000000 ) ) ;
#2313 = STYLED_ITEM ( 'NONE', ( #2916 ), #3226 ) ;
#2314 = EDGE_CURVE ( 'NONE', #2914, #4338, #4156, .T. ) ;
#2315 = CIRCLE ( 'NONE', #2172, 0.04999999999999991257 ) ;
#2316 = CARTESIAN_POINT ( 'NONE',  ( -2.399999999999999911, 1.199999999999999956, 0.1000000000000000056 ) ) ;
#2317 = DIRECTION ( 'NONE',  ( 1.000000000000000000, 0.000000000000000000, -0.000000000000000000 ) ) ;
#2318 = CARTESIAN_POINT ( 'NONE',  ( -1.800000000000000044, 1.799999999999999600, 0.1000000000000000056 ) ) ;
#2319 = ORIENTED_EDGE ( 'NONE', *, *, #2502, .F. ) ;
#2320 = MECHANICAL_DESIGN_GEOMETRIC_PRESENTATION_REPRESENTATION (  '', ( #1583 ), #1870 ) ;
#2321 = DIRECTION ( 'NONE',  ( 1.000000000000000000, -0.000000000000000000, -0.000000000000000000 ) ) ;
#2322 = DIRECTION ( 'NONE',  ( 1.000000000000000000, 0.000000000000000000, 0.000000000000000000 ) ) ;
#2323 = EDGE_CURVE ( 'NONE', #3319, #4005, #2290, .T. ) ;
#2324 = AXIS2_PLACEMENT_3D ( 'NONE', #3168, #4568, #418 ) ;
#2325 = CARTESIAN_POINT ( 'NONE',  ( -2.044529805392913069, 2.195097824863973202, 1.350000000000000089 ) ) ;
#2326 = DIRECTION ( 'NONE',  ( -0.000000000000000000, 1.000000000000000000, -0.000000000000000000 ) ) ;
#2327 = ORIENTED_EDGE ( 'NONE', *, *, #2988, .T. ) ;
#2328 = VERTEX_POINT ( 'NONE', #1982 ) ;
#2329 = AXIS2_PLACEMENT_3D ( 'NONE', #2680, #2038, #546 ) ;
#2330 = DIRECTION ( 'NONE',  ( -0.000000000000000000, 0.000000000000000000, 1.000000000000000000 ) ) ;
#2331 = PLANE ( 'NONE',  #1040 ) ;
#2332 = PRESENTATION_STYLE_ASSIGNMENT (( #928 ) ) ;
#2333 = ORIENTED_EDGE ( 'NONE', *, *, #691, .F. ) ;
#2334 = CARTESIAN_POINT ( 'NONE',  ( -2.399999999999999911, 1.199999999999999956, 0.000000000000000000 ) ) ;
#2335 =( NAMED_UNIT ( * ) SI_UNIT ( $, .STERADIAN. ) SOLID_ANGLE_UNIT ( ) );
#2336 = CARTESIAN_POINT ( 'NONE',  ( 2.399999999999999911, 1.199999999999999956, 0.1000000000000000056 ) ) ;
#2337 = LINE ( 'NONE', #2748, #2308 ) ;
#2338 = EDGE_CURVE ( 'NONE', #3598, #236, #1237, .T. ) ;
#2339 = VERTEX_POINT ( 'NONE', #2318 ) ;
#2340 = SURFACE_SIDE_STYLE ('',( #3722 ) ) ;
#2341 = SURFACE_SIDE_STYLE ('',( #941 ) ) ;
#2342 = CARTESIAN_POINT ( 'NONE',  ( 1.800000000000000044, -0.7999999999999994893, 0.000000000000000000 ) ) ;
#2343 = VECTOR ( 'NONE', #1612, 1000.000000000000000 ) ;
#2344 = DIRECTION ( 'NONE',  ( 1.000000000000000000, 0.000000000000000000, 0.000000000000000000 ) ) ;
#2345 = ORIENTED_EDGE ( 'NONE', *, *, #402, .F. ) ;
#2346 = DIRECTION ( 'NONE',  ( 1.000000000000000000, 0.000000000000000000, 0.000000000000000000 ) ) ;
#2347 = ORIENTED_EDGE ( 'NONE', *, *, #3155, .T. ) ;
#2348 = LINE ( 'NONE', #3764, #2936 ) ;
#2349 = CARTESIAN_POINT ( 'NONE',  ( -2.399999999999999911, 2.199999999999999734, 0.000000000000000000 ) ) ;
#2350 = CARTESIAN_POINT ( 'NONE',  ( 2.399999999999999911, 0.2000000000000000944, 0.1000000000000000056 ) ) ;
#2351 = LINE ( 'NONE', #2696, #426 ) ;
#2352 = ORIENTED_EDGE ( 'NONE', *, *, #3601, .T. ) ;
#2353 = VERTEX_POINT ( 'NONE', #966 ) ;
#2354 = ORIENTED_EDGE ( 'NONE', *, *, #2360, .T. ) ;
#2355 = ORIENTED_EDGE ( 'NONE', *, *, #359, .T. ) ;
#2356 = CARTESIAN_POINT ( 'NONE',  ( -2.399999999999999911, 2.199999999999999734, 0.1000000000000000056 ) ) ;
#2357 = CARTESIAN_POINT ( 'NONE',  ( 2.399999999999999911, -1.799999999999999600, 0.1000000000000000056 ) ) ;
#2358 = COLOUR_RGB ( '',0.8431372549019607865, 0.8431372549019607865, 0.8431372549019607865 ) ;
#2359 = PRESENTATION_LAYER_ASSIGNMENT (  '', '', ( #2901 ) ) ;
#2360 = EDGE_CURVE ( 'NONE', #3912, #371, #2383, .T. ) ;
#2361 = AXIS2_PLACEMENT_3D ( 'NONE', #95, #2958, #1908 ) ;
#2362 = EDGE_CURVE ( 'NONE', #2937, #1900, #1575, .T. ) ;
#2363 = AXIS2_PLACEMENT_3D ( 'NONE', #859, #908, #4136 ) ;
#2364 = SURFACE_STYLE_USAGE ( .BOTH. , #2340 ) ;
#2365 = EDGE_CURVE ( 'NONE', #308, #3788, #3951, .T. ) ;
#2366 = DIRECTION ( 'NONE',  ( 0.000000000000000000, 0.000000000000000000, -1.000000000000000000 ) ) ;
#2367 = ORIENTED_EDGE ( 'NONE', *, *, #1719, .F. ) ;
#2368 = VECTOR ( 'NONE', #3245, 1000.000000000000000 ) ;
#2369 = VECTOR ( 'NONE', #3721, 1000.000000000000000 ) ;
#2370 = FACE_OUTER_BOUND ( 'NONE', #3288, .T. ) ;
#2371 = EDGE_LOOP ( 'NONE', ( #1623, #2907, #1658, #464 ) ) ;
#2372 = DIRECTION ( 'NONE',  ( 1.000000000000000000, 0.000000000000000000, -0.000000000000000000 ) ) ;
#2373 = VERTEX_POINT ( 'NONE', #4183 ) ;
#2374 = EDGE_CURVE ( 'NONE', #1174, #4494, #2303, .T. ) ;
#2375 = CARTESIAN_POINT ( 'NONE',  ( -1.800000000000000044, -1.199999999999999734, 0.1000000000000000056 ) ) ;
#2376 = COLOUR_RGB ( '',0.7921568627450980005, 0.8196078431372548767, 0.9333333333333333481 ) ;
#2377 = MECHANICAL_DESIGN_GEOMETRIC_PRESENTATION_REPRESENTATION (  '', ( #4607 ), #1999 ) ;
#2378 = LINE ( 'NONE', #3789, #4395 ) ;
#2379 = VECTOR ( 'NONE', #4266, 1000.000000000000000 ) ;
#2380 = DIRECTION ( 'NONE',  ( -0.000000000000000000, 1.000000000000000000, -0.000000000000000000 ) ) ;
#2381 = ORIENTED_EDGE ( 'NONE', *, *, #805, .T. ) ;
#2382 = VECTOR ( 'NONE', #2984, 1000.000000000000000 ) ;
#2383 = LINE ( 'NONE', #3361, #2231 ) ;
#2384 = EDGE_LOOP ( 'NONE', ( #4184, #2225, #3808, #2173 ) ) ;
#2385 = VERTEX_POINT ( 'NONE', #312 ) ;
#2386 = FILL_AREA_STYLE_COLOUR ( '', #1624 ) ;
#2387 = COLOUR_RGB ( '',0.8431372549019607865, 0.8431372549019607865, 0.8431372549019607865 ) ;
#2388 = EDGE_LOOP ( 'NONE', ( #2257, #3079, #2455, #1510 ) ) ;
#2389 = CARTESIAN_POINT ( 'NONE',  ( -1.800000000000000044, -1.199999999999999734, 0.1000000000000000056 ) ) ;
#2390 =( NAMED_UNIT ( * ) SI_UNIT ( $, .STERADIAN. ) SOLID_ANGLE_UNIT ( ) );
#2391 = CARTESIAN_POINT ( 'NONE',  ( 0.000000000000000000, 0.000000000000000000, 0.1000000000000000056 ) ) ;
#2392 = VERTEX_POINT ( 'NONE', #745 ) ;
#2393 = CARTESIAN_POINT ( 'NONE',  ( -2.500000000000000000, 2.500000000000000000, 1.350000000000000089 ) ) ;
#2394 = EDGE_CURVE ( 'NONE', #3811, #1632, #2874, .T. ) ;
#2395 = AXIS2_PLACEMENT_3D ( 'NONE', #4078, #3354, #1565 ) ;
#2396 = EDGE_CURVE ( 'NONE', #733, #1011, #3874, .T. ) ;
#2397 = ORIENTED_EDGE ( 'NONE', *, *, #1481, .T. ) ;
#2398 = EDGE_LOOP ( 'NONE', ( #3798, #3394, #84, #2507 ) ) ;
#2399 = STYLED_ITEM ( 'NONE', ( #3561 ), #4471 ) ;
#2400 = DIRECTION ( 'NONE',  ( -1.000000000000000000, 0.000000000000000000, 0.000000000000000000 ) ) ;
#2401 = DIRECTION ( 'NONE',  ( 0.000000000000000000, 0.000000000000000000, -1.000000000000000000 ) ) ;
#2402 = ADVANCED_FACE ( 'NONE', ( #2134 ), #18, .T. ) ;
#2403 = ORIENTED_EDGE ( 'NONE', *, *, #4380, .T. ) ;
#2404 = FILL_AREA_STYLE_COLOUR ( '', #2245 ) ;
#2405 = FACE_OUTER_BOUND ( 'NONE', #3690, .T. ) ;
#2406 = ADVANCED_FACE ( 'NONE', ( #2840 ), #2429, .F. ) ;
#2407 = ORIENTED_EDGE ( 'NONE', *, *, #2555, .F. ) ;
#2408 =( NAMED_UNIT ( * ) SI_UNIT ( $, .STERADIAN. ) SOLID_ANGLE_UNIT ( ) );
#2409 = FACE_OUTER_BOUND ( 'NONE', #2600, .T. ) ;
#2410 = SURFACE_SIDE_STYLE ('',( #1404 ) ) ;
#2411 = EDGE_CURVE ( 'NONE', #629, #4548, #2488, .T. ) ;
#2412 = ORIENTED_EDGE ( 'NONE', *, *, #3357, .F. ) ;
#2413 = DIRECTION ( 'NONE',  ( 0.000000000000000000, -1.000000000000000000, 0.000000000000000000 ) ) ;
#2414 =( LENGTH_UNIT ( ) NAMED_UNIT ( * ) SI_UNIT ( .MILLI., .METRE. ) );
#2415 = FILL_AREA_STYLE_COLOUR ( '', #656 ) ;
#2416 = SURFACE_STYLE_USAGE ( .BOTH. , #2140 ) ;
#2417 = ORIENTED_EDGE ( 'NONE', *, *, #2017, .T. ) ;
#2418 = VECTOR ( 'NONE', #3419, 1000.000000000000000 ) ;
#2419 = CARTESIAN_POINT ( 'NONE',  ( -2.449999999999999289, -2.449999999999999734, 1.300000000000000266 ) ) ;
#2420 = LINE ( 'NONE', #4557, #508 ) ;
#2421 = ORIENTED_EDGE ( 'NONE', *, *, #2593, .F. ) ;
#2422 = EDGE_CURVE ( 'NONE', #4005, #675, #4561, .T. ) ;
#2423 = DIRECTION ( 'NONE',  ( -1.000000000000000000, -0.000000000000000000, -0.000000000000000000 ) ) ;
#2424 = CARTESIAN_POINT ( 'NONE',  ( 1.800000000000000044, -1.199999999999999734, 0.1000000000000000056 ) ) ;
#2425 = LINE ( 'NONE', #1295, #3919 ) ;
#2426 = EDGE_CURVE ( 'NONE', #363, #383, #2420, .T. ) ;
#2427 = DIRECTION ( 'NONE',  ( -0.000000000000000000, 1.000000000000000000, 0.000000000000000000 ) ) ;
#2428 = ORIENTED_EDGE ( 'NONE', *, *, #2501, .F. ) ;
#2429 = PLANE ( 'NONE',  #3434 ) ;
#2430 = ORIENTED_EDGE ( 'NONE', *, *, #29, .T. ) ;
#2431 = EDGE_LOOP ( 'NONE', ( #2894, #1072, #1931, #1661 ) ) ;
#2432 = CARTESIAN_POINT ( 'NONE',  ( -2.399999999999999911, 0.2000000000000000944, 0.1000000000000000056 ) ) ;
#2433 = ORIENTED_EDGE ( 'NONE', *, *, #2723, .F. ) ;
#2434 = LINE ( 'NONE', #4187, #3075 ) ;
#2435 = DIRECTION ( 'NONE',  ( 0.000000000000000000, 0.000000000000000000, -1.000000000000000000 ) ) ;
#2436 = EDGE_LOOP ( 'NONE', ( #2381, #2890, #1925, #2751 ) ) ;
#2437 = FILL_AREA_STYLE ('',( #4524 ) ) ;
#2438 = PRESENTATION_STYLE_ASSIGNMENT (( #1016 ) ) ;
#2439 = EDGE_LOOP ( 'NONE', ( #3909, #824, #4219, #296 ) ) ;
#2440 = EDGE_LOOP ( 'NONE', ( #3506, #1209, #3325 ) ) ;
#2441 = UNCERTAINTY_MEASURE_WITH_UNIT (LENGTH_MEASURE( 1.000000000000000082E-05 ), #2667, 'distance_accuracy_value', 'NONE');
#2442 = CARTESIAN_POINT ( 'NONE',  ( 2.399999999999999911, 2.199999999999999734, 0.000000000000000000 ) ) ;
#2443 = AXIS2_PLACEMENT_3D ( 'NONE', #3735, #930, #539 ) ;
#2444 = VECTOR ( 'NONE', #4390, 1000.000000000000000 ) ;
#2445 = ORIENTED_EDGE ( 'NONE', *, *, #4223, .T. ) ;
#2446 = PRESENTATION_LAYER_ASSIGNMENT (  '', '', ( #4445 ) ) ;
#2447 = VECTOR ( 'NONE', #3964, 1000.000000000000000 ) ;
#2448 = CARTESIAN_POINT ( 'NONE',  ( -1.800000000000000044, -1.799999999999999600, 0.000000000000000000 ) ) ;
#2449 = EDGE_CURVE ( 'NONE', #1689, #971, #2578, .T. ) ;
#2450 = CARTESIAN_POINT ( 'NONE',  ( 2.399999999999999911, 0.2000000000000000944, 0.1000000000000000056 ) ) ;
#2451 = MECHANICAL_DESIGN_GEOMETRIC_PRESENTATION_REPRESENTATION (  '', ( #2991 ), #1406 ) ;
#2452 = AXIS2_PLACEMENT_3D ( 'NONE', #4563, #3219, #4255 ) ;
#2453 = ORIENTED_EDGE ( 'NONE', *, *, #892, .F. ) ;
#2454 = FACE_OUTER_BOUND ( 'NONE', #4095, .T. ) ;
#2455 = ORIENTED_EDGE ( 'NONE', *, *, #3681, .F. ) ;
#2456 = DIRECTION ( 'NONE',  ( 1.000000000000000000, 0.000000000000000000, 0.000000000000000000 ) ) ;
#2457 = STYLED_ITEM ( 'NONE', ( #3334 ), #2663 ) ;
#2458 = VECTOR ( 'NONE', #2992, 1000.000000000000114 ) ;
#2459 = EDGE_LOOP ( 'NONE', ( #2590, #3442, #4519, #3846 ) ) ;
#2460 = EDGE_CURVE ( 'NONE', #971, #2277, #2641, .T. ) ;
#2461 = FACE_OUTER_BOUND ( 'NONE', #1838, .T. ) ;
#2462 = LINE ( 'NONE', #2036, #4243 ) ;
#2463 = DIRECTION ( 'NONE',  ( 0.000000000000000000, 0.000000000000000000, -1.000000000000000000 ) ) ;
#2464 = STYLED_ITEM ( 'NONE', ( #2521 ), #2876 ) ;
#2465 = PLANE ( 'NONE',  #1626 ) ;
#2466 = CARTESIAN_POINT ( 'NONE',  ( 1.800000000000000044, 2.199999999999999734, 0.1000000000000000056 ) ) ;
#2467 = LINE ( 'NONE', #419, #2368 ) ;
#2468 = VERTEX_POINT ( 'NONE', #1901 ) ;
#2469 = EDGE_LOOP ( 'NONE', ( #2480, #3938, #1314, #3333 ) ) ;
#2470 = SURFACE_STYLE_FILL_AREA ( #2496 ) ;
#2471 =( NAMED_UNIT ( * ) PLANE_ANGLE_UNIT ( ) SI_UNIT ( $, .RADIAN. ) );
#2472 = VECTOR ( 'NONE', #788, 1000.000000000000000 ) ;
#2473 = ORIENTED_EDGE ( 'NONE', *, *, #3976, .T. ) ;
#2474 = DIRECTION ( 'NONE',  ( 0.000000000000000000, -1.000000000000000000, 0.000000000000000000 ) ) ;
#2475 =( GEOMETRIC_REPRESENTATION_CONTEXT ( 3 ) GLOBAL_UNCERTAINTY_ASSIGNED_CONTEXT ( ( #4367 ) ) GLOBAL_UNIT_ASSIGNED_CONTEXT ( ( #813, #2676, #3428 ) ) REPRESENTATION_CONTEXT ( 'NONE', 'WORKASPACE' ) );
#2476 = VECTOR ( 'NONE', #2929, 1000.000000000000000 ) ;
#2477 = ORIENTED_EDGE ( 'NONE', *, *, #3744, .F. ) ;
#2478 = VECTOR ( 'NONE', #299, 1000.000000000000000 ) ;
#2479 = FILL_AREA_STYLE ('',( #3904 ) ) ;
#2480 = ORIENTED_EDGE ( 'NONE', *, *, #480, .F. ) ;
#2481 = DIRECTION ( 'NONE',  ( 1.000000000000000000, -0.000000000000000000, -0.000000000000000000 ) ) ;
#2482 = CARTESIAN_POINT ( 'NONE',  ( 2.399999999999999911, -0.7999999999999994893, 0.000000000000000000 ) ) ;
#2483 = DIRECTION ( 'NONE',  ( -0.000000000000000000, -0.000000000000000000, -1.000000000000000000 ) ) ;
#2484 = VERTEX_POINT ( 'NONE', #150 ) ;
#2485 = EDGE_CURVE ( 'NONE', #1125, #4382, #2952, .T. ) ;
#2486 = ADVANCED_FACE ( 'NONE', ( #1545 ), #617, .T. ) ;
#2487 = VECTOR ( 'NONE', #2803, 1000.000000000000000 ) ;
#2488 = LINE ( 'NONE', #3164, #1561 ) ;
#2489 = DIRECTION ( 'NONE',  ( -1.000000000000000000, 0.000000000000000000, 0.000000000000000000 ) ) ;
#2490 = DIRECTION ( 'NONE',  ( -1.000000000000000000, 0.000000000000000000, 0.000000000000000000 ) ) ;
#2491 = ORIENTED_EDGE ( 'NONE', *, *, #772, .T. ) ;
#2492 = LINE ( 'NONE', #687, #2070 ) ;
#2493 = FILL_AREA_STYLE_COLOUR ( '', #3283 ) ;
#2494 = SURFACE_STYLE_FILL_AREA ( #1718 ) ;
#2495 = CARTESIAN_POINT ( 'NONE',  ( -2.174640513856423762, 1.973782028046676906, 1.350000000000000089 ) ) ;
#2496 = FILL_AREA_STYLE ('',( #401 ) ) ;
#2497 = VERTEX_POINT ( 'NONE', #2824 ) ;
#2498 = PRESENTATION_STYLE_ASSIGNMENT (( #3897 ) ) ;
#2499 = LINE ( 'NONE', #4574, #4452 ) ;
#2500 = SURFACE_STYLE_FILL_AREA ( #4553 ) ;
#2501 = EDGE_CURVE ( 'NONE', #865, #1011, #4241, .T. ) ;
#2502 = EDGE_CURVE ( 'NONE', #2083, #3687, #1065, .T. ) ;
#2503 = ORIENTED_EDGE ( 'NONE', *, *, #1648, .F. ) ;
#2504 = UNCERTAINTY_MEASURE_WITH_UNIT (LENGTH_MEASURE( 1.000000000000000082E-05 ), #2110, 'distance_accuracy_value', 'NONE');
#2505 = VERTEX_POINT ( 'NONE', #3560 ) ;
#2506 = FACE_OUTER_BOUND ( 'NONE', #1328, .T. ) ;
#2507 = ORIENTED_EDGE ( 'NONE', *, *, #1686, .T. ) ;
#2508 = ORIENTED_EDGE ( 'NONE', *, *, #2814, .F. ) ;
#2509 = PRESENTATION_LAYER_ASSIGNMENT (  '', '', ( #1162 ) ) ;
#2510 = CARTESIAN_POINT ( 'NONE',  ( 2.399999999999999911, -1.199999999999999734, 0.1000000000000000056 ) ) ;
#2511 = DIRECTION ( 'NONE',  ( -1.000000000000000000, -0.000000000000000000, -0.000000000000000000 ) ) ;
#2512 = ORIENTED_EDGE ( 'NONE', *, *, #3648, .F. ) ;
#2513 =( LENGTH_UNIT ( ) NAMED_UNIT ( * ) SI_UNIT ( .MILLI., .METRE. ) );
#2514 = ORIENTED_EDGE ( 'NONE', *, *, #1882, .T. ) ;
#2515 = ADVANCED_FACE ( 'NONE', ( #2781 ), #354, .F. ) ;
#2516 = CARTESIAN_POINT ( 'NONE',  ( -2.399999999999999911, 1.199999999999999956, 0.1000000000000000056 ) ) ;
#2517 = ADVANCED_FACE ( 'NONE', ( #4195 ), #1490, .F. ) ;
#2518 = DIRECTION ( 'NONE',  ( 0.000000000000000000, 0.000000000000000000, -1.000000000000000000 ) ) ;
#2519 = DIRECTION ( 'NONE',  ( 0.000000000000000000, -0.000000000000000000, -1.000000000000000000 ) ) ;
#2520 = FILL_AREA_STYLE_COLOUR ( '', #1192 ) ;
#2521 = PRESENTATION_STYLE_ASSIGNMENT (( #1788 ) ) ;
#2522 = ORIENTED_EDGE ( 'NONE', *, *, #726, .T. ) ;
#2523 = ORIENTED_EDGE ( 'NONE', *, *, #2988, .F. ) ;
#2524 = DIRECTION ( 'NONE',  ( 1.000000000000000000, 0.000000000000000000, 0.000000000000000000 ) ) ;
#2525 = CARTESIAN_POINT ( 'NONE',  ( 2.399999999999999911, 1.199999999999999956, 0.1000000000000000056 ) ) ;
#2526 = ORIENTED_EDGE ( 'NONE', *, *, #543, .T. ) ;
#2527 = DIRECTION ( 'NONE',  ( -1.000000000000000000, 0.000000000000000000, 0.000000000000000000 ) ) ;
#2528 = AXIS2_PLACEMENT_3D ( 'NONE', #2965, #1893, #1183 ) ;
#2529 = ADVANCED_FACE ( 'NONE', ( #3273 ), #3633, .T. ) ;
#2530 = STYLED_ITEM ( 'NONE', ( #4138 ), #723 ) ;
#2531 = DIRECTION ( 'NONE',  ( 0.000000000000000000, 0.000000000000000000, -1.000000000000000000 ) ) ;
#2532 = DIRECTION ( 'NONE',  ( 1.000000000000000000, -0.000000000000000000, -0.000000000000000000 ) ) ;
#2533 = FILL_AREA_STYLE ('',( #2881 ) ) ;
#2534 = EDGE_LOOP ( 'NONE', ( #2092, #411, #219, #803 ) ) ;
#2535 = AXIS2_PLACEMENT_3D ( 'NONE', #3056, #1962, #4096 ) ;
#2536 = ORIENTED_EDGE ( 'NONE', *, *, #367, .F. ) ;
#2537 = STYLED_ITEM ( 'NONE', ( #2060 ), #1984 ) ;
#2538 = AXIS2_PLACEMENT_3D ( 'NONE', #1889, #116, #4085 ) ;
#2539 = DIRECTION ( 'NONE',  ( -0.000000000000000000, 0.000000000000000000, 1.000000000000000000 ) ) ;
#2540 = LINE ( 'NONE', #3605, #1488 ) ;
#2541 =( LENGTH_UNIT ( ) NAMED_UNIT ( * ) SI_UNIT ( .MILLI., .METRE. ) );
#2542 = COLOUR_RGB ( '',0.8431372549019607865, 0.8431372549019607865, 0.8431372549019607865 ) ;
#2543 = FACE_OUTER_BOUND ( 'NONE', #3969, .T. ) ;
#2544 = VECTOR ( 'NONE', #291, 1000.000000000000000 ) ;
#2545 = ORIENTED_EDGE ( 'NONE', *, *, #2805, .F. ) ;
#2546 = SURFACE_SIDE_STYLE ('',( #3581 ) ) ;
#2547 = AXIS2_PLACEMENT_3D ( 'NONE', #4292, #1098, #3176 ) ;
#2548 = PRESENTATION_LAYER_ASSIGNMENT (  '', '', ( #206 ) ) ;
#2549 = ORIENTED_EDGE ( 'NONE', *, *, #498, .F. ) ;
#2550 = SURFACE_STYLE_FILL_AREA ( #1084 ) ;
#2551 = VERTEX_POINT ( 'NONE', #2424 ) ;
#2552 = DIRECTION ( 'NONE',  ( -0.000000000000000000, -0.000000000000000000, -1.000000000000000000 ) ) ;
#2553 = ORIENTED_EDGE ( 'NONE', *, *, #1390, .T. ) ;
#2554 = CARTESIAN_POINT ( 'NONE',  ( 2.399999999999999911, 2.199999999999999734, 0.1000000000000000056 ) ) ;
#2555 = EDGE_CURVE ( 'NONE', #186, #4537, #256, .T. ) ;
#2556 = LINE ( 'NONE', #2188, #83 ) ;
#2557 = UNCERTAINTY_MEASURE_WITH_UNIT (LENGTH_MEASURE( 1.000000000000000082E-05 ), #3247, 'distance_accuracy_value', 'NONE');
#2558 = FILL_AREA_STYLE ('',( #2190 ) ) ;
#2559 = VECTOR ( 'NONE', #3582, 1000.000000000000000 ) ;
#2560 = PRESENTATION_LAYER_ASSIGNMENT (  '', '', ( #918 ) ) ;
#2561 = ORIENTED_EDGE ( 'NONE', *, *, #362, .T. ) ;
#2562 = EDGE_CURVE ( 'NONE', #4359, #236, #653, .T. ) ;
#2563 = DIRECTION ( 'NONE',  ( -1.000000000000000000, -0.000000000000000000, -0.000000000000000000 ) ) ;
#2564 = ADVANCED_FACE ( 'NONE', ( #609 ), #579, .T. ) ;
#2565 = AXIS2_PLACEMENT_3D ( 'NONE', #1306, #3756, #996 ) ;
#2566 =( LENGTH_UNIT ( ) NAMED_UNIT ( * ) SI_UNIT ( .MILLI., .METRE. ) );
#2567 = SURFACE_STYLE_USAGE ( .BOTH. , #4334 ) ;
#2568 = ORIENTED_EDGE ( 'NONE', *, *, #981, .F. ) ;
#2569 = ORIENTED_EDGE ( 'NONE', *, *, #805, .F. ) ;
#2570 = VECTOR ( 'NONE', #1801, 1000.000000000000000 ) ;
#2571 = DIRECTION ( 'NONE',  ( 0.000000000000000000, -1.000000000000000000, 0.000000000000000000 ) ) ;
#2572 = PRESENTATION_STYLE_ASSIGNMENT (( #347 ) ) ;
#2573 = ORIENTED_EDGE ( 'NONE', *, *, #2810, .F. ) ;
#2574 = CARTESIAN_POINT ( 'NONE',  ( 2.399999999999999911, 1.199999999999999956, 0.000000000000000000 ) ) ;
#2575 = EDGE_CURVE ( 'NONE', #4537, #743, #1753, .T. ) ;
#2576 = FILL_AREA_STYLE_COLOUR ( '', #902 ) ;
#2577 = DIRECTION ( 'NONE',  ( 0.000000000000000000, 0.000000000000000000, -1.000000000000000000 ) ) ;
#2578 = LINE ( 'NONE', #3315, #4003 ) ;
#2579 =( NAMED_UNIT ( * ) PLANE_ANGLE_UNIT ( ) SI_UNIT ( $, .RADIAN. ) );
#2580 = ORIENTED_EDGE ( 'NONE', *, *, #2847, .T. ) ;
#2581 = ORIENTED_EDGE ( 'NONE', *, *, #615, .F. ) ;
#2582 = EDGE_LOOP ( 'NONE', ( #3017, #4063, #3670, #2514 ) ) ;
#2583 =( NAMED_UNIT ( * ) SI_UNIT ( $, .STERADIAN. ) SOLID_ANGLE_UNIT ( ) );
#2584 = LINE ( 'NONE', #958, #3921 ) ;
#2585 = DIRECTION ( 'NONE',  ( 1.000000000000000000, 0.000000000000000000, 0.000000000000000000 ) ) ;
#2586 = CARTESIAN_POINT ( 'NONE',  ( 1.800000000000000044, -2.199999999999999734, 0.1000000000000000056 ) ) ;
#2587 = EDGE_CURVE ( 'NONE', #1707, #645, #3857, .T. ) ;
#2588 = CARTESIAN_POINT ( 'NONE',  ( -1.800000000000000044, 0.2000000000000000944, 0.000000000000000000 ) ) ;
#2589 = DIRECTION ( 'NONE',  ( 0.000000000000000000, 1.000000000000000000, 0.000000000000000000 ) ) ;
#2590 = ORIENTED_EDGE ( 'NONE', *, *, #3310, .F. ) ;
#2591 =( LENGTH_UNIT ( ) NAMED_UNIT ( * ) SI_UNIT ( .MILLI., .METRE. ) );
#2592 = FACE_OUTER_BOUND ( 'NONE', #2893, .T. ) ;
#2593 = EDGE_CURVE ( 'NONE', #4273, #2145, #3907, .T. ) ;
#2594 = FACE_OUTER_BOUND ( 'NONE', #1540, .T. ) ;
#2595 = SURFACE_SIDE_STYLE ('',( #519 ) ) ;
#2596 = ORIENTED_EDGE ( 'NONE', *, *, #713, .T. ) ;
#2597 = FILL_AREA_STYLE_COLOUR ( '', #4449 ) ;
#2598 = STYLED_ITEM ( 'NONE', ( #2967 ), #403 ) ;
#2599 =( LENGTH_UNIT ( ) NAMED_UNIT ( * ) SI_UNIT ( .MILLI., .METRE. ) );
#2600 = EDGE_LOOP ( 'NONE', ( #3651, #856, #435, #4079 ) ) ;
#2601 = SURFACE_SIDE_STYLE ('',( #1173 ) ) ;
#2602 = ORIENTED_EDGE ( 'NONE', *, *, #2875, .T. ) ;
#2603 = PRESENTATION_LAYER_ASSIGNMENT (  '', '', ( #2146 ) ) ;
#2604 = DIRECTION ( 'NONE',  ( 1.000000000000000000, 0.000000000000000000, 0.000000000000000000 ) ) ;
#2605 =( NAMED_UNIT ( * ) SI_UNIT ( $, .STERADIAN. ) SOLID_ANGLE_UNIT ( ) );
#2606 = UNCERTAINTY_MEASURE_WITH_UNIT (LENGTH_MEASURE( 1.000000000000000082E-05 ), #3253, 'distance_accuracy_value', 'NONE');
#2607 =( LENGTH_UNIT ( ) NAMED_UNIT ( * ) SI_UNIT ( .MILLI., .METRE. ) );
#2608 = SURFACE_STYLE_FILL_AREA ( #136 ) ;
#2609 = PRESENTATION_LAYER_ASSIGNMENT (  '', '', ( #2829 ) ) ;
#2610 = EDGE_LOOP ( 'NONE', ( #3039, #3873, #4535, #3843 ) ) ;
#2611 = DIRECTION ( 'NONE',  ( -1.000000000000000000, 0.000000000000000000, -0.000000000000000000 ) ) ;
#2612 = CARTESIAN_POINT ( 'NONE',  ( 2.500000000000000000, -2.500000000000000000, 1.300000000000000266 ) ) ;
#2613 = EDGE_CURVE ( 'NONE', #3025, #2203, #5, .T. ) ;
#2614 = VECTOR ( 'NONE', #1307, 1000.000000000000114 ) ;
#2615 = MECHANICAL_DESIGN_GEOMETRIC_PRESENTATION_REPRESENTATION (  '', ( #1924 ), #4523 ) ;
#2616 = CARTESIAN_POINT ( 'NONE',  ( -2.449999999999999289, -2.449999999999999734, 1.350000000000000089 ) ) ;
#2617 = CARTESIAN_POINT ( 'NONE',  ( -2.449999999999999734, 2.500000000000000000, 1.300000000000000266 ) ) ;
#2618 = VERTEX_POINT ( 'NONE', #1231 ) ;
#2619 = CIRCLE ( 'NONE', #434, 0.05000000000000012768 ) ;
#2620 = DIRECTION ( 'NONE',  ( -0.000000000000000000, 1.000000000000000000, -0.000000000000000000 ) ) ;
#2621 = PRESENTATION_STYLE_ASSIGNMENT (( #1902 ) ) ;
#2622 = SURFACE_STYLE_FILL_AREA ( #848 ) ;
#2623 = EDGE_CURVE ( 'NONE', #2869, #4359, #4027, .T. ) ;
#2624 = FACE_OUTER_BOUND ( 'NONE', #3265, .T. ) ;
#2625 =( GEOMETRIC_REPRESENTATION_CONTEXT ( 3 ) GLOBAL_UNCERTAINTY_ASSIGNED_CONTEXT ( ( #4029 ) ) GLOBAL_UNIT_ASSIGNED_CONTEXT ( ( #2654, #715, #2132 ) ) REPRESENTATION_CONTEXT ( 'NONE', 'WORKASPACE' ) );
#2626 = LINE ( 'NONE', #3762, #3999 ) ;
#2627 = ADVANCED_FACE ( 'NONE', ( #827 ), #2646, .F. ) ;
#2628 = PLANE ( 'NONE',  #2941 ) ;
#2629 = MECHANICAL_DESIGN_GEOMETRIC_PRESENTATION_REPRESENTATION (  '', ( #1798 ), #4406 ) ;
#2630 = DIRECTION ( 'NONE',  ( 0.000000000000000000, -1.000000000000000000, 0.000000000000000000 ) ) ;
#2631 = COLOUR_RGB ( '',0.7921568627450980005, 0.8196078431372548767, 0.9333333333333333481 ) ;
#2632 = CARTESIAN_POINT ( 'NONE',  ( -2.399999999999999911, 1.199999999999999956, 0.000000000000000000 ) ) ;
#2633 = EDGE_CURVE ( 'NONE', #3489, #3163, #1566, .T. ) ;
#2634 = PLANE ( 'NONE',  #1258 ) ;
#2635 = VECTOR ( 'NONE', #1170, 1000.000000000000000 ) ;
#2636 = CARTESIAN_POINT ( 'NONE',  ( -2.399999999999999911, 1.799999999999999600, 0.1000000000000000056 ) ) ;
#2637 = VECTOR ( 'NONE', #3181, 1000.000000000000000 ) ;
#2638 = CARTESIAN_POINT ( 'NONE',  ( 2.399999999999999911, -2.199999999999999734, 0.1000000000000000056 ) ) ;
#2639 = VERTEX_POINT ( 'NONE', #511 ) ;
#2640 =( LENGTH_UNIT ( ) NAMED_UNIT ( * ) SI_UNIT ( .MILLI., .METRE. ) );
#2641 = LINE ( 'NONE', #503, #1998 ) ;
#2642 = CARTESIAN_POINT ( 'NONE',  ( -2.399999999999999911, -1.199999999999999734, 0.000000000000000000 ) ) ;
#2643 = SURFACE_STYLE_FILL_AREA ( #1880 ) ;
#2644 = LINE ( 'NONE', #2281, #2681 ) ;
#2645 = ORIENTED_EDGE ( 'NONE', *, *, #3089, .T. ) ;
#2646 = PLANE ( 'NONE',  #3436 ) ;
#2647 = FILL_AREA_STYLE_COLOUR ( '', #1167 ) ;
#2648 = UNCERTAINTY_MEASURE_WITH_UNIT (LENGTH_MEASURE( 1.000000000000000082E-05 ), #979, 'distance_accuracy_value', 'NONE');
#2649 = DIRECTION ( 'NONE',  ( -0.000000000000000000, 1.000000000000000000, -0.000000000000000000 ) ) ;
#2650 = CLOSED_SHELL ( 'NONE', ( #2055, #2663, #3568, #1097, #2402, #1619 ) ) ;
#2651 = CARTESIAN_POINT ( 'NONE',  ( 2.399999999999999911, 1.199999999999999956, 0.1000000000000000056 ) ) ;
#2652 = CIRCLE ( 'NONE', #1899, 0.04999999999999991257 ) ;
#2653 = CARTESIAN_POINT ( 'NONE',  ( -2.399999999999999911, -0.2000000000000000944, 0.000000000000000000 ) ) ;
#2654 =( LENGTH_UNIT ( ) NAMED_UNIT ( * ) SI_UNIT ( .MILLI., .METRE. ) );
#2655 = DIRECTION ( 'NONE',  ( -0.000000000000000000, -0.000000000000000000, -1.000000000000000000 ) ) ;
#2656 = VERTEX_POINT ( 'NONE', #3378 ) ;
#2657 = STYLED_ITEM ( 'NONE', ( #2332 ), #220 ) ;
#2658 = ORIENTED_EDGE ( 'NONE', *, *, #2805, .T. ) ;
#2659 = DIRECTION ( 'NONE',  ( 0.000000000000000000, 0.000000000000000000, 1.000000000000000000 ) ) ;
#2660 = SURFACE_STYLE_FILL_AREA ( #273 ) ;
#2661 = PRESENTATION_STYLE_ASSIGNMENT (( #868 ) ) ;
#2662 = FACE_OUTER_BOUND ( 'NONE', #1330, .T. ) ;
#2663 = ADVANCED_FACE ( 'NONE', ( #1154 ), #1593, .T. ) ;
#2664 = EDGE_CURVE ( 'NONE', #492, #969, #1317, .T. ) ;
#2665 = DIRECTION ( 'NONE',  ( 0.000000000000000000, 0.000000000000000000, 1.000000000000000000 ) ) ;
#2666 = VERTEX_POINT ( 'NONE', #1289 ) ;
#2667 =( LENGTH_UNIT ( ) NAMED_UNIT ( * ) SI_UNIT ( .MILLI., .METRE. ) );
#2668 = AXIS2_PLACEMENT_3D ( 'NONE', #4474, #4401, #1554 ) ;
#2669 = CARTESIAN_POINT ( 'NONE',  ( -2.399999999999999911, 2.199999999999999734, 0.000000000000000000 ) ) ;
#2670 = MECHANICAL_DESIGN_GEOMETRIC_PRESENTATION_REPRESENTATION (  '', ( #2530 ), #420 ) ;
#2671 = EDGE_LOOP ( 'NONE', ( #3875, #3216, #3398, #704 ) ) ;
#2672 = ORIENTED_EDGE ( 'NONE', *, *, #1151, .F. ) ;
#2673 = SURFACE_STYLE_FILL_AREA ( #1916 ) ;
#2674 = MECHANICAL_DESIGN_GEOMETRIC_PRESENTATION_REPRESENTATION (  '', ( #272 ), #3200 ) ;
#2675 = STYLED_ITEM ( 'NONE', ( #3892 ), #752 ) ;
#2676 =( NAMED_UNIT ( * ) PLANE_ANGLE_UNIT ( ) SI_UNIT ( $, .RADIAN. ) );
#2677 = CARTESIAN_POINT ( 'NONE',  ( -2.499999999999999556, -2.449999999999999289, 1.350000000000000089 ) ) ;
#2678 = VECTOR ( 'NONE', #3052, 1000.000000000000000 ) ;
#2679 = EDGE_CURVE ( 'NONE', #3996, #1319, #2068, .T. ) ;
#2680 = CARTESIAN_POINT ( 'NONE',  ( 2.449999999999999734, -2.449999999999998401, 0.000000000000000000 ) ) ;
#2681 = VECTOR ( 'NONE', #3030, 1000.000000000000000 ) ;
#2682 = DIRECTION ( 'NONE',  ( 0.000000000000000000, 0.000000000000000000, -1.000000000000000000 ) ) ;
#2683 = VECTOR ( 'NONE', #3712, 1000.000000000000000 ) ;
#2684 = AXIS2_PLACEMENT_3D ( 'NONE', #627, #1056, #2490 ) ;
#2685 = LINE ( 'NONE', #1270, #4025 ) ;
#2686 = FILL_AREA_STYLE ('',( #479 ) ) ;
#2687 = CARTESIAN_POINT ( 'NONE',  ( -2.399999999999999911, 2.199999999999999734, 0.000000000000000000 ) ) ;
#2688 = VERTEX_POINT ( 'NONE', #2350 ) ;
#2689 = CARTESIAN_POINT ( 'NONE',  ( -2.399999999999999911, -0.7999999999999994893, 0.1000000000000000056 ) ) ;
#2690 = LINE ( 'NONE', #4107, #2418 ) ;
#2691 = SURFACE_STYLE_FILL_AREA ( #1256 ) ;
#2692 = CARTESIAN_POINT ( 'NONE',  ( 2.399999999999999911, 1.799999999999999600, 0.1000000000000000056 ) ) ;
#2693 = VECTOR ( 'NONE', #353, 1000.000000000000000 ) ;
#2694 = CARTESIAN_POINT ( 'NONE',  ( 1.800000000000000044, -1.199999999999999734, 0.000000000000000000 ) ) ;
#2695 =( GEOMETRIC_REPRESENTATION_CONTEXT ( 3 ) GLOBAL_UNCERTAINTY_ASSIGNED_CONTEXT ( ( #1888 ) ) GLOBAL_UNIT_ASSIGNED_CONTEXT ( ( #1679, #4542, #3954 ) ) REPRESENTATION_CONTEXT ( 'NONE', 'WORKASPACE' ) );
#2696 = CARTESIAN_POINT ( 'NONE',  ( 1.800000000000000044, 1.199999999999999956, 0.1000000000000000056 ) ) ;
#2697 = LINE ( 'NONE', #3736, #3597 ) ;
#2698 = CARTESIAN_POINT ( 'NONE',  ( 1.800000000000000044, -0.7999999999999994893, 0.1000000000000000056 ) ) ;
#2699 = CARTESIAN_POINT ( 'NONE',  ( -1.800000000000000044, -1.799999999999999600, 0.1000000000000000056 ) ) ;
#2700 = DIRECTION ( 'NONE',  ( -0.000000000000000000, 0.000000000000000000, 1.000000000000000000 ) ) ;
#2701 = VECTOR ( 'NONE', #1698, 1000.000000000000000 ) ;
#2702 = DIRECTION ( 'NONE',  ( -1.000000000000000000, 0.000000000000000000, 0.000000000000000000 ) ) ;
#2703 = CYLINDRICAL_SURFACE ( 'NONE', #2535, 0.04999999999999991257 ) ;
#2704 = DIRECTION ( 'NONE',  ( -0.000000000000000000, -0.000000000000000000, -1.000000000000000000 ) ) ;
#2705 = CARTESIAN_POINT ( 'NONE',  ( 1.800000000000000044, 0.2000000000000000944, 0.1000000000000000056 ) ) ;
#2706 = SURFACE_STYLE_USAGE ( .BOTH. , #1264 ) ;
#2707 = VECTOR ( 'NONE', #293, 1000.000000000000000 ) ;
#2708 = CARTESIAN_POINT ( 'NONE',  ( -1.875230257901547182, 2.156456307931864380, 1.350000000000000089 ) ) ;
#2709 = PLANE ( 'NONE',  #1261 ) ;
#2710 = STYLED_ITEM ( 'NONE', ( #3747 ), #4168 ) ;
#2711 = DIRECTION ( 'NONE',  ( -0.000000000000000000, 0.000000000000000000, -1.000000000000000000 ) ) ;
#2712 =( NAMED_UNIT ( * ) PLANE_ANGLE_UNIT ( ) SI_UNIT ( $, .RADIAN. ) );
#2713 = CARTESIAN_POINT ( 'NONE',  ( 1.800000000000000044, 1.199999999999999956, 0.1000000000000000056 ) ) ;
#2714 = CARTESIAN_POINT ( 'NONE',  ( 2.399999999999999911, -0.7999999999999994893, 0.000000000000000000 ) ) ;
#2715 = DIRECTION ( 'NONE',  ( 0.000000000000000000, -1.000000000000000000, 0.000000000000000000 ) ) ;
#2716 = ORIENTED_EDGE ( 'NONE', *, *, #3554, .T. ) ;
#2717 = CARTESIAN_POINT ( 'NONE',  ( 1.800000000000000044, 1.199999999999999956, 0.1000000000000000056 ) ) ;
#2718 = CARTESIAN_POINT ( 'NONE',  ( -2.399999999999999911, -2.199999999999999734, 0.1000000000000000056 ) ) ;
#2719 = SURFACE_STYLE_FILL_AREA ( #3447 ) ;
#2720 = ORIENTED_EDGE ( 'NONE', *, *, #2117, .F. ) ;
#2721 = DIRECTION ( 'NONE',  ( -0.000000000000000000, 1.000000000000000000, -0.000000000000000000 ) ) ;
#2722 = SURFACE_STYLE_USAGE ( .BOTH. , #453 ) ;
#2723 = EDGE_CURVE ( 'NONE', #584, #2497, #2378, .T. ) ;
#2724 =( NAMED_UNIT ( * ) PLANE_ANGLE_UNIT ( ) SI_UNIT ( $, .RADIAN. ) );
#2725 = ADVANCED_FACE ( 'NONE', ( #2026 ), #2331, .F. ) ;
#2726 = ORIENTED_EDGE ( 'NONE', *, *, #3462, .F. ) ;
#2727 = FACE_OUTER_BOUND ( 'NONE', #3049, .T. ) ;
#2728 = EDGE_CURVE ( 'NONE', #2160, #1683, #2000, .T. ) ;
#2729 = SURFACE_STYLE_USAGE ( .BOTH. , #4120 ) ;
#2730 =( NAMED_UNIT ( * ) SI_UNIT ( $, .STERADIAN. ) SOLID_ANGLE_UNIT ( ) );
#2731 = PRESENTATION_STYLE_ASSIGNMENT (( #1246 ) ) ;
#2732 = EDGE_LOOP ( 'NONE', ( #4234, #3069, #3854, #4485 ) ) ;
#2733 = LINE ( 'NONE', #570, #1854 ) ;
#2734 = ORIENTED_EDGE ( 'NONE', *, *, #1817, .T. ) ;
#2735 = ORIENTED_EDGE ( 'NONE', *, *, #3685, .F. ) ;
#2736 = CARTESIAN_POINT ( 'NONE',  ( 1.800000000000000044, 1.199999999999999956, 0.1000000000000000056 ) ) ;
#2737 = VERTEX_POINT ( 'NONE', #2760 ) ;
#2738 = FILL_AREA_STYLE ('',( #2404 ) ) ;
#2739 = ORIENTED_EDGE ( 'NONE', *, *, #3751, .F. ) ;
#2740 = EDGE_CURVE ( 'NONE', #4548, #3788, #251, .T. ) ;
#2741 = PLANE ( 'NONE',  #2073 ) ;
#2742 = DIRECTION ( 'NONE',  ( 0.000000000000000000, 0.000000000000000000, -1.000000000000000000 ) ) ;
#2743 = VECTOR ( 'NONE', #3468, 1000.000000000000000 ) ;
#2744 = CARTESIAN_POINT ( 'NONE',  ( -2.399999999999999911, -0.7999999999999994893, 0.1000000000000000056 ) ) ;
#2745 = EDGE_CURVE ( 'NONE', #2328, #1115, #357, .T. ) ;
#2746 = CARTESIAN_POINT ( 'NONE',  ( -2.399999999999999911, 0.7999999999999997113, 0.1000000000000000056 ) ) ;
#2747 = EDGE_CURVE ( 'NONE', #3146, #4476, #27, .T. ) ;
#2748 = CARTESIAN_POINT ( 'NONE',  ( -2.399999999999999911, 1.199999999999999956, 0.1000000000000000056 ) ) ;
#2749 = ORIENTED_EDGE ( 'NONE', *, *, #485, .F. ) ;
#2750 = COLOUR_RGB ( '',0.7921568627450980005, 0.8196078431372548767, 0.9333333333333333481 ) ;
#2751 = ORIENTED_EDGE ( 'NONE', *, *, #694, .T. ) ;
#2752 = PRESENTATION_LAYER_ASSIGNMENT (  '', '', ( #2537 ) ) ;
#2753 = VECTOR ( 'NONE', #1399, 1000.000000000000000 ) ;
#2754 = FILL_AREA_STYLE ('',( #4422 ) ) ;
#2755 = LINE ( 'NONE', #4170, #3638 ) ;
#2756 = ORIENTED_EDGE ( 'NONE', *, *, #1770, .T. ) ;
#2757 = EDGE_LOOP ( 'NONE', ( #1051, #2050, #2944, #2837 ) ) ;
#2758 = VECTOR ( 'NONE', #3460, 1000.000000000000000 ) ;
#2759 = MECHANICAL_DESIGN_GEOMETRIC_PRESENTATION_REPRESENTATION (  '', ( #206 ), #3063 ) ;
#2760 = CARTESIAN_POINT ( 'NONE',  ( -1.800000000000000044, 1.199999999999999956, 0.000000000000000000 ) ) ;
#2761 = FACE_OUTER_BOUND ( 'NONE', #1637, .T. ) ;
#2762 = MECHANICAL_DESIGN_GEOMETRIC_PRESENTATION_REPRESENTATION (  '', ( #2464 ), #3859 ) ;
#2763 = EDGE_LOOP ( 'NONE', ( #1165, #3217, #1750, #4031 ) ) ;
#2764 = CARTESIAN_POINT ( 'NONE',  ( 1.800000000000000044, -0.7999999999999994893, 0.1000000000000000056 ) ) ;
#2765 = DIRECTION ( 'NONE',  ( 0.000000000000000000, 0.000000000000000000, 1.000000000000000000 ) ) ;
#2766 =( NAMED_UNIT ( * ) PLANE_ANGLE_UNIT ( ) SI_UNIT ( $, .RADIAN. ) );
#2767 = ORIENTED_EDGE ( 'NONE', *, *, #87, .T. ) ;
#2768 = COLOUR_RGB ( '',0.8431372549019607865, 0.8431372549019607865, 0.8431372549019607865 ) ;
#2769 = PRESENTATION_STYLE_ASSIGNMENT (( #2722 ) ) ;
#2770 = VERTEX_POINT ( 'NONE', #2880 ) ;
#2771 = ORIENTED_EDGE ( 'NONE', *, *, #2021, .T. ) ;
#2772 = DIRECTION ( 'NONE',  ( -1.000000000000000000, 0.000000000000000000, 0.000000000000000000 ) ) ;
#2773 = VECTOR ( 'NONE', #689, 1000.000000000000000 ) ;
#2774 = ORIENTED_EDGE ( 'NONE', *, *, #3317, .T. ) ;
#2775 = STYLED_ITEM ( 'NONE', ( #1203 ), #3477 ) ;
#2776 = ORIENTED_EDGE ( 'NONE', *, *, #1286, .F. ) ;
#2777 = ORIENTED_EDGE ( 'NONE', *, *, #1670, .F. ) ;
#2778 = EDGE_CURVE ( 'NONE', #1871, #2914, #3950, .T. ) ;
#2779 = DIRECTION ( 'NONE',  ( 0.000000000000000000, -0.000000000000000000, -1.000000000000000000 ) ) ;
#2780 = MECHANICAL_DESIGN_GEOMETRIC_PRESENTATION_REPRESENTATION (  '', ( #4185 ), #684 ) ;
#2781 = FACE_OUTER_BOUND ( 'NONE', #4495, .T. ) ;
#2782 = DIRECTION ( 'NONE',  ( -0.000000000000000000, -0.000000000000000000, -1.000000000000000000 ) ) ;
#2783 = CARTESIAN_POINT ( 'NONE',  ( -1.800000000000000044, -0.7999999999999994893, 0.000000000000000000 ) ) ;
#2784 = AXIS2_PLACEMENT_3D ( 'NONE', #2951, #432, #890 ) ;
#2785 = UNCERTAINTY_MEASURE_WITH_UNIT (LENGTH_MEASURE( 1.000000000000000082E-05 ), #4104, 'distance_accuracy_value', 'NONE');
#2786 = ADVANCED_FACE ( 'NONE', ( #3540 ), #1768, .F. ) ;
#2787 = EDGE_CURVE ( 'NONE', #2147, #3489, #3202, .T. ) ;
#2788 = PLANE ( 'NONE',  #678 ) ;
#2789 = ADVANCED_FACE ( 'NONE', ( #2506 ), #778, .T. ) ;
#2790 = AXIS2_PLACEMENT_3D ( 'NONE', #1324, #3100, #2765 ) ;
#2791 = FACE_OUTER_BOUND ( 'NONE', #3113, .T. ) ;
#2792 = ORIENTED_EDGE ( 'NONE', *, *, #2930, .T. ) ;
#2793 = PLANE ( 'NONE',  #1278 ) ;
#2794 = DIRECTION ( 'NONE',  ( -0.000000000000000000, -0.000000000000000000, 1.000000000000000000 ) ) ;
#2795 = ORIENTED_EDGE ( 'NONE', *, *, #860, .F. ) ;
#2796 = SURFACE_STYLE_FILL_AREA ( #970 ) ;
#2797 = CARTESIAN_POINT ( 'NONE',  ( 1.800000000000000044, 1.199999999999999956, 0.1000000000000000056 ) ) ;
#2798 = ORIENTED_EDGE ( 'NONE', *, *, #1390, .F. ) ;
#2799 = PRESENTATION_STYLE_ASSIGNMENT (( #3150 ) ) ;
#2800 = LINE ( 'NONE', #4209, #2472 ) ;
#2801 = ORIENTED_EDGE ( 'NONE', *, *, #2175, .T. ) ;
#2802 = FACE_OUTER_BOUND ( 'NONE', #4551, .T. ) ;
#2803 = DIRECTION ( 'NONE',  ( -0.000000000000000000, -0.000000000000000000, -1.000000000000000000 ) ) ;
#2804 = CARTESIAN_POINT ( 'NONE',  ( 1.800000000000000044, -0.7999999999999994893, 0.000000000000000000 ) ) ;
#2805 = EDGE_CURVE ( 'NONE', #4215, #191, #1516, .T. ) ;
#2806 = ADVANCED_FACE ( 'NONE', ( #410 ), #4379, .T. ) ;
#2807 = SURFACE_SIDE_STYLE ('',( #2470 ) ) ;
#2808 = ORIENTED_EDGE ( 'NONE', *, *, #4227, .T. ) ;
#2809 = SURFACE_SIDE_STYLE ('',( #2096 ) ) ;
#2810 = EDGE_CURVE ( 'NONE', #619, #965, #2922, .T. ) ;
#2811 = CLOSED_SHELL ( 'NONE', ( #2897, #744, #1019, #2789, #1605, #2027 ) ) ;
#2812 = SURFACE_STYLE_FILL_AREA ( #1339 ) ;
#2813 = EDGE_CURVE ( 'NONE', #3534, #4514, #4500, .T. ) ;
#2814 = EDGE_CURVE ( 'NONE', #1424, #2937, #550, .T. ) ;
#2815 = DIRECTION ( 'NONE',  ( 1.000000000000000000, -0.000000000000000000, -0.000000000000000000 ) ) ;
#2816 = ORIENTED_EDGE ( 'NONE', *, *, #4484, .F. ) ;
#2817 = PLANE ( 'NONE',  #2790 ) ;
#2818 = EDGE_LOOP ( 'NONE', ( #1765, #2183, #4473, #3128 ) ) ;
#2819 = FILL_AREA_STYLE_COLOUR ( '', #3497 ) ;
#2820 = ORIENTED_EDGE ( 'NONE', *, *, #2562, .F. ) ;
#2821 = FILL_AREA_STYLE ('',( #259 ) ) ;
#2822 = CARTESIAN_POINT ( 'NONE',  ( 2.399999999999999911, -1.799999999999999600, 0.1000000000000000056 ) ) ;
#2823 = SURFACE_STYLE_USAGE ( .BOTH. , #330 ) ;
#2824 = CARTESIAN_POINT ( 'NONE',  ( 2.449999999999999734, 2.449999999999999734, 1.350000000000000089 ) ) ;
#2825 = SURFACE_SIDE_STYLE ('',( #3880 ) ) ;
#2826 = VERTEX_POINT ( 'NONE', #2342 ) ;
#2827 = UNCERTAINTY_MEASURE_WITH_UNIT (LENGTH_MEASURE( 1.000000000000000082E-05 ), #1517, 'distance_accuracy_value', 'NONE');
#2828 = CIRCLE ( 'NONE', #817, 0.04999999999999991257 ) ;
#2829 = STYLED_ITEM ( 'NONE', ( #3980 ), #916 ) ;
#2830 =( NAMED_UNIT ( * ) SI_UNIT ( $, .STERADIAN. ) SOLID_ANGLE_UNIT ( ) );
#2831 = COLOUR_RGB ( '',0.8431372549019607865, 0.8431372549019607865, 0.8431372549019607865 ) ;
#2832 = AXIS2_PLACEMENT_3D ( 'NONE', #2260, #1223, #2659 ) ;
#2833 = ORIENTED_EDGE ( 'NONE', *, *, #1394, .T. ) ;
#2834 = DIRECTION ( 'NONE',  ( 0.000000000000000000, 0.000000000000000000, -1.000000000000000000 ) ) ;
#2835 = EDGE_CURVE ( 'NONE', #2886, #492, #1993, .T. ) ;
#2836 =( NAMED_UNIT ( * ) PLANE_ANGLE_UNIT ( ) SI_UNIT ( $, .RADIAN. ) );
#2837 = ORIENTED_EDGE ( 'NONE', *, *, #754, .T. ) ;
#2838 = DIRECTION ( 'NONE',  ( 0.000000000000000000, 0.000000000000000000, -1.000000000000000000 ) ) ;
#2839 = VECTOR ( 'NONE', #2483, 1000.000000000000000 ) ;
#2840 = FACE_OUTER_BOUND ( 'NONE', #3926, .T. ) ;
#2841 = ORIENTED_EDGE ( 'NONE', *, *, #3410, .F. ) ;
#2842 = PLANE ( 'NONE',  #3132 ) ;
#2843 = PLANE ( 'NONE',  #2684 ) ;
#2844 = FACE_OUTER_BOUND ( 'NONE', #4199, .T. ) ;
#2845 = ORIENTED_EDGE ( 'NONE', *, *, #2778, .F. ) ;
#2846 = PRESENTATION_LAYER_ASSIGNMENT (  '', '', ( #2464 ) ) ;
#2847 = EDGE_CURVE ( 'NONE', #1632, #2215, #1628, .T. ) ;
#2848 = DIRECTION ( 'NONE',  ( 1.000000000000000000, 0.000000000000000000, -0.000000000000000000 ) ) ;
#2849 = FILL_AREA_STYLE ('',( #2520 ) ) ;
#2850 = PRESENTATION_STYLE_ASSIGNMENT (( #3848 ) ) ;
#2851 = PRESENTATION_LAYER_ASSIGNMENT (  '', '', ( #2313 ) ) ;
#2852 = ADVANCED_FACE ( 'NONE', ( #2020 ), #4197, .T. ) ;
#2853 = LINE ( 'NONE', #2138, #152 ) ;
#2854 = DIRECTION ( 'NONE',  ( -0.000000000000000000, 0.000000000000000000, -1.000000000000000000 ) ) ;
#2855 = LINE ( 'NONE', #4265, #760 ) ;
#2856 = CARTESIAN_POINT ( 'NONE',  ( 1.800000000000000044, 0.2000000000000000944, 0.1000000000000000056 ) ) ;
#2857 = STYLED_ITEM ( 'NONE', ( #3090 ), #3331 ) ;
#2858 = FILL_AREA_STYLE ('',( #2208 ) ) ;
#2859 = CARTESIAN_POINT ( 'NONE',  ( -2.399999999999999911, 1.799999999999999600, 0.1000000000000000056 ) ) ;
#2860 = FILL_AREA_STYLE_COLOUR ( '', #1708 ) ;
#2861 = EDGE_CURVE ( 'NONE', #1862, #4105, #2337, .T. ) ;
#2862 = EDGE_LOOP ( 'NONE', ( #1315, #3350, #335, #4205 ) ) ;
#2863 = ADVANCED_FACE ( 'NONE', ( #914 ), #4165, .F. ) ;
#2864 = VECTOR ( 'NONE', #540, 1000.000000000000000 ) ;
#2865 = DIRECTION ( 'NONE',  ( 0.000000000000000000, -1.000000000000000000, 0.000000000000000000 ) ) ;
#2866 =( NAMED_UNIT ( * ) PLANE_ANGLE_UNIT ( ) SI_UNIT ( $, .RADIAN. ) );
#2867 = STYLED_ITEM ( 'NONE', ( #310 ), #169 ) ;
#2868 = ORIENTED_EDGE ( 'NONE', *, *, #992, .F. ) ;
#2869 = VERTEX_POINT ( 'NONE', #2299 ) ;
#2870 = CARTESIAN_POINT ( 'NONE',  ( -2.399999999999999911, 0.2000000000000000944, 0.1000000000000000056 ) ) ;
#2871 = DIRECTION ( 'NONE',  ( 1.000000000000000000, 0.000000000000000000, 0.000000000000000000 ) ) ;
#2872 = DIRECTION ( 'NONE',  ( 0.000000000000000000, -0.000000000000000000, 1.000000000000000000 ) ) ;
#2873 = ADVANCED_FACE ( 'NONE', ( #4455 ), #2709, .F. ) ;
#2874 = LINE ( 'NONE', #1814, #1195 ) ;
#2875 = EDGE_CURVE ( 'NONE', #4578, #4101, #3753, .T. ) ;
#2876 = ADVANCED_FACE ( 'NONE', ( #1987 ), #3433, .T. ) ;
#2877 = ORIENTED_EDGE ( 'NONE', *, *, #1833, .F. ) ;
#2878 = DIRECTION ( 'NONE',  ( 1.000000000000000000, -0.000000000000000000, -0.000000000000000000 ) ) ;
#2879 = DIRECTION ( 'NONE',  ( -0.000000000000000000, 1.000000000000000000, -0.000000000000000000 ) ) ;
#2880 = CARTESIAN_POINT ( 'NONE',  ( 2.399999999999999911, 1.799999999999999600, 0.000000000000000000 ) ) ;
#2881 = FILL_AREA_STYLE_COLOUR ( '', #3291 ) ;
#2882 = CARTESIAN_POINT ( 'NONE',  ( -2.399999999999999911, -0.2000000000000000944, 0.1000000000000000056 ) ) ;
#2883 = ORIENTED_EDGE ( 'NONE', *, *, #1150, .F. ) ;
#2884 = VERTEX_POINT ( 'NONE', #2804 ) ;
#2885 = LINE ( 'NONE', #2938, #535 ) ;
#2886 = VERTEX_POINT ( 'NONE', #1037 ) ;
#2887 = PLANE ( 'NONE',  #3257 ) ;
#2888 = CARTESIAN_POINT ( 'NONE',  ( -2.399999999999999911, -0.7999999999999994893, 0.000000000000000000 ) ) ;
#2889 = CARTESIAN_POINT ( 'NONE',  ( -1.800000000000000044, 2.049999999999999822, 0.1000000000000000056 ) ) ;
#2890 = ORIENTED_EDGE ( 'NONE', *, *, #2212, .T. ) ;
#2891 = EDGE_CURVE ( 'NONE', #1379, #710, #1015, .T. ) ;
#2892 = ORIENTED_EDGE ( 'NONE', *, *, #1726, .F. ) ;
#2893 = EDGE_LOOP ( 'NONE', ( #2726, #2243, #2522, #3742 ) ) ;
#2894 = ORIENTED_EDGE ( 'NONE', *, *, #2314, .F. ) ;
#2895 = LINE ( 'NONE', #406, #4228 ) ;
#2896 = LINE ( 'NONE', #4309, #3492 ) ;
#2897 = ADVANCED_FACE ( 'NONE', ( #1738 ), #325, .T. ) ;
#2898 = DIRECTION ( 'NONE',  ( 0.000000000000000000, 0.000000000000000000, -1.000000000000000000 ) ) ;
#2899 = LINE ( 'NONE', #4314, #1138 ) ;
#2900 = ADVANCED_FACE ( 'NONE', ( #833 ), #1457, .F. ) ;
#2901 = STYLED_ITEM ( 'NONE', ( #2799 ), #587 ) ;
#2902 = EDGE_CURVE ( 'NONE', #1424, #798, #79, .T. ) ;
#2903 = VECTOR ( 'NONE', #3749, 1000.000000000000000 ) ;
#2904 = AXIS2_PLACEMENT_3D ( 'NONE', #3936, #763, #2179 ) ;
#2905 = ORIENTED_EDGE ( 'NONE', *, *, #3377, .F. ) ;
#2906 = VECTOR ( 'NONE', #3529, 1000.000000000000000 ) ;
#2907 = ORIENTED_EDGE ( 'NONE', *, *, #3070, .F. ) ;
#2908 = VECTOR ( 'NONE', #4554, 1000.000000000000000 ) ;
#2909 = CARTESIAN_POINT ( 'NONE',  ( 2.399999999999999911, -2.199999999999999734, 0.1000000000000000056 ) ) ;
#2910 = FACE_OUTER_BOUND ( 'NONE', #2610, .T. ) ;
#2911 = FILL_AREA_STYLE ('',( #94 ) ) ;
#2912 = DIRECTION ( 'NONE',  ( 1.000000000000000000, -0.000000000000000000, -0.000000000000000000 ) ) ;
#2913 = VECTOR ( 'NONE', #1287, 1000.000000000000000 ) ;
#2914 = VERTEX_POINT ( 'NONE', #2919 ) ;
#2915 = PLANE ( 'NONE',  #3277 ) ;
#2916 = PRESENTATION_STYLE_ASSIGNMENT (( #57 ) ) ;
#2917 = MECHANICAL_DESIGN_GEOMETRIC_PRESENTATION_REPRESENTATION (  '', ( #4007 ), #3499 ) ;
#2918 = AXIS2_PLACEMENT_3D ( 'NONE', #255, #1680, #4509 ) ;
#2919 = CARTESIAN_POINT ( 'NONE',  ( -2.399999999999999911, -0.2000000000000000944, 0.000000000000000000 ) ) ;
#2920 = SURFACE_SIDE_STYLE ('',( #1811 ) ) ;
#2921 = EDGE_CURVE ( 'NONE', #3788, #4242, #857, .T. ) ;
#2922 = CIRCLE ( 'NONE', #1119, 0.05000000000000012768 ) ;
#2923 = SURFACE_STYLE_FILL_AREA ( #864 ) ;
#2924 = DIRECTION ( 'NONE',  ( -0.000000000000000000, 0.000000000000000000, 1.000000000000000000 ) ) ;
#2925 = MECHANICAL_DESIGN_GEOMETRIC_PRESENTATION_REPRESENTATION (  '', ( #1338 ), #2097 ) ;
#2926 = UNCERTAINTY_MEASURE_WITH_UNIT (LENGTH_MEASURE( 1.000000000000000082E-05 ), #2607, 'distance_accuracy_value', 'NONE');
#2927 = EDGE_LOOP ( 'NONE', ( #4305, #1353, #1754, #3244 ) ) ;
#2928 = AXIS2_PLACEMENT_3D ( 'NONE', #2003, #1320, #649 ) ;
#2929 = DIRECTION ( 'NONE',  ( 0.000000000000000000, -1.000000000000000000, 0.000000000000000000 ) ) ;
#2930 = EDGE_CURVE ( 'NONE', #1997, #1582, #3694, .T. ) ;
#2931 = COLOUR_RGB ( '',0.7921568627450980005, 0.8196078431372548767, 0.9333333333333333481 ) ;
#2932 = ORIENTED_EDGE ( 'NONE', *, *, #560, .T. ) ;
#2933 = ADVANCED_FACE ( 'NONE', ( #1810 ), #3246, .T. ) ;
#2934 = EDGE_CURVE ( 'NONE', #1958, #3319, #770, .T. ) ;
#2935 = CARTESIAN_POINT ( 'NONE',  ( 2.399999999999999911, 0.7999999999999997113, 0.1000000000000000056 ) ) ;
#2936 = VECTOR ( 'NONE', #4318, 1000.000000000000000 ) ;
#2937 = VERTEX_POINT ( 'NONE', #2714 ) ;
#2938 = CARTESIAN_POINT ( 'NONE',  ( -2.399999999999999911, -1.799999999999999600, 0.000000000000000000 ) ) ;
#2939 = FILL_AREA_STYLE_COLOUR ( '', #2376 ) ;
#2940 = UNCERTAINTY_MEASURE_WITH_UNIT (LENGTH_MEASURE( 1.000000000000000082E-05 ), #3101, 'distance_accuracy_value', 'NONE');
#2941 = AXIS2_PLACEMENT_3D ( 'NONE', #1741, #2924, #1190 ) ;
#2942 = PLANE ( 'NONE',  #3055 ) ;
#2943 = DIRECTION ( 'NONE',  ( 0.000000000000000000, 1.000000000000000000, 0.000000000000000000 ) ) ;
#2944 = ORIENTED_EDGE ( 'NONE', *, *, #3390, .T. ) ;
#2945 = ORIENTED_EDGE ( 'NONE', *, *, #12, .F. ) ;
#2946 = ORIENTED_EDGE ( 'NONE', *, *, #2090, .F. ) ;
#2947 = DIRECTION ( 'NONE',  ( 0.000000000000000000, -1.000000000000000000, 0.000000000000000000 ) ) ;
#2948 = FILL_AREA_STYLE ('',( #838 ) ) ;
#2949 = DIRECTION ( 'NONE',  ( -1.000000000000000000, -0.000000000000000000, -0.000000000000000000 ) ) ;
#2950 = DIRECTION ( 'NONE',  ( 0.000000000000000000, 0.000000000000000000, -1.000000000000000000 ) ) ;
#2951 = CARTESIAN_POINT ( 'NONE',  ( -2.399999999999999911, -2.199999999999999734, 0.1000000000000000056 ) ) ;
#2952 = LINE ( 'NONE', #3619, #4606 ) ;
#2953 = ADVANCED_FACE ( 'NONE', ( #1284, #4072, #3474, #4146, #3112, #1589, #245, #3391, #3028, #528, #2662 ), #1668, .F. ) ;
#2954 = AXIS2_PLACEMENT_3D ( 'NONE', #1316, #3478, #225 ) ;
#2955 = VERTEX_POINT ( 'NONE', #4532 ) ;
#2956 = FILL_AREA_STYLE ('',( #92 ) ) ;
#2957 = SURFACE_STYLE_USAGE ( .BOTH. , #1521 ) ;
#2958 = DIRECTION ( 'NONE',  ( -1.000000000000000000, 0.000000000000000000, -0.000000000000000000 ) ) ;
#2959 = LINE ( 'NONE', #4368, #3204 ) ;
#2960 =( GEOMETRIC_REPRESENTATION_CONTEXT ( 3 ) GLOBAL_UNCERTAINTY_ASSIGNED_CONTEXT ( ( #2121 ) ) GLOBAL_UNIT_ASSIGNED_CONTEXT ( ( #2541, #2219, #3644 ) ) REPRESENTATION_CONTEXT ( 'NONE', 'WORKASPACE' ) );
#2961 = CARTESIAN_POINT ( 'NONE',  ( -1.800000000000000044, 0.2000000000000000944, 0.1000000000000000056 ) ) ;
#2962 =( LENGTH_UNIT ( ) NAMED_UNIT ( * ) SI_UNIT ( .MILLI., .METRE. ) );
#2963 = VERTEX_POINT ( 'NONE', #1440 ) ;
#2964 = PLANE ( 'NONE',  #215 ) ;
#2965 = CARTESIAN_POINT ( 'NONE',  ( -1.949999999999999956, 2.199999999999999734, 0.1000000000000000056 ) ) ;
#2966 = DIRECTION ( 'NONE',  ( 1.000000000000000000, 8.673617379884013384E-15, -0.000000000000000000 ) ) ;
#2967 = PRESENTATION_STYLE_ASSIGNMENT (( #21 ) ) ;
#2968 = LINE ( 'NONE', #3345, #4015 ) ;
#2969 = FACE_OUTER_BOUND ( 'NONE', #588, .T. ) ;
#2970 =( LENGTH_UNIT ( ) NAMED_UNIT ( * ) SI_UNIT ( .MILLI., .METRE. ) );
#2971 = PLANE ( 'NONE',  #4517 ) ;
#2972 = FACE_OUTER_BOUND ( 'NONE', #1527, .T. ) ;
#2973 = ORIENTED_EDGE ( 'NONE', *, *, #1086, .F. ) ;
#2974 = EDGE_LOOP ( 'NONE', ( #4210, #4556, #1671, #2224 ) ) ;
#2975 = STYLED_ITEM ( 'NONE', ( #3953 ), #638 ) ;
#2976 = DIRECTION ( 'NONE',  ( -2.602085213965215059E-14, 0.000000000000000000, -1.000000000000000000 ) ) ;
#2977 = UNCERTAINTY_MEASURE_WITH_UNIT (LENGTH_MEASURE( 1.000000000000000082E-05 ), #1736, 'distance_accuracy_value', 'NONE');
#2978 =( NAMED_UNIT ( * ) PLANE_ANGLE_UNIT ( ) SI_UNIT ( $, .RADIAN. ) );
#2979 = DIRECTION ( 'NONE',  ( 0.000000000000000000, 0.000000000000000000, -1.000000000000000000 ) ) ;
#2980 = LINE ( 'NONE', #3979, #3728 ) ;
#2981 = VECTOR ( 'NONE', #1818, 1000.000000000000000 ) ;
#2982 = DIRECTION ( 'NONE',  ( 1.000000000000000000, 0.000000000000000000, 0.000000000000000000 ) ) ;
#2983 = ORIENTED_EDGE ( 'NONE', *, *, #4580, .F. ) ;
#2984 = DIRECTION ( 'NONE',  ( -0.000000000000000000, 1.000000000000000000, -0.000000000000000000 ) ) ;
#2985 = DIRECTION ( 'NONE',  ( -0.000000000000000000, -1.000000000000000000, -0.000000000000000000 ) ) ;
#2986 = STYLED_ITEM ( 'NONE', ( #471 ), #1344 ) ;
#2987 = ADVANCED_FACE ( 'NONE', ( #1464 ), #4216, .T. ) ;
#2988 = EDGE_CURVE ( 'NONE', #2107, #1125, #2119, .T. ) ;
#2989 = FACE_OUTER_BOUND ( 'NONE', #948, .T. ) ;
#2990 = CARTESIAN_POINT ( 'NONE',  ( 2.399999999999999911, -0.2000000000000000944, 0.1000000000000000056 ) ) ;
#2991 = STYLED_ITEM ( 'NONE', ( #2438 ), #2402 ) ;
#2992 = DIRECTION ( 'NONE',  ( 0.7071067811865474617, -0.7071067811865474617, 0.000000000000000000 ) ) ;
#2993 = AXIS2_PLACEMENT_3D ( 'NONE', #1591, #3029, #2665 ) ;
#2994 = CARTESIAN_POINT ( 'NONE',  ( 2.449999999999998401, 2.500000000000000000, 1.300000000000000266 ) ) ;
#2995 = PRESENTATION_LAYER_ASSIGNMENT (  '', '', ( #4007 ) ) ;
#2996 = VERTEX_POINT ( 'NONE', #1411 ) ;
#2997 =( NAMED_UNIT ( * ) PLANE_ANGLE_UNIT ( ) SI_UNIT ( $, .RADIAN. ) );
#2998 = VECTOR ( 'NONE', #2571, 1000.000000000000000 ) ;
#2999 = FILL_AREA_STYLE_COLOUR ( '', #65 ) ;
#3000 = EDGE_CURVE ( 'NONE', #1227, #865, #2855, .T. ) ;
#3001 = AXIS2_PLACEMENT_3D ( 'NONE', #4447, #880, #652 ) ;
#3002 = ORIENTED_EDGE ( 'NONE', *, *, #925, .T. ) ;
#3003 =( NAMED_UNIT ( * ) SI_UNIT ( $, .STERADIAN. ) SOLID_ANGLE_UNIT ( ) );
#3004 = CARTESIAN_POINT ( 'NONE',  ( 2.399999999999999911, 0.2000000000000000944, 0.1000000000000000056 ) ) ;
#3005 = ADVANCED_FACE ( 'NONE', ( #4311 ), #4288, .F. ) ;
#3006 = VECTOR ( 'NONE', #957, 1000.000000000000000 ) ;
#3007 = CARTESIAN_POINT ( 'NONE',  ( -2.399999999999999911, 2.199999999999999734, 0.1000000000000000056 ) ) ;
#3008 = PLANE ( 'NONE',  #3711 ) ;
#3009 = LINE ( 'NONE', #1911, #2444 ) ;
#3010 = ORIENTED_EDGE ( 'NONE', *, *, #1216, .T. ) ;
#3011 = DIRECTION ( 'NONE',  ( 0.000000000000000000, 1.000000000000000000, 0.000000000000000000 ) ) ;
#3012 = VECTOR ( 'NONE', #3312, 1000.000000000000000 ) ;
#3013 = FILL_AREA_STYLE_COLOUR ( '', #3705 ) ;
#3014 = ORIENTED_EDGE ( 'NONE', *, *, #1965, .T. ) ;
#3015 = FILL_AREA_STYLE_COLOUR ( '', #4595 ) ;
#3016 = AXIS2_PLACEMENT_3D ( 'NONE', #2466, #4549, #3225 ) ;
#3017 = ORIENTED_EDGE ( 'NONE', *, *, #2575, .F. ) ;
#3018 = FACE_OUTER_BOUND ( 'NONE', #2158, .T. ) ;
#3019 =( NAMED_UNIT ( * ) PLANE_ANGLE_UNIT ( ) SI_UNIT ( $, .RADIAN. ) );
#3020 = SURFACE_STYLE_USAGE ( .BOTH. , #1877 ) ;
#3021 = LINE ( 'NONE', #4418, #2743 ) ;
#3022 = VECTOR ( 'NONE', #2380, 1000.000000000000000 ) ;
#3023 = EDGE_CURVE ( 'NONE', #806, #2160, #3917, .T. ) ;
#3024 = ADVANCED_FACE ( 'NONE', ( #3252 ), #639, .F. ) ;
#3025 = VERTEX_POINT ( 'NONE', #1489 ) ;
#3026 = CARTESIAN_POINT ( 'NONE',  ( -1.800000000000000044, 0.2000000000000000944, 0.1000000000000000056 ) ) ;
#3027 = DIRECTION ( 'NONE',  ( 0.7071067811865474617, -0.7071067811865474617, 0.000000000000000000 ) ) ;
#3028 = FACE_BOUND ( 'NONE', #102, .T. ) ;
#3029 = DIRECTION ( 'NONE',  ( 0.000000000000000000, 1.000000000000000000, -0.000000000000000000 ) ) ;
#3030 = DIRECTION ( 'NONE',  ( -0.000000000000000000, -0.000000000000000000, -1.000000000000000000 ) ) ;
#3031 = EDGE_LOOP ( 'NONE', ( #1534, #3888, #4511, #747 ) ) ;
#3032 = ORIENTED_EDGE ( 'NONE', *, *, #2501, .T. ) ;
#3033 = UNCERTAINTY_MEASURE_WITH_UNIT (LENGTH_MEASURE( 1.000000000000000082E-05 ), #677, 'distance_accuracy_value', 'NONE');
#3034 = SURFACE_STYLE_USAGE ( .BOTH. , #332 ) ;
#3035 = FACE_OUTER_BOUND ( 'NONE', #1148, .T. ) ;
#3036 = ORIENTED_EDGE ( 'NONE', *, *, #2276, .T. ) ;
#3037 = ADVANCED_FACE ( 'NONE', ( #457 ), #2187, .F. ) ;
#3038 = CARTESIAN_POINT ( 'NONE',  ( 0.000000000000000000, 0.000000000000000000, 0.000000000000000000 ) ) ;
#3039 = ORIENTED_EDGE ( 'NONE', *, *, #3241, .T. ) ;
#3040 = LINE ( 'NONE', #496, #1552 ) ;
#3041 =( NAMED_UNIT ( * ) PLANE_ANGLE_UNIT ( ) SI_UNIT ( $, .RADIAN. ) );
#3042 = CARTESIAN_POINT ( 'NONE',  ( 1.800000000000000044, 0.7999999999999997113, 0.000000000000000000 ) ) ;
#3043 = CARTESIAN_POINT ( 'NONE',  ( -1.800000000000000044, 0.2000000000000000944, 0.1000000000000000056 ) ) ;
#3044 = CARTESIAN_POINT ( 'NONE',  ( -2.399999999999999911, 0.7999999999999997113, 0.1000000000000000056 ) ) ;
#3045 = SURFACE_STYLE_USAGE ( .BOTH. , #1970 ) ;
#3046 = DIRECTION ( 'NONE',  ( 0.000000000000000000, 0.000000000000000000, -1.000000000000000000 ) ) ;
#3047 = FACE_OUTER_BOUND ( 'NONE', #4024, .T. ) ;
#3048 = VECTOR ( 'NONE', #2180, 1000.000000000000000 ) ;
#3049 = EDGE_LOOP ( 'NONE', ( #1402, #3407, #3901, #3547 ) ) ;
#3050 = AXIS2_PLACEMENT_3D ( 'NONE', #4566, #1380, #2742 ) ;
#3051 =( NAMED_UNIT ( * ) SI_UNIT ( $, .STERADIAN. ) SOLID_ANGLE_UNIT ( ) );
#3052 = DIRECTION ( 'NONE',  ( -0.000000000000000000, 1.000000000000000000, -0.000000000000000000 ) ) ;
#3053 = DIRECTION ( 'NONE',  ( 1.000000000000000000, 0.000000000000000000, 0.000000000000000000 ) ) ;
#3054 = VECTOR ( 'NONE', #3362, 1000.000000000000000 ) ;
#3055 = AXIS2_PLACEMENT_3D ( 'NONE', #4354, #3977, #861 ) ;
#3056 = CARTESIAN_POINT ( 'NONE',  ( 0.000000000000000000, -2.449999999999999734, 1.300000000000000266 ) ) ;
#3057 = LINE ( 'NONE', #208, #124 ) ;
#3058 = STYLED_ITEM ( 'NONE', ( #3227 ), #2027 ) ;
#3059 = CARTESIAN_POINT ( 'NONE',  ( -1.824999999999999734, 1.999999999999999112, 1.350000000000000089 ) ) ;
#3060 = VECTOR ( 'NONE', #2270, 1000.000000000000000 ) ;
#3061 = ORIENTED_EDGE ( 'NONE', *, *, #626, .F. ) ;
#3062 = STYLED_ITEM ( 'NONE', ( #3975 ), #2151 ) ;
#3063 =( GEOMETRIC_REPRESENTATION_CONTEXT ( 3 ) GLOBAL_UNCERTAINTY_ASSIGNED_CONTEXT ( ( #1145 ) ) GLOBAL_UNIT_ASSIGNED_CONTEXT ( ( #3392, #871, #2280 ) ) REPRESENTATION_CONTEXT ( 'NONE', 'WORKASPACE' ) );
#3064 = PRESENTATION_STYLE_ASSIGNMENT (( #2729 ) ) ;
#3065 = LINE ( 'NONE', #1273, #1922 ) ;
#3066 = VECTOR ( 'NONE', #294, 1000.000000000000000 ) ;
#3067 = ORIENTED_EDGE ( 'NONE', *, *, #1062, .T. ) ;
#3068 = DIRECTION ( 'NONE',  ( -1.000000000000000000, 0.000000000000000000, 0.000000000000000000 ) ) ;
#3069 = ORIENTED_EDGE ( 'NONE', *, *, #168, .F. ) ;
#3070 = EDGE_CURVE ( 'NONE', #1178, #2770, #2968, .T. ) ;
#3071 = ORIENTED_EDGE ( 'NONE', *, *, #3680, .T. ) ;
#3072 = STYLED_ITEM ( 'NONE', ( #939 ), #3157 ) ;
#3073 = EDGE_CURVE ( 'NONE', #4297, #4359, #4419, .T. ) ;
#3074 = DIRECTION ( 'NONE',  ( -0.000000000000000000, 0.000000000000000000, -1.000000000000000000 ) ) ;
#3075 = VECTOR ( 'NONE', #990, 1000.000000000000000 ) ;
#3076 = EDGE_LOOP ( 'NONE', ( #3408, #1659, #2198, #3903 ) ) ;
#3077 = EDGE_CURVE ( 'NONE', #2996, #3733, #500, .T. ) ;
#3078 = SURFACE_STYLE_USAGE ( .BOTH. , #3385 ) ;
#3079 = ORIENTED_EDGE ( 'NONE', *, *, #1625, .F. ) ;
#3080 = SURFACE_STYLE_USAGE ( .BOTH. , #475 ) ;
#3081 = FACE_OUTER_BOUND ( 'NONE', #668, .T. ) ;
#3082 = VERTEX_POINT ( 'NONE', #1206 ) ;
#3083 = PRESENTATION_LAYER_ASSIGNMENT (  '', '', ( #529 ) ) ;
#3084 = LINE ( 'NONE', #4478, #4475 ) ;
#3085 = ORIENTED_EDGE ( 'NONE', *, *, #4380, .F. ) ;
#3086 = VERTEX_POINT ( 'NONE', #2638 ) ;
#3087 = VECTOR ( 'NONE', #2150, 1000.000000000000000 ) ;
#3088 = EDGE_CURVE ( 'NONE', #2353, #1862, #145, .T. ) ;
#3089 = EDGE_CURVE ( 'NONE', #4215, #2505, #407, .T. ) ;
#3090 = PRESENTATION_STYLE_ASSIGNMENT (( #3758 ) ) ;
#3091 = SURFACE_STYLE_FILL_AREA ( #1647 ) ;
#3092 = DIRECTION ( 'NONE',  ( 0.000000000000000000, -1.000000000000000000, 0.000000000000000000 ) ) ;
#3093 = FILL_AREA_STYLE_COLOUR ( '', #1327 ) ;
#3094 = CARTESIAN_POINT ( 'NONE',  ( -2.399999999999999911, -0.7999999999999994893, 0.1000000000000000056 ) ) ;
#3095 = ORIENTED_EDGE ( 'NONE', *, *, #4433, .F. ) ;
#3096 = ORIENTED_EDGE ( 'NONE', *, *, #1086, .T. ) ;
#3097 = ADVANCED_FACE ( 'NONE', ( #2594 ), #1834, .T. ) ;
#3098 = CARTESIAN_POINT ( 'NONE',  ( 2.399999999999999911, 0.2000000000000000944, 0.1000000000000000056 ) ) ;
#3099 = DIRECTION ( 'NONE',  ( -0.000000000000000000, -0.000000000000000000, -1.000000000000000000 ) ) ;
#3100 = DIRECTION ( 'NONE',  ( 0.000000000000000000, 1.000000000000000000, -0.000000000000000000 ) ) ;
#3101 =( LENGTH_UNIT ( ) NAMED_UNIT ( * ) SI_UNIT ( .MILLI., .METRE. ) );
#3102 = ORIENTED_EDGE ( 'NONE', *, *, #4387, .T. ) ;
#3103 = DIRECTION ( 'NONE',  ( -0.000000000000000000, -0.000000000000000000, -1.000000000000000000 ) ) ;
#3104 = DIRECTION ( 'NONE',  ( -0.000000000000000000, -0.000000000000000000, -1.000000000000000000 ) ) ;
#3105 = CARTESIAN_POINT ( 'NONE',  ( -2.399999999999999911, -0.7999999999999994893, 0.1000000000000000056 ) ) ;
#3106 = CLOSED_SHELL ( 'NONE', ( #3272, #403, #1386, #228, #3992, #4032, #4437 ) ) ;
#3107 = ORIENTED_EDGE ( 'NONE', *, *, #3023, .F. ) ;
#3108 = ORIENTED_EDGE ( 'NONE', *, *, #1304, .F. ) ;
#3109 = MECHANICAL_DESIGN_GEOMETRIC_PRESENTATION_REPRESENTATION (  '', ( #3898 ), #44 ) ;
#3110 = CARTESIAN_POINT ( 'NONE',  ( 2.399999999999999911, -2.199999999999999734, 0.000000000000000000 ) ) ;
#3111 = DIRECTION ( 'NONE',  ( 1.000000000000000000, 0.000000000000000000, 0.000000000000000000 ) ) ;
#3112 = FACE_BOUND ( 'NONE', #1875, .T. ) ;
#3113 = EDGE_LOOP ( 'NONE', ( #3032, #4562, #3627, #2018 ) ) ;
#3114 = DIRECTION ( 'NONE',  ( 0.000000000000000000, -1.000000000000000000, 0.000000000000000000 ) ) ;
#3115 = EDGE_LOOP ( 'NONE', ( #2720, #2012, #1786, #3576 ) ) ;
#3116 = LINE ( 'NONE', #2044, #2701 ) ;
#3117 = VERTEX_POINT ( 'NONE', #3429 ) ;
#3118 = LINE ( 'NONE', #4177, #1826 ) ;
#3119 = CYLINDRICAL_SURFACE ( 'NONE', #2928, 0.05000000000000012768 ) ;
#3120 = CARTESIAN_POINT ( 'NONE',  ( 0.000000000000000000, 2.449999999999999734, 1.300000000000000266 ) ) ;
#3121 = LINE ( 'NONE', #4490, #4159 ) ;
#3122 = MECHANICAL_DESIGN_GEOMETRIC_PRESENTATION_REPRESENTATION (  '', ( #1914 ), #3989 ) ;
#3123 = LINE ( 'NONE', #2129, #4391 ) ;
#3124 = EDGE_LOOP ( 'NONE', ( #1234, #2877, #4604, #2491 ) ) ;
#3125 =( GEOMETRIC_REPRESENTATION_CONTEXT ( 3 ) GLOBAL_UNCERTAINTY_ASSIGNED_CONTEXT ( ( #1742 ) ) GLOBAL_UNIT_ASSIGNED_CONTEXT ( ( #3637, #3599, #700 ) ) REPRESENTATION_CONTEXT ( 'NONE', 'WORKASPACE' ) );
#3126 = CARTESIAN_POINT ( 'NONE',  ( -2.399999999999999911, 1.199999999999999956, 0.1000000000000000056 ) ) ;
#3127 = DIRECTION ( 'NONE',  ( -0.000000000000000000, 0.000000000000000000, 1.000000000000000000 ) ) ;
#3128 = ORIENTED_EDGE ( 'NONE', *, *, #4484, .T. ) ;
#3129 =( NAMED_UNIT ( * ) SI_UNIT ( $, .STERADIAN. ) SOLID_ANGLE_UNIT ( ) );
#3130 = EDGE_CURVE ( 'NONE', #1812, #654, #1415, .T. ) ;
#3131 = EDGE_CURVE ( 'NONE', #2884, #2141, #4100, .T. ) ;
#3132 = AXIS2_PLACEMENT_3D ( 'NONE', #1055, #2489, #2109 ) ;
#3133 = CARTESIAN_POINT ( 'NONE',  ( -2.399999999999999911, -0.2000000000000000944, 0.000000000000000000 ) ) ;
#3134 = VECTOR ( 'NONE', #3757, 1000.000000000000000 ) ;
#3135 = VECTOR ( 'NONE', #585, 1000.000000000000000 ) ;
#3136 = CARTESIAN_POINT ( 'NONE',  ( 2.399999999999999911, -0.7999999999999994893, 0.1000000000000000056 ) ) ;
#3137 = ORIENTED_EDGE ( 'NONE', *, *, #1666, .T. ) ;
#3138 =( GEOMETRIC_REPRESENTATION_CONTEXT ( 3 ) GLOBAL_UNCERTAINTY_ASSIGNED_CONTEXT ( ( #2785 ) ) GLOBAL_UNIT_ASSIGNED_CONTEXT ( ( #4104, #1225, #4073 ) ) REPRESENTATION_CONTEXT ( 'NONE', 'WORKASPACE' ) );
#3139 = VECTOR ( 'NONE', #3199, 1000.000000000000000 ) ;
#3140 = DIRECTION ( 'NONE',  ( 0.000000000000000000, 0.000000000000000000, -1.000000000000000000 ) ) ;
#3141 = AXIS2_PLACEMENT_3D ( 'NONE', #2241, #3666, #1904 ) ;
#3142 = LINE ( 'NONE', #2311, #1704 ) ;
#3143 = PRESENTATION_LAYER_ASSIGNMENT (  '', '', ( #4102 ) ) ;
#3144 = DIRECTION ( 'NONE',  ( -0.000000000000000000, 1.000000000000000000, -0.000000000000000000 ) ) ;
#3145 = FACE_OUTER_BOUND ( 'NONE', #2459, .T. ) ;
#3146 = VERTEX_POINT ( 'NONE', #3105 ) ;
#3147 = ORIENTED_EDGE ( 'NONE', *, *, #2016, .T. ) ;
#3148 = STYLED_ITEM ( 'NONE', ( #3305 ), #3097 ) ;
#3149 = PLANE ( 'NONE',  #64 ) ;
#3150 = SURFACE_STYLE_USAGE ( .BOTH. , #3485 ) ;
#3151 = DIRECTION ( 'NONE',  ( 1.000000000000000000, 0.000000000000000000, 0.000000000000000000 ) ) ;
#3152 =( NAMED_UNIT ( * ) PLANE_ANGLE_UNIT ( ) SI_UNIT ( $, .RADIAN. ) );
#3153 = DIRECTION ( 'NONE',  ( -1.000000000000000000, 0.000000000000000000, 0.000000000000000000 ) ) ;
#3154 = VERTEX_POINT ( 'NONE', #912 ) ;
#3155 = EDGE_CURVE ( 'NONE', #1370, #3534, #614, .T. ) ;
#3156 = MECHANICAL_DESIGN_GEOMETRIC_PRESENTATION_REPRESENTATION (  '', ( #529 ), #4342 ) ;
#3157 = ADVANCED_FACE ( 'NONE', ( #264 ), #1964, .T. ) ;
#3158 = COLOUR_RGB ( '',0.8431372549019607865, 0.8431372549019607865, 0.8431372549019607865 ) ;
#3159 = LINE ( 'NONE', #618, #1851 ) ;
#3160 =( NAMED_UNIT ( * ) SI_UNIT ( $, .STERADIAN. ) SOLID_ANGLE_UNIT ( ) );
#3161 = CARTESIAN_POINT ( 'NONE',  ( -1.800000000000000044, 0.7999999999999997113, 0.1000000000000000056 ) ) ;
#3162 = CARTESIAN_POINT ( 'NONE',  ( -2.399999999999999911, 1.799999999999999600, 0.000000000000000000 ) ) ;
#3163 = VERTEX_POINT ( 'NONE', #4233 ) ;
#3164 = CARTESIAN_POINT ( 'NONE',  ( 2.399999999999999911, -2.199999999999999734, 0.1000000000000000056 ) ) ;
#3165 = ORIENTED_EDGE ( 'NONE', *, *, #3686, .T. ) ;
#3166 = EDGE_CURVE ( 'NONE', #3154, #3850, #306, .T. ) ;
#3167 = ORIENTED_EDGE ( 'NONE', *, *, #3956, .F. ) ;
#3168 = CARTESIAN_POINT ( 'NONE',  ( 2.449999999999999734, 2.449999999999999734, 1.300000000000000266 ) ) ;
#3169 = LINE ( 'NONE', #2133, #3998 ) ;
#3170 = LINE ( 'NONE', #1014, #2487 ) ;
#3171 =( LENGTH_UNIT ( ) NAMED_UNIT ( * ) SI_UNIT ( .MILLI., .METRE. ) );
#3172 = ORIENTED_EDGE ( 'NONE', *, *, #1743, .T. ) ;
#3173 = CIRCLE ( 'NONE', #405, 0.05000000000000012768 ) ;
#3174 =( NAMED_UNIT ( * ) PLANE_ANGLE_UNIT ( ) SI_UNIT ( $, .RADIAN. ) );
#3175 = VECTOR ( 'NONE', #4411, 1000.000000000000000 ) ;
#3176 = DIRECTION ( 'NONE',  ( 0.000000000000000000, 0.000000000000000000, 1.000000000000000000 ) ) ;
#3177 = ORIENTED_EDGE ( 'NONE', *, *, #626, .T. ) ;
#3178 = PRESENTATION_STYLE_ASSIGNMENT (( #3524 ) ) ;
#3179 = FILL_AREA_STYLE_COLOUR ( '', #4022 ) ;
#3180 = ORIENTED_EDGE ( 'NONE', *, *, #1279, .F. ) ;
#3181 = DIRECTION ( 'NONE',  ( 0.000000000000000000, 0.000000000000000000, -1.000000000000000000 ) ) ;
#3182 = CARTESIAN_POINT ( 'NONE',  ( -2.449999999999999289, -2.449999999999999734, 0.000000000000000000 ) ) ;
#3183 = PRESENTATION_STYLE_ASSIGNMENT (( #3545 ) ) ;
#3184 = DIRECTION ( 'NONE',  ( 1.000000000000000000, 0.000000000000000000, 0.000000000000000000 ) ) ;
#3185 = ORIENTED_EDGE ( 'NONE', *, *, #1701, .T. ) ;
#3186 =( NAMED_UNIT ( * ) PLANE_ANGLE_UNIT ( ) SI_UNIT ( $, .RADIAN. ) );
#3187 = ORIENTED_EDGE ( 'NONE', *, *, #4272, .F. ) ;
#3188 = PRESENTATION_STYLE_ASSIGNMENT (( #3819 ) ) ;
#3189 = DIRECTION ( 'NONE',  ( 0.000000000000000000, -1.000000000000000000, 0.000000000000000000 ) ) ;
#3190 = DIRECTION ( 'NONE',  ( 1.000000000000000000, 0.000000000000000000, 0.000000000000000000 ) ) ;
#3191 = EDGE_CURVE ( 'NONE', #2145, #872, #1013, .T. ) ;
#3192 = SURFACE_STYLE_FILL_AREA ( #2437 ) ;
#3193 =( GEOMETRIC_REPRESENTATION_CONTEXT ( 3 ) GLOBAL_UNCERTAINTY_ASSIGNED_CONTEXT ( ( #2063 ) ) GLOBAL_UNIT_ASSIGNED_CONTEXT ( ( #319, #3174, #2830 ) ) REPRESENTATION_CONTEXT ( 'NONE', 'WORKASPACE' ) );
#3194 = SURFACE_STYLE_USAGE ( .BOTH. , #3559 ) ;
#3195 = CARTESIAN_POINT ( 'NONE',  ( 2.399999999999999911, -0.7999999999999994893, 0.1000000000000000056 ) ) ;
#3196 = EDGE_CURVE ( 'NONE', #1862, #3248, #3528, .T. ) ;
#3197 = PRESENTATION_LAYER_ASSIGNMENT (  '', '', ( #1026 ) ) ;
#3198 = UNCERTAINTY_MEASURE_WITH_UNIT (LENGTH_MEASURE( 1.000000000000000082E-05 ), #1641, 'distance_accuracy_value', 'NONE');
#3199 = DIRECTION ( 'NONE',  ( 0.000000000000000000, 0.000000000000000000, -1.000000000000000000 ) ) ;
#3200 =( GEOMETRIC_REPRESENTATION_CONTEXT ( 3 ) GLOBAL_UNCERTAINTY_ASSIGNED_CONTEXT ( ( #2441 ) ) GLOBAL_UNIT_ASSIGNED_CONTEXT ( ( #2667, #1613, #2605 ) ) REPRESENTATION_CONTEXT ( 'NONE', 'WORKASPACE' ) );
#3201 = CARTESIAN_POINT ( 'NONE',  ( 1.800000000000000044, 1.199999999999999956, 0.1000000000000000056 ) ) ;
#3202 = LINE ( 'NONE', #1418, #514 ) ;
#3203 = PRESENTATION_LAYER_ASSIGNMENT (  '', '', ( #3058 ) ) ;
#3204 = VECTOR ( 'NONE', #1937, 1000.000000000000000 ) ;
#3205 = LINE ( 'NONE', #3237, #1857 ) ;
#3206 = STYLED_ITEM ( 'NONE', ( #4571 ), #2252 ) ;
#3207 = STYLED_ITEM ( 'NONE', ( #164 ), #1386 ) ;
#3208 = EDGE_CURVE ( 'NONE', #2339, #1828, #4593, .T. ) ;
#3209 = ORIENTED_EDGE ( 'NONE', *, *, #2813, .F. ) ;
#3210 =( NAMED_UNIT ( * ) SI_UNIT ( $, .STERADIAN. ) SOLID_ANGLE_UNIT ( ) );
#3211 = ADVANCED_FACE ( 'NONE', ( #3939 ), #2964, .F. ) ;
#3212 = SURFACE_STYLE_FILL_AREA ( #2911 ) ;
#3213 = MECHANICAL_DESIGN_GEOMETRIC_PRESENTATION_REPRESENTATION (  '', ( #287 ), #4172 ) ;
#3214 = DIRECTION ( 'NONE',  ( -1.000000000000000000, 0.000000000000000000, 0.000000000000000000 ) ) ;
#3215 = UNCERTAINTY_MEASURE_WITH_UNIT (LENGTH_MEASURE( 1.000000000000000082E-05 ), #2414, 'distance_accuracy_value', 'NONE');
#3216 = ORIENTED_EDGE ( 'NONE', *, *, #4323, .F. ) ;
#3217 = ORIENTED_EDGE ( 'NONE', *, *, #1876, .F. ) ;
#3218 = CARTESIAN_POINT ( 'NONE',  ( 1.800000000000000044, 0.2000000000000000944, 0.000000000000000000 ) ) ;
#3219 = DIRECTION ( 'NONE',  ( 1.000000000000000000, 0.000000000000000000, 0.000000000000000000 ) ) ;
#3220 =( NAMED_UNIT ( * ) PLANE_ANGLE_UNIT ( ) SI_UNIT ( $, .RADIAN. ) );
#3221 = ORIENTED_EDGE ( 'NONE', *, *, #2847, .F. ) ;
#3222 = CARTESIAN_POINT ( 'NONE',  ( 2.449999999999998401, 2.500000000000000000, 1.350000000000000089 ) ) ;
#3223 = CARTESIAN_POINT ( 'NONE',  ( 2.449999999999999734, -2.449999999999999734, 1.300000000000000266 ) ) ;
#3224 = AXIS2_PLACEMENT_3D ( 'NONE', #3653, #2611, #450 ) ;
#3225 = DIRECTION ( 'NONE',  ( -0.000000000000000000, 0.000000000000000000, 1.000000000000000000 ) ) ;
#3226 = ADVANCED_FACE ( 'NONE', ( #3677 ), #491, .F. ) ;
#3227 = PRESENTATION_STYLE_ASSIGNMENT (( #1436 ) ) ;
#3228 = CARTESIAN_POINT ( 'NONE',  ( -2.157669551882923198, 1.895128112186709401, 1.350000000000000089 ) ) ;
#3229 = EDGE_LOOP ( 'NONE', ( #2002, #2739, #4363, #2232 ) ) ;
#3230 = VECTOR ( 'NONE', #4, 1000.000000000000000 ) ;
#3231 = DIRECTION ( 'NONE',  ( -0.000000000000000000, -0.000000000000000000, -1.000000000000000000 ) ) ;
#3232 = DIRECTION ( 'NONE',  ( -0.000000000000000000, -0.000000000000000000, -1.000000000000000000 ) ) ;
#3233 = MECHANICAL_DESIGN_GEOMETRIC_PRESENTATION_REPRESENTATION (  '', ( #1049 ), #3872 ) ;
#3234 = CARTESIAN_POINT ( 'NONE',  ( 2.399999999999999911, 1.799999999999999600, 0.1000000000000000056 ) ) ;
#3235 = CARTESIAN_POINT ( 'NONE',  ( 2.449999999999999734, -2.449999999999999734, 1.300000000000000266 ) ) ;
#3236 = VECTOR ( 'NONE', #4424, 1000.000000000000000 ) ;
#3237 = CARTESIAN_POINT ( 'NONE',  ( -2.399999999999999911, -1.199999999999999734, 0.1000000000000000056 ) ) ;
#3238 = FILL_AREA_STYLE_COLOUR ( '', #611 ) ;
#3239 = CARTESIAN_POINT ( 'NONE',  ( -2.399999999999999911, -0.2000000000000000944, 0.1000000000000000056 ) ) ;
#3240 = ORIENTED_EDGE ( 'NONE', *, *, #3538, .T. ) ;
#3241 = EDGE_CURVE ( 'NONE', #2141, #373, #1752, .T. ) ;
#3242 = DIRECTION ( 'NONE',  ( -0.000000000000000000, 0.000000000000000000, 1.000000000000000000 ) ) ;
#3243 = DIRECTION ( 'NONE',  ( 0.000000000000000000, 0.000000000000000000, -1.000000000000000000 ) ) ;
#3244 = ORIENTED_EDGE ( 'NONE', *, *, #284, .T. ) ;
#3245 = DIRECTION ( 'NONE',  ( -1.000000000000000000, 0.000000000000000000, 0.000000000000000000 ) ) ;
#3246 = SPHERICAL_SURFACE ( 'NONE', #3583, 0.05000000000000000278 ) ;
#3247 =( LENGTH_UNIT ( ) NAMED_UNIT ( * ) SI_UNIT ( .MILLI., .METRE. ) );
#3248 = VERTEX_POINT ( 'NONE', #624 ) ;
#3249 = FACE_OUTER_BOUND ( 'NONE', #34, .T. ) ;
#3250 = SURFACE_SIDE_STYLE ('',( #863 ) ) ;
#3251 = ORIENTED_EDGE ( 'NONE', *, *, #167, .F. ) ;
#3252 = FACE_OUTER_BOUND ( 'NONE', #38, .T. ) ;
#3253 =( LENGTH_UNIT ( ) NAMED_UNIT ( * ) SI_UNIT ( .MILLI., .METRE. ) );
#3254 = UNCERTAINTY_MEASURE_WITH_UNIT (LENGTH_MEASURE( 1.000000000000000082E-05 ), #3420, 'distance_accuracy_value', 'NONE');
#3255 = ORIENTED_EDGE ( 'NONE', *, *, #3648, .T. ) ;
#3256 = VERTEX_POINT ( 'NONE', #3887 ) ;
#3257 = AXIS2_PLACEMENT_3D ( 'NONE', #4055, #133, #4028 ) ;
#3258 = FACE_OUTER_BOUND ( 'NONE', #2371, .T. ) ;
#3259 =( NAMED_UNIT ( * ) SI_UNIT ( $, .STERADIAN. ) SOLID_ANGLE_UNIT ( ) );
#3260 = CARTESIAN_POINT ( 'NONE',  ( -1.800000000000000044, 2.049999999999999822, 0.1000000000000000056 ) ) ;
#3261 = CARTESIAN_POINT ( 'NONE',  ( 2.399999999999999911, -1.799999999999999600, 0.1000000000000000056 ) ) ;
#3262 = MECHANICAL_DESIGN_GEOMETRIC_PRESENTATION_REPRESENTATION (  '', ( #2657 ), #110 ) ;
#3263 = UNCERTAINTY_MEASURE_WITH_UNIT (LENGTH_MEASURE( 1.000000000000000082E-05 ), #436, 'distance_accuracy_value', 'NONE');
#3264 = CARTESIAN_POINT ( 'NONE',  ( -1.800000000000000044, 0.2000000000000000944, 0.1000000000000000056 ) ) ;
#3265 = EDGE_LOOP ( 'NONE', ( #3555, #797, #4217, #3240 ) ) ;
#3266 = PRESENTATION_STYLE_ASSIGNMENT (( #1829 ) ) ;
#3267 = CARTESIAN_POINT ( 'NONE',  ( -1.949999999999999956, 2.199999999999999734, 0.1000000000000000056 ) ) ;
#3268 = SURFACE_STYLE_FILL_AREA ( #4302 ) ;
#3269 = EDGE_CURVE ( 'NONE', #4548, #4186, #707, .T. ) ;
#3270 = DIRECTION ( 'NONE',  ( -8.673617379884037937E-17, 1.000000000000000000, 0.000000000000000000 ) ) ;
#3271 = CARTESIAN_POINT ( 'NONE',  ( -2.399999999999999911, -1.799999999999999600, 0.1000000000000000056 ) ) ;
#3272 = ADVANCED_FACE ( 'NONE', ( #3145 ), #2074, .T. ) ;
#3273 = FACE_OUTER_BOUND ( 'NONE', #1610, .T. ) ;
#3274 = MECHANICAL_DESIGN_GEOMETRIC_PRESENTATION_REPRESENTATION (  '', ( #2598 ), #3839 ) ;
#3275 = CARTESIAN_POINT ( 'NONE',  ( 2.500000000000000000, 2.500000000000000000, 0.000000000000000000 ) ) ;
#3276 = ORIENTED_EDGE ( 'NONE', *, *, #1694, .F. ) ;
#3277 = AXIS2_PLACEMENT_3D ( 'NONE', #4033, #1572, #2982 ) ;
#3278 = DIRECTION ( 'NONE',  ( 0.000000000000000000, -1.000000000000000000, 0.000000000000000000 ) ) ;
#3279 =( LENGTH_UNIT ( ) NAMED_UNIT ( * ) SI_UNIT ( .MILLI., .METRE. ) );
#3280 = VECTOR ( 'NONE', #262, 1000.000000000000000 ) ;
#3281 = ORIENTED_EDGE ( 'NONE', *, *, #1859, .T. ) ;
#3282 = CARTESIAN_POINT ( 'NONE',  ( -1.800000000000000044, 1.799999999999999600, 0.1000000000000000056 ) ) ;
#3283 = COLOUR_RGB ( '',0.8431372549019607865, 0.8431372549019607865, 0.8431372549019607865 ) ;
#3284 =( GEOMETRIC_REPRESENTATION_CONTEXT ( 3 ) GLOBAL_UNCERTAINTY_ASSIGNED_CONTEXT ( ( #4315 ) ) GLOBAL_UNIT_ASSIGNED_CONTEXT ( ( #600, #2724, #3449 ) ) REPRESENTATION_CONTEXT ( 'NONE', 'WORKASPACE' ) );
#3285 = DIRECTION ( 'NONE',  ( -0.000000000000000000, 1.000000000000000000, -0.000000000000000000 ) ) ;
#3286 = CARTESIAN_POINT ( 'NONE',  ( 0.000000000000000000, 0.000000000000000000, 0.1000000000000000056 ) ) ;
#3287 = CARTESIAN_POINT ( 'NONE',  ( 1.800000000000000044, -0.7999999999999994893, 0.1000000000000000056 ) ) ;
#3288 = EDGE_LOOP ( 'NONE', ( #3821, #3459, #3679, #1283 ) ) ;
#3289 = SURFACE_STYLE_FILL_AREA ( #3625 ) ;
#3290 = SURFACE_SIDE_STYLE ('',( #2284 ) ) ;
#3291 = COLOUR_RGB ( '',0.8431372549019607865, 0.8431372549019607865, 0.8431372549019607865 ) ;
#3292 = DIRECTION ( 'NONE',  ( 1.000000000000000000, 0.000000000000000000, 0.000000000000000000 ) ) ;
#3293 = AXIS2_PLACEMENT_3D ( 'NONE', #268, #4200, #3458 ) ;
#3294 = FACE_OUTER_BOUND ( 'NONE', #301, .T. ) ;
#3295 = EDGE_LOOP ( 'NONE', ( #1777, #439, #3573, #2716 ) ) ;
#3296 = FACE_OUTER_BOUND ( 'NONE', #1182, .T. ) ;
#3297 = AXIS2_PLACEMENT_3D ( 'NONE', #3182, #1823, #736 ) ;
#3298 = VECTOR ( 'NONE', #1755, 1000.000000000000000 ) ;
#3299 = CARTESIAN_POINT ( 'NONE',  ( -2.399999999999999911, 2.199999999999999734, 0.1000000000000000056 ) ) ;
#3300 = CARTESIAN_POINT ( 'NONE',  ( -1.800000000000000044, 0.7999999999999997113, 0.000000000000000000 ) ) ;
#3301 = VECTOR ( 'NONE', #105, 1000.000000000000000 ) ;
#3302 = EDGE_CURVE ( 'NONE', #2955, #3806, #1951, .T. ) ;
#3303 = PRESENTATION_STYLE_ASSIGNMENT (( #421 ) ) ;
#3304 = DIRECTION ( 'NONE',  ( -8.673617379884037937E-17, 1.000000000000000000, -0.000000000000000000 ) ) ;
#3305 = PRESENTATION_STYLE_ASSIGNMENT (( #3659 ) ) ;
#3306 = CARTESIAN_POINT ( 'NONE',  ( 0.000000000000000000, 0.000000000000000000, 0.000000000000000000 ) ) ;
#3307 = ORIENTED_EDGE ( 'NONE', *, *, #1392, .F. ) ;
#3308 = SURFACE_STYLE_USAGE ( .BOTH. , #1855 ) ;
#3309 = UNCERTAINTY_MEASURE_WITH_UNIT (LENGTH_MEASURE( 1.000000000000000082E-05 ), #4352, 'distance_accuracy_value', 'NONE');
#3310 = EDGE_CURVE ( 'NONE', #2309, #2392, #4407, .T. ) ;
#3311 = ADVANCED_FACE ( 'NONE', ( #1127 ), #867, .F. ) ;
#3312 = DIRECTION ( 'NONE',  ( -1.000000000000000000, 0.000000000000000000, 0.000000000000000000 ) ) ;
#3313 = AXIS2_PLACEMENT_3D ( 'NONE', #3239, #1101, #783 ) ;
#3314 = LINE ( 'NONE', #1515, #2635 ) ;
#3315 = CARTESIAN_POINT ( 'NONE',  ( -2.399999999999999911, -1.799999999999999600, 0.000000000000000000 ) ) ;
#3316 = ADVANCED_FACE ( 'NONE', ( #1822 ), #1224, .T. ) ;
#3317 = EDGE_CURVE ( 'NONE', #160, #625, #1472, .T. ) ;
#3318 = VERTEX_POINT ( 'NONE', #2642 ) ;
#3319 = VERTEX_POINT ( 'NONE', #3725 ) ;
#3320 = VECTOR ( 'NONE', #3990, 1000.000000000000000 ) ;
#3321 =( NAMED_UNIT ( * ) PLANE_ANGLE_UNIT ( ) SI_UNIT ( $, .RADIAN. ) );
#3322 = UNCERTAINTY_MEASURE_WITH_UNIT (LENGTH_MEASURE( 1.000000000000000082E-05 ), #2640, 'distance_accuracy_value', 'NONE');
#3323 = VECTOR ( 'NONE', #2838, 1000.000000000000000 ) ;
#3324 = DIRECTION ( 'NONE',  ( -0.000000000000000000, -0.000000000000000000, -1.000000000000000000 ) ) ;
#3325 = ORIENTED_EDGE ( 'NONE', *, *, #1003, .F. ) ;
#3326 = CARTESIAN_POINT ( 'NONE',  ( -1.800000000000000044, 2.049999999999999822, 0.1000000000000000056 ) ) ;
#3327 = CARTESIAN_POINT ( 'NONE',  ( -2.500000000000000000, 2.449999999999999734, 1.300000000000000266 ) ) ;
#3328 =( LENGTH_UNIT ( ) NAMED_UNIT ( * ) SI_UNIT ( .MILLI., .METRE. ) );
#3329 = LINE ( 'NONE', #866, #298 ) ;
#3330 = CARTESIAN_POINT ( 'NONE',  ( 1.800000000000000044, -1.199999999999999734, 0.1000000000000000056 ) ) ;
#3331 = ADVANCED_FACE ( 'NONE', ( #2910 ), #3624, .T. ) ;
#3332 = LINE ( 'NONE', #369, #3370 ) ;
#3333 = ORIENTED_EDGE ( 'NONE', *, *, #4000, .F. ) ;
#3334 = PRESENTATION_STYLE_ASSIGNMENT (( #2957 ) ) ;
#3335 = CARTESIAN_POINT ( 'NONE',  ( 1.800000000000000044, 0.2000000000000000944, 0.1000000000000000056 ) ) ;
#3336 = PLANE ( 'NONE',  #2538 ) ;
#3337 =( NAMED_UNIT ( * ) SI_UNIT ( $, .STERADIAN. ) SOLID_ANGLE_UNIT ( ) );
#3338 = ORIENTED_EDGE ( 'NONE', *, *, #772, .F. ) ;
#3339 =( NAMED_UNIT ( * ) SI_UNIT ( $, .STERADIAN. ) SOLID_ANGLE_UNIT ( ) );
#3340 = FACE_OUTER_BOUND ( 'NONE', #3422, .T. ) ;
#3341 = DIRECTION ( 'NONE',  ( -0.000000000000000000, 0.000000000000000000, -1.000000000000000000 ) ) ;
#3342 =( NAMED_UNIT ( * ) SI_UNIT ( $, .STERADIAN. ) SOLID_ANGLE_UNIT ( ) );
#3343 = EDGE_CURVE ( 'NONE', #1703, #70, #2434, .T. ) ;
#3344 = CARTESIAN_POINT ( 'NONE',  ( -1.949999999999999956, 2.199999999999999734, 0.000000000000000000 ) ) ;
#3345 = CARTESIAN_POINT ( 'NONE',  ( 2.399999999999999911, 1.799999999999999600, 0.1000000000000000056 ) ) ;
#3346 = ADVANCED_FACE ( 'NONE', ( #2409 ), #3820, .T. ) ;
#3347 = EDGE_CURVE ( 'NONE', #1363, #645, #2800, .T. ) ;
#3348 = CARTESIAN_POINT ( 'NONE',  ( -2.399999999999999911, 1.199999999999999956, 0.1000000000000000056 ) ) ;
#3349 = LINE ( 'NONE', #218, #3496 ) ;
#3350 = ORIENTED_EDGE ( 'NONE', *, *, #655, .F. ) ;
#3351 = PLANE ( 'NONE',  #1930 ) ;
#3352 = LINE ( 'NONE', #3704, #1401 ) ;
#3353 = VERTEX_POINT ( 'NONE', #2130 ) ;
#3354 = DIRECTION ( 'NONE',  ( -0.000000000000000000, 0.000000000000000000, 1.000000000000000000 ) ) ;
#3355 = VERTEX_POINT ( 'NONE', #2516 ) ;
#3356 = SURFACE_STYLE_USAGE ( .BOTH. , #1505 ) ;
#3357 = EDGE_CURVE ( 'NONE', #2385, #2666, #3628, .T. ) ;
#3358 = VECTOR ( 'NONE', #3585, 1000.000000000000000 ) ;
#3359 = MECHANICAL_DESIGN_GEOMETRIC_PRESENTATION_REPRESENTATION (  '', ( #2675 ), #274 ) ;
#3360 = DIRECTION ( 'NONE',  ( -0.000000000000000000, 1.000000000000000000, -0.000000000000000000 ) ) ;
#3361 = CARTESIAN_POINT ( 'NONE',  ( -2.399999999999999911, -0.7999999999999994893, 0.000000000000000000 ) ) ;
#3362 = DIRECTION ( 'NONE',  ( 0.000000000000000000, 0.000000000000000000, -1.000000000000000000 ) ) ;
#3363 = VECTOR ( 'NONE', #697, 1000.000000000000000 ) ;
#3364 = STYLED_ITEM ( 'NONE', ( #4483 ), #1097 ) ;
#3365 =( NAMED_UNIT ( * ) SI_UNIT ( $, .STERADIAN. ) SOLID_ANGLE_UNIT ( ) );
#3366 = PLANE ( 'NONE',  #3571 ) ;
#3367 = CARTESIAN_POINT ( 'NONE',  ( 1.800000000000000044, 0.7999999999999997113, 0.1000000000000000056 ) ) ;
#3368 = DIRECTION ( 'NONE',  ( -1.000000000000000000, 0.000000000000000000, 0.000000000000000000 ) ) ;
#3369 = CARTESIAN_POINT ( 'NONE',  ( -2.449999999999999289, 2.449999999999999734, 1.350000000000000089 ) ) ;
#3370 = VECTOR ( 'NONE', #897, 1000.000000000000000 ) ;
#3371 =( LENGTH_UNIT ( ) NAMED_UNIT ( * ) SI_UNIT ( .MILLI., .METRE. ) );
#3372 = ORIENTED_EDGE ( 'NONE', *, *, #4387, .F. ) ;
#3373 = AXIS2_PLACEMENT_3D ( 'NONE', #2713, #1272, #4145 ) ;
#3374 = ORIENTED_EDGE ( 'NONE', *, *, #1971, .T. ) ;
#3375 =( LENGTH_UNIT ( ) NAMED_UNIT ( * ) SI_UNIT ( .MILLI., .METRE. ) );
#3376 = PRESENTATION_LAYER_ASSIGNMENT (  '', '', ( #1338 ) ) ;
#3377 = EDGE_CURVE ( 'NONE', #4009, #2737, #4590, .T. ) ;
#3378 = CARTESIAN_POINT ( 'NONE',  ( 2.399999999999999911, -0.2000000000000000944, 0.1000000000000000056 ) ) ;
#3379 = AXIS2_PLACEMENT_3D ( 'NONE', #3486, #1714, #1357 ) ;
#3380 = CARTESIAN_POINT ( 'NONE',  ( 2.399999999999999911, -0.7999999999999994893, 0.000000000000000000 ) ) ;
#3381 = PRESENTATION_LAYER_ASSIGNMENT (  '', '', ( #3947 ) ) ;
#3382 = FACE_OUTER_BOUND ( 'NONE', #3031, .T. ) ;
#3383 = PLANE ( 'NONE',  #2443 ) ;
#3384 = FILL_AREA_STYLE ('',( #2576 ) ) ;
#3385 = SURFACE_SIDE_STYLE ('',( #2673 ) ) ;
#3386 = CARTESIAN_POINT ( 'NONE',  ( -2.449999999999998845, -2.500000000000000000, 1.350000000000000089 ) ) ;
#3387 =( GEOMETRIC_REPRESENTATION_CONTEXT ( 3 ) GLOBAL_UNCERTAINTY_ASSIGNED_CONTEXT ( ( #681 ) ) GLOBAL_UNIT_ASSIGNED_CONTEXT ( ( #51, #782, #2583 ) ) REPRESENTATION_CONTEXT ( 'NONE', 'WORKASPACE' ) );
#3388 = CARTESIAN_POINT ( 'NONE',  ( 2.399999999999999911, -2.199999999999999734, 0.1000000000000000056 ) ) ;
#3389 = EDGE_CURVE ( 'NONE', #501, #584, #2315, .T. ) ;
#3390 = EDGE_CURVE ( 'NONE', #465, #4203, #395, .T. ) ;
#3391 = FACE_BOUND ( 'NONE', #1649, .T. ) ;
#3392 =( LENGTH_UNIT ( ) NAMED_UNIT ( * ) SI_UNIT ( .MILLI., .METRE. ) );
#3393 = LINE ( 'NONE', #1608, #1800 ) ;
#3394 = ORIENTED_EDGE ( 'NONE', *, *, #789, .F. ) ;
#3395 = LINE ( 'NONE', #176, #4425 ) ;
#3396 = CARTESIAN_POINT ( 'NONE',  ( -2.399999999999999911, 1.799999999999999600, 0.1000000000000000056 ) ) ;
#3397 = FILL_AREA_STYLE_COLOUR ( '', #23 ) ;
#3398 = ORIENTED_EDGE ( 'NONE', *, *, #2747, .T. ) ;
#3399 = LINE ( 'NONE', #2612, #62 ) ;
#3400 = DIRECTION ( 'NONE',  ( -0.000000000000000000, 0.000000000000000000, -1.000000000000000000 ) ) ;
#3401 = DIRECTION ( 'NONE',  ( 0.000000000000000000, -1.000000000000000000, 0.000000000000000000 ) ) ;
#3402 = DIRECTION ( 'NONE',  ( 0.000000000000000000, 0.000000000000000000, -1.000000000000000000 ) ) ;
#3403 =( NAMED_UNIT ( * ) SI_UNIT ( $, .STERADIAN. ) SOLID_ANGLE_UNIT ( ) );
#3404 = DIRECTION ( 'NONE',  ( 0.000000000000000000, 0.000000000000000000, -1.000000000000000000 ) ) ;
#3405 = EDGE_CURVE ( 'NONE', #236, #2468, #4332, .T. ) ;
#3406 = DIRECTION ( 'NONE',  ( 0.000000000000000000, 1.000000000000000000, 0.000000000000000000 ) ) ;
#3407 = ORIENTED_EDGE ( 'NONE', *, *, #3073, .F. ) ;
#3408 = ORIENTED_EDGE ( 'NONE', *, *, #2365, .F. ) ;
#3409 = CARTESIAN_POINT ( 'NONE',  ( 1.800000000000000044, 0.2000000000000000944, 0.000000000000000000 ) ) ;
#3410 = EDGE_CURVE ( 'NONE', #612, #1871, #537, .T. ) ;
#3411 =( NAMED_UNIT ( * ) PLANE_ANGLE_UNIT ( ) SI_UNIT ( $, .RADIAN. ) );
#3412 = FILL_AREA_STYLE_COLOUR ( '', #1047 ) ;
#3413 =( NAMED_UNIT ( * ) SI_UNIT ( $, .STERADIAN. ) SOLID_ANGLE_UNIT ( ) );
#3414 = DIRECTION ( 'NONE',  ( 0.000000000000000000, -1.000000000000000000, 0.000000000000000000 ) ) ;
#3415 = PLANE ( 'NONE',  #4527 ) ;
#3416 = PLANE ( 'NONE',  #1116 ) ;
#3417 = ORIENTED_EDGE ( 'NONE', *, *, #205, .F. ) ;
#3418 = LINE ( 'NONE', #2375, #923 ) ;
#3419 = DIRECTION ( 'NONE',  ( -0.000000000000000000, 1.000000000000000000, -0.000000000000000000 ) ) ;
#3420 =( LENGTH_UNIT ( ) NAMED_UNIT ( * ) SI_UNIT ( .MILLI., .METRE. ) );
#3421 = VECTOR ( 'NONE', #2947, 1000.000000000000000 ) ;
#3422 = EDGE_LOOP ( 'NONE', ( #3177, #223, #2734, #2445 ) ) ;
#3423 = DIRECTION ( 'NONE',  ( 1.000000000000000000, -0.000000000000000000, -0.000000000000000000 ) ) ;
#3424 = VECTOR ( 'NONE', #4181, 1000.000000000000000 ) ;
#3425 = CARTESIAN_POINT ( 'NONE',  ( -2.399999999999999911, -1.799999999999999600, 0.1000000000000000056 ) ) ;
#3426 = VECTOR ( 'NONE', #3324, 1000.000000000000000 ) ;
#3427 = DIRECTION ( 'NONE',  ( 1.000000000000000000, -0.000000000000000000, -0.000000000000000000 ) ) ;
#3428 =( NAMED_UNIT ( * ) SI_UNIT ( $, .STERADIAN. ) SOLID_ANGLE_UNIT ( ) );
#3429 = CARTESIAN_POINT ( 'NONE',  ( 1.800000000000000044, 0.2000000000000000944, 0.1000000000000000056 ) ) ;
#3430 = FILL_AREA_STYLE ('',( #1239 ) ) ;
#3431 = MECHANICAL_DESIGN_GEOMETRIC_PRESENTATION_REPRESENTATION (  '', ( #1700 ), #277 ) ;
#3432 = DIRECTION ( 'NONE',  ( 0.000000000000000000, 0.000000000000000000, -1.000000000000000000 ) ) ;
#3433 = PLANE ( 'NONE',  #1043 ) ;
#3434 = AXIS2_PLACEMENT_3D ( 'NONE', #1709, #4252, #1054 ) ;
#3435 = DIRECTION ( 'NONE',  ( 0.000000000000000000, -1.000000000000000000, 0.000000000000000000 ) ) ;
#3436 = AXIS2_PLACEMENT_3D ( 'NONE', #4349, #4053, #1865 ) ;
#3437 = ORIENTED_EDGE ( 'NONE', *, *, #2679, .F. ) ;
#3438 = EDGE_CURVE ( 'NONE', #2996, #4565, #2980, .T. ) ;
#3439 = ADVANCED_FACE ( 'NONE', ( #4393 ), #3691, .T. ) ;
#3440 = ORIENTED_EDGE ( 'NONE', *, *, #2041, .F. ) ;
#3441 = FACE_OUTER_BOUND ( 'NONE', #213, .T. ) ;
#3442 = ORIENTED_EDGE ( 'NONE', *, *, #1242, .F. ) ;
#3443 = EDGE_LOOP ( 'NONE', ( #3437, #3187, #4324, #1972 ) ) ;
#3444 = ORIENTED_EDGE ( 'NONE', *, *, #2728, .F. ) ;
#3445 = LINE ( 'NONE', #2859, #270 ) ;
#3446 = VECTOR ( 'NONE', #2815, 1000.000000000000000 ) ;
#3447 = FILL_AREA_STYLE ('',( #4226 ) ) ;
#3448 = CARTESIAN_POINT ( 'NONE',  ( 0.000000000000000000, 0.000000000000000000, 1.350000000000000089 ) ) ;
#3449 =( NAMED_UNIT ( * ) SI_UNIT ( $, .STERADIAN. ) SOLID_ANGLE_UNIT ( ) );
#3450 = CARTESIAN_POINT ( 'NONE',  ( 2.399999999999999911, 0.2000000000000000944, 0.1000000000000000056 ) ) ;
#3451 = CARTESIAN_POINT ( 'NONE',  ( -1.800000000000000044, 1.199999999999999956, 0.1000000000000000056 ) ) ;
#3452 = ORIENTED_EDGE ( 'NONE', *, *, #3405, .T. ) ;
#3453 = PRESENTATION_LAYER_ASSIGNMENT (  '', '', ( #606 ) ) ;
#3454 = LINE ( 'NONE', #2746, #26 ) ;
#3455 = ORIENTED_EDGE ( 'NONE', *, *, #2394, .T. ) ;
#3456 = AXIS2_PLACEMENT_3D ( 'NONE', #1349, #1657, #608 ) ;
#3457 = DIRECTION ( 'NONE',  ( -1.000000000000000000, 0.000000000000000000, 0.000000000000000000 ) ) ;
#3458 = DIRECTION ( 'NONE',  ( 0.000000000000000000, 0.000000000000000000, 1.000000000000000000 ) ) ;
#3459 = ORIENTED_EDGE ( 'NONE', *, *, #424, .F. ) ;
#3460 = DIRECTION ( 'NONE',  ( 0.000000000000000000, -1.000000000000000000, 0.000000000000000000 ) ) ;
#3461 = PLANE ( 'NONE',  #2918 ) ;
#3462 = EDGE_CURVE ( 'NONE', #1828, #2309, #1570, .T. ) ;
#3463 = ORIENTED_EDGE ( 'NONE', *, *, #3516, .F. ) ;
#3464 =( LENGTH_UNIT ( ) NAMED_UNIT ( * ) SI_UNIT ( .MILLI., .METRE. ) );
#3465 = CARTESIAN_POINT ( 'NONE',  ( -1.800000000000000044, -0.7999999999999994893, 0.1000000000000000056 ) ) ;
#3466 = LINE ( 'NONE', #4161, #1313 ) ;
#3467 = CARTESIAN_POINT ( 'NONE',  ( 0.000000000000000000, 0.000000000000000000, 0.000000000000000000 ) ) ;
#3468 = DIRECTION ( 'NONE',  ( -1.000000000000000000, 0.000000000000000000, 0.000000000000000000 ) ) ;
#3469 = CARTESIAN_POINT ( 'NONE',  ( -1.800000000000000044, 0.7999999999999997113, 0.1000000000000000056 ) ) ;
#3470 =( NAMED_UNIT ( * ) PLANE_ANGLE_UNIT ( ) SI_UNIT ( $, .RADIAN. ) );
#3471 = DIRECTION ( 'NONE',  ( 0.000000000000000000, -1.000000000000000000, 0.000000000000000000 ) ) ;
#3472 = ORIENTED_EDGE ( 'NONE', *, *, #3961, .F. ) ;
#3473 = AXIS2_PLACEMENT_3D ( 'NONE', #1594, #2604, #901 ) ;
#3474 = FACE_BOUND ( 'NONE', #375, .T. ) ;
#3475 = UNCERTAINTY_MEASURE_WITH_UNIT (LENGTH_MEASURE( 1.000000000000000082E-05 ), #4591, 'distance_accuracy_value', 'NONE');
#3476 = LINE ( 'NONE', #3537, #4446 ) ;
#3477 = ADVANCED_FACE ( 'NONE', ( #4058 ), #4371, .F. ) ;
#3478 = DIRECTION ( 'NONE',  ( -0.000000000000000000, 0.000000000000000000, -1.000000000000000000 ) ) ;
#3479 = FILL_AREA_STYLE_COLOUR ( '', #348 ) ;
#3480 = LINE ( 'NONE', #3794, #3323 ) ;
#3481 = DIRECTION ( 'NONE',  ( 0.000000000000000000, -1.000000000000000000, 0.000000000000000000 ) ) ;
#3482 = STYLED_ITEM ( 'NONE', ( #631 ), #486 ) ;
#3483 = ADVANCED_FACE ( 'NONE', ( #4467 ), #3119, .T. ) ;
#3484 = CARTESIAN_POINT ( 'NONE',  ( 2.399999999999999911, -0.7999999999999994893, 0.1000000000000000056 ) ) ;
#3485 = SURFACE_SIDE_STYLE ('',( #2053 ) ) ;
#3486 = CARTESIAN_POINT ( 'NONE',  ( 0.000000000000000000, 0.000000000000000000, 0.1000000000000000056 ) ) ;
#3487 = ORIENTED_EDGE ( 'NONE', *, *, #2891, .F. ) ;
#3488 = VECTOR ( 'NONE', #4004, 1000.000000000000000 ) ;
#3489 = VERTEX_POINT ( 'NONE', #3098 ) ;
#3490 = LINE ( 'NONE', #280, #1431 ) ;
#3491 = CARTESIAN_POINT ( 'NONE',  ( 0.000000000000000000, 0.000000000000000000, 0.1000000000000000056 ) ) ;
#3492 = VECTOR ( 'NONE', #422, 1000.000000000000000 ) ;
#3493 = STYLED_ITEM ( 'NONE', ( #122 ), #734 ) ;
#3494 = DIRECTION ( 'NONE',  ( 0.000000000000000000, 1.000000000000000000, 0.000000000000000000 ) ) ;
#3495 =( NAMED_UNIT ( * ) SI_UNIT ( $, .STERADIAN. ) SOLID_ANGLE_UNIT ( ) );
#3496 = VECTOR ( 'NONE', #3092, 1000.000000000000000 ) ;
#3497 = COLOUR_RGB ( '',0.8431372549019607865, 0.8431372549019607865, 0.8431372549019607865 ) ;
#3498 = ORIENTED_EDGE ( 'NONE', *, *, #2117, .T. ) ;
#3499 =( GEOMETRIC_REPRESENTATION_CONTEXT ( 3 ) GLOBAL_UNCERTAINTY_ASSIGNED_CONTEXT ( ( #998 ) ) GLOBAL_UNIT_ASSIGNED_CONTEXT ( ( #919, #4498, #316 ) ) REPRESENTATION_CONTEXT ( 'NONE', 'WORKASPACE' ) );
#3500 =( GEOMETRIC_REPRESENTATION_CONTEXT ( 3 ) GLOBAL_UNCERTAINTY_ASSIGNED_CONTEXT ( ( #1092 ) ) GLOBAL_UNIT_ASSIGNED_CONTEXT ( ( #3375, #2712, #4434 ) ) REPRESENTATION_CONTEXT ( 'NONE', 'WORKASPACE' ) );
#3501 = ADVANCED_FACE ( 'NONE', ( #4487 ), #4180, .T. ) ;
#3502 = CARTESIAN_POINT ( 'NONE',  ( -2.399999999999999911, -1.799999999999999600, 0.1000000000000000056 ) ) ;
#3503 = SURFACE_STYLE_USAGE ( .BOTH. , #2049 ) ;
#3504 =( GEOMETRIC_REPRESENTATION_CONTEXT ( 3 ) GLOBAL_UNCERTAINTY_ASSIGNED_CONTEXT ( ( #3935 ) ) GLOBAL_UNIT_ASSIGNED_CONTEXT ( ( #3371, #816, #1541 ) ) REPRESENTATION_CONTEXT ( 'NONE', 'WORKASPACE' ) );
#3505 = SURFACE_SIDE_STYLE ('',( #3695 ) ) ;
#3506 = ORIENTED_EDGE ( 'NONE', *, *, #3389, .T. ) ;
#3507 = ORIENTED_EDGE ( 'NONE', *, *, #1335, .T. ) ;
#3508 = ORIENTED_EDGE ( 'NONE', *, *, #242, .F. ) ;
#3509 = SURFACE_STYLE_FILL_AREA ( #2821 ) ;
#3510 = PRESENTATION_LAYER_ASSIGNMENT (  '', '', ( #980 ) ) ;
#3511 = ORIENTED_EDGE ( 'NONE', *, *, #3302, .T. ) ;
#3512 = LINE ( 'NONE', #3326, #1804 ) ;
#3513 =( GEOMETRIC_REPRESENTATION_CONTEXT ( 3 ) GLOBAL_UNCERTAINTY_ASSIGNED_CONTEXT ( ( #1475 ) ) GLOBAL_UNIT_ASSIGNED_CONTEXT ( ( #3328, #1187, #3342 ) ) REPRESENTATION_CONTEXT ( 'NONE', 'WORKASPACE' ) );
#3514 = AXIS2_PLACEMENT_3D ( 'NONE', #1837, #1797, #2531 ) ;
#3515 = PRESENTATION_STYLE_ASSIGNMENT (( #2823 ) ) ;
#3516 = EDGE_CURVE ( 'NONE', #2131, #3318, #701, .T. ) ;
#3517 = ORIENTED_EDGE ( 'NONE', *, *, #1493, .F. ) ;
#3518 =( GEOMETRIC_REPRESENTATION_CONTEXT ( 3 ) GLOBAL_UNCERTAINTY_ASSIGNED_CONTEXT ( ( #2606 ) ) GLOBAL_UNIT_ASSIGNED_CONTEXT ( ( #3253, #3827, #3536 ) ) REPRESENTATION_CONTEXT ( 'NONE', 'WORKASPACE' ) );
#3519 = UNCERTAINTY_MEASURE_WITH_UNIT (LENGTH_MEASURE( 1.000000000000000082E-05 ), #3551, 'distance_accuracy_value', 'NONE');
#3520 = ORIENTED_EDGE ( 'NONE', *, *, #205, .T. ) ;
#3521 = DIRECTION ( 'NONE',  ( 1.000000000000000000, 0.000000000000000000, 0.000000000000000000 ) ) ;
#3522 = CARTESIAN_POINT ( 'NONE',  ( -1.800000000000000044, -0.7999999999999994893, 0.1000000000000000056 ) ) ;
#3523 = ORIENTED_EDGE ( 'NONE', *, *, #3089, .F. ) ;
#3524 = SURFACE_STYLE_USAGE ( .BOTH. , #3927 ) ;
#3525 = CARTESIAN_POINT ( 'NONE',  ( 1.800000000000000044, -1.799999999999999600, 0.000000000000000000 ) ) ;
#3526 =( NAMED_UNIT ( * ) SI_UNIT ( $, .STERADIAN. ) SOLID_ANGLE_UNIT ( ) );
#3527 =( LENGTH_UNIT ( ) NAMED_UNIT ( * ) SI_UNIT ( .MILLI., .METRE. ) );
#3528 = LINE ( 'NONE', #1760, #3790 ) ;
#3529 = DIRECTION ( 'NONE',  ( -0.000000000000000000, 1.000000000000000000, -0.000000000000000000 ) ) ;
#3530 = ORIENTED_EDGE ( 'NONE', *, *, #4538, .T. ) ;
#3531 = FILL_AREA_STYLE_COLOUR ( '', #237 ) ;
#3532 =( LENGTH_UNIT ( ) NAMED_UNIT ( * ) SI_UNIT ( .MILLI., .METRE. ) );
#3533 = FILL_AREA_STYLE_COLOUR ( '', #2542 ) ;
#3534 = VERTEX_POINT ( 'NONE', #3161 ) ;
#3535 = CARTESIAN_POINT ( 'NONE',  ( -2.399999999999999911, -1.199999999999999734, 0.1000000000000000056 ) ) ;
#3536 =( NAMED_UNIT ( * ) SI_UNIT ( $, .STERADIAN. ) SOLID_ANGLE_UNIT ( ) );
#3537 = CARTESIAN_POINT ( 'NONE',  ( 2.399999999999999911, 0.2000000000000000944, 0.000000000000000000 ) ) ;
#3538 = EDGE_CURVE ( 'NONE', #2497, #1812, #336, .T. ) ;
#3539 = COLOUR_RGB ( '',0.8431372549019607865, 0.8431372549019607865, 0.8431372549019607865 ) ;
#3540 = FACE_OUTER_BOUND ( 'NONE', #3590, .T. ) ;
#3541 = ORIENTED_EDGE ( 'NONE', *, *, #2426, .F. ) ;
#3542 = ORIENTED_EDGE ( 'NONE', *, *, #2902, .T. ) ;
#3543 = ORIENTED_EDGE ( 'NONE', *, *, #168, .T. ) ;
#3544 = ORIENTED_EDGE ( 'NONE', *, *, #4376, .F. ) ;
#3545 = SURFACE_STYLE_USAGE ( .BOTH. , #2153 ) ;
#3546 = CARTESIAN_POINT ( 'NONE',  ( 2.399999999999999911, 0.2000000000000000944, 0.000000000000000000 ) ) ;
#3547 = ORIENTED_EDGE ( 'NONE', *, *, #367, .T. ) ;
#3548 = DIRECTION ( 'NONE',  ( 1.000000000000000000, 0.000000000000000000, 0.000000000000000000 ) ) ;
#3549 =( NAMED_UNIT ( * ) PLANE_ANGLE_UNIT ( ) SI_UNIT ( $, .RADIAN. ) );
#3550 = ORIENTED_EDGE ( 'NONE', *, *, #2460, .T. ) ;
#3551 =( LENGTH_UNIT ( ) NAMED_UNIT ( * ) SI_UNIT ( .MILLI., .METRE. ) );
#3552 = PRODUCT_CONTEXT ( 'NONE', #917, 'mechanical' ) ;
#3553 =( NAMED_UNIT ( * ) SI_UNIT ( $, .STERADIAN. ) SOLID_ANGLE_UNIT ( ) );
#3554 = EDGE_CURVE ( 'NONE', #792, #3082, #1373, .T. ) ;
#3555 = ORIENTED_EDGE ( 'NONE', *, *, #691, .T. ) ;
#3556 = CARTESIAN_POINT ( 'NONE',  ( -1.875230257901548070, 1.843543692068136064, 1.350000000000000089 ) ) ;
#3557 = EDGE_LOOP ( 'NONE', ( #1220, #695, #1395, #1846, #3372 ) ) ;
#3558 = COLOUR_RGB ( '',0.8431372549019607865, 0.8431372549019607865, 0.8431372549019607865 ) ;
#3559 = SURFACE_SIDE_STYLE ('',( #1018 ) ) ;
#3560 = CARTESIAN_POINT ( 'NONE',  ( 1.800000000000000044, -0.7999999999999994893, 0.1000000000000000056 ) ) ;
#3561 = PRESENTATION_STYLE_ASSIGNMENT (( #2416 ) ) ;
#3562 = AXIS2_PLACEMENT_3D ( 'NONE', #4372, #1956, #1177 ) ;
#3563 = CARTESIAN_POINT ( 'NONE',  ( -2.399999999999999911, 1.199999999999999956, 0.000000000000000000 ) ) ;
#3564 = UNCERTAINTY_MEASURE_WITH_UNIT (LENGTH_MEASURE( 1.000000000000000082E-05 ), #180, 'distance_accuracy_value', 'NONE');
#3565 =( GEOMETRIC_REPRESENTATION_CONTEXT ( 3 ) GLOBAL_UNCERTAINTY_ASSIGNED_CONTEXT ( ( #63 ) ) GLOBAL_UNIT_ASSIGNED_CONTEXT ( ( #1872, #1181, #4006 ) ) REPRESENTATION_CONTEXT ( 'NONE', 'WORKASPACE' ) );
#3566 = VECTOR ( 'NONE', #4515, 1000.000000000000000 ) ;
#3567 = EDGE_LOOP ( 'NONE', ( #3307, #3221, #3543, #945 ) ) ;
#3568 = ADVANCED_FACE ( 'NONE', ( #1048 ), #1774, .T. ) ;
#3569 = DIRECTION ( 'NONE',  ( 0.000000000000000000, 1.000000000000000000, 0.000000000000000000 ) ) ;
#3570 = PRESENTATION_LAYER_ASSIGNMENT (  '', '', ( #3776 ) ) ;
#3571 = AXIS2_PLACEMENT_3D ( 'NONE', #1268, #2711, #548 ) ;
#3572 = ORIENTED_EDGE ( 'NONE', *, *, #1629, .F. ) ;
#3573 = ORIENTED_EDGE ( 'NONE', *, *, #254, .T. ) ;
#3574 =( GEOMETRIC_REPRESENTATION_CONTEXT ( 3 ) GLOBAL_UNCERTAINTY_ASSIGNED_CONTEXT ( ( #2209 ) ) GLOBAL_UNIT_ASSIGNED_CONTEXT ( ( #1427, #2866, #1075 ) ) REPRESENTATION_CONTEXT ( 'NONE', 'WORKASPACE' ) );
#3575 = MECHANICAL_DESIGN_GEOMETRIC_PRESENTATION_REPRESENTATION (  '', ( #583 ), #4167 ) ;
#3576 = ORIENTED_EDGE ( 'NONE', *, *, #4492, .F. ) ;
#3577 = FACE_OUTER_BOUND ( 'NONE', #378, .T. ) ;
#3578 = ORIENTED_EDGE ( 'NONE', *, *, #1576, .F. ) ;
#3579 = FILL_AREA_STYLE ('',( #2105 ) ) ;
#3580 = CARTESIAN_POINT ( 'NONE',  ( -2.399999999999999911, 0.7999999999999997113, 0.1000000000000000056 ) ) ;
#3581 = SURFACE_STYLE_FILL_AREA ( #35 ) ;
#3582 = DIRECTION ( 'NONE',  ( 1.000000000000000000, 0.000000000000000000, 0.000000000000000000 ) ) ;
#3583 = AXIS2_PLACEMENT_3D ( 'NONE', #3613, #791, #39 ) ;
#3584 = ORIENTED_EDGE ( 'NONE', *, *, #1279, .T. ) ;
#3585 = DIRECTION ( 'NONE',  ( -0.000000000000000000, -0.000000000000000000, 1.000000000000000000 ) ) ;
#3586 = ORIENTED_EDGE ( 'NONE', *, *, #1364, .T. ) ;
#3587 = DIRECTION ( 'NONE',  ( 1.000000000000000000, 0.000000000000000000, 0.000000000000000000 ) ) ;
#3588 = SURFACE_SIDE_STYLE ('',( #2550 ) ) ;
#3589 = PLANE ( 'NONE',  #1756 ) ;
#3590 = EDGE_LOOP ( 'NONE', ( #870, #2508, #3701, #3002 ) ) ;
#3591 = PRESENTATION_LAYER_ASSIGNMENT (  '', '', ( #3148 ) ) ;
#3592 = DIRECTION ( 'NONE',  ( -1.000000000000000000, 0.000000000000000000, 0.000000000000000000 ) ) ;
#3593 = PRESENTATION_LAYER_ASSIGNMENT (  '', '', ( #1798 ) ) ;
#3594 = LINE ( 'NONE', #1366, #3139 ) ;
#3595 =( GEOMETRIC_REPRESENTATION_CONTEXT ( 3 ) GLOBAL_UNCERTAINTY_ASSIGNED_CONTEXT ( ( #1936 ) ) GLOBAL_UNIT_ASSIGNED_CONTEXT ( ( #2970, #4343, #85 ) ) REPRESENTATION_CONTEXT ( 'NONE', 'WORKASPACE' ) );
#3596 =( LENGTH_UNIT ( ) NAMED_UNIT ( * ) SI_UNIT ( .MILLI., .METRE. ) );
#3597 = VECTOR ( 'NONE', #3360, 1000.000000000000000 ) ;
#3598 = VERTEX_POINT ( 'NONE', #3763 ) ;
#3599 =( NAMED_UNIT ( * ) PLANE_ANGLE_UNIT ( ) SI_UNIT ( $, .RADIAN. ) );
#3600 = VECTOR ( 'NONE', #3616, 1000.000000000000000 ) ;
#3601 = EDGE_CURVE ( 'NONE', #2203, #2955, #573, .T. ) ;
#3602 = ORIENTED_EDGE ( 'NONE', *, *, #2362, .F. ) ;
#3603 = PRESENTATION_STYLE_ASSIGNMENT (( #413 ) ) ;
#3604 = DIRECTION ( 'NONE',  ( -0.000000000000000000, 1.000000000000000000, -0.000000000000000000 ) ) ;
#3605 = CARTESIAN_POINT ( 'NONE',  ( -2.399999999999999911, 0.2000000000000000944, 0.1000000000000000056 ) ) ;
#3606 = DIRECTION ( 'NONE',  ( 0.000000000000000000, -0.000000000000000000, 1.000000000000000000 ) ) ;
#3607 = LINE ( 'NONE', #3264, #959 ) ;
#3608 = ORIENTED_EDGE ( 'NONE', *, *, #1067, .T. ) ;
#3609 = EDGE_CURVE ( 'NONE', #2737, #247, #4504, .T. ) ;
#3610 = FILL_AREA_STYLE_COLOUR ( '', #3916 ) ;
#3611 = ADVANCED_FACE ( 'NONE', ( #3441 ), #1672, .F. ) ;
#3612 = FACE_OUTER_BOUND ( 'NONE', #478, .T. ) ;
#3613 = CARTESIAN_POINT ( 'NONE',  ( -2.449999999999999289, -2.449999999999999734, 1.300000000000000266 ) ) ;
#3614 = DIRECTION ( 'NONE',  ( 0.000000000000000000, -0.000000000000000000, 1.000000000000000000 ) ) ;
#3615 = CARTESIAN_POINT ( 'NONE',  ( 1.800000000000000044, 2.199999999999999734, 0.000000000000000000 ) ) ;
#3616 = DIRECTION ( 'NONE',  ( -0.000000000000000000, -0.000000000000000000, -1.000000000000000000 ) ) ;
#3617 = LINE ( 'NONE', #4267, #843 ) ;
#3618 = UNCERTAINTY_MEASURE_WITH_UNIT (LENGTH_MEASURE( 1.000000000000000082E-05 ), #920, 'distance_accuracy_value', 'NONE');
#3619 = CARTESIAN_POINT ( 'NONE',  ( 2.399999999999999911, -0.7999999999999994893, 0.1000000000000000056 ) ) ;
#3620 = SURFACE_STYLE_FILL_AREA ( #2192 ) ;
#3621 = EDGE_CURVE ( 'NONE', #4338, #612, #3116, .T. ) ;
#3622 = ADVANCED_FACE ( 'NONE', ( #1342 ), #2788, .F. ) ;
#3623 = CARTESIAN_POINT ( 'NONE',  ( -2.399999999999999911, 2.199999999999999734, 0.1000000000000000056 ) ) ;
#3624 = PLANE ( 'NONE',  #836 ) ;
#3625 = FILL_AREA_STYLE ('',( #2199 ) ) ;
#3626 = EDGE_CURVE ( 'NONE', #2147, #1582, #3393, .T. ) ;
#3627 = ORIENTED_EDGE ( 'NONE', *, *, #769, .F. ) ;
#3628 = LINE ( 'NONE', #1107, #454 ) ;
#3629 = ADVANCED_FACE ( 'NONE', ( #4440 ), #1251, .F. ) ;
#3630 = LINE ( 'NONE', #493, #1467 ) ;
#3631 = FILL_AREA_STYLE_COLOUR ( '', #227 ) ;
#3632 = CARTESIAN_POINT ( 'NONE',  ( 1.800000000000000044, -0.7999999999999994893, 0.1000000000000000056 ) ) ;
#3633 = CYLINDRICAL_SURFACE ( 'NONE', #2305, 0.05000000000000012768 ) ;
#3634 = CARTESIAN_POINT ( 'NONE',  ( -1.800000000000000044, -0.7999999999999994893, 0.1000000000000000056 ) ) ;
#3635 = DIRECTION ( 'NONE',  ( -0.000000000000000000, 0.000000000000000000, -1.000000000000000000 ) ) ;
#3636 = PRESENTATION_LAYER_ASSIGNMENT (  '', '', ( #272 ) ) ;
#3637 =( LENGTH_UNIT ( ) NAMED_UNIT ( * ) SI_UNIT ( .MILLI., .METRE. ) );
#3638 = VECTOR ( 'NONE', #2782, 1000.000000000000000 ) ;
#3639 = EDGE_CURVE ( 'NONE', #969, #1663, #1070, .T. ) ;
#3640 = ORIENTED_EDGE ( 'NONE', *, *, #4339, .T. ) ;
#3641 = CIRCLE ( 'NONE', #1630, 0.05000000000000012768 ) ;
#3642 = PLANE ( 'NONE',  #4412 ) ;
#3643 = SURFACE_STYLE_USAGE ( .BOTH. , #441 ) ;
#3644 =( NAMED_UNIT ( * ) SI_UNIT ( $, .STERADIAN. ) SOLID_ANGLE_UNIT ( ) );
#3645 = DIRECTION ( 'NONE',  ( 1.000000000000000000, 0.000000000000000000, 0.000000000000000000 ) ) ;
#3646 = CARTESIAN_POINT ( 'NONE',  ( -2.449999999999999289, -2.125036258071588937E-16, 1.300000000000000266 ) ) ;
#3647 = LINE ( 'NONE', #1913, #1243 ) ;
#3648 = EDGE_CURVE ( 'NONE', #1683, #2083, #1795, .T. ) ;
#3649 = ORIENTED_EDGE ( 'NONE', *, *, #4080, .T. ) ;
#3650 = FILL_AREA_STYLE_COLOUR ( '', #4404 ) ;
#3651 = ORIENTED_EDGE ( 'NONE', *, *, #1493, .T. ) ;
#3652 = AXIS2_PLACEMENT_3D ( 'NONE', #3809, #2046, #4108 ) ;
#3653 = CARTESIAN_POINT ( 'NONE',  ( -2.399999999999999911, 1.199999999999999956, 0.1000000000000000056 ) ) ;
#3654 = ORIENTED_EDGE ( 'NONE', *, *, #1656, .T. ) ;
#3655 = SURFACE_STYLE_FILL_AREA ( #2227 ) ;
#3656 = STYLED_ITEM ( 'NONE', ( #2850 ), #2897 ) ;
#3657 = DIRECTION ( 'NONE',  ( 0.000000000000000000, 0.000000000000000000, -1.000000000000000000 ) ) ;
#3658 = SURFACE_SIDE_STYLE ('',( #1792 ) ) ;
#3659 = SURFACE_STYLE_USAGE ( .BOTH. , #3700 ) ;
#3660 = ORIENTED_EDGE ( 'NONE', *, *, #4016, .F. ) ;
#3661 = PRESENTATION_LAYER_ASSIGNMENT (  '', '', ( #2775 ) ) ;
#3662 =( NAMED_UNIT ( * ) SI_UNIT ( $, .STERADIAN. ) SOLID_ANGLE_UNIT ( ) );
#3663 = EDGE_CURVE ( 'NONE', #1039, #4273, #3329, .T. ) ;
#3664 = AXIS2_PLACEMENT_3D ( 'NONE', #995, #2413, #1140 ) ;
#3665 = MANIFOLD_SOLID_BREP ( 'Boss-Extrude2[4]', #2811 ) ;
#3666 = DIRECTION ( 'NONE',  ( 1.000000000000000000, 0.000000000000000000, 0.000000000000000000 ) ) ;
#3667 = ORIENTED_EDGE ( 'NONE', *, *, #1024, .T. ) ;
#3668 =( NAMED_UNIT ( * ) PLANE_ANGLE_UNIT ( ) SI_UNIT ( $, .RADIAN. ) );
#3669 = FILL_AREA_STYLE_COLOUR ( '', #2001 ) ;
#3670 = ORIENTED_EDGE ( 'NONE', *, *, #3836, .T. ) ;
#3671 = UNCERTAINTY_MEASURE_WITH_UNIT (LENGTH_MEASURE( 1.000000000000000082E-05 ), #2204, 'distance_accuracy_value', 'NONE');
#3672 = SURFACE_STYLE_USAGE ( .BOTH. , #3290 ) ;
#3673 = EDGE_CURVE ( 'NONE', #3806, #2886, #2210, .T. ) ;
#3674 = CARTESIAN_POINT ( 'NONE',  ( -2.399999999999999911, 0.7999999999999997113, 0.000000000000000000 ) ) ;
#3675 = SURFACE_SIDE_STYLE ('',( #2608 ) ) ;
#3676 = DIRECTION ( 'NONE',  ( 0.000000000000000000, -0.000000000000000000, 1.000000000000000000 ) ) ;
#3677 = FACE_OUTER_BOUND ( 'NONE', #2469, .T. ) ;
#3678 = DIRECTION ( 'NONE',  ( -1.000000000000000000, 0.000000000000000000, 0.000000000000000000 ) ) ;
#3679 = ORIENTED_EDGE ( 'NONE', *, *, #241, .T. ) ;
#3680 = EDGE_CURVE ( 'NONE', #3248, #2963, #1858, .T. ) ;
#3681 = EDGE_CURVE ( 'NONE', #786, #343, #1169, .T. ) ;
#3682 = MANIFOLD_SOLID_BREP ( 'Boss-Extrude2[8]', #3688 ) ;
#3683 = PRESENTATION_STYLE_ASSIGNMENT (( #1389 ) ) ;
#3684 = SURFACE_SIDE_STYLE ('',( #2622 ) ) ;
#3685 = EDGE_CURVE ( 'NONE', #1370, #2737, #2853, .T. ) ;
#3686 = EDGE_CURVE ( 'NONE', #3884, #865, #4018, .T. ) ;
#3687 = VERTEX_POINT ( 'NONE', #1064 ) ;
#3688 = CLOSED_SHELL ( 'NONE', ( #3097, #2987, #916, #3923, #3810, #4471 ) ) ;
#3689 = ADVANCED_FACE ( 'NONE', ( #20 ), #1439, .F. ) ;
#3690 = EDGE_LOOP ( 'NONE', ( #78, #1478, #1285, #4148 ) ) ;
#3691 = CYLINDRICAL_SURFACE ( 'NONE', #3792, 0.05000000000000012768 ) ;
#3692 = SURFACE_STYLE_FILL_AREA ( #1615 ) ;
#3693 = ORIENTED_EDGE ( 'NONE', *, *, #937, .F. ) ;
#3694 = LINE ( 'NONE', #1551, #2382 ) ;
#3695 = SURFACE_STYLE_FILL_AREA ( #858 ) ;
#3696 = CARTESIAN_POINT ( 'NONE',  ( -2.500000000000000000, 2.449999999999999734, 0.000000000000000000 ) ) ;
#3697 = CARTESIAN_POINT ( 'NONE',  ( -2.449999999999999734, 2.449999999999999734, 0.000000000000000000 ) ) ;
#3698 = FILL_AREA_STYLE_COLOUR ( '', #2750 ) ;
#3699 = CARTESIAN_POINT ( 'NONE',  ( 2.399999999999999911, 2.199999999999999734, 0.1000000000000000056 ) ) ;
#3700 = SURFACE_SIDE_STYLE ('',( #2923 ) ) ;
#3701 = ORIENTED_EDGE ( 'NONE', *, *, #4084, .F. ) ;
#3702 = DIRECTION ( 'NONE',  ( -0.000000000000000000, 1.000000000000000000, 0.000000000000000000 ) ) ;
#3703 = MECHANICAL_DESIGN_GEOMETRIC_PRESENTATION_REPRESENTATION (  '', ( #2901 ), #192 ) ;
#3704 = CARTESIAN_POINT ( 'NONE',  ( -1.800000000000000044, 1.199999999999999956, 0.000000000000000000 ) ) ;
#3705 = COLOUR_RGB ( '',0.8431372549019607865, 0.8431372549019607865, 0.8431372549019607865 ) ;
#3706 = PRESENTATION_LAYER_ASSIGNMENT (  '', '', ( #3493 ) ) ;
#3707 = UNCERTAINTY_MEASURE_WITH_UNIT (LENGTH_MEASURE( 1.000000000000000082E-05 ), #2294, 'distance_accuracy_value', 'NONE');
#3708 = DIRECTION ( 'NONE',  ( 1.000000000000000000, 0.000000000000000000, 0.000000000000000000 ) ) ;
#3709 = PLANE ( 'NONE',  #2363 ) ;
#3710 =( GEOMETRIC_REPRESENTATION_CONTEXT ( 3 ) GLOBAL_UNCERTAINTY_ASSIGNED_CONTEXT ( ( #4577 ) ) GLOBAL_UNIT_ASSIGNED_CONTEXT ( ( #1361, #667, #2730 ) ) REPRESENTATION_CONTEXT ( 'NONE', 'WORKASPACE' ) );
#3711 = AXIS2_PLACEMENT_3D ( 'NONE', #1525, #3708, #513 ) ;
#3712 = DIRECTION ( 'NONE',  ( 0.000000000000000000, -1.000000000000000000, 0.000000000000000000 ) ) ;
#3713 = CARTESIAN_POINT ( 'NONE',  ( 0.000000000000000000, 0.000000000000000000, 0.000000000000000000 ) ) ;
#3714 = PRODUCT ( 'MAX31328NELB+', 'MAX31328NELB+', '', ( #3552 ) ) ;
#3715 = VECTOR ( 'NONE', #3401, 1000.000000000000000 ) ;
#3716 =( NAMED_UNIT ( * ) PLANE_ANGLE_UNIT ( ) SI_UNIT ( $, .RADIAN. ) );
#3717 = AXIS2_PLACEMENT_3D ( 'NONE', #3287, #4585, #2539 ) ;
#3718 = DIRECTION ( 'NONE',  ( 1.000000000000000000, -0.000000000000000000, -0.000000000000000000 ) ) ;
#3719 = VECTOR ( 'NONE', #4103, 1000.000000000000000 ) ;
#3720 = EDGE_LOOP ( 'NONE', ( #1884, #1495, #2076, #721 ) ) ;
#3721 = DIRECTION ( 'NONE',  ( -1.000000000000000000, 0.000000000000000000, 0.000000000000000000 ) ) ;
#3722 = SURFACE_STYLE_FILL_AREA ( #2754 ) ;
#3723 = SURFACE_SIDE_STYLE ('',( #2302 ) ) ;
#3724 = VECTOR ( 'NONE', #3718, 1000.000000000000000 ) ;
#3725 = CARTESIAN_POINT ( 'NONE',  ( -1.800000000000000044, -1.799999999999999600, 0.1000000000000000056 ) ) ;
#3726 = VERTEX_POINT ( 'NONE', #3133 ) ;
#3727 = PLANE ( 'NONE',  #3141 ) ;
#3728 = VECTOR ( 'NONE', #1869, 1000.000000000000000 ) ;
#3729 = DIRECTION ( 'NONE',  ( 0.000000000000000000, 0.000000000000000000, 1.000000000000000000 ) ) ;
#3730 = MECHANICAL_DESIGN_GEOMETRIC_PRESENTATION_REPRESENTATION (  '', ( #3947 ), #3595 ) ;
#3731 = LINE ( 'NONE', #1887, #4061 ) ;
#3732 = CARTESIAN_POINT ( 'NONE',  ( 1.800000000000000044, 2.199999999999999734, 0.1000000000000000056 ) ) ;
#3733 = VERTEX_POINT ( 'NONE', #4528 ) ;
#3734 = VECTOR ( 'NONE', #4341, 1000.000000000000000 ) ;
#3735 = CARTESIAN_POINT ( 'NONE',  ( 2.399999999999999911, 0.2000000000000000944, 0.1000000000000000056 ) ) ;
#3736 = CARTESIAN_POINT ( 'NONE',  ( 1.800000000000000044, 2.199999999999999734, 0.000000000000000000 ) ) ;
#3737 = DIRECTION ( 'NONE',  ( -0.000000000000000000, 0.000000000000000000, -1.000000000000000000 ) ) ;
#3738 = CARTESIAN_POINT ( 'NONE',  ( -2.399999999999999911, 2.199999999999999734, 0.1000000000000000056 ) ) ;
#3739 = ADVANCED_FACE ( 'NONE', ( #1336 ), #4194, .F. ) ;
#3740 = FACE_OUTER_BOUND ( 'NONE', #1267, .T. ) ;
#3741 = EDGE_CURVE ( 'NONE', #1850, #2131, #794, .T. ) ;
#3742 = ORIENTED_EDGE ( 'NONE', *, *, #1242, .T. ) ;
#3743 = MANIFOLD_SOLID_BREP ( 'Boss-Extrude2[7]', #3824 ) ;
#3744 = EDGE_CURVE ( 'NONE', #4374, #2081, #1553, .T. ) ;
#3745 = CLOSED_SHELL ( 'NONE', ( #1479, #3157, #4168, #3501, #252, #220 ) ) ;
#3746 =( NAMED_UNIT ( * ) SI_UNIT ( $, .STERADIAN. ) SOLID_ANGLE_UNIT ( ) );
#3747 = PRESENTATION_STYLE_ASSIGNMENT (( #931 ) ) ;
#3748 =( LENGTH_UNIT ( ) NAMED_UNIT ( * ) SI_UNIT ( .MILLI., .METRE. ) );
#3749 = DIRECTION ( 'NONE',  ( -0.000000000000000000, 1.000000000000000000, -0.000000000000000000 ) ) ;
#3750 = DIRECTION ( 'NONE',  ( -0.000000000000000000, 0.000000000000000000, 1.000000000000000000 ) ) ;
#3751 = EDGE_CURVE ( 'NONE', #2353, #3256, #4400, .T. ) ;
#3752 = DIRECTION ( 'NONE',  ( 1.000000000000000000, 0.000000000000000000, -0.000000000000000000 ) ) ;
#3753 = LINE ( 'NONE', #616, #1412 ) ;
#3754 = EDGE_LOOP ( 'NONE', ( #1967, #1763, #820, #2428 ) ) ;
#3755 = ORIENTED_EDGE ( 'NONE', *, *, #2029, .F. ) ;
#3756 = DIRECTION ( 'NONE',  ( -0.000000000000000000, 1.000000000000000000, 0.000000000000000000 ) ) ;
#3757 = DIRECTION ( 'NONE',  ( 0.000000000000000000, 0.000000000000000000, -1.000000000000000000 ) ) ;
#3758 = SURFACE_STYLE_USAGE ( .BOTH. , #2341 ) ;
#3759 = LINE ( 'NONE', #1262, #1853 ) ;
#3760 = ORIENTED_EDGE ( 'NONE', *, *, #598, .F. ) ;
#3761 = MANIFOLD_SOLID_BREP ( 'Boss-Extrude2[3]', #1221 ) ;
#3762 = CARTESIAN_POINT ( 'NONE',  ( 2.399999999999999911, -0.2000000000000000944, 0.1000000000000000056 ) ) ;
#3763 = CARTESIAN_POINT ( 'NONE',  ( 1.800000000000000044, 0.7999999999999997113, 0.1000000000000000056 ) ) ;
#3764 = CARTESIAN_POINT ( 'NONE',  ( -2.449999999999999734, 2.500000000000000000, 1.350000000000000089 ) ) ;
#3765 = DIRECTION ( 'NONE',  ( -0.000000000000000000, 0.000000000000000000, 1.000000000000000000 ) ) ;
#3766 = FILL_AREA_STYLE ('',( #297 ) ) ;
#3767 = CARTESIAN_POINT ( 'NONE',  ( -2.449999999999999289, -2.449999999999999734, 1.300000000000000266 ) ) ;
#3768 = ORIENTED_EDGE ( 'NONE', *, *, #194, .T. ) ;
#3769 = EDGE_LOOP ( 'NONE', ( #2883, #3942, #1655, #2024 ) ) ;
#3770 = DIRECTION ( 'NONE',  ( 0.000000000000000000, -1.000000000000000000, 0.000000000000000000 ) ) ;
#3771 = CARTESIAN_POINT ( 'NONE',  ( 1.800000000000000044, -0.7999999999999994893, 0.1000000000000000056 ) ) ;
#3772 = CARTESIAN_POINT ( 'NONE',  ( -1.800000000000000044, 1.199999999999999956, 0.1000000000000000056 ) ) ;
#3773 = MECHANICAL_DESIGN_GEOMETRIC_PRESENTATION_REPRESENTATION (  '', ( #4081 ), #1991 ) ;
#3774 = CARTESIAN_POINT ( 'NONE',  ( 2.449999999999999734, -2.449999999999999734, 1.350000000000000089 ) ) ;
#3775 = DIRECTION ( 'NONE',  ( 0.000000000000000000, 0.000000000000000000, -1.000000000000000000 ) ) ;
#3776 = STYLED_ITEM ( 'NONE', ( #1484 ), #2055 ) ;
#3777 = CARTESIAN_POINT ( 'NONE',  ( -2.174640513856423762, 1.999999999999999556, 1.350000000000000089 ) ) ;
#3778 = PRESENTATION_LAYER_ASSIGNMENT (  '', '', ( #3364 ) ) ;
#3779 = DIRECTION ( 'NONE',  ( 0.000000000000000000, -0.000000000000000000, 1.000000000000000000 ) ) ;
#3780 = ORIENTED_EDGE ( 'NONE', *, *, #841, .F. ) ;
#3781 = VERTEX_POINT ( 'NONE', #3282 ) ;
#3782 =( GEOMETRIC_REPRESENTATION_CONTEXT ( 3 ) GLOBAL_UNCERTAINTY_ASSIGNED_CONTEXT ( ( #4218 ) ) GLOBAL_UNIT_ASSIGNED_CONTEXT ( ( #1281, #1031, #3526 ) ) REPRESENTATION_CONTEXT ( 'NONE', 'WORKASPACE' ) );
#3783 =( NAMED_UNIT ( * ) SI_UNIT ( $, .STERADIAN. ) SOLID_ANGLE_UNIT ( ) );
#3784 =( GEOMETRIC_REPRESENTATION_CONTEXT ( 3 ) GLOBAL_UNCERTAINTY_ASSIGNED_CONTEXT ( ( #875 ) ) GLOBAL_UNIT_ASSIGNED_CONTEXT ( ( #1974, #3834, #1635 ) ) REPRESENTATION_CONTEXT ( 'NONE', 'WORKASPACE' ) );
#3785 = SURFACE_STYLE_USAGE ( .BOTH. , #4124 ) ;
#3786 = EDGE_LOOP ( 'NONE', ( #3165, #1912, #1000, #2430 ) ) ;
#3787 = DIRECTION ( 'NONE',  ( -0.000000000000000000, 0.000000000000000000, -1.000000000000000000 ) ) ;
#3788 = VERTEX_POINT ( 'NONE', #322 ) ;
#3789 = CARTESIAN_POINT ( 'NONE',  ( 2.449999999999999734, 2.500000000000000000, 1.350000000000000089 ) ) ;
#3790 = VECTOR ( 'NONE', #2871, 1000.000000000000000 ) ;
#3791 = DIRECTION ( 'NONE',  ( 0.000000000000000000, -1.000000000000000000, 0.000000000000000000 ) ) ;
#3792 = AXIS2_PLACEMENT_3D ( 'NONE', #3646, #444, #518 ) ;
#3793 = CARTESIAN_POINT ( 'NONE',  ( 2.399999999999999911, -1.199999999999999734, 0.000000000000000000 ) ) ;
#3794 = CARTESIAN_POINT ( 'NONE',  ( 1.800000000000000044, -0.7999999999999994893, 0.1000000000000000056 ) ) ;
#3795 = VERTEX_POINT ( 'NONE', #3615 ) ;
#3796 = PRESENTATION_STYLE_ASSIGNMENT (( #683 ) ) ;
#3797 = VECTOR ( 'NONE', #728, 1000.000000000000000 ) ;
#3798 = ORIENTED_EDGE ( 'NONE', *, *, #3639, .T. ) ;
#3799 = PRESENTATION_STYLE_ASSIGNMENT (( #2087 ) ) ;
#3800 = DIRECTION ( 'NONE',  ( -0.000000000000000000, -1.000000000000000000, 0.000000000000000000 ) ) ;
#3801 =( GEOMETRIC_REPRESENTATION_CONTEXT ( 3 ) GLOBAL_UNCERTAINTY_ASSIGNED_CONTEXT ( ( #3215 ) ) GLOBAL_UNIT_ASSIGNED_CONTEXT ( ( #2414, #4458, #3783 ) ) REPRESENTATION_CONTEXT ( 'NONE', 'WORKASPACE' ) );
#3802 = CARTESIAN_POINT ( 'NONE',  ( -2.174640513856423762, 1.999999999999999556, 1.350000000000000089 ) ) ;
#3803 = DIRECTION ( 'NONE',  ( -0.000000000000000000, 0.000000000000000000, 1.000000000000000000 ) ) ;
#3804 = ADVANCED_FACE ( 'NONE', ( #1073 ), #2196, .T. ) ;
#3805 = MECHANICAL_DESIGN_GEOMETRIC_PRESENTATION_REPRESENTATION (  '', ( #2710 ), #234 ) ;
#3806 = VERTEX_POINT ( 'NONE', #1422 ) ;
#3807 = LINE ( 'NONE', #172, #968 ) ;
#3808 = ORIENTED_EDGE ( 'NONE', *, *, #1501, .F. ) ;
#3809 = CARTESIAN_POINT ( 'NONE',  ( -2.449999999999998845, -2.449999999999999734, 1.300000000000000266 ) ) ;
#3810 = ADVANCED_FACE ( 'NONE', ( #4347 ), #3860, .T. ) ;
#3811 = VERTEX_POINT ( 'NONE', #4052 ) ;
#3812 = SURFACE_STYLE_USAGE ( .BOTH. , #2031 ) ;
#3813 = PRESENTATION_STYLE_ASSIGNMENT (( #253 ) ) ;
#3814 = PLANE ( 'NONE',  #1492 ) ;
#3815 = LINE ( 'NONE', #3502, #2478 ) ;
#3816 = ORIENTED_EDGE ( 'NONE', *, *, #808, .F. ) ;
#3817 = ORIENTED_EDGE ( 'NONE', *, *, #2745, .T. ) ;
#3818 = CARTESIAN_POINT ( 'NONE',  ( -2.399999999999999911, -1.799999999999999600, 0.1000000000000000056 ) ) ;
#3819 = SURFACE_STYLE_USAGE ( .BOTH. , #686 ) ;
#3820 = PLANE ( 'NONE',  #3379 ) ;
#3821 = ORIENTED_EDGE ( 'NONE', *, *, #2460, .F. ) ;
#3822 = SURFACE_SIDE_STYLE ('',( #4211 ) ) ;
#3823 = DIRECTION ( 'NONE',  ( 0.000000000000000000, 1.000000000000000000, 0.000000000000000000 ) ) ;
#3824 = CLOSED_SHELL ( 'NONE', ( #184, #2852, #2564, #1923, #2014, #3331 ) ) ;
#3825 = SURFACE_STYLE_FILL_AREA ( #311 ) ;
#3826 = CARTESIAN_POINT ( 'NONE',  ( -2.399999999999999911, -1.199999999999999734, 0.1000000000000000056 ) ) ;
#3827 =( NAMED_UNIT ( * ) PLANE_ANGLE_UNIT ( ) SI_UNIT ( $, .RADIAN. ) );
#3828 = AXIS2_PLACEMENT_3D ( 'NONE', #960, #1676, #4507 ) ;
#3829 = UNCERTAINTY_MEASURE_WITH_UNIT (LENGTH_MEASURE( 1.000000000000000082E-05 ), #2962, 'distance_accuracy_value', 'NONE');
#3830 = PLANE ( 'NONE',  #4322 ) ;
#3831 = EDGE_LOOP ( 'NONE', ( #2573, #3760, #2795, #3933 ) ) ;
#3832 = EDGE_CURVE ( 'NONE', #743, #383, #507, .T. ) ;
#3833 = DIRECTION ( 'NONE',  ( 1.000000000000000000, 0.000000000000000000, -0.000000000000000000 ) ) ;
#3834 =( NAMED_UNIT ( * ) PLANE_ANGLE_UNIT ( ) SI_UNIT ( $, .RADIAN. ) );
#3835 = ORIENTED_EDGE ( 'NONE', *, *, #1269, .F. ) ;
#3836 = EDGE_CURVE ( 'NONE', #2484, #3876, #1230, .T. ) ;
#3837 = LINE ( 'NONE', #3162, #2255 ) ;
#3838 = ORIENTED_EDGE ( 'NONE', *, *, #404, .F. ) ;
#3839 =( GEOMETRIC_REPRESENTATION_CONTEXT ( 3 ) GLOBAL_UNCERTAINTY_ASSIGNED_CONTEXT ( ( #3198 ) ) GLOBAL_UNIT_ASSIGNED_CONTEXT ( ( #1641, #3041, #522 ) ) REPRESENTATION_CONTEXT ( 'NONE', 'WORKASPACE' ) );
#3840 = ORIENTED_EDGE ( 'NONE', *, *, #1883, .F. ) ;
#3841 = EDGE_LOOP ( 'NONE', ( #2569, #1155, #1739, #4304 ) ) ;
#3842 = DIRECTION ( 'NONE',  ( 0.000000000000000000, 0.000000000000000000, -1.000000000000000000 ) ) ;
#3843 = ORIENTED_EDGE ( 'NONE', *, *, #3131, .T. ) ;
#3844 = EDGE_CURVE ( 'NONE', #3025, #492, #3418, .T. ) ;
#3845 = EDGE_CURVE ( 'NONE', #1900, #191, #249, .T. ) ;
#3846 = ORIENTED_EDGE ( 'NONE', *, *, #1629, .T. ) ;
#3847 =( NAMED_UNIT ( * ) SI_UNIT ( $, .STERADIAN. ) SOLID_ANGLE_UNIT ( ) );
#3848 = SURFACE_STYLE_USAGE ( .BOTH. , #16 ) ;
#3849 = VECTOR ( 'NONE', #2285, 1000.000000000000000 ) ;
#3850 = VERTEX_POINT ( 'NONE', #1277 ) ;
#3851 = FILL_AREA_STYLE ('',( #846 ) ) ;
#3852 = MECHANICAL_DESIGN_GEOMETRIC_PRESENTATION_REPRESENTATION (  '', ( #128 ), #1920 ) ;
#3853 = DIRECTION ( 'NONE',  ( 0.000000000000000000, -0.000000000000000000, -1.000000000000000000 ) ) ;
#3854 = ORIENTED_EDGE ( 'NONE', *, *, #2394, .F. ) ;
#3855 = PRESENTATION_LAYER_ASSIGNMENT (  '', '', ( #4607 ) ) ;
#3856 = LINE ( 'NONE', #670, #202 ) ;
#3857 = CIRCLE ( 'NONE', #3297, 0.05000000000000012768 ) ;
#3858 =( NAMED_UNIT ( * ) PLANE_ANGLE_UNIT ( ) SI_UNIT ( $, .RADIAN. ) );
#3859 =( GEOMETRIC_REPRESENTATION_CONTEXT ( 3 ) GLOBAL_UNCERTAINTY_ASSIGNED_CONTEXT ( ( #487 ) ) GLOBAL_UNIT_ASSIGNED_CONTEXT ( ( #3532, #1408, #1360 ) ) REPRESENTATION_CONTEXT ( 'NONE', 'WORKASPACE' ) );
#3860 = PLANE ( 'NONE',  #2395 ) ;
#3861 = CARTESIAN_POINT ( 'NONE',  ( -2.399999999999999911, 0.2000000000000000944, 0.000000000000000000 ) ) ;
#3862 = EDGE_LOOP ( 'NONE', ( #547, #4130, #2672, #2973 ) ) ;
#3863 = AXIS2_PLACEMENT_3D ( 'NONE', #3271, #1898, #2275 ) ;
#3864 = CARTESIAN_POINT ( 'NONE',  ( -1.800000000000000044, -1.799999999999999600, 0.1000000000000000056 ) ) ;
#3865 = SURFACE_SIDE_STYLE ('',( #2796 ) ) ;
#3866 = PRESENTATION_STYLE_ASSIGNMENT (( #4281 ) ) ;
#3867 = PRESENTATION_LAYER_ASSIGNMENT (  '', '', ( #2857 ) ) ;
#3868 =( NAMED_UNIT ( * ) SI_UNIT ( $, .STERADIAN. ) SOLID_ANGLE_UNIT ( ) );
#3869 = CARTESIAN_POINT ( 'NONE',  ( 2.399999999999999911, 0.7999999999999997113, 0.1000000000000000056 ) ) ;
#3870 = SURFACE_SIDE_STYLE ('',( #3962 ) ) ;
#3871 = ORIENTED_EDGE ( 'NONE', *, *, #3609, .F. ) ;
#3872 =( GEOMETRIC_REPRESENTATION_CONTEXT ( 3 ) GLOBAL_UNCERTAINTY_ASSIGNED_CONTEXT ( ( #156 ) ) GLOBAL_UNIT_ASSIGNED_CONTEXT ( ( #2058, #4286, #1724 ) ) REPRESENTATION_CONTEXT ( 'NONE', 'WORKASPACE' ) );
#3873 = ORIENTED_EDGE ( 'NONE', *, *, #1, .T. ) ;
#3874 = LINE ( 'NONE', #2114, #4448 ) ;
#3875 = ORIENTED_EDGE ( 'NONE', *, *, #2360, .F. ) ;
#3876 = VERTEX_POINT ( 'NONE', #2717 ) ;
#3877 =( NAMED_UNIT ( * ) PLANE_ANGLE_UNIT ( ) SI_UNIT ( $, .RADIAN. ) );
#3878 = STYLED_ITEM ( 'NONE', ( #3064 ), #3992 ) ;
#3879 =( NAMED_UNIT ( * ) SI_UNIT ( $, .STERADIAN. ) SOLID_ANGLE_UNIT ( ) );
#3880 = SURFACE_STYLE_FILL_AREA ( #4196 ) ;
#3881 = AXIS2_PLACEMENT_3D ( 'NONE', #3120, #4488, #2005 ) ;
#3882 = UNCERTAINTY_MEASURE_WITH_UNIT (LENGTH_MEASURE( 1.000000000000000082E-05 ), #720, 'distance_accuracy_value', 'NONE');
#3883 = CARTESIAN_POINT ( 'NONE',  ( -2.399999999999999911, -0.7999999999999994893, 0.1000000000000000056 ) ) ;
#3884 = VERTEX_POINT ( 'NONE', #4126 ) ;
#3885 = ORIENTED_EDGE ( 'NONE', *, *, #485, .T. ) ;
#3886 = DIRECTION ( 'NONE',  ( 0.000000000000000000, -1.000000000000000000, 0.000000000000000000 ) ) ;
#3887 = CARTESIAN_POINT ( 'NONE',  ( -2.399999999999999911, 0.7999999999999997113, 0.000000000000000000 ) ) ;
#3888 = ORIENTED_EDGE ( 'NONE', *, *, #1941, .T. ) ;
#3889 = PLANE ( 'NONE',  #106 ) ;
#3890 = EDGE_LOOP ( 'NONE', ( #4277, #2777, #2868, #1569 ) ) ;
#3891 = DIRECTION ( 'NONE',  ( 1.000000000000000000, -0.000000000000000000, -0.000000000000000000 ) ) ;
#3892 = PRESENTATION_STYLE_ASSIGNMENT (( #1133 ) ) ;
#3893 = ORIENTED_EDGE ( 'NONE', *, *, #424, .T. ) ;
#3894 = CARTESIAN_POINT ( 'NONE',  ( -2.399999999999999911, 0.7999999999999997113, 0.1000000000000000056 ) ) ;
#3895 =( NAMED_UNIT ( * ) SI_UNIT ( $, .STERADIAN. ) SOLID_ANGLE_UNIT ( ) );
#3896 = EDGE_CURVE ( 'NONE', #448, #349, #2348, .T. ) ;
#3897 = SURFACE_STYLE_USAGE ( .BOTH. , #2809 ) ;
#3898 = STYLED_ITEM ( 'NONE', ( #2177 ), #161 ) ;
#3899 = CARTESIAN_POINT ( 'NONE',  ( -2.399999999999999911, -0.7999999999999994893, 0.000000000000000000 ) ) ;
#3900 = ADVANCED_FACE ( 'NONE', ( #409 ), #4245, .T. ) ;
#3901 = ORIENTED_EDGE ( 'NONE', *, *, #1132, .F. ) ;
#3902 = ORIENTED_EDGE ( 'NONE', *, *, #2090, .T. ) ;
#3903 = ORIENTED_EDGE ( 'NONE', *, *, #2740, .T. ) ;
#3904 = FILL_AREA_STYLE_COLOUR ( '', #2176 ) ;
#3905 = ORIENTED_EDGE ( 'NONE', *, *, #2175, .F. ) ;
#3906 = DIRECTION ( 'NONE',  ( 0.000000000000000000, -1.000000000000000000, -0.000000000000000000 ) ) ;
#3907 = LINE ( 'NONE', #3260, #2839 ) ;
#3908 = CARTESIAN_POINT ( 'NONE',  ( -2.449999999999999734, 2.449999999999999734, 1.300000000000000266 ) ) ;
#3909 = ORIENTED_EDGE ( 'NONE', *, *, #899, .T. ) ;
#3910 = ORIENTED_EDGE ( 'NONE', *, *, #3410, .T. ) ;
#3911 = CARTESIAN_POINT ( 'NONE',  ( -2.399999999999999911, 1.199999999999999956, 0.000000000000000000 ) ) ;
#3912 = VERTEX_POINT ( 'NONE', #1368 ) ;
#3913 = LINE ( 'NONE', #1405, #576 ) ;
#3914 = CARTESIAN_POINT ( 'NONE',  ( 2.399999999999999911, -0.2000000000000000944, 0.000000000000000000 ) ) ;
#3915 = ORIENTED_EDGE ( 'NONE', *, *, #899, .F. ) ;
#3916 = COLOUR_RGB ( '',0.8431372549019607865, 0.8431372549019607865, 0.8431372549019607865 ) ;
#3917 = LINE ( 'NONE', #2554, #2242 ) ;
#3918 = DIRECTION ( 'NONE',  ( -1.000000000000000000, 0.000000000000000000, 0.000000000000000000 ) ) ;
#3919 = VECTOR ( 'NONE', #2075, 1000.000000000000000 ) ;
#3920 = SURFACE_STYLE_FILL_AREA ( #2533 ) ;
#3921 = VECTOR ( 'NONE', #1675, 1000.000000000000000 ) ;
#3922 = AXIS2_PLACEMENT_3D ( 'NONE', #2269, #141, #1961 ) ;
#3923 = ADVANCED_FACE ( 'NONE', ( #672 ), #1443, .T. ) ;
#3924 = ORIENTED_EDGE ( 'NONE', *, *, #4513, .F. ) ;
#3925 = ADVANCED_FACE ( 'NONE', ( #1927 ), #4067, .F. ) ;
#3926 = EDGE_LOOP ( 'NONE', ( #881, #574, #3417, #1977 ) ) ;
#3927 = SURFACE_SIDE_STYLE ('',( #1027 ) ) ;
#3928 = VECTOR ( 'NONE', #2401, 1000.000000000000000 ) ;
#3929 = MECHANICAL_DESIGN_GEOMETRIC_PRESENTATION_REPRESENTATION (  '', ( #135 ), #283 ) ;
#3930 = SURFACE_STYLE_FILL_AREA ( #2479 ) ;
#3931 = ORIENTED_EDGE ( 'NONE', *, *, #3946, .F. ) ;
#3932 = PLANE ( 'NONE',  #1952 ) ;
#3933 = ORIENTED_EDGE ( 'NONE', *, *, #2028, .F. ) ;
#3934 = AXIS2_PLACEMENT_3D ( 'NONE', #3348, #2261, #1860 ) ;
#3935 = UNCERTAINTY_MEASURE_WITH_UNIT (LENGTH_MEASURE( 1.000000000000000082E-05 ), #3371, 'distance_accuracy_value', 'NONE');
#3936 = CARTESIAN_POINT ( 'NONE',  ( 2.399999999999999911, -1.799999999999999600, 0.1000000000000000056 ) ) ;
#3937 = DIRECTION ( 'NONE',  ( 0.000000000000000000, 2.602085213965215059E-14, -1.000000000000000000 ) ) ;
#3938 = ORIENTED_EDGE ( 'NONE', *, *, #3077, .F. ) ;
#3939 = FACE_OUTER_BOUND ( 'NONE', #3973, .T. ) ;
#3940 = CARTESIAN_POINT ( 'NONE',  ( 0.000000000000000000, 0.000000000000000000, 0.000000000000000000 ) ) ;
#3941 = CARTESIAN_POINT ( 'NONE',  ( -2.399999999999999911, 1.199999999999999956, 0.1000000000000000056 ) ) ;
#3942 = ORIENTED_EDGE ( 'NONE', *, *, #359, .F. ) ;
#3943 =( GEOMETRIC_REPRESENTATION_CONTEXT ( 3 ) GLOBAL_UNCERTAINTY_ASSIGNED_CONTEXT ( ( #3707 ) ) GLOBAL_UNIT_ASSIGNED_CONTEXT ( ( #2294, #4010, #3403 ) ) REPRESENTATION_CONTEXT ( 'NONE', 'WORKASPACE' ) );
#3944 = CARTESIAN_POINT ( 'NONE',  ( -1.800000000000000044, -1.199999999999999734, 0.1000000000000000056 ) ) ;
#3945 = DIRECTION ( 'NONE',  ( -0.000000000000000000, -0.000000000000000000, -1.000000000000000000 ) ) ;
#3946 = EDGE_CURVE ( 'NONE', #2656, #2217, #1497, .T. ) ;
#3947 = STYLED_ITEM ( 'NONE', ( #1544 ), #3665 ) ;
#3948 = SURFACE_SIDE_STYLE ('',( #1496 ) ) ;
#3949 = DIRECTION ( 'NONE',  ( -0.000000000000000000, 1.000000000000000000, -0.000000000000000000 ) ) ;
#3950 = LINE ( 'NONE', #1120, #4246 ) ;
#3951 = LINE ( 'NONE', #779, #204 ) ;
#3952 = ORIENTED_EDGE ( 'NONE', *, *, #1003, .T. ) ;
#3953 = PRESENTATION_STYLE_ASSIGNMENT (( #3812 ) ) ;
#3954 =( NAMED_UNIT ( * ) SI_UNIT ( $, .STERADIAN. ) SOLID_ANGLE_UNIT ( ) );
#3955 = PRESENTATION_LAYER_ASSIGNMENT (  '', '', ( #2710 ) ) ;
#3956 = EDGE_CURVE ( 'NONE', #3806, #3025, #4362, .T. ) ;
#3957 = DIRECTION ( 'NONE',  ( 1.000000000000000000, 0.000000000000000000, 0.000000000000000000 ) ) ;
#3958 = EDGE_LOOP ( 'NONE', ( #1693, #4462, #781, #1455 ) ) ;
#3959 = DIRECTION ( 'NONE',  ( 1.000000000000000000, 0.000000000000000000, 0.000000000000000000 ) ) ;
#3960 = CARTESIAN_POINT ( 'NONE',  ( -1.800000000000000044, -0.7999999999999994893, 0.000000000000000000 ) ) ;
#3961 = EDGE_CURVE ( 'NONE', #976, #1160, #4344, .T. ) ;
#3962 = SURFACE_STYLE_FILL_AREA ( #717 ) ;
#3963 = EDGE_LOOP ( 'NONE', ( #4336, #3276, #1502, #3838 ) ) ;
#3964 = DIRECTION ( 'NONE',  ( 0.000000000000000000, -1.000000000000000000, 0.000000000000000000 ) ) ;
#3965 = LINE ( 'NONE', #2254, #2057 ) ;
#3966 = CARTESIAN_POINT ( 'NONE',  ( -2.449999999999999289, -2.500000000000000000, 0.000000000000000000 ) ) ;
#3967 = CARTESIAN_POINT ( 'NONE',  ( -2.399999999999999911, 1.199999999999999956, 0.1000000000000000056 ) ) ;
#3968 = SURFACE_STYLE_USAGE ( .BOTH. , #2595 ) ;
#3969 = EDGE_LOOP ( 'NONE', ( #2403, #3544, #3517, #3172 ) ) ;
#3970 = UNCERTAINTY_MEASURE_WITH_UNIT (LENGTH_MEASURE( 1.000000000000000082E-05 ), #96, 'distance_accuracy_value', 'NONE');
#3971 = CLOSED_SHELL ( 'NONE', ( #88, #486, #4020, #4370, #3226, #1959 ) ) ;
#3972 = ORIENTED_EDGE ( 'NONE', *, *, #2745, .F. ) ;
#3973 = EDGE_LOOP ( 'NONE', ( #4546, #2545, #2749, #224 ) ) ;
#3974 = CARTESIAN_POINT ( 'NONE',  ( 2.399999999999999911, 0.7999999999999997113, 0.1000000000000000056 ) ) ;
#3975 = PRESENTATION_STYLE_ASSIGNMENT (( #3643 ) ) ;
#3976 = EDGE_CURVE ( 'NONE', #2137, #1350, #3314, .T. ) ;
#3977 = DIRECTION ( 'NONE',  ( 0.000000000000000000, 1.000000000000000000, -0.000000000000000000 ) ) ;
#3978 = VERTEX_POINT ( 'NONE', #3826 ) ;
#3979 = CARTESIAN_POINT ( 'NONE',  ( 1.800000000000000044, 2.199999999999999734, 0.1000000000000000056 ) ) ;
#3980 = PRESENTATION_STYLE_ASSIGNMENT (( #4087 ) ) ;
#3981 = SURFACE_STYLE_FILL_AREA ( #766 ) ;
#3982 = DIRECTION ( 'NONE',  ( 0.000000000000000000, -0.000000000000000000, -1.000000000000000000 ) ) ;
#3983 = FILL_AREA_STYLE_COLOUR ( '', #516 ) ;
#3984 = ORIENTED_EDGE ( 'NONE', *, *, #3621, .T. ) ;
#3985 = ORIENTED_EDGE ( 'NONE', *, *, #3663, .F. ) ;
#3986 = FILL_AREA_STYLE_COLOUR ( '', #1909 ) ;
#3987 = PLANE ( 'NONE',  #1179 ) ;
#3988 = STYLED_ITEM ( 'NONE', ( #2769 ), #252 ) ;
#3989 =( GEOMETRIC_REPRESENTATION_CONTEXT ( 3 ) GLOBAL_UNCERTAINTY_ASSIGNED_CONTEXT ( ( #3829 ) ) GLOBAL_UNIT_ASSIGNED_CONTEXT ( ( #2962, #3549, #3746 ) ) REPRESENTATION_CONTEXT ( 'NONE', 'WORKASPACE' ) );
#3990 = DIRECTION ( 'NONE',  ( -1.000000000000000000, 0.000000000000000000, 0.000000000000000000 ) ) ;
#3991 = CARTESIAN_POINT ( 'NONE',  ( 0.000000000000000000, 0.000000000000000000, 0.1000000000000000056 ) ) ;
#3992 = ADVANCED_FACE ( 'NONE', ( #1950 ), #4497, .T. ) ;
#3993 = MECHANICAL_DESIGN_GEOMETRIC_PRESENTATION_REPRESENTATION (  '', ( #288 ), #68 ) ;
#3994 = AXIS2_PLACEMENT_3D ( 'NONE', #3465, #257, #3400 ) ;
#3995 = SURFACE_STYLE_FILL_AREA ( #849 ) ;
#3996 = VERTEX_POINT ( 'NONE', #549 ) ;
#3997 = ORIENTED_EDGE ( 'NONE', *, *, #1123, .F. ) ;
#3998 = VECTOR ( 'NONE', #1456, 1000.000000000000000 ) ;
#3999 = VECTOR ( 'NONE', #572, 1000.000000000000000 ) ;
#4000 = EDGE_CURVE ( 'NONE', #1178, #976, #2685, .T. ) ;
#4001 = EDGE_CURVE ( 'NONE', #279, #1997, #1992, .T. ) ;
#4002 = DIRECTION ( 'NONE',  ( 0.000000000000000000, -0.000000000000000000, -1.000000000000000000 ) ) ;
#4003 = VECTOR ( 'NONE', #3949, 1000.000000000000000 ) ;
#4004 = DIRECTION ( 'NONE',  ( 0.000000000000000000, 0.000000000000000000, -1.000000000000000000 ) ) ;
#4005 = VERTEX_POINT ( 'NONE', #1413 ) ;
#4006 =( NAMED_UNIT ( * ) SI_UNIT ( $, .STERADIAN. ) SOLID_ANGLE_UNIT ( ) );
#4007 = STYLED_ITEM ( 'NONE', ( #4068 ), #2486 ) ;
#4008 = EDGE_CURVE ( 'NONE', #986, #2385, #2899, .T. ) ;
#4009 = VERTEX_POINT ( 'NONE', #3563 ) ;
#4010 =( NAMED_UNIT ( * ) PLANE_ANGLE_UNIT ( ) SI_UNIT ( $, .RADIAN. ) );
#4011 = DIRECTION ( 'NONE',  ( 1.000000000000000000, 0.000000000000000000, 0.000000000000000000 ) ) ;
#4012 = CARTESIAN_POINT ( 'NONE',  ( -1.800000000000000044, -0.2000000000000000944, 0.1000000000000000056 ) ) ;
#4013 = EDGE_CURVE ( 'NONE', #3876, #363, #2556, .T. ) ;
#4014 = EDGE_CURVE ( 'NONE', #4101, #1227, #3617, .T. ) ;
#4015 = VECTOR ( 'NONE', #1555, 1000.000000000000000 ) ;
#4016 = EDGE_CURVE ( 'NONE', #318, #965, #1835, .T. ) ;
#4017 = ORIENTED_EDGE ( 'NONE', *, *, #1684, .T. ) ;
#4018 = LINE ( 'NONE', #2118, #2019 ) ;
#4019 = AXIS2_PLACEMENT_3D ( 'NONE', #3286, #1560, #52 ) ;
#4020 = ADVANCED_FACE ( 'NONE', ( #796 ), #4605, .T. ) ;
#4021 =( NAMED_UNIT ( * ) PLANE_ANGLE_UNIT ( ) SI_UNIT ( $, .RADIAN. ) );
#4022 = COLOUR_RGB ( '',0.8431372549019607865, 0.8431372549019607865, 0.8431372549019607865 ) ;
#4023 = FACE_BOUND ( 'NONE', #2263, .T. ) ;
#4024 = EDGE_LOOP ( 'NONE', ( #3586, #19, #1102, #4358 ) ) ;
#4025 = VECTOR ( 'NONE', #567, 1000.000000000000000 ) ;
#4026 = EDGE_LOOP ( 'NONE', ( #2561, #1442, #2553, #1577 ) ) ;
#4027 = LINE ( 'NONE', #852, #1856 ) ;
#4028 = DIRECTION ( 'NONE',  ( 0.000000000000000000, 0.000000000000000000, -1.000000000000000000 ) ) ;
#4029 = UNCERTAINTY_MEASURE_WITH_UNIT (LENGTH_MEASURE( 1.000000000000000082E-05 ), #2654, 'distance_accuracy_value', 'NONE');
#4030 = VECTOR ( 'NONE', #3285, 1000.000000000000000 ) ;
#4031 = ORIENTED_EDGE ( 'NONE', *, *, #2593, .T. ) ;
#4032 = ADVANCED_FACE ( 'NONE', ( #633 ), #1690, .T. ) ;
#4033 = CARTESIAN_POINT ( 'NONE',  ( 0.000000000000000000, 0.000000000000000000, 0.1000000000000000056 ) ) ;
#4034 = PLANE ( 'NONE',  #4268 ) ;
#4035 = AXIS2_PLACEMENT_3D ( 'NONE', #2336, #3752, #1642 ) ;
#4036 = DIRECTION ( 'NONE',  ( 0.000000000000000000, 0.000000000000000000, 1.000000000000000000 ) ) ;
#4037 = DIRECTION ( 'NONE',  ( 0.000000000000000000, -1.000000000000000000, 0.000000000000000000 ) ) ;
#4038 = EDGE_LOOP ( 'NONE', ( #1199, #4201, #4489, #131 ) ) ;
#4039 = CARTESIAN_POINT ( 'NONE',  ( 1.800000000000000044, -1.199999999999999734, 0.1000000000000000056 ) ) ;
#4040 = LINE ( 'NONE', #4065, #350 ) ;
#4041 = FILL_AREA_STYLE ('',( #3631 ) ) ;
#4042 = CARTESIAN_POINT ( 'NONE',  ( -1.949999999999999956, 2.199999999999999734, 0.1000000000000000056 ) ) ;
#4043 = FILL_AREA_STYLE_COLOUR ( '', #978 ) ;
#4044 = CARTESIAN_POINT ( 'NONE',  ( -1.800000000000000044, -2.199999999999999734, 0.1000000000000000056 ) ) ;
#4045 = EDGE_LOOP ( 'NONE', ( #3507, #2892, #3444, #3374 ) ) ;
#4046 = ADVANCED_FACE ( 'NONE', ( #688 ), #344, .F. ) ;
#4047 = ORIENTED_EDGE ( 'NONE', *, *, #2813, .T. ) ;
#4048 = SURFACE_SIDE_STYLE ('',( #2660 ) ) ;
#4049 = DIRECTION ( 'NONE',  ( -0.000000000000000000, 0.000000000000000000, 1.000000000000000000 ) ) ;
#4050 = PRESENTATION_STYLE_ASSIGNMENT (( #823 ) ) ;
#4051 = ORIENTED_EDGE ( 'NONE', *, *, #1694, .T. ) ;
#4052 = CARTESIAN_POINT ( 'NONE',  ( -1.800000000000000044, -1.799999999999999600, 0.1000000000000000056 ) ) ;
#4053 = DIRECTION ( 'NONE',  ( -0.000000000000000000, 0.000000000000000000, 1.000000000000000000 ) ) ;
#4054 =( NAMED_UNIT ( * ) SI_UNIT ( $, .STERADIAN. ) SOLID_ANGLE_UNIT ( ) );
#4055 = CARTESIAN_POINT ( 'NONE',  ( 2.399999999999999911, 1.199999999999999956, 0.1000000000000000056 ) ) ;
#4056 = PRESENTATION_STYLE_ASSIGNMENT (( #3356 ) ) ;
#4057 = MECHANICAL_DESIGN_GEOMETRIC_PRESENTATION_REPRESENTATION (  '', ( #1162 ), #2960 ) ;
#4058 = FACE_OUTER_BOUND ( 'NONE', #3115, .T. ) ;
#4059 = DIRECTION ( 'NONE',  ( -1.000000000000000000, 0.000000000000000000, 0.000000000000000000 ) ) ;
#4060 = SURFACE_STYLE_FILL_AREA ( #4413 ) ;
#4061 = VECTOR ( 'NONE', #828, 1000.000000000000000 ) ;
#4063 = ORIENTED_EDGE ( 'NONE', *, *, #713, .F. ) ;
#4062 = EDGE_CURVE ( 'NONE', #786, #2385, #3490, .T. ) ;
#4064 = FACE_OUTER_BOUND ( 'NONE', #692, .T. ) ;
#4065 = CARTESIAN_POINT ( 'NONE',  ( -2.399999999999999911, 1.799999999999999600, 0.1000000000000000056 ) ) ;
#4066 = ORIENTED_EDGE ( 'NONE', *, *, #3405, .F. ) ;
#4067 = PLANE ( 'NONE',  #2784 ) ;
#4068 = PRESENTATION_STYLE_ASSIGNMENT (( #2364 ) ) ;
#4069 = LINE ( 'NONE', #568, #3134 ) ;
#4070 =( LENGTH_UNIT ( ) NAMED_UNIT ( * ) SI_UNIT ( .MILLI., .METRE. ) );
#4071 = PRESENTATION_LAYER_ASSIGNMENT (  '', '', ( #56 ) ) ;
#4072 = FACE_BOUND ( 'NONE', #4384, .T. ) ;
#4073 =( NAMED_UNIT ( * ) SI_UNIT ( $, .STERADIAN. ) SOLID_ANGLE_UNIT ( ) );
#4074 = ADVANCED_FACE ( 'NONE', ( #2802 ), #305, .T. ) ;
#4075 = CARTESIAN_POINT ( 'NONE',  ( -2.449999999999999289, -2.500000000000000000, 1.300000000000000266 ) ) ;
#4076 = COLOUR_RGB ( '',0.7921568627450980005, 0.8196078431372548767, 0.9333333333333333481 ) ;
#4077 = FACE_OUTER_BOUND ( 'NONE', #3831, .T. ) ;
#4078 = CARTESIAN_POINT ( 'NONE',  ( 0.000000000000000000, 0.000000000000000000, 0.1000000000000000056 ) ) ;
#4079 = ORIENTED_EDGE ( 'NONE', *, *, #615, .T. ) ;
#4080 = EDGE_CURVE ( 'NONE', #4203, #2339, #3512, .T. ) ;
#4081 = STYLED_ITEM ( 'NONE', ( #3866 ), #744 ) ;
#4082 =( NAMED_UNIT ( * ) SI_UNIT ( $, .STERADIAN. ) SOLID_ANGLE_UNIT ( ) );
#4083 = EDGE_CURVE ( 'NONE', #3687, #3795, #2697, .T. ) ;
#4084 = EDGE_CURVE ( 'NONE', #2505, #1424, #2267, .T. ) ;
#4085 = DIRECTION ( 'NONE',  ( 1.000000000000000000, 0.000000000000000000, 0.000000000000000000 ) ) ;
#4086 = CARTESIAN_POINT ( 'NONE',  ( -1.800000000000000044, 0.2000000000000000944, 0.000000000000000000 ) ) ;
#4087 = SURFACE_STYLE_USAGE ( .BOTH. , #445 ) ;
#4088 = AXIS2_PLACEMENT_3D ( 'NONE', #3425, #1713, #4208 ) ;
#4089 = CARTESIAN_POINT ( 'NONE',  ( -2.399999999999999911, 0.2000000000000000944, 0.1000000000000000056 ) ) ;
#4090 =( LENGTH_UNIT ( ) NAMED_UNIT ( * ) SI_UNIT ( .MILLI., .METRE. ) );
#4091 = ORIENTED_EDGE ( 'NONE', *, *, #41, .T. ) ;
#4092 = PLANE ( 'NONE',  #2069 ) ;
#4093 =( NAMED_UNIT ( * ) PLANE_ANGLE_UNIT ( ) SI_UNIT ( $, .RADIAN. ) );
#4094 = VECTOR ( 'NONE', #2721, 1000.000000000000000 ) ;
#4095 = EDGE_LOOP ( 'NONE', ( #4310, #2319, #2512, #4134 ) ) ;
#4096 = DIRECTION ( 'NONE',  ( 0.000000000000000000, 0.000000000000000000, 1.000000000000000000 ) ) ;
#4097 = LINE ( 'NONE', #910, #2149 ) ;
#4098 = STYLED_ITEM ( 'NONE', ( #1293 ), #2564 ) ;
#4099 =( GEOMETRIC_REPRESENTATION_CONTEXT ( 3 ) GLOBAL_UNCERTAINTY_ASSIGNED_CONTEXT ( ( #1794 ) ) GLOBAL_UNIT_ASSIGNED_CONTEXT ( ( #3464, #1326, #949 ) ) REPRESENTATION_CONTEXT ( 'NONE', 'WORKASPACE' ) );
#4100 = LINE ( 'NONE', #211, #3724 ) ;
#4101 = VERTEX_POINT ( 'NONE', #4089 ) ;
#4102 = STYLED_ITEM ( 'NONE', ( #2661 ), #2806 ) ;
#4103 = DIRECTION ( 'NONE',  ( -0.000000000000000000, -0.000000000000000000, -1.000000000000000000 ) ) ;
#4104 =( LENGTH_UNIT ( ) NAMED_UNIT ( * ) SI_UNIT ( .MILLI., .METRE. ) );
#4105 = VERTEX_POINT ( 'NONE', #2632 ) ;
#4106 = DIRECTION ( 'NONE',  ( 0.000000000000000000, 1.000000000000000000, 0.000000000000000000 ) ) ;
#4107 = CARTESIAN_POINT ( 'NONE',  ( -2.399999999999999911, 1.199999999999999956, 0.000000000000000000 ) ) ;
#4108 = DIRECTION ( 'NONE',  ( 0.000000000000000000, 0.000000000000000000, -1.000000000000000000 ) ) ;
#4109 = PLANE ( 'NONE',  #3473 ) ;
#4110 = EDGE_CURVE ( 'NONE', #3355, #4009, #905, .T. ) ;
#4111 = SURFACE_SIDE_STYLE ('',( #3692 ) ) ;
#4112 = ORIENTED_EDGE ( 'NONE', *, *, #4529, .F. ) ;
#4113 = LINE ( 'NONE', #1638, #1248 ) ;
#4114 = AXIS2_PLACEMENT_3D ( 'NONE', #1520, #3906, #1471 ) ;
#4115 = PLANE ( 'NONE',  #3922 ) ;
#4116 = CARTESIAN_POINT ( 'NONE',  ( -2.399999999999999911, 2.199999999999999734, 0.000000000000000000 ) ) ;
#4117 = LINE ( 'NONE', #2677, #417 ) ;
#4118 = CARTESIAN_POINT ( 'NONE',  ( 2.399999999999999911, 2.199999999999999734, 0.1000000000000000056 ) ) ;
#4119 = ORIENTED_EDGE ( 'NONE', *, *, #1335, .F. ) ;
#4120 = SURFACE_SIDE_STYLE ('',( #4481 ) ) ;
#4121 = FILL_AREA_STYLE ('',( #3412 ) ) ;
#4122 = CARTESIAN_POINT ( 'NONE',  ( -2.399999999999999911, 1.799999999999999600, 0.000000000000000000 ) ) ;
#4123 = ORIENTED_EDGE ( 'NONE', *, *, #3680, .F. ) ;
#4124 = SURFACE_SIDE_STYLE ('',( #4461 ) ) ;
#4125 = CARTESIAN_POINT ( 'NONE',  ( 0.000000000000000000, 0.000000000000000000, 0.1000000000000000056 ) ) ;
#4126 = CARTESIAN_POINT ( 'NONE',  ( -2.399999999999999911, 0.2000000000000000944, 0.000000000000000000 ) ) ;
#4127 = ORIENTED_EDGE ( 'NONE', *, *, #2078, .F. ) ;
#4128 = CARTESIAN_POINT ( 'NONE',  ( 2.399999999999999911, 2.199999999999999734, 0.1000000000000000056 ) ) ;
#4129 = ORIENTED_EDGE ( 'NONE', *, *, #2902, .F. ) ;
#4130 = ORIENTED_EDGE ( 'NONE', *, *, #3896, .F. ) ;
#4131 = CARTESIAN_POINT ( 'NONE',  ( -1.800000000000000044, -0.2000000000000000944, 0.1000000000000000056 ) ) ;
#4132 = ORIENTED_EDGE ( 'NONE', *, *, #2100, .T. ) ;
#4133 = ORIENTED_EDGE ( 'NONE', *, *, #2338, .T. ) ;
#4134 = ORIENTED_EDGE ( 'NONE', *, *, #1726, .T. ) ;
#4135 = PRESENTATION_STYLE_ASSIGNMENT (( #1296 ) ) ;
#4136 = DIRECTION ( 'NONE',  ( 0.000000000000000000, 0.000000000000000000, -1.000000000000000000 ) ) ;
#4137 = LINE ( 'NONE', #2432, #819 ) ;
#4138 = PRESENTATION_STYLE_ASSIGNMENT (( #3080 ) ) ;
#4139 = DIRECTION ( 'NONE',  ( -1.000000000000000000, 0.000000000000000000, -0.000000000000000000 ) ) ;
#4140 = ORIENTED_EDGE ( 'NONE', *, *, #2613, .T. ) ;
#4141 = DIRECTION ( 'NONE',  ( 0.000000000000000000, 0.000000000000000000, -1.000000000000000000 ) ) ;
#4142 = ORIENTED_EDGE ( 'NONE', *, *, #2835, .T. ) ;
#4143 = ORIENTED_EDGE ( 'NONE', *, *, #1770, .F. ) ;
#4144 =( NAMED_UNIT ( * ) PLANE_ANGLE_UNIT ( ) SI_UNIT ( $, .RADIAN. ) );
#4145 = DIRECTION ( 'NONE',  ( -0.000000000000000000, 0.000000000000000000, 1.000000000000000000 ) ) ;
#4146 = FACE_BOUND ( 'NONE', #2065, .T. ) ;
#4147 = FACE_OUTER_BOUND ( 'NONE', #3890, .T. ) ;
#4148 = ORIENTED_EDGE ( 'NONE', *, *, #655, .T. ) ;
#4149 = PRESENTATION_LAYER_ASSIGNMENT (  '', '', ( #2598 ) ) ;
#4150 = ORIENTED_EDGE ( 'NONE', *, *, #3956, .T. ) ;
#4151 = SURFACE_STYLE_FILL_AREA ( #2738 ) ;
#4152 =( NAMED_UNIT ( * ) SI_UNIT ( $, .STERADIAN. ) SOLID_ANGLE_UNIT ( ) );
#4153 = PLANE ( 'NONE',  #3456 ) ;
#4154 = CARTESIAN_POINT ( 'NONE',  ( 2.399999999999999911, 0.7999999999999997113, 0.000000000000000000 ) ) ;
#4155 = ORIENTED_EDGE ( 'NONE', *, *, #1322, .T. ) ;
#4156 = LINE ( 'NONE', #932, #4094 ) ;
#4157 = ORIENTED_EDGE ( 'NONE', *, *, #2167, .T. ) ;
#4158 = CARTESIAN_POINT ( 'NONE',  ( -2.399999999999999911, -0.7999999999999994893, 0.1000000000000000056 ) ) ;
#4159 = VECTOR ( 'NONE', #2794, 1000.000000000000000 ) ;
#4160 = AXIS2_PLACEMENT_3D ( 'NONE', #903, #1843, #3292 ) ;
#4161 = CARTESIAN_POINT ( 'NONE',  ( 2.399999999999999911, -1.799999999999999600, 0.000000000000000000 ) ) ;
#4162 = PRESENTATION_LAYER_ASSIGNMENT (  '', '', ( #3062 ) ) ;
#4163 = CARTESIAN_POINT ( 'NONE',  ( -1.824999999999999734, 2.052152102643953757, 1.350000000000000089 ) ) ;
#4164 = PRESENTATION_LAYER_ASSIGNMENT (  '', '', ( #2986 ) ) ;
#4165 = PLANE ( 'NONE',  #360 ) ;
#4166 = VECTOR ( 'NONE', #2124, 1000.000000000000000 ) ;
#4167 =( GEOMETRIC_REPRESENTATION_CONTEXT ( 3 ) GLOBAL_UNCERTAINTY_ASSIGNED_CONTEXT ( ( #2557 ) ) GLOBAL_UNIT_ASSIGNED_CONTEXT ( ( #3247, #326, #3895 ) ) REPRESENTATION_CONTEXT ( 'NONE', 'WORKASPACE' ) );
#4168 = ADVANCED_FACE ( 'NONE', ( #1957 ), #4034, .T. ) ;
#4169 = PLANE ( 'NONE',  #642 ) ;
#4170 = CARTESIAN_POINT ( 'NONE',  ( 2.399999999999999911, 2.199999999999999734, 0.1000000000000000056 ) ) ;
#4171 = EDGE_CURVE ( 'NONE', #279, #2147, #623, .T. ) ;
#4172 =( GEOMETRIC_REPRESENTATION_CONTEXT ( 3 ) GLOBAL_UNCERTAINTY_ASSIGNED_CONTEXT ( ( #1045 ) ) GLOBAL_UNIT_ASSIGNED_CONTEXT ( ( #4090, #179, #3051 ) ) REPRESENTATION_CONTEXT ( 'NONE', 'WORKASPACE' ) );
#4173 = ORIENTED_EDGE ( 'NONE', *, *, #4227, .F. ) ;
#4174 = DIRECTION ( 'NONE',  ( -1.000000000000000000, 0.000000000000000000, 0.000000000000000000 ) ) ;
#4175 = ORIENTED_EDGE ( 'NONE', *, *, #2921, .F. ) ;
#4176 = MECHANICAL_DESIGN_GEOMETRIC_PRESENTATION_REPRESENTATION (  '', ( #1933 ), #143 ) ;
#4177 = CARTESIAN_POINT ( 'NONE',  ( 2.399999999999999911, -1.199999999999999734, 0.000000000000000000 ) ) ;
#4178 = MECHANICAL_DESIGN_GEOMETRIC_PRESENTATION_REPRESENTATION (  '', ( #3148 ), #3504 ) ;
#4179 = CARTESIAN_POINT ( 'NONE',  ( 2.399999999999999911, -2.199999999999999734, 0.1000000000000000056 ) ) ;
#4180 = PLANE ( 'NONE',  #222 ) ;
#4181 = DIRECTION ( 'NONE',  ( -0.000000000000000000, 1.000000000000000000, -0.000000000000000000 ) ) ;
#4182 = DIRECTION ( 'NONE',  ( -0.000000000000000000, 0.000000000000000000, 1.000000000000000000 ) ) ;
#4183 = CARTESIAN_POINT ( 'NONE',  ( 2.399999999999999911, 0.2000000000000000944, 0.000000000000000000 ) ) ;
#4184 = ORIENTED_EDGE ( 'NONE', *, *, #4008, .T. ) ;
#4185 = STYLED_ITEM ( 'NONE', ( #1172 ), #3810 ) ;
#4186 = VERTEX_POINT ( 'NONE', #4584 ) ;
#4187 = CARTESIAN_POINT ( 'NONE',  ( -2.399999999999999911, 2.199999999999999734, 0.000000000000000000 ) ) ;
#4188 = FILL_AREA_STYLE ('',( #4520 ) ) ;
#4189 = LINE ( 'NONE', #4118, #438 ) ;
#4190 = DIRECTION ( 'NONE',  ( 0.000000000000000000, -0.000000000000000000, 1.000000000000000000 ) ) ;
#4191 = SURFACE_STYLE_FILL_AREA ( #3430 ) ;
#4192 = VECTOR ( 'NONE', #1235, 1000.000000000000000 ) ;
#4193 = VECTOR ( 'NONE', #1301, 1000.000000000000000 ) ;
#4194 = PLANE ( 'NONE',  #3664 ) ;
#4195 = FACE_OUTER_BOUND ( 'NONE', #333, .T. ) ;
#4196 = FILL_AREA_STYLE ('',( #2415 ) ) ;
#4197 = PLANE ( 'NONE',  #2239 ) ;
#4198 = PRESENTATION_LAYER_ASSIGNMENT (  '', '', ( #2867 ) ) ;
#4199 = EDGE_LOOP ( 'NONE', ( #2841, #2108, #2774, #590 ) ) ;
#4200 = DIRECTION ( 'NONE',  ( -0.000000000000000000, -1.000000000000000000, -0.000000000000000000 ) ) ;
#4201 = ORIENTED_EDGE ( 'NONE', *, *, #2934, .T. ) ;
#4202 = CARTESIAN_POINT ( 'NONE',  ( 1.800000000000000044, -0.7999999999999994893, 0.1000000000000000056 ) ) ;
#4203 = VERTEX_POINT ( 'NONE', #1751 ) ;
#4204 = CARTESIAN_POINT ( 'NONE',  ( 2.399999999999999911, 1.799999999999999600, 0.1000000000000000056 ) ) ;
#4205 = ORIENTED_EDGE ( 'NONE', *, *, #4244, .T. ) ;
#4206 = CARTESIAN_POINT ( 'NONE',  ( -2.399999999999999911, 0.2000000000000000944, 0.1000000000000000056 ) ) ;
#4207 = ORIENTED_EDGE ( 'NONE', *, *, #1150, .T. ) ;
#4208 = DIRECTION ( 'NONE',  ( 0.000000000000000000, -0.000000000000000000, 1.000000000000000000 ) ) ;
#4209 = CARTESIAN_POINT ( 'NONE',  ( -2.500000000000000000, 2.500000000000000000, 0.000000000000000000 ) ) ;
#4210 = ORIENTED_EDGE ( 'NONE', *, *, #3241, .F. ) ;
#4211 = SURFACE_STYLE_FILL_AREA ( #4188 ) ;
#4212 = CARTESIAN_POINT ( 'NONE',  ( 2.399999999999999911, -1.799999999999999600, 0.1000000000000000056 ) ) ;
#4213 = CARTESIAN_POINT ( 'NONE',  ( -2.174640513856423762, 1.999999999999999556, 1.350000000000000089 ) ) ;
#4214 = SURFACE_STYLE_USAGE ( .BOTH. , #2807 ) ;
#4215 = VERTEX_POINT ( 'NONE', #2048 ) ;
#4216 = PLANE ( 'NONE',  #2008 ) ;
#4217 = ORIENTED_EDGE ( 'NONE', *, *, #2723, .T. ) ;
#4218 = UNCERTAINTY_MEASURE_WITH_UNIT (LENGTH_MEASURE( 1.000000000000000082E-05 ), #1281, 'distance_accuracy_value', 'NONE');
#4219 = ORIENTED_EDGE ( 'NONE', *, *, #1322, .F. ) ;
#4220 = DIRECTION ( 'NONE',  ( -1.000000000000000000, 0.000000000000000000, 0.000000000000000000 ) ) ;
#4221 = ORIENTED_EDGE ( 'NONE', *, *, #2875, .F. ) ;
#4222 = FILL_AREA_STYLE_COLOUR ( '', #2015 ) ;
#4223 = EDGE_CURVE ( 'NONE', #3117, #2688, #4510, .T. ) ;
#4224 = VERTEX_POINT ( 'NONE', #2033 ) ;
#4225 = CARTESIAN_POINT ( 'NONE',  ( 1.800000000000000044, 0.2000000000000000944, 0.1000000000000000056 ) ) ;
#4226 = FILL_AREA_STYLE_COLOUR ( '', #4526 ) ;
#4227 = EDGE_CURVE ( 'NONE', #1958, #898, #3815, .T. ) ;
#4228 = VECTOR ( 'NONE', #4308, 1000.000000000000000 ) ;
#4229 = UNCERTAINTY_MEASURE_WITH_UNIT (LENGTH_MEASURE( 1.000000000000000082E-05 ), #1979, 'distance_accuracy_value', 'NONE');
#4230 = ORIENTED_EDGE ( 'NONE', *, *, #534, .F. ) ;
#4231 = LINE ( 'NONE', #3864, #2753 ) ;
#4232 = FACE_OUTER_BOUND ( 'NONE', #2071, .T. ) ;
#4233 = CARTESIAN_POINT ( 'NONE',  ( 2.399999999999999911, 0.2000000000000000944, 0.000000000000000000 ) ) ;
#4234 = ORIENTED_EDGE ( 'NONE', *, *, #1394, .F. ) ;
#4235 =( LENGTH_UNIT ( ) NAMED_UNIT ( * ) SI_UNIT ( .MILLI., .METRE. ) );
#4236 = DIRECTION ( 'NONE',  ( 0.000000000000000000, -1.000000000000000000, 0.000000000000000000 ) ) ;
#4237 = VECTOR ( 'NONE', #4011, 1000.000000000000000 ) ;
#4238 = AXIS2_PLACEMENT_3D ( 'NONE', #3306, #1513, #1441 ) ;
#4239 = DIRECTION ( 'NONE',  ( -0.000000000000000000, -0.000000000000000000, -1.000000000000000000 ) ) ;
#4240 = VECTOR ( 'NONE', #2253, 1000.000000000000000 ) ;
#4241 = LINE ( 'NONE', #1041, #2379 ) ;
#4242 = VERTEX_POINT ( 'NONE', #3525 ) ;
#4243 = VECTOR ( 'NONE', #4516, 1000.000000000000000 ) ;
#4244 = EDGE_CURVE ( 'NONE', #2107, #2884, #3480, .T. ) ;
#4245 = CYLINDRICAL_SURFACE ( 'NONE', #3514, 0.04999999999999991257 ) ;
#4246 = VECTOR ( 'NONE', #320, 1000.000000000000000 ) ;
#4247 = SURFACE_SIDE_STYLE ('',( #3620 ) ) ;
#4248 = PRESENTATION_LAYER_ASSIGNMENT (  '', '', ( #1933 ) ) ;
#4249 = ORIENTED_EDGE ( 'NONE', *, *, #2562, .T. ) ;
#4250 = LINE ( 'NONE', #2103, #2637 ) ;
#4251 = VECTOR ( 'NONE', #374, 1000.000000000000000 ) ;
#4252 = DIRECTION ( 'NONE',  ( 0.000000000000000000, -1.000000000000000000, 0.000000000000000000 ) ) ;
#4253 = ADVANCED_FACE ( 'NONE', ( #1706 ), #1396, .T. ) ;
#4254 = CARTESIAN_POINT ( 'NONE',  ( 2.399999999999999911, -2.199999999999999734, 0.000000000000000000 ) ) ;
#4255 = DIRECTION ( 'NONE',  ( 0.000000000000000000, 0.000000000000000000, -1.000000000000000000 ) ) ;
#4256 = SURFACE_SIDE_STYLE ('',( #1058 ) ) ;
#4257 = VECTOR ( 'NONE', #893, 1000.000000000000000 ) ;
#4258 = DIRECTION ( 'NONE',  ( -1.000000000000000000, 0.000000000000000000, 0.000000000000000000 ) ) ;
#4259 = DIRECTION ( 'NONE',  ( -0.000000000000000000, 0.000000000000000000, -1.000000000000000000 ) ) ;
#4260 =( LENGTH_UNIT ( ) NAMED_UNIT ( * ) SI_UNIT ( .MILLI., .METRE. ) );
#4261 = AXIS2_PLACEMENT_3D ( 'NONE', #2689, #4106, #4270 ) ;
#4262 = FACE_OUTER_BOUND ( 'NONE', #2757, .T. ) ;
#4263 = EDGE_CURVE ( 'NONE', #3726, #3884, #1292, .T. ) ;
#4264 = AXIS2_PLACEMENT_3D ( 'NONE', #4592, #2848, #4259 ) ;
#4265 = CARTESIAN_POINT ( 'NONE',  ( -1.800000000000000044, 0.2000000000000000944, 0.1000000000000000056 ) ) ;
#4266 = DIRECTION ( 'NONE',  ( 0.000000000000000000, -1.000000000000000000, 0.000000000000000000 ) ) ;
#4267 = CARTESIAN_POINT ( 'NONE',  ( -2.399999999999999911, 0.2000000000000000944, 0.1000000000000000056 ) ) ;
#4268 = AXIS2_PLACEMENT_3D ( 'NONE', #964, #987, #4182 ) ;
#4269 = UNCERTAINTY_MEASURE_WITH_UNIT (LENGTH_MEASURE( 1.000000000000000082E-05 ), #4429, 'distance_accuracy_value', 'NONE');
#4270 = DIRECTION ( 'NONE',  ( 0.000000000000000000, -0.000000000000000000, 1.000000000000000000 ) ) ;
#4271 = FACE_OUTER_BOUND ( 'NONE', #1010, .T. ) ;
#4272 = EDGE_CURVE ( 'NONE', #625, #3996, #232, .T. ) ;
#4273 = VERTEX_POINT ( 'NONE', #275 ) ;
#4274 = DIRECTION ( 'NONE',  ( -1.000000000000000000, -0.000000000000000000, -0.000000000000000000 ) ) ;
#4275 = CARTESIAN_POINT ( 'NONE',  ( 2.399999999999999911, -1.799999999999999600, 0.000000000000000000 ) ) ;
#4276 = FILL_AREA_STYLE_COLOUR ( '', #2387 ) ;
#4277 = ORIENTED_EDGE ( 'NONE', *, *, #3088, .F. ) ;
#4278 = ADVANCED_FACE ( 'NONE', ( #4544 ), #4153, .F. ) ;
#4279 = ORIENTED_EDGE ( 'NONE', *, *, #2891, .T. ) ;
#4280 = CARTESIAN_POINT ( 'NONE',  ( 2.399999999999999911, -1.799999999999999600, 0.000000000000000000 ) ) ;
#4281 = SURFACE_STYLE_USAGE ( .BOTH. , #4331 ) ;
#4282 = CARTESIAN_POINT ( 'NONE',  ( -2.499999999999999556, -2.500000000000000000, 1.350000000000000089 ) ) ;
#4283 = CARTESIAN_POINT ( 'NONE',  ( 2.449999999999998401, 2.449999999999999734, 1.350000000000000089 ) ) ;
#4284 = LINE ( 'NONE', #1042, #551 ) ;
#4285 = EDGE_LOOP ( 'NONE', ( #2125, #3997, #1969, #187 ) ) ;
#4286 =( NAMED_UNIT ( * ) PLANE_ANGLE_UNIT ( ) SI_UNIT ( $, .RADIAN. ) );
#4287 = CARTESIAN_POINT ( 'NONE',  ( 2.399999999999999911, -1.199999999999999734, 0.000000000000000000 ) ) ;
#4288 = PLANE ( 'NONE',  #1935 ) ;
#4289 = DIRECTION ( 'NONE',  ( 0.000000000000000000, 1.000000000000000000, -0.000000000000000000 ) ) ;
#4290 = FILL_AREA_STYLE_COLOUR ( '', #2023 ) ;
#4291 = VECTOR ( 'NONE', #1955, 1000.000000000000000 ) ;
#4292 = CARTESIAN_POINT ( 'NONE',  ( 2.399999999999999911, -0.7999999999999994893, 0.1000000000000000056 ) ) ;
#4293 = LINE ( 'NONE', #2448, #1844 ) ;
#4294 = ORIENTED_EDGE ( 'NONE', *, *, #854, .T. ) ;
#4295 = B_SPLINE_CURVE_WITH_KNOTS ( 'NONE', 3,
 ( #3777, #4493, #239, #2325, #2708, #4163, #3059 ),
 .UNSPECIFIED., .F., .F.,
 ( 4, 1, 1, 1, 4 ),
 ( 0.5000000000000000000, 0.5714285714285721740, 0.7142857142857146346, 0.8571428571428575394, 1.000000000000000000 ),
 .UNSPECIFIED. ) ;
#4296 = DIRECTION ( 'NONE',  ( 0.000000000000000000, -1.000000000000000000, 0.000000000000000000 ) ) ;
#4297 = VERTEX_POINT ( 'NONE', #1731 ) ;
#4298 = CARTESIAN_POINT ( 'NONE',  ( -2.500000000000000000, 2.500000000000000000, 1.350000000000000089 ) ) ;
#4299 = CARTESIAN_POINT ( 'NONE',  ( 2.399999999999999911, 0.2000000000000000944, 0.000000000000000000 ) ) ;
#4300 = DIRECTION ( 'NONE',  ( 0.000000000000000000, -1.000000000000000000, -2.602085213965215059E-14 ) ) ;
#4301 = ADVANCED_FACE ( 'NONE', ( #4558 ), #2817, .F. ) ;
#4302 = FILL_AREA_STYLE ('',( #3610 ) ) ;
#4303 = VECTOR ( 'NONE', #2949, 1000.000000000000000 ) ;
#4304 = ORIENTED_EDGE ( 'NONE', *, *, #3070, .T. ) ;
#4305 = ORIENTED_EDGE ( 'NONE', *, *, #3343, .T. ) ;
#4306 = VECTOR ( 'NONE', #4428, 1000.000000000000000 ) ;
#4307 = ADVANCED_FACE ( 'NONE', ( #2454 ), #2793, .F. ) ;
#4308 = DIRECTION ( 'NONE',  ( -1.000000000000000000, -0.000000000000000000, -0.000000000000000000 ) ) ;
#4309 = CARTESIAN_POINT ( 'NONE',  ( 2.399999999999999911, 0.7999999999999997113, 0.1000000000000000056 ) ) ;
#4310 = ORIENTED_EDGE ( 'NONE', *, *, #1034, .T. ) ;
#4311 = FACE_OUTER_BOUND ( 'NONE', #2202, .T. ) ;
#4312 = VECTOR ( 'NONE', #451, 1000.000000000000000 ) ;
#4313 = CIRCLE ( 'NONE', #1249, 0.05000000000000012768 ) ;
#4314 = CARTESIAN_POINT ( 'NONE',  ( 2.399999999999999911, -2.199999999999999734, 0.000000000000000000 ) ) ;
#4315 = UNCERTAINTY_MEASURE_WITH_UNIT (LENGTH_MEASURE( 1.000000000000000082E-05 ), #600, 'distance_accuracy_value', 'NONE');
#4316 = EDGE_CURVE ( 'NONE', #872, #1703, #3837, .T. ) ;
#4317 = PRESENTATION_LAYER_ASSIGNMENT (  '', '', ( #128 ) ) ;
#4318 = DIRECTION ( 'NONE',  ( -0.000000000000000000, -0.000000000000000000, 1.000000000000000000 ) ) ;
#4319 = MECHANICAL_DESIGN_GEOMETRIC_PRESENTATION_REPRESENTATION (  '', ( #433 ), #822 ) ;
#4320 = PRESENTATION_LAYER_ASSIGNMENT (  '', '', ( #135 ) ) ;
#4321 = ORIENTED_EDGE ( 'NONE', *, *, #3836, .F. ) ;
#4322 = AXIS2_PLACEMENT_3D ( 'NONE', #221, #3114, #924 ) ;
#4323 = EDGE_CURVE ( 'NONE', #3146, #3912, #4250, .T. ) ;
#4324 = ORIENTED_EDGE ( 'NONE', *, *, #3317, .F. ) ;
#4325 = LINE ( 'NONE', #2909, #2570 ) ;
#4326 =( NAMED_UNIT ( * ) PLANE_ANGLE_UNIT ( ) SI_UNIT ( $, .RADIAN. ) );
#4327 = FACE_OUTER_BOUND ( 'NONE', #4026, .T. ) ;
#4328 = LINE ( 'NONE', #1131, #1480 ) ;
#4329 = COLOUR_RGB ( '',0.8431372549019607865, 0.8431372549019607865, 0.8431372549019607865 ) ;
#4330 = UNCERTAINTY_MEASURE_WITH_UNIT (LENGTH_MEASURE( 1.000000000000000082E-05 ), #3279, 'distance_accuracy_value', 'NONE');
#4331 = SURFACE_SIDE_STYLE ('',( #1784 ) ) ;
#4332 = LINE ( 'NONE', #1134, #295 ) ;
#4333 = SURFACE_STYLE_USAGE ( .BOTH. , #1482 ) ;
#4334 = SURFACE_SIDE_STYLE ('',( #3268 ) ) ;
#4335 =( NAMED_UNIT ( * ) PLANE_ANGLE_UNIT ( ) SI_UNIT ( $, .RADIAN. ) );
#4336 = ORIENTED_EDGE ( 'NONE', *, *, #2587, .F. ) ;
#4337 = DIRECTION ( 'NONE',  ( -0.000000000000000000, 1.000000000000000000, -0.000000000000000000 ) ) ;
#4338 = VERTEX_POINT ( 'NONE', #1052 ) ;
#4339 = EDGE_CURVE ( 'NONE', #3318, #3912, #440, .T. ) ;
#4340 = COLOUR_RGB ( '',0.8431372549019607865, 0.8431372549019607865, 0.8431372549019607865 ) ;
#4341 = DIRECTION ( 'NONE',  ( -0.000000000000000000, 1.000000000000000000, -0.000000000000000000 ) ) ;
#4342 =( GEOMETRIC_REPRESENTATION_CONTEXT ( 3 ) GLOBAL_UNCERTAINTY_ASSIGNED_CONTEXT ( ( #2977 ) ) GLOBAL_UNIT_ASSIGNED_CONTEXT ( ( #1736, #3470, #1759 ) ) REPRESENTATION_CONTEXT ( 'NONE', 'WORKASPACE' ) );
#4343 =( NAMED_UNIT ( * ) PLANE_ANGLE_UNIT ( ) SI_UNIT ( $, .RADIAN. ) );
#4344 = LINE ( 'NONE', #1146, #771 ) ;
#4345 = CIRCLE ( 'NONE', #2329, 0.05000000000000012768 ) ;
#4346 = VERTEX_POINT ( 'NONE', #31 ) ;
#4347 = FACE_OUTER_BOUND ( 'NONE', #3769, .T. ) ;
#4348 = LINE ( 'NONE', #3974, #1061 ) ;
#4349 = CARTESIAN_POINT ( 'NONE',  ( 0.000000000000000000, 0.000000000000000000, 0.1000000000000000056 ) ) ;
#4350 = EDGE_LOOP ( 'NONE', ( #1665, #482, #4321, #844 ) ) ;
#4351 = FILL_AREA_STYLE ('',( #2939 ) ) ;
#4352 =( LENGTH_UNIT ( ) NAMED_UNIT ( * ) SI_UNIT ( .MILLI., .METRE. ) );
#4353 = ADVANCED_FACE ( 'NONE', ( #1864 ), #3932, .F. ) ;
#4354 = CARTESIAN_POINT ( 'NONE',  ( 2.399999999999999911, -1.799999999999999600, 0.1000000000000000056 ) ) ;
#4355 = PRESENTATION_STYLE_ASSIGNMENT (( #2567 ) ) ;
#4356 = ORIENTED_EDGE ( 'NONE', *, *, #3166, .F. ) ;
#4357 = LINE ( 'NONE', #1159, #1556 ) ;
#4358 = ORIENTED_EDGE ( 'NONE', *, *, #498, .T. ) ;
#4359 = VERTEX_POINT ( 'NONE', #735 ) ;
#4360 = LINE ( 'NONE', #2525, #1766 ) ;
#4361 = DIRECTION ( 'NONE',  ( -0.000000000000000000, 1.000000000000000000, -0.000000000000000000 ) ) ;
#4362 = LINE ( 'NONE', #2211, #2476 ) ;
#4363 = ORIENTED_EDGE ( 'NONE', *, *, #3088, .T. ) ;
#4364 = STYLED_ITEM ( 'NONE', ( #1547 ), #184 ) ;
#4365 = SURFACE_STYLE_USAGE ( .BOTH. , #111 ) ;
#4366 = ORIENTED_EDGE ( 'NONE', *, *, #1364, .F. ) ;
#4367 = UNCERTAINTY_MEASURE_WITH_UNIT (LENGTH_MEASURE( 1.000000000000000082E-05 ), #813, 'distance_accuracy_value', 'NONE');
#4368 = CARTESIAN_POINT ( 'NONE',  ( 1.800000000000000044, 1.199999999999999956, 0.1000000000000000056 ) ) ;
#4369 = DIRECTION ( 'NONE',  ( -1.000000000000000000, -0.000000000000000000, -0.000000000000000000 ) ) ;
#4370 = ADVANCED_FACE ( 'NONE', ( #3258 ), #1074, .T. ) ;
#4371 = PLANE ( 'NONE',  #1644 ) ;
#4372 = CARTESIAN_POINT ( 'NONE',  ( 2.500000000000000000, 2.500000000000000000, 1.350000000000000089 ) ) ;
#4373 = ORIENTED_EDGE ( 'NONE', *, *, #4323, .T. ) ;
#4374 = VERTEX_POINT ( 'NONE', #1447 ) ;
#4375 = LINE ( 'NONE', #837, #4240 ) ;
#4376 = EDGE_CURVE ( 'NONE', #3086, #986, #4325, .T. ) ;
#4377 = VECTOR ( 'NONE', #144, 1000.000000000000000 ) ;
#4378 = VECTOR ( 'NONE', #1372, 1000.000000000000000 ) ;
#4379 = PLANE ( 'NONE',  #3373 ) ;
#4380 = EDGE_CURVE ( 'NONE', #505, #986, #364, .T. ) ;
#4381 = COLOUR_RGB ( '',0.8431372549019607865, 0.8431372549019607865, 0.8431372549019607865 ) ;
#4382 = VERTEX_POINT ( 'NONE', #2510 ) ;
#4383 = AXIS2_PLACEMENT_3D ( 'NONE', #3491, #281, #307 ) ;
#4384 = EDGE_LOOP ( 'NONE', ( #49, #3602, #3816, #1294 ) ) ;
#4385 = EDGE_LOOP ( 'NONE', ( #1519, #1981, #3972, #2333 ) ) ;
#4386 = SURFACE_STYLE_FILL_AREA ( #874 ) ;
#4387 = EDGE_CURVE ( 'NONE', #2618, #465, #1503, .T. ) ;
#4388 =( NAMED_UNIT ( * ) SI_UNIT ( $, .STERADIAN. ) SOLID_ANGLE_UNIT ( ) );
#4389 = VECTOR ( 'NONE', #3414, 1000.000000000000000 ) ;
#4390 = DIRECTION ( 'NONE',  ( -0.000000000000000000, -0.000000000000000000, -1.000000000000000000 ) ) ;
#4391 = VECTOR ( 'NONE', #258, 1000.000000000000000 ) ;
#4392 = ORIENTED_EDGE ( 'NONE', *, *, #1604, .T. ) ;
#4393 = FACE_OUTER_BOUND ( 'NONE', #4385, .T. ) ;
#4394 = FILL_AREA_STYLE_COLOUR ( '', #4381 ) ;
#4395 = VECTOR ( 'NONE', #4540, 1000.000000000000000 ) ;
#4396 = FACE_OUTER_BOUND ( 'NONE', #4285, .T. ) ;
#4397 = EDGE_CURVE ( 'NONE', #2083, #806, #1839, .T. ) ;
#4398 = LINE ( 'NONE', #1918, #1104 ) ;
#4399 = VECTOR ( 'NONE', #4337, 1000.000000000000000 ) ;
#4400 = LINE ( 'NONE', #1815, #1423 ) ;
#4401 = DIRECTION ( 'NONE',  ( -1.000000000000000000, 0.000000000000000000, 0.000000000000000000 ) ) ;
#4402 = DIRECTION ( 'NONE',  ( 1.000000000000000000, -0.000000000000000000, -0.000000000000000000 ) ) ;
#4403 = LINE ( 'NONE', #4044, #3600 ) ;
#4404 = COLOUR_RGB ( '',0.8431372549019607865, 0.8431372549019607865, 0.8431372549019607865 ) ;
#4405 = ORIENTED_EDGE ( 'NONE', *, *, #1817, .F. ) ;
#4406 =( GEOMETRIC_REPRESENTATION_CONTEXT ( 3 ) GLOBAL_UNCERTAINTY_ASSIGNED_CONTEXT ( ( #3263 ) ) GLOBAL_UNIT_ASSIGNED_CONTEXT ( ( #436, #3668, #1213 ) ) REPRESENTATION_CONTEXT ( 'NONE', 'WORKASPACE' ) );
#4407 = LINE ( 'NONE', #2687, #1266 ) ;
#4408 = CARTESIAN_POINT ( 'NONE',  ( 1.800000000000000044, -1.799999999999999600, 0.1000000000000000056 ) ) ;
#4409 = COLOUR_RGB ( '',0.8431372549019607865, 0.8431372549019607865, 0.8431372549019607865 ) ;
#4410 = DIRECTION ( 'NONE',  ( 0.000000000000000000, 0.000000000000000000, -1.000000000000000000 ) ) ;
#4411 = DIRECTION ( 'NONE',  ( -0.000000000000000000, 1.000000000000000000, -0.000000000000000000 ) ) ;
#4412 = AXIS2_PLACEMENT_3D ( 'NONE', #510, #244, #1308 ) ;
#4413 = FILL_AREA_STYLE ('',( #3013 ) ) ;
#4414 = EDGE_CURVE ( 'NONE', #3850, #898, #2885, .T. ) ;
#4415 = CARTESIAN_POINT ( 'NONE',  ( 2.399999999999999911, -0.7999999999999994893, 0.000000000000000000 ) ) ;
#4416 = CARTESIAN_POINT ( 'NONE',  ( 2.449999999999999734, -2.500000000000000000, 0.000000000000000000 ) ) ;
#4417 = CARTESIAN_POINT ( 'NONE',  ( -2.449999999999999289, 2.449999999999999734, 1.300000000000000266 ) ) ;
#4418 = CARTESIAN_POINT ( 'NONE',  ( 2.399999999999999911, -1.199999999999999734, 0.1000000000000000056 ) ) ;
#4419 = LINE ( 'NONE', #2234, #2170 ) ;
#4420 = ORIENTED_EDGE ( 'NONE', *, *, #1233, .F. ) ;
#4421 = SPHERICAL_SURFACE ( 'NONE', #2832, 0.05000000000000000278 ) ;
#4422 = FILL_AREA_STYLE_COLOUR ( '', #2161 ) ;
#4423 = CARTESIAN_POINT ( 'NONE',  ( -1.824999999999999734, 1.999999999999999112, 1.350000000000000089 ) ) ;
#4424 = DIRECTION ( 'NONE',  ( 1.000000000000000000, -0.000000000000000000, -0.000000000000000000 ) ) ;
#4425 = VECTOR ( 'NONE', #1609, 1000.000000000000000 ) ;
#4426 = LINE ( 'NONE', #3007, #3175 ) ;
#4427 = FILL_AREA_STYLE ('',( #4394 ) ) ;
#4428 = DIRECTION ( 'NONE',  ( -0.000000000000000000, -0.000000000000000000, -1.000000000000000000 ) ) ;
#4429 =( LENGTH_UNIT ( ) NAMED_UNIT ( * ) SI_UNIT ( .MILLI., .METRE. ) );
#4430 = FACE_OUTER_BOUND ( 'NONE', #1228, .T. ) ;
#4431 = PRODUCT_DEFINITION ( 'UNKNOWN', '', #2106, #115 ) ;
#4432 = PLANE ( 'NONE',  #4383 ) ;
#4433 = EDGE_CURVE ( 'NONE', #1356, #186, #4348, .T. ) ;
#4434 =( NAMED_UNIT ( * ) SI_UNIT ( $, .STERADIAN. ) SOLID_ANGLE_UNIT ( ) );
#4435 =( GEOMETRIC_REPRESENTATION_CONTEXT ( 3 ) GLOBAL_UNCERTAINTY_ASSIGNED_CONTEXT ( ( #3475 ) ) GLOBAL_UNIT_ASSIGNED_CONTEXT ( ( #4591, #1381, #3868 ) ) REPRESENTATION_CONTEXT ( 'NONE', 'WORKASPACE' ) );
#4436 = FILL_AREA_STYLE_COLOUR ( '', #4457 ) ;
#4437 = ADVANCED_FACE ( 'NONE', ( #3577 ), #3642, .F. ) ;
#4438 =( GEOMETRIC_REPRESENTATION_CONTEXT ( 3 ) GLOBAL_UNCERTAINTY_ASSIGNED_CONTEXT ( ( #331 ) ) GLOBAL_UNIT_ASSIGNED_CONTEXT ( ( #3527, #589, #2408 ) ) REPRESENTATION_CONTEXT ( 'NONE', 'WORKASPACE' ) );
#4439 = ORIENTED_EDGE ( 'NONE', *, *, #3554, .F. ) ;
#4440 = FACE_OUTER_BOUND ( 'NONE', #3958, .T. ) ;
#4441 = EDGE_LOOP ( 'NONE', ( #1017, #4119, #1748, #1219 ) ) ;
#4442 = VECTOR ( 'NONE', #3104, 1000.000000000000000 ) ;
#4443 = CIRCLE ( 'NONE', #4160, 0.05000000000000012768 ) ;
#4444 = FILL_AREA_STYLE_COLOUR ( '', #45 ) ;
#4445 = STYLED_ITEM ( 'NONE', ( #3183 ), #2136 ) ;
#4446 = VECTOR ( 'NONE', #2474, 1000.000000000000000 ) ;
#4447 = CARTESIAN_POINT ( 'NONE',  ( 0.000000000000000000, 0.000000000000000000, 0.1000000000000000056 ) ) ;
#4448 = VECTOR ( 'NONE', #2164, 1000.000000000000000 ) ;
#4449 = COLOUR_RGB ( '',0.8431372549019607865, 0.8431372549019607865, 0.8431372549019607865 ) ;
#4450 = DIRECTION ( 'NONE',  ( 0.000000000000000000, -1.000000000000000000, 0.000000000000000000 ) ) ;
#4451 = VECTOR ( 'NONE', #4410, 1000.000000000000000 ) ;
#4452 = VECTOR ( 'NONE', #2552, 1000.000000000000000 ) ;
#4453 = DIRECTION ( 'NONE',  ( 0.000000000000000000, 0.000000000000000000, 1.000000000000000000 ) ) ;
#4454 = LINE ( 'NONE', #1603, #1730 ) ;
#4455 = FACE_OUTER_BOUND ( 'NONE', #742, .T. ) ;
#4456 = ORIENTED_EDGE ( 'NONE', *, *, #860, .T. ) ;
#4457 = COLOUR_RGB ( '',0.8431372549019607865, 0.8431372549019607865, 0.8431372549019607865 ) ;
#4458 =( NAMED_UNIT ( * ) PLANE_ANGLE_UNIT ( ) SI_UNIT ( $, .RADIAN. ) );
#4459 = VECTOR ( 'NONE', #1919, 1000.000000000000000 ) ;
#4460 = VERTEX_POINT ( 'NONE', #216 ) ;
#4461 = SURFACE_STYLE_FILL_AREA ( #1312 ) ;
#4462 = ORIENTED_EDGE ( 'NONE', *, *, #3673, .F. ) ;
#4463 = DIRECTION ( 'NONE',  ( -1.000000000000000000, 0.000000000000000000, 0.000000000000000000 ) ) ;
#4464 = PLANE ( 'NONE',  #2954 ) ;
#4465 = AXIS2_PLACEMENT_3D ( 'NONE', #2935, #337, #1749 ) ;
#4466 = LINE ( 'NONE', #1678, #4378 ) ;
#4467 = FACE_OUTER_BOUND ( 'NONE', #3862, .T. ) ;
#4468 = COLOUR_RGB ( '',0.8431372549019607865, 0.8431372549019607865, 0.8431372549019607865 ) ;
#4469 = DIRECTION ( 'NONE',  ( -1.000000000000000000, 0.000000000000000000, 0.000000000000000000 ) ) ;
#4470 = ORIENTED_EDGE ( 'NONE', *, *, #506, .T. ) ;
#4471 = ADVANCED_FACE ( 'NONE', ( #1646 ), #2628, .F. ) ;
#4472 = STYLED_ITEM ( 'NONE', ( #3603 ), #4370 ) ;
#4473 = ORIENTED_EDGE ( 'NONE', *, *, #2422, .F. ) ;
#4474 = CARTESIAN_POINT ( 'NONE',  ( 1.800000000000000044, 0.2000000000000000944, 0.1000000000000000056 ) ) ;
#4475 = VECTOR ( 'NONE', #4141, 1000.000000000000000 ) ;
#4476 = VERTEX_POINT ( 'NONE', #774 ) ;
#4477 = CARTESIAN_POINT ( 'NONE',  ( -1.800000000000000044, 1.799999999999999600, 0.000000000000000000 ) ) ;
#4478 = CARTESIAN_POINT ( 'NONE',  ( -1.949999999999999956, 2.199999999999999734, 0.1000000000000000056 ) ) ;
#4479 = VERTEX_POINT ( 'NONE', #2994 ) ;
#4480 = ORIENTED_EDGE ( 'NONE', *, *, #4492, .T. ) ;
#4481 = SURFACE_STYLE_FILL_AREA ( #1667 ) ;
#4482 = PLANE ( 'NONE',  #4238 ) ;
#4483 = PRESENTATION_STYLE_ASSIGNMENT (( #3034 ) ) ;
#4484 = EDGE_CURVE ( 'NONE', #4005, #3154, #4403, .T. ) ;
#4485 = ORIENTED_EDGE ( 'NONE', *, *, #241, .F. ) ;
#4486 = DIRECTION ( 'NONE',  ( -1.000000000000000000, -0.000000000000000000, -0.000000000000000000 ) ) ;
#4487 = FACE_OUTER_BOUND ( 'NONE', #3076, .T. ) ;
#4488 = DIRECTION ( 'NONE',  ( 1.000000000000000000, 0.000000000000000000, 0.000000000000000000 ) ) ;
#4489 = ORIENTED_EDGE ( 'NONE', *, *, #2323, .T. ) ;
#4490 = CARTESIAN_POINT ( 'NONE',  ( 2.449999999999999734, -2.500000000000000000, 1.350000000000000089 ) ) ;
#4491 = VERTEX_POINT ( 'NONE', #1143 ) ;
#4492 = EDGE_CURVE ( 'NONE', #4374, #279, #4454, .T. ) ;
#4493 = CARTESIAN_POINT ( 'NONE',  ( -2.174640513856423762, 2.026217971953322650, 1.350000000000000089 ) ) ;
#4494 = VERTEX_POINT ( 'NONE', #3802 ) ;
#4495 = EDGE_LOOP ( 'NONE', ( #1820, #993, #3107, #1954 ) ) ;
#4496 = PLANE ( 'NONE',  #2213 ) ;
#4497 = PLANE ( 'NONE',  #2565 ) ;
#4498 =( NAMED_UNIT ( * ) PLANE_ANGLE_UNIT ( ) SI_UNIT ( $, .RADIAN. ) );
#4499 = CARTESIAN_POINT ( 'NONE',  ( -1.949999999999999956, 2.199999999999999734, 0.000000000000000000 ) ) ;
#4500 = LINE ( 'NONE', #3044, #2168 ) ;
#4501 = DIRECTION ( 'NONE',  ( 1.000000000000000000, 0.000000000000000000, 0.000000000000000000 ) ) ;
#4502 = CARTESIAN_POINT ( 'NONE',  ( -1.949999999999999956, 2.199999999999999734, 0.1000000000000000056 ) ) ;
#4503 = DIRECTION ( 'NONE',  ( -0.000000000000000000, 1.000000000000000000, -0.000000000000000000 ) ) ;
#4504 = LINE ( 'NONE', #248, #1580 ) ;
#4505 = MECHANICAL_DESIGN_GEOMETRIC_PRESENTATION_REPRESENTATION (  '', ( #56 ), #1388 ) ;
#4506 = DIRECTION ( 'NONE',  ( 0.000000000000000000, -1.000000000000000000, 0.000000000000000000 ) ) ;
#4507 = DIRECTION ( 'NONE',  ( -1.000000000000000000, 0.000000000000000000, 0.000000000000000000 ) ) ;
#4508 = PRESENTATION_LAYER_ASSIGNMENT (  '', '', ( #1914 ) ) ;
#4509 = DIRECTION ( 'NONE',  ( 0.000000000000000000, -0.000000000000000000, 1.000000000000000000 ) ) ;
#4510 = LINE ( 'NONE', #1030, #462 ) ;
#4511 = ORIENTED_EDGE ( 'NONE', *, *, #4016, .T. ) ;
#4512 = EDGE_LOOP ( 'NONE', ( #4294, #1297, #3209, #975 ) ) ;
#4513 = EDGE_CURVE ( 'NONE', #733, #4578, #1265, .T. ) ;
#4514 = VERTEX_POINT ( 'NONE', #2297 ) ;
#4515 = DIRECTION ( 'NONE',  ( 0.000000000000000000, 0.000000000000000000, -1.000000000000000000 ) ) ;
#4516 = DIRECTION ( 'NONE',  ( -1.000000000000000000, -0.000000000000000000, -0.000000000000000000 ) ) ;
#4517 = AXIS2_PLACEMENT_3D ( 'NONE', #289, #4530, #3457 ) ;
#4518 = DIRECTION ( 'NONE',  ( -0.000000000000000000, 0.000000000000000000, -1.000000000000000000 ) ) ;
#4519 = ORIENTED_EDGE ( 'NONE', *, *, #170, .T. ) ;
#4520 = FILL_AREA_STYLE_COLOUR ( '', #2358 ) ;
#4521 = MECHANICAL_DESIGN_GEOMETRIC_PRESENTATION_REPRESENTATION (  '', ( #3206 ), #3138 ) ;
#4522 = DIRECTION ( 'NONE',  ( 0.000000000000000000, 0.000000000000000000, 1.000000000000000000 ) ) ;
#4523 =( GEOMETRIC_REPRESENTATION_CONTEXT ( 3 ) GLOBAL_UNCERTAINTY_ASSIGNED_CONTEXT ( ( #2926 ) ) GLOBAL_UNIT_ASSIGNED_CONTEXT ( ( #2607, #2978, #4388 ) ) REPRESENTATION_CONTEXT ( 'NONE', 'WORKASPACE' ) );
#4524 = FILL_AREA_STYLE_COLOUR ( '', #290 ) ;
#4525 = VERTEX_POINT ( 'NONE', #2013 ) ;
#4526 = COLOUR_RGB ( '',0.8431372549019607865, 0.8431372549019607865, 0.8431372549019607865 ) ;
#4527 = AXIS2_PLACEMENT_3D ( 'NONE', #1631, #999, #3068 ) ;
#4528 = CARTESIAN_POINT ( 'NONE',  ( 2.399999999999999911, 2.199999999999999734, 0.1000000000000000056 ) ) ;
#4529 = EDGE_CURVE ( 'NONE', #318, #235, #4345, .T. ) ;
#4530 = DIRECTION ( 'NONE',  ( -0.000000000000000000, 0.000000000000000000, -1.000000000000000000 ) ) ;
#4531 = DIRECTION ( 'NONE',  ( -1.000000000000000000, -0.000000000000000000, -0.000000000000000000 ) ) ;
#4532 = CARTESIAN_POINT ( 'NONE',  ( -2.399999999999999911, -0.7999999999999994893, 0.1000000000000000056 ) ) ;
#4533 = VECTOR ( 'NONE', #3435, 1000.000000000000000 ) ;
#4534 = EDGE_CURVE ( 'NONE', #629, #308, #212, .T. ) ;
#4535 = ORIENTED_EDGE ( 'NONE', *, *, #1578, .T. ) ;
#4536 = UNCERTAINTY_MEASURE_WITH_UNIT (LENGTH_MEASURE( 1.000000000000000082E-05 ), #3748, 'distance_accuracy_value', 'NONE');
#4537 = VERTEX_POINT ( 'NONE', #3042 ) ;
#4538 = EDGE_CURVE ( 'NONE', #4514, #4346, #3454, .T. ) ;
#4539 = ORIENTED_EDGE ( 'NONE', *, *, #362, .F. ) ;
#4540 = DIRECTION ( 'NONE',  ( 0.000000000000000000, 1.000000000000000000, -0.000000000000000000 ) ) ;
#4541 = ORIENTED_EDGE ( 'NONE', *, *, #4513, .T. ) ;
#4542 =( NAMED_UNIT ( * ) PLANE_ANGLE_UNIT ( ) SI_UNIT ( $, .RADIAN. ) );
#4543 = VECTOR ( 'NONE', #431, 1000.000000000000000 ) ;
#4544 = FACE_OUTER_BOUND ( 'NONE', #2388, .T. ) ;
#4545 = SURFACE_STYLE_FILL_AREA ( #1682 ) ;
#4546 = ORIENTED_EDGE ( 'NONE', *, *, #3845, .T. ) ;
#4547 = EDGE_LOOP ( 'NONE', ( #238, #2345, #4129, #1433 ) ) ;
#4548 = VERTEX_POINT ( 'NONE', #913 ) ;
#4549 = DIRECTION ( 'NONE',  ( -1.000000000000000000, 0.000000000000000000, -0.000000000000000000 ) ) ;
#4550 = ORIENTED_EDGE ( 'NONE', *, *, #605, .T. ) ;
#4551 = EDGE_LOOP ( 'NONE', ( #4456, #1274, #3578 ) ) ;
#4552 = VECTOR ( 'NONE', #3144, 1000.000000000000000 ) ;
#4553 = FILL_AREA_STYLE ('',( #4575 ) ) ;
#4554 = DIRECTION ( 'NONE',  ( 1.000000000000000000, -0.000000000000000000, -0.000000000000000000 ) ) ;
#4555 = EDGE_CURVE ( 'NONE', #4494, #1174, #4295, .T. ) ;
#4556 = ORIENTED_EDGE ( 'NONE', *, *, #605, .F. ) ;
#4557 = CARTESIAN_POINT ( 'NONE',  ( 2.399999999999999911, 1.199999999999999956, 0.1000000000000000056 ) ) ;
#4558 = FACE_OUTER_BOUND ( 'NONE', #3124, .T. ) ;
#4559 = ORIENTED_EDGE ( 'NONE', *, *, #4008, .F. ) ;
#4560 = PRODUCT_DEFINITION_SHAPE ( 'NONE', 'NONE',  #4431 ) ;
#4561 = LINE ( 'NONE', #2067, #3363 ) ;
#4562 = ORIENTED_EDGE ( 'NONE', *, *, #2396, .F. ) ;
#4563 = CARTESIAN_POINT ( 'NONE',  ( -1.800000000000000044, 2.049999999999999822, 0.1000000000000000056 ) ) ;
#4564 =( NAMED_UNIT ( * ) PLANE_ANGLE_UNIT ( ) SI_UNIT ( $, .RADIAN. ) );
#4565 = VERTEX_POINT ( 'NONE', #973 ) ;
#4566 = CARTESIAN_POINT ( 'NONE',  ( 2.399999999999999911, -0.2000000000000000944, 0.1000000000000000056 ) ) ;
#4567 = DIRECTION ( 'NONE',  ( 0.000000000000000000, -1.000000000000000000, 0.000000000000000000 ) ) ;
#4568 = DIRECTION ( 'NONE',  ( 0.000000000000000000, 0.000000000000000000, 1.000000000000000000 ) ) ;
#4569 = DIRECTION ( 'NONE',  ( -1.000000000000000000, -0.000000000000000000, -0.000000000000000000 ) ) ;
#4570 = EDGE_LOOP ( 'NONE', ( #3768, #2536, #4439, #3667 ) ) ;
#4571 = PRESENTATION_STYLE_ASSIGNMENT (( #3045 ) ) ;
#4572 = ADVANCED_FACE ( 'NONE', ( #2727 ), #940, .F. ) ;
#4573 = EDGE_LOOP ( 'NONE', ( #1762, #2433, #2237, #2503 ) ) ;
#4574 = CARTESIAN_POINT ( 'NONE',  ( 2.399999999999999911, 1.799999999999999600, 0.1000000000000000056 ) ) ;
#4575 = FILL_AREA_STYLE_COLOUR ( '', #1333 ) ;
#4576 = FILL_AREA_STYLE_COLOUR ( '', #157 ) ;
#4577 = UNCERTAINTY_MEASURE_WITH_UNIT (LENGTH_MEASURE( 1.000000000000000082E-05 ), #1361, 'distance_accuracy_value', 'NONE');
#4578 = VERTEX_POINT ( 'NONE', #147 ) ;
#4579 = SURFACE_STYLE_USAGE ( .BOTH. , #4247 ) ;
#4580 = EDGE_CURVE ( 'NONE', #4491, #1550, #565, .T. ) ;
#4581 = CARTESIAN_POINT ( 'NONE',  ( -1.800000000000000044, -2.199999999999999734, 0.000000000000000000 ) ) ;
#4582 = EDGE_CURVE ( 'NONE', #465, #1377, #3084, .T. ) ;
#4583 = FILL_AREA_STYLE ('',( #3179 ) ) ;
#4584 = CARTESIAN_POINT ( 'NONE',  ( 1.800000000000000044, -1.799999999999999600, 0.1000000000000000056 ) ) ;
#4585 = DIRECTION ( 'NONE',  ( -1.000000000000000000, 0.000000000000000000, -0.000000000000000000 ) ) ;
#4586 = VECTOR ( 'NONE', #2879, 1000.000000000000000 ) ;
#4587 = DIRECTION ( 'NONE',  ( 0.000000000000000000, 0.000000000000000000, -1.000000000000000000 ) ) ;
#4588 = UNCERTAINTY_MEASURE_WITH_UNIT (LENGTH_MEASURE( 1.000000000000000082E-05 ), #4070, 'distance_accuracy_value', 'NONE');
#4589 = CARTESIAN_POINT ( 'NONE',  ( -2.399999999999999911, -1.199999999999999734, 0.000000000000000000 ) ) ;
#4590 = LINE ( 'NONE', #3911, #2559 ) ;
#4591 =( LENGTH_UNIT ( ) NAMED_UNIT ( * ) SI_UNIT ( .MILLI., .METRE. ) );
#4592 = CARTESIAN_POINT ( 'NONE',  ( -1.800000000000000044, -1.799999999999999600, 0.1000000000000000056 ) ) ;
#4593 = LINE ( 'NONE', #1080, #4251 ) ;
#4594 = SURFACE_STYLE_USAGE ( .BOTH. , #718 ) ;
#4595 = COLOUR_RGB ( '',0.8431372549019607865, 0.8431372549019607865, 0.8431372549019607865 ) ;
#4596 = VECTOR ( 'NONE', #2979, 1000.000000000000000 ) ;
#4597 = ORIENTED_EDGE ( 'NONE', *, *, #1769, .T. ) ;
#4598 = ORIENTED_EDGE ( 'NONE', *, *, #2449, .T. ) ;
#4599 = DIRECTION ( 'NONE',  ( 1.000000000000000000, 0.000000000000000000, -0.000000000000000000 ) ) ;
#4600 = AXIS2_PLACEMENT_3D ( 'NONE', #3940, #790, #3190 ) ;
#4601 = EDGE_CURVE ( 'NONE', #1039, #660, #3170, .T. ) ;
#4602 = AXIS2_PLACEMENT_3D ( 'NONE', #3894, #4567, #1059 ) ;
#4603 = CARTESIAN_POINT ( 'NONE',  ( 2.399999999999999911, -0.7999999999999994893, 0.1000000000000000056 ) ) ;
#4604 = ORIENTED_EDGE ( 'NONE', *, *, #4223, .F. ) ;
#4605 = PLANE ( 'NONE',  #3016 ) ;
#4606 = VECTOR ( 'NONE', #3278, 1000.000000000000000 ) ;
#4607 = STYLED_ITEM ( 'NONE', ( #3796 ), #1397 ) ;
#4608 = MECHANICAL_DESIGN_GEOMETRIC_PRESENTATION_REPRESENTATION (  '', ( #2457 ), #3784 ) ;
ENDSEC;
END-ISO-10303-21;
