ISO-10303-21;
HEADER;
FILE_DESCRIPTION((''),'2;1');
FILE_NAME('SP1312','2022-03-04T',('Administrator'),(''),
'CREO PARAMETRIC BY PTC INC, 2016130','CREO PARAMETRIC BY PTC INC, 2016130','');
FILE_SCHEMA(('CONFIG_CONTROL_DESIGN'));
ENDSEC;
DATA;
#1=CARTESIAN_POINT('',(2.206027784439E1,3.300404612065E0,-4.296293295478E1));
#2=CARTESIAN_POINT('',(2.201694068402E1,3.300404612065E0,-4.315567435114E1));
#3=CARTESIAN_POINT('',(2.193801462686E1,3.299840141725E0,-4.353949505724E1));
#4=CARTESIAN_POINT('',(2.184434324061E1,3.299952585865E0,-4.411253974329E1));
#5=CARTESIAN_POINT('',(2.179773598154E1,3.300217205166E0,-4.449075672755E1));
#6=CARTESIAN_POINT('',(2.177937430256E1,3.300217205166E0,-4.467917331126E1));
#8=CARTESIAN_POINT('',(2.134573141147E1,1.669999878422E1,-4.467913647142E1));
#9=CARTESIAN_POINT('',(2.137239391479E1,1.669999878422E1,-4.449280955866E1));
#10=CARTESIAN_POINT('',(2.143444482808E1,1.669984895539E1,-4.411732232572E1));
#11=CARTESIAN_POINT('',(2.155406686746E1,1.670053047981E1,-4.354445023228E1));
#12=CARTESIAN_POINT('',(2.164850882609E1,1.669886291018E1,-4.315806501339E1));
#13=CARTESIAN_POINT('',(2.170017132706E1,1.669886291018E1,-4.296328732190E1));
#15=DIRECTION('',(0.E0,0.E0,1.E0));
#16=VECTOR('',#15,2.851315485880E0);
#17=CARTESIAN_POINT('',(2.32E1,3.3E0,-4.753045164654E1));
#18=LINE('',#17,#16);
#19=DIRECTION('',(0.E0,0.E0,-1.E0));
#20=VECTOR('',#19,2.830194339619E0);
#21=CARTESIAN_POINT('',(2.33E1,3.4E0,-4.468969673379E1));
#22=LINE('',#21,#20);
#23=CARTESIAN_POINT('',(2.33E1,3.4E0,-4.751989107341E1));
#24=CARTESIAN_POINT('',(2.33E1,3.382518109867E0,-4.752174415006E1));
#25=CARTESIAN_POINT('',(2.329063078647E1,3.347654429457E0,-4.752543117758E1));
#26=CARTESIAN_POINT('',(2.325237618626E1,3.309378119599E0,-4.752946464908E1));
#27=CARTESIAN_POINT('',(2.321747582738E1,3.3E0,-4.753045164654E1));
#28=CARTESIAN_POINT('',(2.32E1,3.3E0,-4.753045164654E1));
#30=CARTESIAN_POINT('',(2.33E1,3.4E0,-4.468969673379E1));
#31=CARTESIAN_POINT('',(2.33E1,3.382517710441E0,-4.468784361480E1));
#32=CARTESIAN_POINT('',(2.329063030495E1,3.347653760314E0,-4.468415546021E1));
#33=CARTESIAN_POINT('',(2.325237628113E1,3.309378306680E0,-4.468012159099E1));
#34=CARTESIAN_POINT('',(2.321747591044E1,3.3E0,-4.467913616066E1));
#35=CARTESIAN_POINT('',(2.32E1,3.3E0,-4.467913616066E1));
#37=CARTESIAN_POINT('',(2.32E1,1.E1,-4.610479390360E1));
#38=DIRECTION('',(-1.E0,0.E0,0.E0));
#39=DIRECTION('',(0.E0,-9.781021897810E-1,2.081252179474E-1));
#40=AXIS2_PLACEMENT_3D('',#37,#38,#39);
#42=CARTESIAN_POINT('',(2.33E1,1.E1,-4.610479390360E1));
#43=DIRECTION('',(-1.E0,0.E0,0.E0));
#44=DIRECTION('',(0.E0,9.777777777778E-1,-2.096440251569E-1));
#45=AXIS2_PLACEMENT_3D('',#42,#43,#44);
#47=CARTESIAN_POINT('',(2.33E1,1.E1,-4.610479390360E1));
#48=DIRECTION('',(-1.E0,0.E0,0.E0));
#49=DIRECTION('',(0.E0,1.485959642860E-3,-9.999988959614E-1));
#50=AXIS2_PLACEMENT_3D('',#47,#48,#49);
#52=CARTESIAN_POINT('',(2.33E1,1.E1,-4.610479390360E1));
#53=DIRECTION('',(-1.E0,0.E0,0.E0));
#54=DIRECTION('',(0.E0,-9.777777777778E-1,2.096440251569E-1));
#55=AXIS2_PLACEMENT_3D('',#52,#53,#54);
#57=CARTESIAN_POINT('',(2.33E1,1.E1,-4.610479390360E1));
#58=DIRECTION('',(-1.E0,0.E0,0.E0));
#59=DIRECTION('',(0.E0,-1.485959642860E-3,9.999988959614E-1));
#60=AXIS2_PLACEMENT_3D('',#57,#58,#59);
#62=CARTESIAN_POINT('',(2.329999719645E1,1.E1,-4.610479390360E1));
#63=DIRECTION('',(1.E0,0.E0,0.E0));
#64=DIRECTION('',(0.E0,-1.E0,0.E0));
#65=AXIS2_PLACEMENT_3D('',#62,#63,#64);
#67=CARTESIAN_POINT('',(2.329999719645E1,1.E1,-4.610479390360E1));
#68=DIRECTION('',(1.E0,0.E0,0.E0));
#69=DIRECTION('',(0.E0,3.281743630901E-14,-1.E0));
#70=AXIS2_PLACEMENT_3D('',#67,#68,#69);
#72=CARTESIAN_POINT('',(2.329999719645E1,1.E1,-4.610479390360E1));
#73=DIRECTION('',(1.E0,0.E0,0.E0));
#74=DIRECTION('',(0.E0,1.E0,0.E0));
#75=AXIS2_PLACEMENT_3D('',#72,#73,#74);
#77=CARTESIAN_POINT('',(2.329999719645E1,1.E1,-4.610479390360E1));
#78=DIRECTION('',(1.E0,0.E0,0.E0));
#79=DIRECTION('',(0.E0,-3.281743630901E-14,1.E0));
#80=AXIS2_PLACEMENT_3D('',#77,#78,#79);
#82=DIRECTION('',(0.E0,0.E0,1.E0));
#83=VECTOR('',#82,2.830194339619E0);
#84=CARTESIAN_POINT('',(2.33E1,1.66E1,-4.751989107341E1));
#85=LINE('',#84,#83);
#86=CARTESIAN_POINT('',(2.33E1,1.66E1,-4.468969673379E1));
#87=CARTESIAN_POINT('',(2.33E1,1.661748189013E1,-4.468784365714E1));
#88=CARTESIAN_POINT('',(2.329063078647E1,1.665234557055E1,-4.468415662961E1));
#89=CARTESIAN_POINT('',(2.325237618625E1,1.669062188040E1,-4.468012315813E1));
#90=CARTESIAN_POINT('',(2.321747582738E1,1.67E1,-4.467913616066E1));
#91=CARTESIAN_POINT('',(2.32E1,1.67E1,-4.467913616066E1));
#93=DIRECTION('',(0.E0,0.E0,-1.E0));
#94=VECTOR('',#93,2.851315485880E0);
#95=CARTESIAN_POINT('',(2.32E1,1.67E1,-4.467913616066E1));
#96=LINE('',#95,#94);
#97=DIRECTION('',(-9.999999343575E-1,3.507740550922E-4,-9.078832373401E-5));
#98=VECTOR('',#97,5.460715363392E-1);
#99=CARTESIAN_POINT('',(2.32E1,3.3E0,-4.467913616066E1));
#100=LINE('',#99,#98);
#101=DIRECTION('',(9.999999999967E-1,2.548383587292E-6,4.376101781505E-7));
#102=VECTOR('',#101,9.789974662784E-1);
#103=CARTESIAN_POINT('',(2.222100253372E1,1.669999750514E1,-4.467913658908E1));
#104=LINE('',#103,#102);
#105=CARTESIAN_POINT('',(2.193910969338E1,1.669869694311E1,-4.296334078810E1));
#106=CARTESIAN_POINT('',(2.198345914086E1,1.669869694311E1,-4.315853302346E1));
#107=CARTESIAN_POINT('',(2.206178211056E1,1.670060776057E1,-4.354566166077E1));
#108=CARTESIAN_POINT('',(2.215764596144E1,1.669982742335E1,-4.411851415313E1));
#109=CARTESIAN_POINT('',(2.220283282157E1,1.669999750514E1,-4.449333312522E1));
#110=CARTESIAN_POINT('',(2.222100253372E1,1.669999750514E1,-4.467913658908E1));
#112=CARTESIAN_POINT('',(2.222100253372E1,1.669999750514E1,-4.467913658908E1));
#113=CARTESIAN_POINT('',(2.223038741354E1,1.661460185195E1,-4.427781244292E1));
#114=CARTESIAN_POINT('',(2.224800168607E1,1.637180729682E1,-4.348912264360E1));
#115=CARTESIAN_POINT('',(2.227579537826E1,1.579219060229E1,-4.237840226928E1));
#116=CARTESIAN_POINT('',(2.230586136825E1,1.503493714590E1,-4.140567333438E1));
#117=CARTESIAN_POINT('',(2.233678926967E1,1.410283807064E1,-4.057197044065E1));
#118=CARTESIAN_POINT('',(2.236336934597E1,1.303469187047E1,-3.992170268465E1));
#119=CARTESIAN_POINT('',(2.239105182935E1,1.186962834697E1,-3.947563028112E1));
#120=CARTESIAN_POINT('',(2.242160147554E1,1.064135873260E1,-3.924716732647E1));
#121=CARTESIAN_POINT('',(2.245230228599E1,9.393892800782E0,-3.924320902307E1));
#122=CARTESIAN_POINT('',(2.247915014273E1,8.152653357391E0,-3.946941371431E1));
#123=CARTESIAN_POINT('',(2.250664000740E1,6.994025666082E0,-3.990767606254E1));
#124=CARTESIAN_POINT('',(2.253754096506E1,5.916914848779E0,-4.055768299320E1));
#125=CARTESIAN_POINT('',(2.256799669888E1,4.986913030531E0,-4.138115386915E1));
#126=CARTESIAN_POINT('',(2.259488637048E1,4.207149465026E0,-4.237719369910E1));
#127=CARTESIAN_POINT('',(2.262258641491E1,3.629483963430E0,-4.348660746610E1));
#128=CARTESIAN_POINT('',(2.264358322410E1,3.385628459009E0,-4.427766769553E1));
#129=CARTESIAN_POINT('',(2.265392849951E1,3.300191547727E0,-4.467918573758E1));
#131=CARTESIAN_POINT('',(2.265392849951E1,3.300191547727E0,-4.467918573758E1));
#132=CARTESIAN_POINT('',(2.262685909407E1,3.300191547727E0,-4.449230856979E1));
#133=CARTESIAN_POINT('',(2.256354905873E1,3.300017345168E0,-4.411615771709E1));
#134=CARTESIAN_POINT('',(2.244364952907E1,3.299651970323E0,-4.354369819824E1));
#135=CARTESIAN_POINT('',(2.235074577164E1,3.300800505802E0,-4.315736183544E1));
#136=CARTESIAN_POINT('',(2.229936741281E1,3.300800505802E0,-4.296314003485E1));
#138=CARTESIAN_POINT('',(2.229936741281E1,3.300800505802E0,-4.296314003485E1));
#139=CARTESIAN_POINT('',(2.228962417740E1,3.484208508961E0,-4.256984881806E1));
#140=CARTESIAN_POINT('',(2.227036582837E1,3.923222695887E0,-4.181742108828E1));
#141=CARTESIAN_POINT('',(2.224514346927E1,4.764057970392E0,-4.082097519368E1));
#142=CARTESIAN_POINT('',(2.221468214956E1,5.765706770563E0,-3.999039613796E1));
#143=CARTESIAN_POINT('',(2.218535042992E1,6.902554371463E0,-3.934453979387E1));
#144=CARTESIAN_POINT('',(2.215922534642E1,8.110540294881E0,-3.891303546473E1));
#145=CARTESIAN_POINT('',(2.213405958685E1,9.374728314137E0,-3.869342181042E1));
#146=CARTESIAN_POINT('',(2.210459021407E1,1.066226175411E1,-3.869767159166E1));
#147=CARTESIAN_POINT('',(2.207515613286E1,1.193261031355E1,-3.892452803742E1));
#148=CARTESIAN_POINT('',(2.204841471101E1,1.314594289566E1,-3.936671191639E1));
#149=CARTESIAN_POINT('',(2.202332961005E1,1.426456691445E1,-4.001100936674E1));
#150=CARTESIAN_POINT('',(2.199449292054E1,1.525387544007E1,-4.084096075925E1));
#151=CARTESIAN_POINT('',(2.196413245312E1,1.608384980720E1,-4.182972939041E1));
#152=CARTESIAN_POINT('',(2.194743011156E1,1.651700323479E1,-4.257489865601E1));
#153=CARTESIAN_POINT('',(2.193910969338E1,1.669869694311E1,-4.296334078810E1));
#155=DIRECTION('',(-9.999982540226E-1,-1.655835715461E-3,8.661177064325E-4));
#156=VECTOR('',#155,2.390899858588E-1);
#157=CARTESIAN_POINT('',(2.229936741281E1,3.300800505802E0,-4.296314003485E1));
#158=LINE('',#157,#156);
#159=CARTESIAN_POINT('',(2.206027784439E1,3.300404612065E0,-4.296293295478E1));
#160=CARTESIAN_POINT('',(2.205123015052E1,3.480884558132E0,-4.257592052144E1));
#161=CARTESIAN_POINT('',(2.203249857398E1,3.911921622105E0,-4.183159494084E1));
#162=CARTESIAN_POINT('',(2.200468290367E1,4.753573448224E0,-4.083655010720E1));
#163=CARTESIAN_POINT('',(2.197662741947E1,5.758477754481E0,-3.999828012397E1));
#164=CARTESIAN_POINT('',(2.194863084309E1,6.891108188483E0,-3.934648830525E1));
#165=CARTESIAN_POINT('',(2.192076125967E1,8.115484251259E0,-3.891113510793E1));
#166=CARTESIAN_POINT('',(2.189320549762E1,9.383956220420E0,-3.869756187014E1));
#167=CARTESIAN_POINT('',(2.186583602657E1,1.066159992808E1,-3.869967311199E1));
#168=CARTESIAN_POINT('',(2.183850249962E1,1.191718944619E1,-3.891836026238E1));
#169=CARTESIAN_POINT('',(2.181109682280E1,1.311864963399E1,-3.935632961355E1));
#170=CARTESIAN_POINT('',(2.178353451617E1,1.423369096688E1,-3.999490619166E1));
#171=CARTESIAN_POINT('',(2.175598115838E1,1.523105318129E1,-4.081743251398E1));
#172=CARTESIAN_POINT('',(2.172755297531E1,1.607196872686E1,-4.180945229066E1));
#173=CARTESIAN_POINT('',(2.171010849059E1,1.651321284335E1,-4.256638690940E1));
#174=CARTESIAN_POINT('',(2.170017132706E1,1.669886291018E1,-4.296328732190E1));
#176=DIRECTION('',(9.999997337286E-1,-6.946018319092E-4,-2.237655747219E-4));
#177=VECTOR('',#176,2.389384299368E-1);
#178=CARTESIAN_POINT('',(2.170017132706E1,1.669886291018E1,-4.296328732190E1));
#179=LINE('',#178,#177);
#180=DIRECTION('',(-9.999990491630E-1,-1.363990388882E-3,2.029862156606E-4));
#181=VECTOR('',#180,1.251865811233E-1);
#182=CARTESIAN_POINT('',(2.177937430256E1,3.300217205166E0,-4.467917331126E1));
#183=LINE('',#182,#181);
#184=DIRECTION('',(9.999961691825E-1,2.727124488574E-3,4.737218831845E-4));
#185=VECTOR('',#184,1.253272018398E-1);
#186=CARTESIAN_POINT('',(2.122040468973E1,1.669965700134E1,-4.467919584166E1));
#187=LINE('',#186,#185);
#188=CARTESIAN_POINT('',(2.134573141147E1,1.669999878422E1,-4.467913647142E1));
#189=CARTESIAN_POINT('',(2.135553704702E1,1.661296126902E1,-4.427009625489E1));
#190=CARTESIAN_POINT('',(2.137476879921E1,1.636479010872E1,-4.347069229277E1));
#191=CARTESIAN_POINT('',(2.140386042857E1,1.578034616593E1,-4.236023635376E1));
#192=CARTESIAN_POINT('',(2.143229412180E1,1.502210452785E1,-4.139250567821E1));
#193=CARTESIAN_POINT('',(2.146109816900E1,1.409279820517E1,-4.056463200143E1));
#194=CARTESIAN_POINT('',(2.149013221943E1,1.301977635684E1,-3.991397568196E1));
#195=CARTESIAN_POINT('',(2.151911360244E1,1.184872003336E1,-3.946953458043E1));
#196=CARTESIAN_POINT('',(2.154808150106E1,1.061720056938E1,-3.924488095759E1));
#197=CARTESIAN_POINT('',(2.157693384647E1,9.370099077864E0,-3.924547180078E1));
#198=CARTESIAN_POINT('',(2.160605825577E1,8.132737706731E0,-3.947523601126E1));
#199=CARTESIAN_POINT('',(2.163461223033E1,6.979537392601E0,-3.991508002862E1));
#200=CARTESIAN_POINT('',(2.166358569880E1,5.909141857220E0,-4.056395803236E1));
#201=CARTESIAN_POINT('',(2.169213470803E1,4.985510526380E0,-4.138325638520E1));
#202=CARTESIAN_POINT('',(2.172132864049E1,4.209244969702E0,-4.237450575646E1));
#203=CARTESIAN_POINT('',(2.174998337442E1,3.631803078481E0,-4.348082370220E1));
#204=CARTESIAN_POINT('',(2.176976004863E1,3.386227160787E0,-4.427496219852E1));
#205=CARTESIAN_POINT('',(2.177937430256E1,3.300217205166E0,-4.467917331126E1));
#207=CARTESIAN_POINT('',(2.165418784047E1,3.300046451872E0,-4.467914790011E1));
#208=CARTESIAN_POINT('',(2.162776547974E1,3.300046451872E0,-4.449251775992E1));
#209=CARTESIAN_POINT('',(2.156575922317E1,3.300061232411E0,-4.411663153150E1));
#210=CARTESIAN_POINT('',(2.144614484035E1,3.299716008753E0,-4.354394539558E1));
#211=CARTESIAN_POINT('',(2.135162055013E1,3.300621824636E0,-4.315753683332E1));
#212=CARTESIAN_POINT('',(2.129978866666E1,3.300621824636E0,-4.296304731E1));
#214=CARTESIAN_POINT('',(2.129978866666E1,3.300621824636E0,-4.296304731E1));
#215=CARTESIAN_POINT('',(2.128926635132E1,3.480234660360E0,-4.257785293864E1));
#216=CARTESIAN_POINT('',(2.126971596594E1,3.910651608564E0,-4.183925625758E1));
#217=CARTESIAN_POINT('',(2.124321608536E1,4.733550638290E0,-4.085506310613E1));
#218=CARTESIAN_POINT('',(2.121824646529E1,5.714432723702E0,-4.002619704987E1));
#219=CARTESIAN_POINT('',(2.118947661274E1,6.823704325299E0,-3.938070880434E1));
#220=CARTESIAN_POINT('',(2.115988776929E1,8.025780363711E0,-3.893641342558E1));
#221=CARTESIAN_POINT('',(2.113289022580E1,9.286117525466E0,-3.870345905409E1));
#222=CARTESIAN_POINT('',(2.110791190359E1,1.057304766948E1,-3.868925418968E1));
#223=CARTESIAN_POINT('',(2.107976579308E1,1.184839692962E1,-3.890081469477E1));
#224=CARTESIAN_POINT('',(2.104954110412E1,1.307065115372E1,-3.933119323190E1));
#225=CARTESIAN_POINT('',(2.102120448406E1,1.422305503698E1,-3.998214237848E1));
#226=CARTESIAN_POINT('',(2.099586748892E1,1.523513239824E1,-4.082022430587E1));
#227=CARTESIAN_POINT('',(2.096703658428E1,1.608156477958E1,-4.182162769005E1));
#228=CARTESIAN_POINT('',(2.094863094884E1,1.651603440521E1,-4.257274493257E1));
#229=CARTESIAN_POINT('',(2.093905792939E1,1.669868427490E1,-4.296334316388E1));
#231=CARTESIAN_POINT('',(2.093905792939E1,1.669868427490E1,-4.296334316388E1));
#232=CARTESIAN_POINT('',(2.098256327035E1,1.669868427490E1,-4.315702136164E1));
#233=CARTESIAN_POINT('',(2.105993519341E1,1.670056827189E1,-4.354210047030E1));
#234=CARTESIAN_POINT('',(2.115459079191E1,1.669998463603E1,-4.411497547403E1));
#235=CARTESIAN_POINT('',(2.120183187920E1,1.669965700134E1,-4.449178257222E1));
#236=CARTESIAN_POINT('',(2.122040468973E1,1.669965700134E1,-4.467919584166E1));
#238=CARTESIAN_POINT('',(2.122040468973E1,1.669965700134E1,-4.467919584166E1));
#239=CARTESIAN_POINT('',(2.122929485420E1,1.661402607002E1,-4.427676598591E1));
#240=CARTESIAN_POINT('',(2.124647078940E1,1.637068883364E1,-4.348492572877E1));
#241=CARTESIAN_POINT('',(2.127846683348E1,1.578554060384E1,-4.236687930591E1));
#242=CARTESIAN_POINT('',(2.130807460968E1,1.501973689725E1,-4.138932076264E1));
#243=CARTESIAN_POINT('',(2.133436885228E1,1.408662359485E1,-4.055960323812E1));
#244=CARTESIAN_POINT('',(2.136300486822E1,1.300790217726E1,-3.990855898619E1));
#245=CARTESIAN_POINT('',(2.139385319158E1,1.184835820343E1,-3.946991882083E1));
#246=CARTESIAN_POINT('',(2.142367535655E1,1.061976760690E1,-3.924576564064E1));
#247=CARTESIAN_POINT('',(2.144942761566E1,9.395715703160E0,-3.924476450547E1));
#248=CARTESIAN_POINT('',(2.147765687933E1,8.173458989401E0,-3.946401704266E1));
#249=CARTESIAN_POINT('',(2.150847109319E1,7.013482845731E0,-3.989882347530E1));
#250=CARTESIAN_POINT('',(2.153831356643E1,5.941425845483E0,-4.053893958735E1));
#251=CARTESIAN_POINT('',(2.156486944963E1,4.994491062068E0,-4.137334895767E1));
#252=CARTESIAN_POINT('',(2.159323018746E1,4.224998674213E0,-4.235014545236E1));
#253=CARTESIAN_POINT('',(2.162468538816E1,3.632383390130E0,-4.347597545993E1));
#254=CARTESIAN_POINT('',(2.164511033640E1,3.386378768799E0,-4.427342182296E1));
#255=CARTESIAN_POINT('',(2.165418784047E1,3.300046451872E0,-4.467914790011E1));
#257=DIRECTION('',(-9.999998298020E-1,-5.017574201458E-4,2.977170593304E-4));
#258=VECTOR('',#257,2.394003112351E-1);
#259=CARTESIAN_POINT('',(2.129978866666E1,3.300621824636E0,-4.296304731E1));
#260=LINE('',#259,#258);
#261=CARTESIAN_POINT('',(2.106038839618E1,3.300501703754E0,-4.296297603645E1));
#262=CARTESIAN_POINT('',(2.105222088320E1,3.481204676813E0,-4.257544377668E1));
#263=CARTESIAN_POINT('',(2.103200680530E1,3.912535519033E0,-4.183045212441E1));
#264=CARTESIAN_POINT('',(2.100478258066E1,4.754309928250E0,-4.083569742548E1));
#265=CARTESIAN_POINT('',(2.097658557321E1,5.758853410591E0,-3.999820452283E1));
#266=CARTESIAN_POINT('',(2.094865542162E1,6.890568573514E0,-3.934694807066E1));
#267=CARTESIAN_POINT('',(2.092079648273E1,8.113756934330E0,-3.891144173820E1));
#268=CARTESIAN_POINT('',(2.089325504416E1,9.381637277740E0,-3.869775105929E1));
#269=CARTESIAN_POINT('',(2.086588458272E1,1.065929787073E1,-3.869963142517E1));
#270=CARTESIAN_POINT('',(2.083854127313E1,1.191555295208E1,-3.891783524682E1));
#271=CARTESIAN_POINT('',(2.081110998183E1,1.311804521466E1,-3.935581503485E1));
#272=CARTESIAN_POINT('',(2.078353718842E1,1.423393408070E1,-3.999507382642E1));
#273=CARTESIAN_POINT('',(2.075592018457E1,1.523177511040E1,-4.081831887981E1));
#274=CARTESIAN_POINT('',(2.072766605099E1,1.607273449677E1,-4.181043752471E1));
#275=CARTESIAN_POINT('',(2.070979698257E1,1.651367058556E1,-4.256672792433E1));
#276=CARTESIAN_POINT('',(2.069981687767E1,1.669906055588E1,-4.296318588314E1));
#278=DIRECTION('',(9.999985470383E-1,-1.572808816810E-3,-6.574144120640E-4));
#279=VECTOR('',#278,2.392413993235E-1);
#280=CARTESIAN_POINT('',(2.069981687767E1,1.669906055588E1,-4.296318588314E1));
#281=LINE('',#280,#279);
#282=CARTESIAN_POINT('',(2.106038839618E1,3.300501703754E0,-4.296297603645E1));
#283=CARTESIAN_POINT('',(2.101646592859E1,3.300501703754E0,-4.315668888274E1));
#284=CARTESIAN_POINT('',(2.093717646287E1,3.299774967306E0,-4.354187189267E1));
#285=CARTESIAN_POINT('',(2.084262985357E1,3.300035058799E0,-4.411487665573E1));
#286=CARTESIAN_POINT('',(2.079717025613E1,3.300068217932E0,-4.449177589386E1));
#287=CARTESIAN_POINT('',(2.077911279955E1,3.300068217932E0,-4.467914769781E1));
#289=CARTESIAN_POINT('',(2.034600607811E1,1.669984490483E1,-4.467917545902E1));
#290=CARTESIAN_POINT('',(2.037285593230E1,1.669984490483E1,-4.449003095371E1));
#291=CARTESIAN_POINT('',(2.043609573874E1,1.669994711853E1,-4.411092454750E1));
#292=CARTESIAN_POINT('',(2.055431325703E1,1.670041772790E1,-4.353783072763E1));
#293=CARTESIAN_POINT('',(2.064886964599E1,1.669906055588E1,-4.315528554029E1));
#294=CARTESIAN_POINT('',(2.069981687767E1,1.669906055588E1,-4.296318588314E1));
#296=DIRECTION('',(-9.999961469162E-1,2.679871282042E-3,-7.241842067972E-4));
#297=VECTOR('',#296,1.255645672296E-1);
#298=CARTESIAN_POINT('',(2.077911279955E1,3.300068217932E0,-4.467914769781E1));
#299=LINE('',#298,#297);
#300=DIRECTION('',(9.999980743865E-1,1.949489062800E-3,2.252016258217E-4));
#301=VECTOR('',#300,1.257011812595E-1);
#302=CARTESIAN_POINT('',(2.022030513891E1,1.669959985175E1,-4.467920376713E1));
#303=LINE('',#302,#301);
#304=CARTESIAN_POINT('',(2.034600607811E1,1.669984490483E1,-4.467917545902E1));
#305=CARTESIAN_POINT('',(2.035522721496E1,1.661357613617E1,-4.427374803234E1));
#306=CARTESIAN_POINT('',(2.037471868368E1,1.636774812221E1,-4.347672789225E1));
#307=CARTESIAN_POINT('',(2.040400959618E1,1.577714610554E1,-4.235316168199E1));
#308=CARTESIAN_POINT('',(2.043288221038E1,1.500538460276E1,-4.137376378029E1));
#309=CARTESIAN_POINT('',(2.046181662405E1,1.406785806600E1,-4.054582271042E1));
#310=CARTESIAN_POINT('',(2.049092724859E1,1.298864365081E1,-3.989947001670E1));
#311=CARTESIAN_POINT('',(2.051952532644E1,1.183130308107E1,-3.946541559263E1));
#312=CARTESIAN_POINT('',(2.054836166543E1,1.060506822182E1,-3.924456837661E1));
#313=CARTESIAN_POINT('',(2.057666456803E1,9.381866692365E0,-3.924599648204E1));
#314=CARTESIAN_POINT('',(2.060542191412E1,8.159210303280E0,-3.946783993254E1));
#315=CARTESIAN_POINT('',(2.063414860219E1,6.997741875556E0,-3.990621027025E1));
#316=CARTESIAN_POINT('',(2.066308865945E1,5.925506860485E0,-4.055055929687E1));
#317=CARTESIAN_POINT('',(2.069226758088E1,4.982268630469E0,-4.138654585486E1));
#318=CARTESIAN_POINT('',(2.072091099544E1,4.217139311232E0,-4.236274492904E1));
#319=CARTESIAN_POINT('',(2.075041190521E1,3.629347712799E0,-4.348447689119E1));
#320=CARTESIAN_POINT('',(2.076909867874E1,3.385710574250E0,-4.427666414930E1));
#321=CARTESIAN_POINT('',(2.077911279955E1,3.300068217932E0,-4.467914769781E1));
#323=CARTESIAN_POINT('',(2.065354871614E1,3.300404714810E0,-4.467923862968E1));
#324=CARTESIAN_POINT('',(2.062669448786E1,3.300404714810E0,-4.449001132325E1));
#325=CARTESIAN_POINT('',(2.056220632056E1,3.299874172391E0,-4.411095083911E1));
#326=CARTESIAN_POINT('',(2.044491569026E1,3.299833324415E0,-4.353793695888E1));
#327=CARTESIAN_POINT('',(2.035077002984E1,3.300472794770E0,-4.315506402609E1));
#328=CARTESIAN_POINT('',(2.030014357968E1,3.300472794770E0,-4.296296789061E1));
#330=CARTESIAN_POINT('',(2.030014357968E1,3.300472794770E0,-4.296296789061E1));
#331=CARTESIAN_POINT('',(2.029093061561E1,3.480841676582E0,-4.257614431067E1));
#332=CARTESIAN_POINT('',(2.027221311098E1,3.911114995008E0,-4.183475054590E1));
#333=CARTESIAN_POINT('',(2.024213505039E1,4.742506479053E0,-4.084626173463E1));
#334=CARTESIAN_POINT('',(2.021471903661E1,5.733567565783E0,-4.001358501411E1));
#335=CARTESIAN_POINT('',(2.018931691186E1,6.864477529270E0,-3.936004487343E1));
#336=CARTESIAN_POINT('',(2.016159904004E1,8.073351932431E0,-3.892172005767E1));
#337=CARTESIAN_POINT('',(2.013146683740E1,9.342041692124E0,-3.869794191667E1));
#338=CARTESIAN_POINT('',(2.010363697915E1,1.063550039530E1,-3.869581222321E1));
#339=CARTESIAN_POINT('',(2.007826425503E1,1.191369677156E1,-3.891748130143E1));
#340=CARTESIAN_POINT('',(2.005099666815E1,1.313458536475E1,-3.935949152288E1));
#341=CARTESIAN_POINT('',(2.002058014671E1,1.425720448964E1,-4.000756204756E1));
#342=CARTESIAN_POINT('',(1.999233831189E1,1.525037426358E1,-4.083905354584E1));
#343=CARTESIAN_POINT('',(1.996675128893E1,1.608521443638E1,-4.182857864445E1));
#344=CARTESIAN_POINT('',(1.994911232117E1,1.651718258497E1,-4.257410309232E1));
#345=CARTESIAN_POINT('',(1.993974968844E1,1.669907025503E1,-4.296317952513E1));
#347=CARTESIAN_POINT('',(1.993974968844E1,1.669907025503E1,-4.296317952513E1));
#348=CARTESIAN_POINT('',(1.998292063613E1,1.669907025503E1,-4.315524070953E1));
#349=CARTESIAN_POINT('',(2.006174107560E1,1.670038052789E1,-4.353775942086E1));
#350=CARTESIAN_POINT('',(2.015462578343E1,1.670006276985E1,-4.411097746991E1));
#351=CARTESIAN_POINT('',(2.020208223207E1,1.669959985175E1,-4.449004442658E1));
#352=CARTESIAN_POINT('',(2.022030513891E1,1.669959985175E1,-4.467920376713E1));
#354=CARTESIAN_POINT('',(2.022030513891E1,1.669959985175E1,-4.467920376713E1));
#355=CARTESIAN_POINT('',(2.023047981319E1,1.661297243561E1,-4.427209084610E1));
#356=CARTESIAN_POINT('',(2.024932341536E1,1.636627988733E1,-4.347266909871E1));
#357=CARTESIAN_POINT('',(2.027950687614E1,1.577498367545E1,-4.235000785167E1));
#358=CARTESIAN_POINT('',(2.030566054196E1,1.500302616437E1,-4.137121442716E1));
#359=CARTESIAN_POINT('',(2.033458189173E1,1.406799074893E1,-4.054705285133E1));
#360=CARTESIAN_POINT('',(2.036587691264E1,1.300391283030E1,-3.990693541223E1));
#361=CARTESIAN_POINT('',(2.039465319279E1,1.183324567243E1,-3.946484709317E1));
#362=CARTESIAN_POINT('',(2.042136287621E1,1.059283379250E1,-3.924235612902E1));
#363=CARTESIAN_POINT('',(2.045020234846E1,9.351015133075E0,-3.924857947352E1));
#364=CARTESIAN_POINT('',(2.048133345114E1,8.137318784421E0,-3.947429752609E1));
#365=CARTESIAN_POINT('',(2.050996703463E1,6.969925208944E0,-3.991864250908E1));
#366=CARTESIAN_POINT('',(2.053667343683E1,5.894985198273E0,-4.057414521906E1));
#367=CARTESIAN_POINT('',(2.056539944027E1,4.972856337237E0,-4.139728830598E1));
#368=CARTESIAN_POINT('',(2.059701445076E1,4.207052866555E0,-4.237956527612E1));
#369=CARTESIAN_POINT('',(2.062442503232E1,3.633290684461E0,-4.347751238385E1));
#370=CARTESIAN_POINT('',(2.064434591030E1,3.386872947317E0,-4.427287380568E1));
#371=CARTESIAN_POINT('',(2.065354871614E1,3.300404714810E0,-4.467923862968E1));
#373=DIRECTION('',(-9.999996451557E-1,7.800113041082E-4,-3.182309400540E-4));
#374=VECTOR('',#373,2.395206487886E-1);
#375=CARTESIAN_POINT('',(2.030014357968E1,3.300472794770E0,-4.296296789061E1));
#376=LINE('',#375,#374);
#377=CARTESIAN_POINT('',(2.006062301588E1,3.300659623583E0,-4.296304411349E1));
#378=CARTESIAN_POINT('',(2.005187484169E1,3.481589596755E0,-4.257501720310E1));
#379=CARTESIAN_POINT('',(2.003213479117E1,3.913152350697E0,-4.182926945411E1));
#380=CARTESIAN_POINT('',(2.000471535615E1,4.755088259139E0,-4.083482706379E1));
#381=CARTESIAN_POINT('',(1.997658740200E1,5.759263145551E0,-3.999810115076E1));
#382=CARTESIAN_POINT('',(1.994866702056E1,6.890075901835E0,-3.934739983601E1));
#383=CARTESIAN_POINT('',(1.992083381995E1,8.112077678774E0,-3.891173512199E1));
#384=CARTESIAN_POINT('',(1.989330287309E1,9.379355283680E0,-3.869792883018E1));
#385=CARTESIAN_POINT('',(1.986593252214E1,1.065702221910E1,-3.869958714799E1));
#386=CARTESIAN_POINT('',(1.983858000988E1,1.191393609559E1,-3.891733651891E1));
#387=CARTESIAN_POINT('',(1.981112054611E1,1.311746559204E1,-3.935530618452E1));
#388=CARTESIAN_POINT('',(1.978354712292E1,1.423421240406E1,-3.999524518562E1));
#389=CARTESIAN_POINT('',(1.975582948753E1,1.523247142404E1,-4.081923892150E1));
#390=CARTESIAN_POINT('',(1.972788769330E1,1.607364449719E1,-4.181138165297E1));
#391=CARTESIAN_POINT('',(1.970925055788E1,1.651383402306E1,-4.256720939083E1));
#392=CARTESIAN_POINT('',(1.970002753398E1,1.669896948890E1,-4.296323319284E1));
#394=DIRECTION('',(9.999998865949E-1,4.203454587445E-4,2.238746069300E-4));
#395=VECTOR('',#394,2.397221816473E-1);
#396=CARTESIAN_POINT('',(1.970002753398E1,1.669896948890E1,-4.296323319284E1));
#397=LINE('',#396,#395);
#398=CARTESIAN_POINT('',(2.006062301588E1,3.300659623583E0,-4.296304411349E1));
#399=CARTESIAN_POINT('',(2.001679606761E1,3.300659623583E0,-4.315732716587E1));
#400=CARTESIAN_POINT('',(1.993826586665E1,3.299700296738E0,-4.354338728166E1));
#401=CARTESIAN_POINT('',(1.984321772061E1,3.300059526041E0,-4.411626130179E1));
#402=CARTESIAN_POINT('',(1.979749606327E1,3.300060908078E0,-4.449237584322E1));
#403=CARTESIAN_POINT('',(1.977910005730E1,3.300060908078E0,-4.467914669688E1));
#405=CARTESIAN_POINT('',(1.934606453164E1,1.669981226653E1,-4.467918432228E1));
#406=CARTESIAN_POINT('',(1.937305391266E1,1.669981226653E1,-4.449128946128E1));
#407=CARTESIAN_POINT('',(1.943642483035E1,1.669995020747E1,-4.411384165562E1));
#408=CARTESIAN_POINT('',(1.955498213418E1,1.670045587405E1,-4.354085486533E1));
#409=CARTESIAN_POINT('',(1.964905831078E1,1.669896948890E1,-4.315654615094E1));
#410=CARTESIAN_POINT('',(1.970002753398E1,1.669896948890E1,-4.296323319284E1));
#412=DIRECTION('',(-9.999976825269E-1,2.074039771481E-3,-5.773212297919E-4));
#413=VECTOR('',#412,1.254029662027E-1);
#414=CARTESIAN_POINT('',(1.977910005730E1,3.300060908078E0,-4.467914669688E1));
#415=LINE('',#414,#413);
#416=DIRECTION('',(9.999911489298E-1,-4.075409069885E-3,-1.045515654399E-3));
#417=VECTOR('',#416,4.606493936563E-2);
#418=CARTESIAN_POINT('',(1.93E1,1.67E1,-4.467913616066E1));
#419=LINE('',#418,#417);
#420=CARTESIAN_POINT('',(1.934606453164E1,1.669981226653E1,-4.467918432228E1));
#421=CARTESIAN_POINT('',(1.935596304232E1,1.661384433810E1,-4.427517071989E1));
#422=CARTESIAN_POINT('',(1.937424497569E1,1.636867969813E1,-4.348185953791E1));
#423=CARTESIAN_POINT('',(1.940349460669E1,1.579103640365E1,-4.237561208343E1));
#424=CARTESIAN_POINT('',(1.943233412840E1,1.502089688095E1,-4.139023611719E1));
#425=CARTESIAN_POINT('',(1.946102292861E1,1.409520261034E1,-4.056713802872E1));
#426=CARTESIAN_POINT('',(1.948996620464E1,1.302618270107E1,-3.991716609550E1));
#427=CARTESIAN_POINT('',(1.951890790822E1,1.185726073397E1,-3.947213031220E1));
#428=CARTESIAN_POINT('',(1.954781460353E1,1.062865234320E1,-3.924583957800E1));
#429=CARTESIAN_POINT('',(1.957667509739E1,9.381369100937E0,-3.924500589374E1));
#430=CARTESIAN_POINT('',(1.960552561596E1,8.154865465514E0,-3.946897208827E1));
#431=CARTESIAN_POINT('',(1.963437523626E1,6.988614136459E0,-3.991017125201E1));
#432=CARTESIAN_POINT('',(1.966329789707E1,5.919126323329E0,-4.055651265626E1));
#433=CARTESIAN_POINT('',(1.969200107245E1,4.989236751271E0,-4.137910579648E1));
#434=CARTESIAN_POINT('',(1.972114241330E1,4.214112768953E0,-4.236694621974E1));
#435=CARTESIAN_POINT('',(1.974983155116E1,3.632649503990E0,-4.347795366066E1));
#436=CARTESIAN_POINT('',(1.976991603447E1,3.386298087480E0,-4.427386772662E1));
#437=CARTESIAN_POINT('',(1.977910005730E1,3.300060908078E0,-4.467914669688E1));
#439=CARTESIAN_POINT('',(1.965369738171E1,3.300320998817E0,-4.467921909467E1));
#440=CARTESIAN_POINT('',(1.962653457616E1,3.300320998817E0,-4.449142437880E1));
#441=CARTESIAN_POINT('',(1.956239158102E1,3.299905471100E0,-4.411404144671E1));
#442=CARTESIAN_POINT('',(1.944313105296E1,3.299849352924E0,-4.354172079068E1));
#443=CARTESIAN_POINT('',(1.935034947207E1,3.300414529110E0,-4.315553185836E1));
#444=CARTESIAN_POINT('',(1.929920584767E1,3.300414529110E0,-4.296164015930E1));
#446=CARTESIAN_POINT('',(1.929920584767E1,3.300414529110E0,-4.296164015930E1));
#447=CARTESIAN_POINT('',(1.929920584767E1,3.504069260961E0,-4.256445280188E1));
#448=CARTESIAN_POINT('',(1.930036856505E1,3.976258294414E0,-4.182565267078E1));
#449=CARTESIAN_POINT('',(1.929990125083E1,4.862318687211E0,-4.086086484739E1));
#450=CARTESIAN_POINT('',(1.930002643163E1,5.905875332302E0,-4.007270332172E1));
#451=CARTESIAN_POINT('',(1.929999302263E1,7.073241166121E0,-3.948105008099E1));
#452=CARTESIAN_POINT('',(1.930000147784E1,8.343368170311E0,-3.910495657838E1));
#453=CARTESIAN_POINT('',(1.930000106602E1,9.651912635571E0,-3.897195795268E1));
#454=CARTESIAN_POINT('',(1.929999425807E1,1.093948870653E1,-3.907767081375E1));
#455=CARTESIAN_POINT('',(1.930002190171E1,1.219652779779E1,-3.941662621439E1));
#456=CARTESIAN_POINT('',(1.929991813508E1,1.336486334459E1,-3.997863188148E1));
#457=CARTESIAN_POINT('',(1.930030555796E1,1.438487800222E1,-4.072974410527E1));
#458=CARTESIAN_POINT('',(1.929934160805E1,1.495486749208E1,-4.133174554691E1));
#459=CARTESIAN_POINT('',(1.929934160805E1,1.521235984285E1,-4.166085489512E1));
#461=CARTESIAN_POINT('',(1.929934160805E1,1.521235984285E1,-4.166085489512E1));
#462=CARTESIAN_POINT('',(1.930969204077E1,1.493626492543E1,-4.133701767047E1));
#463=CARTESIAN_POINT('',(1.932898356198E1,1.432460196120E1,-4.074200785461E1));
#464=CARTESIAN_POINT('',(1.935901286602E1,1.326951458431E1,-4.004101085336E1));
#465=CARTESIAN_POINT('',(1.938583411283E1,1.209067648595E1,-3.953956937945E1));
#466=CARTESIAN_POINT('',(1.941576728352E1,1.083555566083E1,-3.926616879442E1));
#467=CARTESIAN_POINT('',(1.944776749217E1,9.565514463521E0,-3.922959440621E1));
#468=CARTESIAN_POINT('',(1.947691218428E1,8.312351501435E0,-3.942590744693E1));
#469=CARTESIAN_POINT('',(1.950350945278E1,7.116631376158E0,-3.984787490768E1));
#470=CARTESIAN_POINT('',(1.953397508948E1,6.009412699404E0,-4.048888283621E1));
#471=CARTESIAN_POINT('',(1.956554675559E1,5.046083308952E0,-4.131733728066E1));
#472=CARTESIAN_POINT('',(1.959456422518E1,4.246040445969E0,-4.231525575389E1));
#473=CARTESIAN_POINT('',(1.962130952001E1,3.643173996650E0,-4.344739794922E1));
#474=CARTESIAN_POINT('',(1.964307859285E1,3.388873694806E0,-4.426305815698E1));
#475=CARTESIAN_POINT('',(1.965369738171E1,3.300320998817E0,-4.467921909467E1));
#477=CARTESIAN_POINT('',(1.93E1,1.E1,-4.610479390360E1));
#478=DIRECTION('',(-1.E0,0.E0,0.E0));
#479=DIRECTION('',(0.E0,1.E0,0.E0));
#480=AXIS2_PLACEMENT_3D('',#477,#478,#479);
#482=CARTESIAN_POINT('',(1.93E1,1.E1,-4.610479390360E1));
#483=DIRECTION('',(-1.E0,0.E0,0.E0));
#484=DIRECTION('',(0.E0,-1.E0,0.E0));
#485=AXIS2_PLACEMENT_3D('',#482,#483,#484);
#487=DIRECTION('',(-1.099109393390E-4,6.226932063533E-5,9.999999920211E-1));
#488=VECTOR('',#487,3.050296269849E0);
#489=CARTESIAN_POINT('',(1.930033526093E1,1.669981006012E1,-4.772943240617E1));
#490=LINE('',#489,#488);
#491=CARTESIAN_POINT('',(1.93E1,1.E1,-4.610479390360E1));
#492=DIRECTION('',(1.E0,0.E0,0.E0));
#493=DIRECTION('',(0.E0,9.781021897810E-1,2.081252179473E-1));
#494=AXIS2_PLACEMENT_3D('',#491,#492,#493);
#496=DIRECTION('',(1.263605009480E-4,6.734353104798E-5,-9.999999897489E-1));
#497=VECTOR('',#496,6.284814640839E0);
#498=CARTESIAN_POINT('',(1.929920584767E1,3.300414529110E0,-4.296164015930E1));
#499=LINE('',#498,#497);
#500=DIRECTION('',(1.E0,0.E0,-1.507211863734E-14));
#501=VECTOR('',#500,3.3E0);
#502=CARTESIAN_POINT('',(1.6E1,2.E0,-4.610479390360E1));
#503=LINE('',#502,#501);
#504=DIRECTION('',(-1.E0,2.723747153747E-13,7.894919286223E-14));
#505=VECTOR('',#504,9.E-1);
#506=CARTESIAN_POINT('',(1.86E1,1.794921379760E1,-4.700479390360E1));
#507=LINE('',#506,#505);
#508=DIRECTION('',(-1.E0,4.242358098803E-13,0.E0));
#509=VECTOR('',#508,1.7E0);
#510=CARTESIAN_POINT('',(1.77E1,1.794921379760E1,-4.700479390360E1));
#511=LINE('',#510,#509);
#512=CARTESIAN_POINT('',(1.6E1,1.6E0,-4.610479390360E1));
#513=DIRECTION('',(0.E0,1.219076922743E-14,1.E0));
#514=DIRECTION('',(0.E0,1.E0,-1.776356839400E-14));
#515=AXIS2_PLACEMENT_3D('',#512,#513,#514);
#517=CARTESIAN_POINT('',(1.6E1,1.E1,-4.610479390360E1));
#518=DIRECTION('',(1.E0,0.E0,0.E0));
#519=DIRECTION('',(0.E0,-1.E0,0.E0));
#520=AXIS2_PLACEMENT_3D('',#517,#518,#519);
#522=CARTESIAN_POINT('',(1.6E1,1.E1,-4.610479390360E1));
#523=DIRECTION('',(1.E0,0.E0,0.E0));
#524=DIRECTION('',(0.E0,9.936517247004E-1,-1.125E-1));
#525=AXIS2_PLACEMENT_3D('',#522,#523,#524);
#527=CARTESIAN_POINT('',(1.6E1,1.84E1,-4.610479390360E1));
#528=DIRECTION('',(0.E0,1.186897802263E-14,1.E0));
#529=DIRECTION('',(-1.E0,0.E0,0.E0));
#530=AXIS2_PLACEMENT_3D('',#527,#528,#529);
#532=CARTESIAN_POINT('',(1.56E1,1.E1,-4.610479390360E1));
#533=DIRECTION('',(-1.E0,0.E0,0.E0));
#534=DIRECTION('',(0.E0,1.E0,-1.184237892934E-14));
#535=AXIS2_PLACEMENT_3D('',#532,#533,#534);
#537=CARTESIAN_POINT('',(1.56E1,1.E1,-4.610479390360E1));
#538=DIRECTION('',(-1.E0,0.E0,0.E0));
#539=DIRECTION('',(0.E0,-9.999999982388E-1,5.934956175275E-5));
#540=AXIS2_PLACEMENT_3D('',#537,#538,#539);
#542=CARTESIAN_POINT('',(1.6E1,1.E1,-4.610479390360E1));
#543=DIRECTION('',(1.E0,0.E0,0.E0));
#544=DIRECTION('',(0.E0,1.E0,0.E0));
#545=AXIS2_PLACEMENT_3D('',#542,#543,#544);
#547=CARTESIAN_POINT('',(1.56E1,1.E1,-4.610479390360E1));
#548=DIRECTION('',(-1.E0,0.E0,0.E0));
#549=DIRECTION('',(0.E0,-3.846153846154E-1,-9.230769230769E-1));
#550=AXIS2_PLACEMENT_3D('',#547,#548,#549);
#552=CARTESIAN_POINT('',(1.56E1,1.E1,-4.610479390360E1));
#553=DIRECTION('',(-1.E0,0.E0,0.E0));
#554=DIRECTION('',(0.E0,-1.E0,0.E0));
#555=AXIS2_PLACEMENT_3D('',#552,#553,#554);
#557=CARTESIAN_POINT('',(1.56E1,1.E1,-4.610479390360E1));
#558=DIRECTION('',(-1.E0,0.E0,0.E0));
#559=DIRECTION('',(0.E0,3.846153846154E-1,9.230769230769E-1));
#560=AXIS2_PLACEMENT_3D('',#557,#558,#559);
#562=DIRECTION('',(0.E0,0.E0,-1.E0));
#563=VECTOR('',#562,1.8E0);
#564=CARTESIAN_POINT('',(1.56E1,1.9E1,-4.520479390360E1));
#565=LINE('',#564,#563);
#566=CARTESIAN_POINT('',(1.56E1,1.E1,-4.610479390360E1));
#567=DIRECTION('',(-1.E0,0.E0,0.E0));
#568=DIRECTION('',(0.E0,9.957305307867E-1,-9.230769230769E-2));
#569=AXIS2_PLACEMENT_3D('',#566,#567,#568);
#571=DIRECTION('',(0.E0,1.E0,0.E0));
#572=VECTOR('',#571,7.5E0);
#573=CARTESIAN_POINT('',(1.56E1,6.25E0,-5.510479390360E1));
#574=LINE('',#573,#572);
#575=DIRECTION('',(0.E0,1.E0,0.E0));
#576=VECTOR('',#575,7.5E0);
#577=CARTESIAN_POINT('',(1.41E1,6.25E0,-5.510479390360E1));
#578=LINE('',#577,#576);
#579=CARTESIAN_POINT('',(1.41E1,1.E1,-4.610479390360E1));
#580=DIRECTION('',(1.E0,0.E0,0.E0));
#581=DIRECTION('',(0.E0,3.846153846154E-1,-9.230769230769E-1));
#582=AXIS2_PLACEMENT_3D('',#579,#580,#581);
#584=CARTESIAN_POINT('',(1.41E1,1.E1,-4.610479390360E1));
#585=DIRECTION('',(1.E0,0.E0,0.E0));
#586=DIRECTION('',(0.E0,1.E0,0.E0));
#587=AXIS2_PLACEMENT_3D('',#584,#585,#586);
#589=DIRECTION('',(0.E0,-1.E0,0.E0));
#590=VECTOR('',#589,7.5E0);
#591=CARTESIAN_POINT('',(1.41E1,1.375E1,-3.710479390360E1));
#592=LINE('',#591,#590);
#593=CARTESIAN_POINT('',(1.41E1,1.E1,-4.610479390360E1));
#594=DIRECTION('',(1.E0,0.E0,0.E0));
#595=DIRECTION('',(0.E0,-3.846153846154E-1,9.230769230769E-1));
#596=AXIS2_PLACEMENT_3D('',#593,#594,#595);
#598=CARTESIAN_POINT('',(1.41E1,1.E1,-4.610479390360E1));
#599=DIRECTION('',(1.E0,0.E0,0.E0));
#600=DIRECTION('',(0.E0,-1.E0,0.E0));
#601=AXIS2_PLACEMENT_3D('',#598,#599,#600);
#603=CARTESIAN_POINT('',(1.41E1,1.E1,-4.610479390360E1));
#604=DIRECTION('',(-1.E0,0.E0,0.E0));
#605=DIRECTION('',(0.E0,-9.999999048357E-1,-4.362667244907E-4));
#606=AXIS2_PLACEMENT_3D('',#603,#604,#605);
#608=CARTESIAN_POINT('',(1.41E1,1.E1,-4.610479390360E1));
#609=DIRECTION('',(-1.E0,0.E0,0.E0));
#610=DIRECTION('',(0.E0,9.999999048357E-1,4.362667239062E-4));
#611=AXIS2_PLACEMENT_3D('',#608,#609,#610);
#613=DIRECTION('',(1.E0,0.E0,0.E0));
#614=VECTOR('',#613,1.5E0);
#615=CARTESIAN_POINT('',(1.41E1,1.375E1,-5.510479390360E1));
#616=LINE('',#615,#614);
#617=DIRECTION('',(1.E0,0.E0,0.E0));
#618=VECTOR('',#617,3.E0);
#619=CARTESIAN_POINT('',(1.56E1,1.970837267517E1,-4.700479390360E1));
#620=LINE('',#619,#618);
#621=DIRECTION('',(-1.E0,0.E0,0.E0));
#622=VECTOR('',#621,3.E0);
#623=CARTESIAN_POINT('',(1.86E1,1.970837267517E1,-4.520479390360E1));
#624=LINE('',#623,#622);
#625=DIRECTION('',(-1.E0,0.E0,0.E0));
#626=VECTOR('',#625,1.5E0);
#627=CARTESIAN_POINT('',(1.56E1,1.375E1,-3.710479390360E1));
#628=LINE('',#627,#626);
#629=DIRECTION('',(0.E0,-1.E0,-4.057206313551E-14));
#630=VECTOR('',#629,1.050786202398E0);
#631=CARTESIAN_POINT('',(1.77E1,1.9E1,-4.700479390360E1));
#632=LINE('',#631,#630);
#633=DIRECTION('',(0.E0,-1.E0,3.009190334406E-14));
#634=VECTOR('',#633,7.083726751704E-1);
#635=CARTESIAN_POINT('',(1.56E1,1.970837267517E1,-4.700479390360E1));
#636=LINE('',#635,#634);
#637=DIRECTION('',(0.E0,-1.E0,9.466814731616E-14));
#638=VECTOR('',#637,1.050786202398E0);
#639=CARTESIAN_POINT('',(1.77E1,1.9E1,-4.520479390360E1));
#640=LINE('',#639,#638);
#641=DIRECTION('',(-1.E0,0.E0,0.E0));
#642=VECTOR('',#641,2.1E0);
#643=CARTESIAN_POINT('',(1.77E1,1.9E1,-4.520479390360E1));
#644=LINE('',#643,#642);
#645=DIRECTION('',(0.E0,1.E0,2.006126889604E-14));
#646=VECTOR('',#645,7.083726751704E-1);
#647=CARTESIAN_POINT('',(1.56E1,1.9E1,-4.520479390360E1));
#648=LINE('',#647,#646);
#649=DIRECTION('',(0.E0,0.E0,-1.E0));
#650=VECTOR('',#649,1.8E0);
#651=CARTESIAN_POINT('',(1.77E1,1.9E1,-4.520479390360E1));
#652=LINE('',#651,#650);
#653=DIRECTION('',(-1.E0,0.E0,0.E0));
#654=VECTOR('',#653,2.1E0);
#655=CARTESIAN_POINT('',(1.77E1,1.9E1,-4.700479390360E1));
#656=LINE('',#655,#654);
#657=CARTESIAN_POINT('',(1.86E1,1.E1,-4.610479390360E1));
#658=DIRECTION('',(1.E0,0.E0,0.E0));
#659=DIRECTION('',(0.E0,1.E0,0.E0));
#660=AXIS2_PLACEMENT_3D('',#657,#658,#659);
#662=DIRECTION('',(0.E0,1.E0,-4.846925958675E-14));
#663=VECTOR('',#662,1.759158877569E0);
#664=CARTESIAN_POINT('',(1.86E1,1.794921379760E1,-4.520479390360E1));
#665=LINE('',#664,#663);
#666=CARTESIAN_POINT('',(1.86E1,1.E1,-4.610479390360E1));
#667=DIRECTION('',(-1.E0,0.E0,0.E0));
#668=DIRECTION('',(0.E0,9.957305307867E-1,9.230769230769E-2));
#669=AXIS2_PLACEMENT_3D('',#666,#667,#668);
#671=CARTESIAN_POINT('',(1.86E1,1.E1,-4.610479390360E1));
#672=DIRECTION('',(-1.E0,0.E0,0.E0));
#673=DIRECTION('',(0.E0,1.E0,0.E0));
#674=AXIS2_PLACEMENT_3D('',#671,#672,#673);
#676=DIRECTION('',(0.E0,-1.E0,-5.250836455232E-14));
#677=VECTOR('',#676,1.759158877569E0);
#678=CARTESIAN_POINT('',(1.86E1,1.970837267517E1,-4.700479390360E1));
#679=LINE('',#678,#677);
#680=CARTESIAN_POINT('',(1.86E1,1.E1,-4.610479390360E1));
#681=DIRECTION('',(1.E0,0.E0,0.E0));
#682=DIRECTION('',(0.E0,9.936517247004E-1,-1.125E-1));
#683=AXIS2_PLACEMENT_3D('',#680,#681,#682);
#685=CARTESIAN_POINT('',(1.77E1,1.E1,-4.610479390360E1));
#686=DIRECTION('',(1.E0,0.E0,0.E0));
#687=DIRECTION('',(0.E0,9.936517247004E-1,-1.125E-1));
#688=AXIS2_PLACEMENT_3D('',#685,#686,#687);
#690=DIRECTION('',(1.E0,0.E0,0.E0));
#691=VECTOR('',#690,9.E-1);
#692=CARTESIAN_POINT('',(1.77E1,1.794921379760E1,-4.520479390360E1));
#693=LINE('',#692,#691);
#694=DIRECTION('',(1.E0,0.E0,0.E0));
#695=VECTOR('',#694,7.E-1);
#696=CARTESIAN_POINT('',(1.86E1,1.8E1,-4.610479390360E1));
#697=LINE('',#696,#695);
#698=DIRECTION('',(0.E0,-1.E0,0.E0));
#699=VECTOR('',#698,7.5E0);
#700=CARTESIAN_POINT('',(1.56E1,1.375E1,-3.710479390360E1));
#701=LINE('',#700,#699);
#702=DIRECTION('',(-1.E0,0.E0,0.E0));
#703=VECTOR('',#702,1.5E0);
#704=CARTESIAN_POINT('',(1.56E1,6.25E0,-5.510479390360E1));
#705=LINE('',#704,#703);
#706=DIRECTION('',(1.E0,0.E0,0.E0));
#707=VECTOR('',#706,1.5E0);
#708=CARTESIAN_POINT('',(1.41E1,6.25E0,-3.710479390360E1));
#709=LINE('',#708,#707);
#710=CARTESIAN_POINT('',(1.415E1,2.250000737524E0,-4.610817497071E1));
#711=DIRECTION('',(0.E0,4.362667241712E-4,-9.999999048357E-1));
#712=DIRECTION('',(-6.666666666665E-2,-9.977752081871E-1,-4.352961629574E-4));
#713=AXIS2_PLACEMENT_3D('',#710,#711,#712);
#715=CARTESIAN_POINT('',(1.359098300563E1,1.E1,-4.610479390360E1));
#716=DIRECTION('',(-1.E0,0.E0,0.E0));
#717=DIRECTION('',(0.E0,-9.999999940522E-1,-1.090666838068E-4));
#718=AXIS2_PLACEMENT_3D('',#715,#716,#717);
#720=CARTESIAN_POINT('',(1.415E1,1.774999926248E1,-4.610141283649E1));
#721=DIRECTION('',(0.E0,4.362667238796E-4,-9.999999048357E-1));
#722=DIRECTION('',(-7.453559924970E-1,-6.666666032271E-1,-2.908444825872E-4));
#723=AXIS2_PLACEMENT_3D('',#720,#721,#722);
#725=CARTESIAN_POINT('',(1.359098300563E1,1.E1,-4.610479390360E1));
#726=DIRECTION('',(-1.E0,0.E0,0.E0));
#727=DIRECTION('',(0.E0,9.999999940522E-1,1.090666824259E-4));
#728=AXIS2_PLACEMENT_3D('',#725,#726,#727);
#730=DIRECTION('',(9.999875900575E-1,1.160826727790E-6,-4.981940343810E-3));
#731=VECTOR('',#730,2.909866167558E-1);
#732=CARTESIAN_POINT('',(1.33E1,2.750000028748E0,-4.610532105924E1));
#733=LINE('',#732,#731);
#734=DIRECTION('',(9.999875900575E-1,-1.160826729316E-6,4.981940345886E-3));
#735=VECTOR('',#734,2.909866167558E-1);
#736=CARTESIAN_POINT('',(1.33E1,1.724999997125E1,-4.610426674797E1));
#737=LINE('',#736,#735);
#738=CARTESIAN_POINT('',(1.33E1,1.E1,-4.610479390360E1));
#739=DIRECTION('',(1.E0,0.E0,0.E0));
#740=DIRECTION('',(0.E0,-1.E0,0.E0));
#741=AXIS2_PLACEMENT_3D('',#738,#739,#740);
#743=CARTESIAN_POINT('',(1.33E1,1.E1,-4.610479390360E1));
#744=DIRECTION('',(1.E0,0.E0,0.E0));
#745=DIRECTION('',(0.E0,1.E0,0.E0));
#746=AXIS2_PLACEMENT_3D('',#743,#744,#745);
#748=CARTESIAN_POINT('',(1.33E1,1.E1,-4.610479390360E1));
#749=DIRECTION('',(-1.E0,0.E0,0.E0));
#750=DIRECTION('',(0.E0,3.090169943920E-1,9.510565162896E-1));
#751=AXIS2_PLACEMENT_3D('',#748,#749,#750);
#753=DIRECTION('',(-6.747280317087E-6,-3.582178810442E-6,-9.999999999708E-1));
#754=VECTOR('',#753,4.943065850387E0);
#755=CARTESIAN_POINT('',(1.33E1,1.57E1,-4.330613350977E1));
#756=LINE('',#755,#754);
#757=CARTESIAN_POINT('',(1.329996664775E1,1.569998229305E1,-4.824919936001E1));
#758=CARTESIAN_POINT('',(1.329996664775E1,1.555898102404E1,-4.857677690615E1));
#759=CARTESIAN_POINT('',(1.330001547774E1,1.522701939735E1,-4.919671066400E1));
#760=CARTESIAN_POINT('',(1.329999585629E1,1.456752797281E1,-5.003341985631E1));
#761=CARTESIAN_POINT('',(1.330000109711E1,1.377617004867E1,-5.073705616895E1));
#762=CARTESIAN_POINT('',(1.329999975528E1,1.286904669489E1,-5.129035183138E1));
#763=CARTESIAN_POINT('',(1.329999988179E1,1.192143647715E1,-5.165760982067E1));
#764=CARTESIAN_POINT('',(1.330000071757E1,1.094932624252E1,-5.185825059708E1));
#765=CARTESIAN_POINT('',(1.329999840449E1,1.023761494359E1,-5.187904067123E1));
#766=CARTESIAN_POINT('',(1.329999840449E1,9.870318047232E0,-5.185325522742E1));
#768=CARTESIAN_POINT('',(1.329999840449E1,9.870318047232E0,-5.185325522742E1));
#769=CARTESIAN_POINT('',(1.329999840449E1,8.714730956667E0,-5.182552457327E1));
#770=CARTESIAN_POINT('',(1.329999281864E1,6.325643480339E0,-5.102604621962E1));
#771=CARTESIAN_POINT('',(1.330001743225E1,4.852444269717E0,-4.895619458388E1));
#772=CARTESIAN_POINT('',(1.330001743225E1,4.492749167200E0,-4.775785032149E1));
#774=CARTESIAN_POINT('',(1.330001743225E1,4.492749167200E0,-4.775785032149E1));
#775=CARTESIAN_POINT('',(1.330001743225E1,4.466836089865E0,-4.768431083185E1));
#776=CARTESIAN_POINT('',(1.329999842623E1,4.417865917355E0,-4.753638673187E1));
#777=CARTESIAN_POINT('',(1.329997935982E1,4.353569837797E0,-4.731150687864E1));
#778=CARTESIAN_POINT('',(1.330004920961E1,4.316865494411E0,-4.716007186348E1));
#779=CARTESIAN_POINT('',(1.330004920961E1,4.300027773965E0,-4.708394016651E1));
#781=DIRECTION('',(1.692712903399E-6,9.591120264658E-7,9.999999999981E-1));
#782=VECTOR('',#781,2.513354456663E0);
#783=CARTESIAN_POINT('',(1.330004920961E1,4.300027773965E0,-4.708394016651E1));
#784=LINE('',#783,#782);
#785=CARTESIAN_POINT('',(1.330005346399E1,4.300030184554E0,-4.457058570985E1));
#786=CARTESIAN_POINT('',(1.330005346399E1,4.375713369583E0,-4.422581890676E1));
#787=CARTESIAN_POINT('',(1.329997518878E1,4.585593213455E0,-4.355244703450E1));
#788=CARTESIAN_POINT('',(1.330000664329E1,5.121069562918E0,-4.254339625093E1));
#789=CARTESIAN_POINT('',(1.329999823805E1,5.812352466961E0,-4.169305645010E1));
#790=CARTESIAN_POINT('',(1.330000040449E1,6.557042890234E0,-4.103487707142E1));
#791=CARTESIAN_POINT('',(1.330000014398E1,7.510249977083E0,-4.044210769829E1));
#792=CARTESIAN_POINT('',(1.329999901959E1,8.587289778630E0,-4.003349008128E1));
#793=CARTESIAN_POINT('',(1.330000377765E1,9.656225692694E0,-3.983321653042E1));
#794=CARTESIAN_POINT('',(1.329998586981E1,1.080255708964E1,-3.982187639574E1));
#795=CARTESIAN_POINT('',(1.330003045201E1,1.157310994157E1,-3.995778698991E1));
#796=CARTESIAN_POINT('',(1.330003045201E1,1.196224646435E1,-4.006562356194E1));
#798=CARTESIAN_POINT('',(1.330003045201E1,1.196224646435E1,-4.006562356194E1));
#799=CARTESIAN_POINT('',(1.329154247460E1,1.228106819769E1,-4.016921502270E1));
#800=CARTESIAN_POINT('',(1.327473770955E1,1.290548720968E1,-4.042792906697E1));
#801=CARTESIAN_POINT('',(1.324906961240E1,1.377853330042E1,-4.096677778580E1));
#802=CARTESIAN_POINT('',(1.322332165288E1,1.455736933265E1,-4.164350434450E1));
#803=CARTESIAN_POINT('',(1.319780860560E1,1.520877426927E1,-4.242607373224E1));
#804=CARTESIAN_POINT('',(1.318114834130E1,1.555256943564E1,-4.300590623327E1));
#805=CARTESIAN_POINT('',(1.317267362038E1,1.569998339827E1,-4.330614258521E1));
#807=DIRECTION('',(9.999999889594E-1,1.303872129241E-4,7.127695320303E-5));
#808=VECTOR('',#807,1.273263810254E-1);
#809=CARTESIAN_POINT('',(1.317267362038E1,1.569998339827E1,-4.330614258521E1));
#810=LINE('',#809,#808);
#811=CARTESIAN_POINT('',(1.310004476576E1,6.726069531528E0,-4.137798550405E1));
#812=CARTESIAN_POINT('',(1.310004476576E1,6.997447510345E0,-4.117025659092E1));
#813=CARTESIAN_POINT('',(1.309997922394E1,7.570504053180E0,-4.080617867728E1));
#814=CARTESIAN_POINT('',(1.310000556758E1,8.540568927441E0,-4.040935861550E1));
#815=CARTESIAN_POINT('',(1.309999850575E1,9.574076059947E0,-4.019172748081E1));
#816=CARTESIAN_POINT('',(1.310000040942E1,1.062541729866E1,-4.016077717607E1));
#817=CARTESIAN_POINT('',(1.309999985656E1,1.167032894281E1,-4.031552153432E1));
#818=CARTESIAN_POINT('',(1.310000016433E1,1.268128122200E1,-4.065371535858E1));
#819=CARTESIAN_POINT('',(1.309999948612E1,1.362461918853E1,-4.117058617880E1));
#820=CARTESIAN_POINT('',(1.310000189118E1,1.445085214846E1,-4.183195884280E1));
#821=CARTESIAN_POINT('',(1.309999294915E1,1.516215665350E1,-4.263847071197E1));
#822=CARTESIAN_POINT('',(1.310001519120E1,1.553703610803E1,-4.325063341011E1));
#823=CARTESIAN_POINT('',(1.310001519120E1,1.569999214054E1,-4.357796411545E1));
#825=CARTESIAN_POINT('',(1.310001519120E1,1.569999214054E1,-4.357796411545E1));
#826=CARTESIAN_POINT('',(1.310779530377E1,1.569999214054E1,-4.354775752813E1));
#827=CARTESIAN_POINT('',(1.312359029106E1,1.570000145418E1,-4.348735722738E1));
#828=CARTESIAN_POINT('',(1.314784849760E1,1.570000669955E1,-4.339675889223E1));
#829=CARTESIAN_POINT('',(1.316430301066E1,1.569998339827E1,-4.333633841123E1));
#830=CARTESIAN_POINT('',(1.317267362038E1,1.569998339827E1,-4.330614258521E1));
#832=CARTESIAN_POINT('',(1.330005346399E1,4.300030184554E0,-4.457058570985E1));
#833=CARTESIAN_POINT('',(1.328938200375E1,4.300030184554E0,-4.465669034619E1));
#834=CARTESIAN_POINT('',(1.327021168530E1,4.300103641077E0,-4.482911784258E1));
#835=CARTESIAN_POINT('',(1.324760676965E1,4.299591979401E0,-4.508833043917E1));
#836=CARTESIAN_POINT('',(1.323685136736E1,4.300882954013E0,-4.526162222147E1));
#837=CARTESIAN_POINT('',(1.323262065003E1,4.300882954013E0,-4.534827148689E1));
#839=CARTESIAN_POINT('',(1.323262065003E1,4.300882954013E0,-4.534827148689E1));
#840=CARTESIAN_POINT('',(1.322416929826E1,4.342500674983E0,-4.503043720179E1));
#841=CARTESIAN_POINT('',(1.320589299658E1,4.480052609983E0,-4.440269135615E1));
#842=CARTESIAN_POINT('',(1.317966097800E1,4.837451318880E0,-4.351221986421E1));
#843=CARTESIAN_POINT('',(1.315301456007E1,5.339850234469E0,-4.269208050117E1));
#844=CARTESIAN_POINT('',(1.312674339519E1,5.969270610471E0,-4.196602299760E1));
#845=CARTESIAN_POINT('',(1.310854527902E1,6.464126066188E0,-4.155997303145E1));
#846=CARTESIAN_POINT('',(1.310004476576E1,6.726069531528E0,-4.137798550405E1));
#848=DIRECTION('',(0.E0,-8.660254037844E-1,5.E-1));
#849=VECTOR('',#848,8.717797887081E0);
#850=CARTESIAN_POINT('',(1.31E1,9.274917217635E0,-5.607847200943E1));
#851=LINE('',#850,#849);
#852=CARTESIAN_POINT('',(1.31E1,1.E1,-4.610479390360E1));
#853=DIRECTION('',(-1.E0,0.E0,0.E0));
#854=DIRECTION('',(0.E0,-8.274917217636E-1,-5.614779162289E-1));
#855=AXIS2_PLACEMENT_3D('',#852,#853,#854);
#857=DIRECTION('',(0.E0,0.E0,1.E0));
#858=VECTOR('',#857,8.717797887081E0);
#859=CARTESIAN_POINT('',(1.31E1,9.999999999999E-1,-5.046369284714E1));
#860=LINE('',#859,#858);
#861=CARTESIAN_POINT('',(1.31E1,1.E1,-4.610479390360E1));
#862=DIRECTION('',(-1.E0,0.E0,0.E0));
#863=DIRECTION('',(0.E0,-9.E-1,4.358898943541E-1));
#864=AXIS2_PLACEMENT_3D('',#861,#862,#863);
#866=DIRECTION('',(0.E0,8.660254037844E-1,5.E-1));
#867=VECTOR('',#866,8.717797887081E0);
#868=CARTESIAN_POINT('',(1.31E1,1.725082782365E0,-4.049001474131E1));
#869=LINE('',#868,#867);
#870=CARTESIAN_POINT('',(1.31E1,1.E1,-4.610479390360E1));
#871=DIRECTION('',(-1.E0,0.E0,0.E0));
#872=DIRECTION('',(0.E0,-7.250827823645E-2,9.973678105830E-1));
#873=AXIS2_PLACEMENT_3D('',#870,#871,#872);
#875=DIRECTION('',(0.E0,8.660254037845E-1,-5.E-1));
#876=VECTOR('',#875,8.717797887089E0);
#877=CARTESIAN_POINT('',(1.31E1,1.072508278236E1,-3.613111579777E1));
#878=LINE('',#877,#876);
#879=CARTESIAN_POINT('',(1.31E1,1.E1,-4.610479390360E1));
#880=DIRECTION('',(-1.E0,0.E0,0.E0));
#881=DIRECTION('',(0.E0,8.274917217639E-1,5.614779162285E-1));
#882=AXIS2_PLACEMENT_3D('',#879,#880,#881);
#884=DIRECTION('',(0.E0,0.E0,-1.E0));
#885=VECTOR('',#884,8.717797887081E0);
#886=CARTESIAN_POINT('',(1.31E1,1.9E1,-4.174589496006E1));
#887=LINE('',#886,#885);
#888=CARTESIAN_POINT('',(1.31E1,1.E1,-4.610479390360E1));
#889=DIRECTION('',(-1.E0,0.E0,0.E0));
#890=DIRECTION('',(0.E0,9.E-1,-4.358898943541E-1));
#891=AXIS2_PLACEMENT_3D('',#888,#889,#890);
#893=DIRECTION('',(0.E0,-8.660254037845E-1,-5.E-1));
#894=VECTOR('',#893,8.717797887089E0);
#895=CARTESIAN_POINT('',(1.31E1,1.827491721764E1,-5.171957306589E1));
#896=LINE('',#895,#894);
#897=CARTESIAN_POINT('',(1.31E1,1.E1,-4.610479390360E1));
#898=DIRECTION('',(-1.E0,0.E0,0.E0));
#899=DIRECTION('',(0.E0,7.250827823588E-2,-9.973678105831E-1));
#900=AXIS2_PLACEMENT_3D('',#897,#898,#899);
#902=CARTESIAN_POINT('',(1.31E1,1.E1,-4.610479390360E1));
#903=DIRECTION('',(1.E0,0.E0,0.E0));
#904=DIRECTION('',(0.E0,7.816872197902E-1,-6.236706586145E-1));
#905=AXIS2_PLACEMENT_3D('',#902,#903,#904);
#907=CARTESIAN_POINT('',(1.310004476576E1,6.726069531528E0,-4.137798550405E1));
#908=CARTESIAN_POINT('',(1.310004476576E1,5.776771581427E0,-4.203751860783E1));
#909=CARTESIAN_POINT('',(1.309999146613E1,4.748801071269E0,-4.335255728707E1));
#910=CARTESIAN_POINT('',(1.31E1,4.358104326744E0,-4.491114934611E1));
#911=CARTESIAN_POINT('',(1.31E1,4.300867043034E0,-4.534827013806E1));
#913=DIRECTION('',(0.E0,-2.064975789014E-4,-9.999999786794E-1));
#914=VECTOR('',#913,1.513088894233E0);
#915=CARTESIAN_POINT('',(1.31E1,4.300867043034E0,-4.534827013806E1));
#916=LINE('',#915,#914);
#917=CARTESIAN_POINT('',(1.31E1,4.300554593841E0,-4.686135900003E1));
#918=CARTESIAN_POINT('',(1.31E1,4.340068445946E0,-4.716487435247E1));
#919=CARTESIAN_POINT('',(1.309996882228E1,4.404836888061E0,-4.746493110551E1));
#920=CARTESIAN_POINT('',(1.309996882228E1,4.492759035164E0,-4.775784863422E1));
#922=CARTESIAN_POINT('',(1.309996882228E1,4.492759035164E0,-4.775784863422E1));
#923=CARTESIAN_POINT('',(1.309996882228E1,4.579203314141E0,-4.810346374668E1));
#924=CARTESIAN_POINT('',(1.310001447002E1,4.810015373556E0,-4.876625813076E1));
#925=CARTESIAN_POINT('',(1.309999612149E1,5.338160142719E0,-4.969224529485E1));
#926=CARTESIAN_POINT('',(1.310000104400E1,6.017786603264E0,-5.050021522128E1));
#927=CARTESIAN_POINT('',(1.309999970250E1,6.835867292495E0,-5.118051584586E1));
#928=CARTESIAN_POINT('',(1.310000014598E1,7.782084320537E0,-5.171486372880E1));
#929=CARTESIAN_POINT('',(1.309999971357E1,8.825143950756E0,-5.207056056005E1));
#930=CARTESIAN_POINT('',(1.310000099974E1,9.899407594960E0,-5.224059185062E1));
#931=CARTESIAN_POINT('',(1.309999628748E1,1.110559462242E1,-5.218672551390E1));
#932=CARTESIAN_POINT('',(1.310001385033E1,1.206030529159E1,-5.198679371489E1));
#933=CARTESIAN_POINT('',(1.309994831121E1,1.329375206630E1,-5.147095016006E1));
#934=CARTESIAN_POINT('',(1.310019290484E1,1.417773046047E1,-5.086016316478E1));
#935=CARTESIAN_POINT('',(1.309958434790E1,1.471960285994E1,-5.034531280318E1));
#936=CARTESIAN_POINT('',(1.309958434790E1,1.496353255236E1,-5.006494485443E1));
#938=CARTESIAN_POINT('',(1.087735026919E1,1.E1,-4.610479390360E1));
#939=DIRECTION('',(1.E0,0.E0,0.E0));
#940=DIRECTION('',(0.E0,-7.250827823650E-2,-9.973678105830E-1));
#941=AXIS2_PLACEMENT_3D('',#938,#939,#940);
#943=CARTESIAN_POINT('',(1.087735026919E1,1.072508278236E1,-5.607847200943E1));
#944=CARTESIAN_POINT('',(1.075168003594E1,1.115754371415E1,-5.582879057405E1));
#945=CARTESIAN_POINT('',(1.053851624775E1,1.201299505264E1,-5.533489551349E1));
#946=CARTESIAN_POINT('',(1.034460661280E1,1.325522167308E1,-5.461769563978E1));
#947=CARTESIAN_POINT('',(1.029999999998E1,1.408626839788E1,-5.413789058951E1));
#948=CARTESIAN_POINT('',(1.03E1,1.450000000033E1,-5.389902253747E1));
#950=CARTESIAN_POINT('',(1.03E1,5.500000000162E0,-5.389902253776E1));
#951=CARTESIAN_POINT('',(1.03E1,5.808012824478E0,-5.407685382479E1));
#952=CARTESIAN_POINT('',(1.032387158013E1,6.426010974366E0,-5.443365522299E1));
#953=CARTESIAN_POINT('',(1.043811968788E1,7.383454885219E0,-5.498643572265E1));
#954=CARTESIAN_POINT('',(1.061427231600E1,8.297758460251E0,-5.551430913782E1));
#955=CARTESIAN_POINT('',(1.078189261759E1,8.946424909724E0,-5.588881688703E1));
#956=CARTESIAN_POINT('',(1.087735026919E1,9.274917217635E0,-5.607847200943E1));
#958=DIRECTION('',(1.E0,3.596430722525E-14,3.324700401267E-13));
#959=VECTOR('',#958,2.222649730811E0);
#960=CARTESIAN_POINT('',(1.087735026919E1,9.274917217635E0,-5.607847200943E1));
#961=LINE('',#960,#959);
#962=DIRECTION('',(-1.E0,2.877144578020E-14,-3.420605220535E-13));
#963=VECTOR('',#962,2.222649730811E0);
#964=CARTESIAN_POINT('',(1.31E1,1.072508278236E1,-5.607847200943E1));
#965=LINE('',#964,#963);
#966=CARTESIAN_POINT('',(1.087735026919E1,1.E1,-4.610479390360E1));
#967=DIRECTION('',(1.E0,0.E0,0.E0));
#968=DIRECTION('',(0.E0,8.274917217637E-1,-5.614779162288E-1));
#969=AXIS2_PLACEMENT_3D('',#966,#967,#968);
#971=CARTESIAN_POINT('',(1.087735026919E1,1.9E1,-5.046369284714E1));
#972=CARTESIAN_POINT('',(1.075201916907E1,1.9E1,-4.996567755478E1));
#973=CARTESIAN_POINT('',(1.053905064428E1,1.9E1,-4.897971099114E1));
#974=CARTESIAN_POINT('',(1.034453069406E1,1.9E1,-4.754207639290E1));
#975=CARTESIAN_POINT('',(1.03E1,1.9E1,-4.658248782100E1));
#976=CARTESIAN_POINT('',(1.03E1,1.9E1,-4.610479390359E1));
#978=CARTESIAN_POINT('',(1.03E1,1.450000000033E1,-5.389902253747E1));
#979=CARTESIAN_POINT('',(1.030000000001E1,1.480801282481E1,-5.372119125034E1));
#980=CARTESIAN_POINT('',(1.032387158018E1,1.542601097501E1,-5.336438985196E1));
#981=CARTESIAN_POINT('',(1.043811968794E1,1.638345488559E1,-5.281160935245E1));
#982=CARTESIAN_POINT('',(1.061427231608E1,1.729775846058E1,-5.228373593731E1));
#983=CARTESIAN_POINT('',(1.078189261763E1,1.794642490984E1,-5.190922818822E1));
#984=CARTESIAN_POINT('',(1.087735026919E1,1.827491721764E1,-5.171957306589E1));
#986=DIRECTION('',(1.E0,6.313733935099E-13,1.572839035984E-12));
#987=VECTOR('',#986,2.222649730811E0);
#988=CARTESIAN_POINT('',(1.087735026919E1,1.827491721764E1,-5.171957306589E1));
#989=LINE('',#988,#987);
#990=DIRECTION('',(-1.E0,3.068954216554E-13,-1.470540562099E-13));
#991=VECTOR('',#990,2.222649730811E0);
#992=CARTESIAN_POINT('',(1.31E1,1.9E1,-5.046369284714E1));
#993=LINE('',#992,#991);
#994=CARTESIAN_POINT('',(1.087735026919E1,1.E1,-4.610479390360E1));
#995=DIRECTION('',(1.E0,0.E0,0.E0));
#996=DIRECTION('',(0.E0,9.E-1,4.358898943540E-1));
#997=AXIS2_PLACEMENT_3D('',#994,#995,#996);
#999=CARTESIAN_POINT('',(1.087735026919E1,1.827491721764E1,-4.049001474131E1));
#1000=CARTESIAN_POINT('',(1.075168003596E1,1.784245628592E1,-4.024033330597E1));
#1001=CARTESIAN_POINT('',(1.053851624779E1,1.698700494755E1,-3.974643824548E1));
#1002=CARTESIAN_POINT('',(1.034460661281E1,1.574477832704E1,-3.902923837173E1));
#1003=CARTESIAN_POINT('',(1.029999999999E1,1.491373160223E1,-3.854943332146E1));
#1004=CARTESIAN_POINT('',(1.03E1,1.449999999984E1,-3.831056526945E1));
#1006=CARTESIAN_POINT('',(1.03E1,1.9E1,-4.610479390359E1));
#1007=CARTESIAN_POINT('',(1.03E1,1.9E1,-4.574870670019E1));
#1008=CARTESIAN_POINT('',(1.032400847983E1,1.9E1,-4.503430453447E1));
#1009=CARTESIAN_POINT('',(1.043786966813E1,1.9E1,-4.393159641344E1));
#1010=CARTESIAN_POINT('',(1.061484278971E1,1.9E1,-4.287104791543E1));
#1011=CARTESIAN_POINT('',(1.078222280100E1,1.9E1,-4.212389318906E1));
#1012=CARTESIAN_POINT('',(1.087735026919E1,1.9E1,-4.174589496006E1));
#1014=DIRECTION('',(1.E0,-3.084938353099E-13,-1.374635742832E-13));
#1015=VECTOR('',#1014,2.222649730811E0);
#1016=CARTESIAN_POINT('',(1.087735026919E1,1.9E1,-4.174589496006E1));
#1017=LINE('',#1016,#1015);
#1018=DIRECTION('',(-1.E0,-6.665384939079E-13,1.623988272927E-12));
#1019=VECTOR('',#1018,2.222649730811E0);
#1020=CARTESIAN_POINT('',(1.31E1,1.827491721764E1,-4.049001474131E1));
#1021=LINE('',#1020,#1019);
#1022=CARTESIAN_POINT('',(1.087735026919E1,1.E1,-4.610479390360E1));
#1023=DIRECTION('',(1.E0,0.E0,0.E0));
#1024=DIRECTION('',(0.E0,7.250827823600E-2,9.973678105831E-1));
#1025=AXIS2_PLACEMENT_3D('',#1022,#1023,#1024);
#1027=CARTESIAN_POINT('',(1.087735026919E1,9.274917217636E0,-3.613111579777E1));
#1028=CARTESIAN_POINT('',(1.075168003594E1,8.842456285856E0,-3.638079723315E1));
#1029=CARTESIAN_POINT('',(1.053851624776E1,7.987004947378E0,-3.687469229370E1));
#1030=CARTESIAN_POINT('',(1.034460661280E1,6.744778326934E0,-3.759189216741E1));
#1031=CARTESIAN_POINT('',(1.029999999998E1,5.913731602125E0,-3.807169721768E1));
#1032=CARTESIAN_POINT('',(1.03E1,5.499999999667E0,-3.831056526973E1));
#1034=CARTESIAN_POINT('',(1.03E1,1.449999999984E1,-3.831056526945E1));
#1035=CARTESIAN_POINT('',(1.03E1,1.419198717559E1,-3.813273398245E1));
#1036=CARTESIAN_POINT('',(1.032387158012E1,1.357398902580E1,-3.777593258431E1));
#1037=CARTESIAN_POINT('',(1.043811968784E1,1.261654511499E1,-3.722315208467E1));
#1038=CARTESIAN_POINT('',(1.061427231596E1,1.170224153992E1,-3.669527866948E1));
#1039=CARTESIAN_POINT('',(1.078189261757E1,1.105357509034E1,-3.632077092021E1));
#1040=CARTESIAN_POINT('',(1.087735026919E1,1.072508278236E1,-3.613111579777E1));
#1042=DIRECTION('',(1.E0,-3.916113453416E-14,-3.420605220535E-13));
#1043=VECTOR('',#1042,2.222649730811E0);
#1044=CARTESIAN_POINT('',(1.087735026919E1,1.072508278236E1,-3.613111579777E1));
#1045=LINE('',#1044,#1043);
#1046=DIRECTION('',(-1.E0,-3.036985943465E-14,3.356668674356E-13));
#1047=VECTOR('',#1046,2.222649730811E0);
#1048=CARTESIAN_POINT('',(1.31E1,9.274917217636E0,-3.613111579777E1));
#1049=LINE('',#1048,#1047);
#1050=CARTESIAN_POINT('',(1.087735026919E1,1.E1,-4.610479390360E1));
#1051=DIRECTION('',(1.E0,0.E0,0.E0));
#1052=DIRECTION('',(0.E0,-8.274917217635E-1,5.614779162290E-1));
#1053=AXIS2_PLACEMENT_3D('',#1050,#1051,#1052);
#1055=CARTESIAN_POINT('',(1.087735026919E1,9.999999999992E-1,
-4.174589496006E1));
#1056=CARTESIAN_POINT('',(1.075201916907E1,9.999999999992E-1,
-4.224391025241E1));
#1057=CARTESIAN_POINT('',(1.053905064428E1,1.E0,-4.322987681605E1));
#1058=CARTESIAN_POINT('',(1.034453069406E1,1.000000000001E0,-4.466751141429E1));
#1059=CARTESIAN_POINT('',(1.03E1,9.999999999981E-1,-4.562709998619E1));
#1060=CARTESIAN_POINT('',(1.03E1,9.999999999981E-1,-4.610479390361E1));
#1062=CARTESIAN_POINT('',(1.03E1,5.499999999667E0,-3.831056526973E1));
#1063=CARTESIAN_POINT('',(1.030000000001E1,5.191987175201E0,-3.848839655685E1));
#1064=CARTESIAN_POINT('',(1.032387158018E1,4.573989025011E0,-3.884519795523E1));
#1065=CARTESIAN_POINT('',(1.043811968793E1,3.616545114434E0,-3.939797845473E1));
#1066=CARTESIAN_POINT('',(1.061427231607E1,2.702241539448E0,-3.992585186987E1));
#1067=CARTESIAN_POINT('',(1.078189261763E1,2.053575090166E0,-4.030035961897E1));
#1068=CARTESIAN_POINT('',(1.087735026919E1,1.725082782365E0,-4.049001474131E1));
#1070=DIRECTION('',(1.E0,2.099915938541E-13,-2.973049397287E-13));
#1071=VECTOR('',#1070,2.222649730811E0);
#1072=CARTESIAN_POINT('',(1.087735026919E1,1.725082782365E0,-4.049001474131E1));
#1073=LINE('',#1072,#1071);
#1074=DIRECTION('',(-1.E0,-3.052970080010E-13,1.406604015921E-13));
#1075=VECTOR('',#1074,2.222649730811E0);
#1076=CARTESIAN_POINT('',(1.31E1,9.999999999999E-1,-4.174589496006E1));
#1077=LINE('',#1076,#1075);
#1078=DIRECTION('',(1.E0,3.076946284827E-13,1.310699196653E-13));
#1079=VECTOR('',#1078,2.222649730811E0);
#1080=CARTESIAN_POINT('',(1.087735026919E1,9.999999999992E-1,
-5.046369284714E1));
#1081=LINE('',#1080,#1079);
#1082=DIRECTION('',(-1.E0,-2.111904040949E-13,-2.941081124198E-13));
#1083=VECTOR('',#1082,2.222649730811E0);
#1084=CARTESIAN_POINT('',(1.31E1,1.725082782364E0,-5.171957306589E1));
#1085=LINE('',#1084,#1083);
#1086=CARTESIAN_POINT('',(1.087735026919E1,1.E1,-4.610479390360E1));
#1087=DIRECTION('',(1.E0,0.E0,0.E0));
#1088=DIRECTION('',(0.E0,-9.E-1,-4.358898943540E-1));
#1089=AXIS2_PLACEMENT_3D('',#1086,#1087,#1088);
#1091=CARTESIAN_POINT('',(1.087735026919E1,1.725082782364E0,-5.171957306589E1));
#1092=CARTESIAN_POINT('',(1.075168003596E1,2.157543714076E0,-5.196925450123E1));
#1093=CARTESIAN_POINT('',(1.053851624779E1,3.012995052456E0,-5.246314956172E1));
#1094=CARTESIAN_POINT('',(1.034460661281E1,4.255221672965E0,-5.318034943547E1));
#1095=CARTESIAN_POINT('',(1.029999999999E1,5.086268397771E0,-5.366015448574E1));
#1096=CARTESIAN_POINT('',(1.03E1,5.500000000162E0,-5.389902253776E1));
#1098=CARTESIAN_POINT('',(1.03E1,9.999999999981E-1,-4.610479390361E1));
#1099=CARTESIAN_POINT('',(1.03E1,9.999999999981E-1,-4.646088110702E1));
#1100=CARTESIAN_POINT('',(1.032400847983E1,1.000000000001E0,-4.717528327276E1));
#1101=CARTESIAN_POINT('',(1.043786966814E1,9.999999999997E-1,
-4.827799139380E1));
#1102=CARTESIAN_POINT('',(1.061484278971E1,1.E0,-4.933853989180E1));
#1103=CARTESIAN_POINT('',(1.078222280100E1,9.999999999992E-1,
-5.008569461815E1));
#1104=CARTESIAN_POINT('',(1.087735026919E1,9.999999999992E-1,
-5.046369284714E1));
#1106=CARTESIAN_POINT('',(1.03E1,1.E1,-4.610479390360E1));
#1107=DIRECTION('',(1.E0,0.E0,0.E0));
#1108=DIRECTION('',(0.E0,-5.000000000038E-1,8.660254037823E-1));
#1109=AXIS2_PLACEMENT_3D('',#1106,#1107,#1108);
#1111=CARTESIAN_POINT('',(1.03E1,1.E1,-4.610479390360E1));
#1112=DIRECTION('',(1.E0,0.E0,0.E0));
#1113=DIRECTION('',(0.E0,-1.E0,-4.225360801986E-12));
#1114=AXIS2_PLACEMENT_3D('',#1111,#1112,#1113);
#1116=CARTESIAN_POINT('',(1.03E1,1.E1,-4.610479390360E1));
#1117=DIRECTION('',(1.E0,0.E0,0.E0));
#1118=DIRECTION('',(0.E0,-4.999999999926E-1,-8.660254037887E-1));
#1119=AXIS2_PLACEMENT_3D('',#1116,#1117,#1118);
#1121=CARTESIAN_POINT('',(1.03E1,1.E1,-4.610479390360E1));
#1122=DIRECTION('',(1.E0,0.E0,0.E0));
#1123=DIRECTION('',(0.E0,5.000000000038E-1,-8.660254037823E-1));
#1124=AXIS2_PLACEMENT_3D('',#1121,#1122,#1123);
#1126=CARTESIAN_POINT('',(1.03E1,1.E1,-4.610479390360E1));
#1127=DIRECTION('',(1.E0,0.E0,0.E0));
#1128=DIRECTION('',(0.E0,1.E0,4.226939785843E-12));
#1129=AXIS2_PLACEMENT_3D('',#1126,#1127,#1128);
#1131=CARTESIAN_POINT('',(1.03E1,1.E1,-4.610479390360E1));
#1132=DIRECTION('',(1.E0,0.E0,0.E0));
#1133=DIRECTION('',(0.E0,4.999999999926E-1,8.660254037887E-1));
#1134=AXIS2_PLACEMENT_3D('',#1131,#1132,#1133);
#1136=DIRECTION('',(1.631627156809E-5,-9.034983958556E-6,9.999999998261E-1));
#1137=VECTOR('',#1136,3.484001235208E0);
#1138=CARTESIAN_POINT('',(1.029985996011E1,4.250077493544E0,-4.812624817600E1));
#1139=LINE('',#1138,#1137);
#1140=CARTESIAN_POINT('',(1.03E1,1.E1,-4.610479390360E1));
#1141=DIRECTION('',(-1.E0,0.E0,0.E0));
#1142=DIRECTION('',(0.E0,-7.437756085349E-1,6.684293860600E-1));
#1143=AXIS2_PLACEMENT_3D('',#1140,#1141,#1142);
#1145=DIRECTION('',(-1.445458220587E-4,8.784131308464E-6,-9.999999895147E-1));
#1146=VECTOR('',#1145,5.229629779270E0);
#1147=CARTESIAN_POINT('',(1.030075592114E1,1.574960478718E1,-4.368524205658E1));
#1148=LINE('',#1147,#1146);
#1149=CARTESIAN_POINT('',(1.014233672122E1,4.250465880300E0,-4.891481899695E1));
#1150=CARTESIAN_POINT('',(1.016248375051E1,4.250465880300E0,-4.882751188573E1));
#1151=CARTESIAN_POINT('',(1.020086372622E1,4.249792921666E0,-4.865292913135E1));
#1152=CARTESIAN_POINT('',(1.025341505513E1,4.250025953720E0,-4.838983618562E1));
#1153=CARTESIAN_POINT('',(1.028516622494E1,4.250077493544E0,-4.821422057153E1));
#1154=CARTESIAN_POINT('',(1.029985996011E1,4.250077493544E0,-4.812624817600E1));
#1156=CARTESIAN_POINT('',(1.029985996011E1,4.250077493544E0,-4.812624817600E1));
#1157=CARTESIAN_POINT('',(1.029985996011E1,4.360386293101E0,-4.849170673072E1));
#1158=CARTESIAN_POINT('',(1.030006526270E1,4.643793677604E0,-4.919073031965E1));
#1159=CARTESIAN_POINT('',(1.029998164039E1,5.275428627368E0,-5.017102074273E1));
#1160=CARTESIAN_POINT('',(1.030000817576E1,6.061305955738E0,-5.100010080296E1));
#1161=CARTESIAN_POINT('',(1.029998565659E1,7.009857449528E0,-5.169025912032E1));
#1162=CARTESIAN_POINT('',(1.030004919790E1,8.055622881355E0,-5.218577659178E1));
#1163=CARTESIAN_POINT('',(1.029989476718E1,8.805068395451E0,-5.238640386345E1));
#1164=CARTESIAN_POINT('',(1.029989476718E1,9.194108520044E0,-5.245324269228E1));
#1166=DIRECTION('',(0.E0,0.E0,1.E0));
#1167=VECTOR('',#1166,1.519868415359E0);
#1168=CARTESIAN_POINT('',(6.2E0,4.25E0,-4.686472811128E1));
#1169=LINE('',#1168,#1167);
#1170=DIRECTION('',(9.999999876134E-1,1.548678637085E-4,2.809066444221E-5));
#1171=VECTOR('',#1170,3.044896676610E-1);
#1172=CARTESIAN_POINT('',(6.2E0,4.25E0,-4.686472811128E1));
#1173=LINE('',#1172,#1171);
#1174=CARTESIAN_POINT('',(6.504489663889E0,4.250047155664E0,-4.686471955796E1));
#1175=CARTESIAN_POINT('',(6.514705594062E0,4.298271952561E0,-4.722960980682E1));
#1176=CARTESIAN_POINT('',(6.534705549809E0,4.464396177698E0,-4.795369602680E1));
#1177=CARTESIAN_POINT('',(6.565769647918E0,4.925570064717E0,-4.898869779538E1));
#1178=CARTESIAN_POINT('',(6.596486942201E0,5.574471552755E0,-4.990869891566E1));
#1179=CARTESIAN_POINT('',(6.626850831077E0,6.376192572715E0,-5.067819344239E1));
#1180=CARTESIAN_POINT('',(6.657188300608E0,7.308139568203E0,-5.128245742264E1));
#1181=CARTESIAN_POINT('',(6.687846145781E0,8.348979590834E0,-5.170254054785E1));
#1182=CARTESIAN_POINT('',(6.718494540438E0,9.450859158545E0,-5.191449521230E1));
#1183=CARTESIAN_POINT('',(6.748853230937E0,1.056227929357E1,-5.191281987543E1));
#1184=CARTESIAN_POINT('',(6.779216107231E0,1.165340609538E1,-5.170104330496E1));
#1185=CARTESIAN_POINT('',(6.809710759371E0,1.268919379639E1,-5.128421182943E1));
#1186=CARTESIAN_POINT('',(6.840321509262E0,1.362909698534E1,-5.067422677314E1));
#1187=CARTESIAN_POINT('',(6.870501265044E0,1.442566705111E1,-4.990803840422E1));
#1188=CARTESIAN_POINT('',(6.901252600892E0,1.507388838475E1,-4.898913090820E1));
#1189=CARTESIAN_POINT('',(6.931893438535E0,1.553317713817E1,-4.796046313238E1));
#1190=CARTESIAN_POINT('',(6.952609176801E0,1.570132260121E1,-4.723271667066E1));
#1191=CARTESIAN_POINT('',(6.962654577211E0,1.574995735623E1,-4.686472449646E1));
#1193=DIRECTION('',(-9.999999984255E-1,5.591492184337E-5,-4.739788567815E-6));
#1194=VECTOR('',#1193,7.626545784117E-1);
#1195=CARTESIAN_POINT('',(6.962654577211E0,1.574995735623E1,-4.686472449646E1));
#1196=LINE('',#1195,#1194);
#1197=CARTESIAN_POINT('',(6.504489663889E0,4.250047155664E0,-4.686471955796E1));
#1198=CARTESIAN_POINT('',(6.527814947963E0,4.250047155664E0,-4.709080473589E1));
#1199=CARTESIAN_POINT('',(6.589504348549E0,4.249987095972E0,-4.754401375708E1));
#1200=CARTESIAN_POINT('',(6.723964592854E0,4.249974430603E0,-4.822878723645E1));
#1201=CARTESIAN_POINT('',(6.838994560826E0,4.250068264612E0,-4.868585332918E1));
#1202=CARTESIAN_POINT('',(6.902261992623E0,4.250068264612E0,-4.891500939666E1));
#1204=CARTESIAN_POINT('',(6.902261992623E0,4.250068264612E0,-4.891500939666E1));
#1205=CARTESIAN_POINT('',(6.911998390737E0,4.423336122089E0,-4.926888784778E1));
#1206=CARTESIAN_POINT('',(6.932302045323E0,4.835402567812E0,-4.994617642088E1));
#1207=CARTESIAN_POINT('',(6.961099690318E0,5.632764648055E0,-5.083368080793E1));
#1208=CARTESIAN_POINT('',(6.991116166563E0,6.583014399103E0,-5.155990870442E1));
#1209=CARTESIAN_POINT('',(7.020816933115E0,7.653134427246E0,-5.209876458628E1));
#1210=CARTESIAN_POINT('',(7.050062761721E0,8.806038142128E0,-5.243047388768E1));
#1211=CARTESIAN_POINT('',(7.080495565291E0,1.000116571634E1,-5.254174609010E1));
#1212=CARTESIAN_POINT('',(7.109447817751E0,1.119623971369E1,-5.243008533009E1));
#1213=CARTESIAN_POINT('',(7.139745634729E0,1.234878416255E1,-5.209793905922E1));
#1214=CARTESIAN_POINT('',(7.169176851432E0,1.341848651249E1,-5.155899015203E1));
#1215=CARTESIAN_POINT('',(7.198601229279E0,1.436821357434E1,-5.083274959332E1));
#1216=CARTESIAN_POINT('',(7.228586504789E0,1.516477716889E1,-4.994547507095E1));
#1217=CARTESIAN_POINT('',(7.247977294273E0,1.557727001502E1,-4.926892268092E1));
#1218=CARTESIAN_POINT('',(7.257553630084E0,1.574992185477E1,-4.891500491864E1));
#1220=CARTESIAN_POINT('',(7.257553630084E0,1.574992185477E1,-4.891500491864E1));
#1221=CARTESIAN_POINT('',(7.204457453901E0,1.574992185477E1,-4.868543590437E1));
#1222=CARTESIAN_POINT('',(7.110746320932E0,1.575003078194E1,-4.822774211861E1));
#1223=CARTESIAN_POINT('',(7.010946002745E0,1.575000948106E1,-4.754256249232E1));
#1224=CARTESIAN_POINT('',(6.973660719118E0,1.574995735623E1,-4.709015046111E1));
#1225=CARTESIAN_POINT('',(6.962654577211E0,1.574995735623E1,-4.686472449646E1));
#1227=DIRECTION('',(9.999999999983E-1,-6.164897110410E-7,-1.764374161227E-6));
#1228=VECTOR('',#1227,2.401796916856E-1);
#1229=CARTESIAN_POINT('',(6.902261992623E0,4.250068264612E0,-4.891500939666E1));
#1230=LINE('',#1229,#1228);
#1231=CARTESIAN_POINT('',(7.142441684308E0,4.250068116543E0,-4.891500982043E1));
#1232=CARTESIAN_POINT('',(7.152371681936E0,4.424481113867E0,-4.927122707991E1));
#1233=CARTESIAN_POINT('',(7.172017615900E0,4.839985443460E0,-4.995122665965E1));
#1234=CARTESIAN_POINT('',(7.201648467516E0,5.638963427910E0,-5.084011084533E1));
#1235=CARTESIAN_POINT('',(7.231239065188E0,6.590593234996E0,-5.156340457426E1));
#1236=CARTESIAN_POINT('',(7.260843550726E0,7.658591570942E0,-5.210097277434E1));
#1237=CARTESIAN_POINT('',(7.290447449756E0,8.807693776509E0,-5.242996582496E1));
#1238=CARTESIAN_POINT('',(7.320054407973E0,9.998466383785E0,-5.254106670592E1));
#1239=CARTESIAN_POINT('',(7.349664384838E0,1.118895435681E1,-5.243142053115E1));
#1240=CARTESIAN_POINT('',(7.379273637053E0,1.233831681657E1,-5.210080137289E1));
#1241=CARTESIAN_POINT('',(7.408897284818E0,1.340813172596E1,-5.156609484327E1));
#1242=CARTESIAN_POINT('',(7.438478383704E0,1.435869533884E1,-5.084043513596E1));
#1243=CARTESIAN_POINT('',(7.468229567997E0,1.516018285706E1,-4.995222841171E1));
#1244=CARTESIAN_POINT('',(7.487648004229E0,1.557585328058E1,-4.927182648024E1));
#1245=CARTESIAN_POINT('',(7.497743735382E0,1.574992174826E1,-4.891500478259E1));
#1247=DIRECTION('',(-9.999999999997E-1,4.434391612675E-7,-5.664307889973E-7));
#1248=VECTOR('',#1247,2.401901052987E-1);
#1249=CARTESIAN_POINT('',(7.497743735382E0,1.574992174826E1,-4.891500478259E1));
#1250=LINE('',#1249,#1248);
#1251=CARTESIAN_POINT('',(7.142441684308E0,4.250068116543E0,-4.891500982043E1));
#1252=CARTESIAN_POINT('',(7.195705549960E0,4.250068116543E0,-4.868482343286E1));
#1253=CARTESIAN_POINT('',(7.289486425008E0,4.249974502782E0,-4.822631943045E1));
#1254=CARTESIAN_POINT('',(7.388606771844E0,4.249987065446E0,-4.754612871849E1));
#1255=CARTESIAN_POINT('',(7.426267483297E0,4.250047178770E0,-4.709170908605E1));
#1256=CARTESIAN_POINT('',(7.437337550899E0,4.250047178770E0,-4.686472411652E1));
#1258=CARTESIAN_POINT('',(7.895518059331E0,1.574995723821E1,-4.686472035058E1));
#1259=CARTESIAN_POINT('',(7.872193408682E0,1.574995723821E1,-4.709067742204E1));
#1260=CARTESIAN_POINT('',(7.810525024253E0,1.575000952194E1,-4.754371153950E1));
#1261=CARTESIAN_POINT('',(7.676164423210E0,1.575003081591E1,-4.822801199170E1));
#1262=CARTESIAN_POINT('',(7.561078402319E0,1.574992174826E1,-4.868551604316E1));
#1263=CARTESIAN_POINT('',(7.497743735382E0,1.574992174826E1,-4.891500478259E1));
#1265=DIRECTION('',(9.999998928359E-1,-4.626839641669E-4,-1.586918205111E-5));
#1266=VECTOR('',#1265,6.709758300083E-2);
#1267=CARTESIAN_POINT('',(7.437337550899E0,4.250047178770E0,-4.686472411652E1));
#1268=LINE('',#1267,#1266);
#1269=CARTESIAN_POINT('',(7.504435126709E0,4.250016133794E0,-4.686472518131E1));
#1270=CARTESIAN_POINT('',(7.514703823417E0,4.298278792780E0,-4.722990191156E1));
#1271=CARTESIAN_POINT('',(7.534737956348E0,4.464500025493E0,-4.795475875271E1));
#1272=CARTESIAN_POINT('',(7.565918388024E0,4.928198585562E0,-4.899350874696E1));
#1273=CARTESIAN_POINT('',(7.596610824091E0,5.577388185307E0,-4.991219709452E1));
#1274=CARTESIAN_POINT('',(7.627050489415E0,6.381936967369E0,-5.068270286351E1));
#1275=CARTESIAN_POINT('',(7.657284585143E0,7.311356731211E0,-5.128396390481E1));
#1276=CARTESIAN_POINT('',(7.687985914335E0,8.353818803760E0,-5.170417671620E1));
#1277=CARTESIAN_POINT('',(7.718714978997E0,9.458899866898E0,-5.191545873871E1));
#1278=CARTESIAN_POINT('',(7.749128083259E0,1.057229849848E1,-5.191175637872E1));
#1279=CARTESIAN_POINT('',(7.779379508687E0,1.165908064736E1,-5.169908387500E1));
#1280=CARTESIAN_POINT('',(7.809839663135E0,1.269343553142E1,-5.128216543491E1));
#1281=CARTESIAN_POINT('',(7.840564575877E0,1.363627427495E1,-5.066886710136E1));
#1282=CARTESIAN_POINT('',(7.870796512262E0,1.443254773244E1,-4.989986946895E1));
#1283=CARTESIAN_POINT('',(7.901406396719E0,1.507660203096E1,-4.898350831234E1));
#1284=CARTESIAN_POINT('',(7.931961188259E0,1.553304285313E1,-4.796011905080E1));
#1285=CARTESIAN_POINT('',(7.952473829745E0,1.570127912750E1,-4.723293865287E1));
#1286=CARTESIAN_POINT('',(7.962678845455E0,1.574994337153E1,-4.686472335167E1));
#1288=DIRECTION('',(-9.999999776867E-1,2.064698279321E-4,4.468503833168E-5));
#1289=VECTOR('',#1288,6.716078762213E-2);
#1290=CARTESIAN_POINT('',(7.962678845455E0,1.574994337153E1,-4.686472335167E1));
#1291=LINE('',#1290,#1289);
#1292=CARTESIAN_POINT('',(7.895518059331E0,1.574995723821E1,-4.686472035058E1));
#1293=CARTESIAN_POINT('',(7.885226536740E0,1.570147496676E1,-4.723155876637E1));
#1294=CARTESIAN_POINT('',(7.865200412788E0,1.553404185251E1,-4.795704147644E1));
#1295=CARTESIAN_POINT('',(7.834428948995E0,1.507758980203E1,-4.898209151738E1));
#1296=CARTESIAN_POINT('',(7.803825373831E0,1.443266437323E1,-4.989967566494E1));
#1297=CARTESIAN_POINT('',(7.773648599465E0,1.363827741076E1,-5.066701721275E1));
#1298=CARTESIAN_POINT('',(7.742954826798E0,1.269683036229E1,-5.128058296103E1));
#1299=CARTESIAN_POINT('',(7.712327037308E0,1.165693747680E1,-5.170026375319E1));
#1300=CARTESIAN_POINT('',(7.681901968918E0,1.056359115146E1,-5.191273747503E1));
#1301=CARTESIAN_POINT('',(7.651552364293E0,9.452508567118E0,-5.191459320323E1));
#1302=CARTESIAN_POINT('',(7.620927204859E0,8.351405687888E0,-5.170320954074E1));
#1303=CARTESIAN_POINT('',(7.590283276383E0,7.310796036945E0,-5.128381265021E1));
#1304=CARTESIAN_POINT('',(7.559951002292E0,6.378825086694E0,-5.068024615388E1));
#1305=CARTESIAN_POINT('',(7.529613705757E0,5.576890227385E0,-4.991149101029E1));
#1306=CARTESIAN_POINT('',(7.498829976265E0,4.927308069589E0,-4.899182071470E1));
#1307=CARTESIAN_POINT('',(7.467973121739E0,4.465099942739E0,-4.795613544978E1));
#1308=CARTESIAN_POINT('',(7.447344988742E0,4.298400072810E0,-4.723058360530E1));
#1309=CARTESIAN_POINT('',(7.437337550899E0,4.250047178770E0,-4.686472411652E1));
#1311=CARTESIAN_POINT('',(7.504435126709E0,4.250016133794E0,-4.686472518131E1));
#1312=CARTESIAN_POINT('',(7.526730039738E0,4.250016133794E0,-4.708058164417E1));
#1313=CARTESIAN_POINT('',(7.585158702865E0,4.250013164585E0,-4.752082087876E1));
#1314=CARTESIAN_POINT('',(7.727846767931E0,4.249929723260E0,-4.824676795310E1));
#1315=CARTESIAN_POINT('',(7.841275823687E0,4.250155202669E0,-4.869355143921E1));
#1316=CARTESIAN_POINT('',(7.902277357169E0,4.250155202669E0,-4.891496643449E1));
#1318=CARTESIAN_POINT('',(7.902277357169E0,4.250155202669E0,-4.891496643449E1));
#1319=CARTESIAN_POINT('',(7.911878873877E0,4.425353124891E0,-4.927284611458E1));
#1320=CARTESIAN_POINT('',(7.932365077899E0,4.841672773885E0,-4.995580495853E1));
#1321=CARTESIAN_POINT('',(7.961963790482E0,5.645793227346E0,-5.084564354844E1));
#1322=CARTESIAN_POINT('',(7.991179870680E0,6.599973610038E0,-5.157088630725E1));
#1323=CARTESIAN_POINT('',(8.021561516101E0,7.671688003172E0,-5.210570270956E1));
#1324=CARTESIAN_POINT('',(8.050458822418E0,8.822938723742E0,-5.243347537817E1));
#1325=CARTESIAN_POINT('',(8.080615807244E0,1.001427146794E1,-5.254156617109E1));
#1326=CARTESIAN_POINT('',(8.110062299315E0,1.120424213304E1,-5.242796790419E1));
#1327=CARTESIAN_POINT('',(8.139372038449E0,1.235205933669E1,-5.209667329805E1));
#1328=CARTESIAN_POINT('',(8.169539071973E0,1.341782221772E1,-5.155891884032E1));
#1329=CARTESIAN_POINT('',(8.198313952331E0,1.436597703657E1,-5.083479771088E1));
#1330=CARTESIAN_POINT('',(8.228443810565E0,1.516290042342E1,-4.994826956447E1));
#1331=CARTESIAN_POINT('',(8.248097223478E0,1.557651702581E1,-4.927008691578E1));
#1332=CARTESIAN_POINT('',(8.257604937426E0,1.574981716046E1,-4.891495518993E1));
#1334=CARTESIAN_POINT('',(8.257604937426E0,1.574981716046E1,-4.891495518993E1));
#1335=CARTESIAN_POINT('',(8.205417591968E0,1.574981716046E1,-4.868962004703E1));
#1336=CARTESIAN_POINT('',(8.112244924866E0,1.575007777466E1,-4.823763894219E1));
#1337=CARTESIAN_POINT('',(8.010332874870E0,1.575000204801E1,-4.754017427564E1));
#1338=CARTESIAN_POINT('',(7.973540493503E0,1.574994337153E1,-4.708906290531E1));
#1339=CARTESIAN_POINT('',(7.962678845455E0,1.574994337153E1,-4.686472335167E1));
#1341=DIRECTION('',(9.999999999863E-1,4.206952466620E-6,-3.129659553847E-6));
#1342=VECTOR('',#1341,2.401474093756E-1);
#1343=CARTESIAN_POINT('',(7.902277357169E0,4.250155202669E0,-4.891496643449E1));
#1344=LINE('',#1343,#1342);
#1345=CARTESIAN_POINT('',(8.142424766541E0,4.250156212958E0,-4.891496718607E1));
#1346=CARTESIAN_POINT('',(8.152599952774E0,4.424597504987E0,-4.927130128521E1));
#1347=CARTESIAN_POINT('',(8.171918012483E0,4.839816636812E0,-4.995176144232E1));
#1348=CARTESIAN_POINT('',(8.201686307337E0,5.639359190732E0,-5.084005228076E1));
#1349=CARTESIAN_POINT('',(8.231244547472E0,6.591175581781E0,-5.156372105031E1));
#1350=CARTESIAN_POINT('',(8.260860962059E0,7.658903099860E0,-5.210155792322E1));
#1351=CARTESIAN_POINT('',(8.290463757248E0,8.808538316672E0,-5.242953040154E1));
#1352=CARTESIAN_POINT('',(8.320071741088E0,9.999176632498E0,-5.254174507330E1));
#1353=CARTESIAN_POINT('',(8.349681505744E0,1.118943994242E1,-5.243069805013E1));
#1354=CARTESIAN_POINT('',(8.379287644199E0,1.233911851750E1,-5.210082170544E1));
#1355=CARTESIAN_POINT('',(8.408915279565E0,1.340844548933E1,-5.156588992751E1));
#1356=CARTESIAN_POINT('',(8.438469134933E0,1.435885711502E1,-5.083985535827E1));
#1357=CARTESIAN_POINT('',(8.468305156423E0,1.516071602966E1,-4.995246366247E1));
#1358=CARTESIAN_POINT('',(8.487498251459E0,1.557571819797E1,-4.927172219646E1));
#1359=CARTESIAN_POINT('',(8.497691348839E0,1.574981765398E1,-4.891495247781E1));
#1361=DIRECTION('',(-9.999999999341E-1,-2.055574776525E-6,-1.129642469876E-5));
#1362=VECTOR('',#1361,2.400864114292E-1);
#1363=CARTESIAN_POINT('',(8.497691348839E0,1.574981765398E1,-4.891495247781E1));
#1364=LINE('',#1363,#1362);
#1365=CARTESIAN_POINT('',(8.142424766541E0,4.250156212958E0,-4.891496718607E1));
#1366=CARTESIAN_POINT('',(8.193652418444E0,4.250156212958E0,-4.869302607081E1));
#1367=CARTESIAN_POINT('',(8.286364310898E0,4.249929192314E0,-4.824543329918E1));
#1368=CARTESIAN_POINT('',(8.392116027888E0,4.250013507466E0,-4.752020442680E1));
#1369=CARTESIAN_POINT('',(8.426855041187E0,4.250015687704E0,-4.708033583093E1));
#1370=CARTESIAN_POINT('',(8.437392222114E0,4.250015687704E0,-4.686472678007E1));
#1372=CARTESIAN_POINT('',(8.895495067133E0,1.574994415372E1,-4.686471801780E1));
#1373=CARTESIAN_POINT('',(8.872383660303E0,1.574994415372E1,-4.708950999778E1));
#1374=CARTESIAN_POINT('',(8.811286549257E0,1.575000174879E1,-4.754115616529E1));
#1375=CARTESIAN_POINT('',(8.674225370758E0,1.575007764864E1,-4.823769048111E1));
#1376=CARTESIAN_POINT('',(8.559952681681E0,1.574981765398E1,-4.868960001589E1));
#1377=CARTESIAN_POINT('',(8.497691348839E0,1.574981765398E1,-4.891495247781E1));
#1379=DIRECTION('',(9.999925168353E-1,3.800814362200E-3,7.211682357222E-4));
#1380=VECTOR('',#1379,6.749354657531E-2);
#1381=CARTESIAN_POINT('',(8.437392222114E0,4.250015687704E0,-4.686472678007E1));
#1382=LINE('',#1381,#1380);
#1383=DIRECTION('',(-9.999972393817E-1,2.347335778314E-3,-1.060362892834E-4));
#1384=VECTOR('',#1383,6.745720160955E-2);
#1385=CARTESIAN_POINT('',(8.962952082519E0,1.574978580902E1,-4.686471086488E1));
#1386=LINE('',#1385,#1384);
#1387=CARTESIAN_POINT('',(8.895495067133E0,1.574994415372E1,-4.686471801780E1));
#1388=CARTESIAN_POINT('',(8.885313942894E0,1.570124771061E1,-4.723317695157E1));
#1389=CARTESIAN_POINT('',(8.865055070912E0,1.553290325317E1,-4.795991430549E1));
#1390=CARTESIAN_POINT('',(8.834534640422E0,1.507876872196E1,-4.897900279872E1));
#1391=CARTESIAN_POINT('',(8.804070982748E0,1.443848189823E1,-4.989256774093E1));
#1392=CARTESIAN_POINT('',(8.773879649803E0,1.364504741547E1,-5.066198480364E1));
#1393=CARTESIAN_POINT('',(8.743023537550E0,1.269920881493E1,-5.127968290931E1));
#1394=CARTESIAN_POINT('',(8.712368725243E0,1.165835167107E1,-5.169966693812E1));
#1395=CARTESIAN_POINT('',(8.682042481090E0,1.056870489942E1,-5.191212516136E1));
#1396=CARTESIAN_POINT('',(8.651657499579E0,9.456344368978E0,-5.191513327889E1));
#1397=CARTESIAN_POINT('',(8.620941110113E0,8.351795240093E0,-5.170362579922E1));
#1398=CARTESIAN_POINT('',(8.590200184366E0,7.308117209704E0,-5.128240703661E1));
#1399=CARTESIAN_POINT('',(8.559926606151E0,6.378076600945E0,-5.067970419638E1));
#1400=CARTESIAN_POINT('',(8.529502303784E0,5.574215480827E0,-4.990845564228E1));
#1401=CARTESIAN_POINT('',(8.498778061935E0,4.926350373999E0,-4.899006966908E1));
#1402=CARTESIAN_POINT('',(8.467866948664E0,4.463950636281E0,-4.795271066281E1));
#1403=CARTESIAN_POINT('',(8.447321451213E0,4.298181678603E0,-4.722917207662E1));
#1404=CARTESIAN_POINT('',(8.437392222114E0,4.250015687704E0,-4.686472678007E1));
#1406=CARTESIAN_POINT('',(8.504885263624E0,4.250272218145E0,-4.686467810587E1));
#1407=CARTESIAN_POINT('',(8.528264399683E0,4.250272218145E0,-4.708839435233E1));
#1408=CARTESIAN_POINT('',(8.590699950857E0,4.249945567231E0,-4.753834561575E1));
#1409=CARTESIAN_POINT('',(8.724685012933E0,4.249782187475E0,-4.822243247282E1));
#1410=CARTESIAN_POINT('',(8.839078910080E0,4.250544517738E0,-4.868302137431E1));
#1411=CARTESIAN_POINT('',(8.902639069963E0,4.250544517738E0,-4.891476654534E1));
#1413=CARTESIAN_POINT('',(8.902639069963E0,4.250544517738E0,-4.891476654534E1));
#1414=CARTESIAN_POINT('',(8.911557492228E0,4.426686715749E0,-4.927407859393E1));
#1415=CARTESIAN_POINT('',(8.931896991704E0,4.842986975007E0,-4.995906726458E1));
#1416=CARTESIAN_POINT('',(8.963373652223E0,5.650821088149E0,-5.084924302789E1));
#1417=CARTESIAN_POINT('',(8.994570832363E0,6.607180144647E0,-5.157328425583E1));
#1418=CARTESIAN_POINT('',(9.022482062434E0,7.679376247850E0,-5.210825205401E1));
#1419=CARTESIAN_POINT('',(9.050151410046E0,8.830984619360E0,-5.243531653577E1));
#1420=CARTESIAN_POINT('',(9.082137504471E0,1.002203637436E1,-5.254070342866E1));
#1421=CARTESIAN_POINT('',(9.112819130827E0,1.121055133892E1,-5.242518586129E1));
#1422=CARTESIAN_POINT('',(9.140599092747E0,1.235683041052E1,-5.209394717903E1));
#1423=CARTESIAN_POINT('',(9.168476548415E0,1.342173373926E1,-5.155726661161E1));
#1424=CARTESIAN_POINT('',(9.200463443380E0,1.436710854476E1,-5.083200740103E1));
#1425=CARTESIAN_POINT('',(9.230974518203E0,1.516211899658E1,-4.994649705643E1));
#1426=CARTESIAN_POINT('',(9.249142728947E0,1.557655983756E1,-4.926943518367E1));
#1427=CARTESIAN_POINT('',(9.257884243716E0,1.574941735991E1,-4.891476721936E1));
#1429=CARTESIAN_POINT('',(9.257884243716E0,1.574941735991E1,-4.891476721936E1));
#1430=CARTESIAN_POINT('',(9.204230888973E0,1.574941735991E1,-4.868462651077E1));
#1431=CARTESIAN_POINT('',(9.110548867456E0,1.575024333991E1,-4.822622652832E1));
#1432=CARTESIAN_POINT('',(9.010714493485E0,1.575002227045E1,-4.754123060735E1));
#1433=CARTESIAN_POINT('',(8.973390918516E0,1.574978580902E1,-4.708959736166E1));
#1434=CARTESIAN_POINT('',(8.962952082519E0,1.574978580902E1,-4.686471086488E1));
#1436=CARTESIAN_POINT('',(8.962952082519E0,1.574978580902E1,-4.686471086488E1));
#1437=CARTESIAN_POINT('',(8.951704031473E0,1.569985407857E1,-4.724251653173E1));
#1438=CARTESIAN_POINT('',(8.931099805999E0,1.552624707662E1,-4.798357516820E1));
#1439=CARTESIAN_POINT('',(8.902158894897E0,1.506084946051E1,-4.901055179700E1));
#1440=CARTESIAN_POINT('',(8.872758912347E0,1.441686120276E1,-4.991814344354E1));
#1441=CARTESIAN_POINT('',(8.840245397804E0,1.361057796739E1,-5.068995162732E1));
#1442=CARTESIAN_POINT('',(8.808335221612E0,1.265841008188E1,-5.130101667100E1));
#1443=CARTESIAN_POINT('',(8.780029429051E0,1.160803907952E1,-5.171451167065E1));
#1444=CARTESIAN_POINT('',(8.750109019424E0,1.052128670641E1,-5.191595964752E1));
#1445=CARTESIAN_POINT('',(8.717666193267E0,9.418987181280E0,-5.191097257182E1));
#1446=CARTESIAN_POINT('',(8.687070532130E0,8.321544483417E0,-5.169435365325E1));
#1447=CARTESIAN_POINT('',(8.658887295967E0,7.283204982407E0,-5.126915159220E1));
#1448=CARTESIAN_POINT('',(8.628526401016E0,6.356895300517E0,-5.066307385671E1));
#1449=CARTESIAN_POINT('',(8.595430762921E0,5.554871298901E0,-4.988558631383E1));
#1450=CARTESIAN_POINT('',(8.565401429310E0,4.915904024629E0,-4.897065058040E1));
#1451=CARTESIAN_POINT('',(8.537012821953E0,4.459039071941E0,-4.793651104114E1));
#1452=CARTESIAN_POINT('',(8.515387310686E0,4.297615721607E0,-4.722290009688E1));
#1453=CARTESIAN_POINT('',(8.504885263624E0,4.250272218145E0,-4.686467810587E1));
#1455=DIRECTION('',(9.999995782603E-1,-8.081961429468E-4,-4.362318771214E-4));
#1456=VECTOR('',#1455,2.398060787744E-1);
#1457=CARTESIAN_POINT('',(8.902639069963E0,4.250544517738E0,-4.891476654534E1));
#1458=LINE('',#1457,#1456);
#1459=CARTESIAN_POINT('',(9.142445047601E0,4.250350707390E0,-4.891487115639E1));
#1460=CARTESIAN_POINT('',(9.152733485366E0,4.426250279690E0,-4.927368827338E1));
#1461=CARTESIAN_POINT('',(9.172030449206E0,4.844747286772E0,-4.995578412406E1));
#1462=CARTESIAN_POINT('',(9.201720530900E0,5.640115632955E0,-5.084098945211E1));
#1463=CARTESIAN_POINT('',(9.231018558298E0,6.583746063475E0,-5.155762078580E1));
#1464=CARTESIAN_POINT('',(9.260327474685E0,7.640155842181E0,-5.209070014649E1));
#1465=CARTESIAN_POINT('',(9.289643262497E0,8.775855395059E0,-5.242455561718E1));
#1466=CARTESIAN_POINT('',(9.319065201882E0,9.957940502821E0,-5.253978337798E1));
#1467=CARTESIAN_POINT('',(9.348606737151E0,1.114683688644E1,-5.243696170127E1));
#1468=CARTESIAN_POINT('',(9.378318349892E0,1.230323115081E1,-5.211705034325E1));
#1469=CARTESIAN_POINT('',(9.408174042760E0,1.338192422451E1,-5.158059161550E1));
#1470=CARTESIAN_POINT('',(9.438007667731E0,1.434552945038E1,-5.085236639735E1));
#1471=CARTESIAN_POINT('',(9.468130918436E0,1.515704095309E1,-4.995896123605E1));
#1472=CARTESIAN_POINT('',(9.487438256343E0,1.557462229542E1,-4.927364875965E1));
#1473=CARTESIAN_POINT('',(9.497595355443E0,1.574951605648E1,-4.891480285373E1));
#1475=DIRECTION('',(-9.999999041895E-1,-4.117312724995E-4,1.486554656766E-4));
#1476=VECTOR('',#1475,2.397111346940E-1);
#1477=CARTESIAN_POINT('',(9.497595355443E0,1.574951605648E1,-4.891480285373E1));
#1478=LINE('',#1477,#1476);
#1479=CARTESIAN_POINT('',(9.142445047601E0,4.250350707390E0,-4.891487115639E1));
#1480=CARTESIAN_POINT('',(9.195866069727E0,4.250350707390E0,-4.868361613393E1));
#1481=CARTESIAN_POINT('',(9.289849044034E0,4.249843729697E0,-4.822384922588E1));
#1482=CARTESIAN_POINT('',(9.389178623549E0,4.250020884974E0,-4.753985660041E1));
#1483=CARTESIAN_POINT('',(9.426347419832E0,4.250055448595E0,-4.708900209031E1));
#1484=CARTESIAN_POINT('',(9.437323191008E0,4.250055448595E0,-4.686472340001E1));
#1486=CARTESIAN_POINT('',(9.895563169650E0,1.574998289344E1,-4.686472503391E1));
#1487=CARTESIAN_POINT('',(9.872701065510E0,1.574998289344E1,-4.708812792779E1));
#1488=CARTESIAN_POINT('',(9.811904292976E0,1.574994345726E1,-4.753776698733E1));
#1489=CARTESIAN_POINT('',(9.677091319090E0,1.575022355943E1,-4.822235811473E1));
#1490=CARTESIAN_POINT('',(9.561558374305E0,1.574951605648E1,-4.868292390439E1));
#1491=CARTESIAN_POINT('',(9.497595355443E0,1.574951605648E1,-4.891480285373E1));
#1493=DIRECTION('',(9.999999589955E-1,2.588223872161E-4,1.225560270906E-4));
#1494=VECTOR('',#1493,6.721157152713E-2);
#1495=CARTESIAN_POINT('',(9.437323191008E0,4.250055448595E0,-4.686472340001E1));
#1496=LINE('',#1495,#1494);
#1497=DIRECTION('',(-9.999976439475E-1,2.164347522539E-3,-1.664310373840E-4));
#1498=VECTOR('',#1497,6.730016153703E-2);
#1499=CARTESIAN_POINT('',(9.962863172624E0,1.574983723250E1,-4.686471383308E1));
#1500=LINE('',#1499,#1498);
#1501=CARTESIAN_POINT('',(9.895563169650E0,1.574998289344E1,-4.686472503391E1));
#1502=CARTESIAN_POINT('',(9.885611234559E0,1.570154333512E1,-4.723124026315E1));
#1503=CARTESIAN_POINT('',(9.865061162387E0,1.553426381863E1,-4.795576322551E1));
#1504=CARTESIAN_POINT('',(9.834615218220E0,1.507990300078E1,-4.897750458563E1));
#1505=CARTESIAN_POINT('',(9.803992469284E0,1.443706908539E1,-4.989478434579E1));
#1506=CARTESIAN_POINT('',(9.773710724124E0,1.364004739341E1,-5.066577041584E1));
#1507=CARTESIAN_POINT('',(9.743060581482E0,1.270020860401E1,-5.127861533163E1));
#1508=CARTESIAN_POINT('',(9.712450487584E0,1.166132689211E1,-5.169912121869E1));
#1509=CARTESIAN_POINT('',(9.681878456678E0,1.056277933397E1,-5.191330470244E1));
#1510=CARTESIAN_POINT('',(9.651363062626E0,9.445573677802E0,-5.191402890715E1));
#1511=CARTESIAN_POINT('',(9.620857397809E0,8.349117706846E0,-5.170197047111E1));
#1512=CARTESIAN_POINT('',(9.590357518193E0,7.313081775639E0,-5.128526573569E1));
#1513=CARTESIAN_POINT('',(9.559760589068E0,6.373136969692E0,-5.067627825223E1));
#1514=CARTESIAN_POINT('',(9.529421066520E0,5.572223828922E0,-4.990599880092E1));
#1515=CARTESIAN_POINT('',(9.498657180504E0,4.924749038205E0,-4.898642189143E1));
#1516=CARTESIAN_POINT('',(9.468120767366E0,4.466741278232E0,-4.795988856232E1));
#1517=CARTESIAN_POINT('',(9.447322509188E0,4.298670760363E0,-4.723256845797E1));
#1518=CARTESIAN_POINT('',(9.437323191008E0,4.250055448595E0,-4.686472340001E1));
#1520=CARTESIAN_POINT('',(9.504534759779E0,4.250072844454E0,-4.686471516283E1));
#1521=CARTESIAN_POINT('',(9.526533892273E0,4.250072844454E0,-4.708218552229E1));
#1522=CARTESIAN_POINT('',(9.585436005625E0,4.250060701689E0,-4.752423260286E1));
#1523=CARTESIAN_POINT('',(9.725030430527E0,4.249678277406E0,-4.822895135165E1));
#1524=CARTESIAN_POINT('',(9.839339356688E0,4.250710218259E0,-4.868585674726E1));
#1525=CARTESIAN_POINT('',(9.902852913756E0,4.250710218259E0,-4.891467876036E1));
#1527=CARTESIAN_POINT('',(9.902852913756E0,4.250710218259E0,-4.891467876036E1));
#1528=CARTESIAN_POINT('',(9.913618144732E0,4.423947037813E0,-4.927012496425E1));
#1529=CARTESIAN_POINT('',(9.934905421967E0,4.839412465781E0,-4.994866029251E1));
#1530=CARTESIAN_POINT('',(9.961825461574E0,5.635782497774E0,-5.083594287669E1));
#1531=CARTESIAN_POINT('',(9.990458978017E0,6.583798518630E0,-5.156054192105E1));
#1532=CARTESIAN_POINT('',(1.002262268753E1,7.650068679138E0,-5.209598898568E1));
#1533=CARTESIAN_POINT('',(1.005266500525E1,8.796769398466E0,-5.242664963844E1));
#1534=CARTESIAN_POINT('',(1.007996955800E1,9.985548097915E0,-5.254147435714E1));
#1535=CARTESIAN_POINT('',(1.010885056502E1,1.117603771197E1,-5.243366548848E1));
#1536=CARTESIAN_POINT('',(1.014107173265E1,1.232616141179E1,-5.210540085829E1));
#1537=CARTESIAN_POINT('',(1.017109969127E1,1.339704739610E1,-5.157080314465E1));
#1538=CARTESIAN_POINT('',(1.019809888611E1,1.435244143040E1,-5.084731908858E1));
#1539=CARTESIAN_POINT('',(1.022846498179E1,1.515762504247E1,-4.995726467760E1));
#1540=CARTESIAN_POINT('',(1.024747594874E1,1.557361218645E1,-4.927308021826E1));
#1541=CARTESIAN_POINT('',(1.025823197422E1,1.574929004696E1,-4.891471537062E1));
#1543=CARTESIAN_POINT('',(1.025823197422E1,1.574929004696E1,-4.891471537062E1));
#1544=CARTESIAN_POINT('',(1.020484882969E1,1.574929004696E1,-4.868272376753E1));
#1545=CARTESIAN_POINT('',(1.011257298514E1,1.575030960909E1,-4.822159452166E1));
#1546=CARTESIAN_POINT('',(1.001204970269E1,1.574998129776E1,-4.753791208808E1));
#1547=CARTESIAN_POINT('',(9.974151784320E0,1.574983723250E1,-4.708816920146E1));
#1548=CARTESIAN_POINT('',(9.962863172624E0,1.574983723250E1,-4.686471383308E1));
#1550=CARTESIAN_POINT('',(9.962863172624E0,1.574983723250E1,-4.686471383308E1));
#1551=CARTESIAN_POINT('',(9.953625742505E0,1.570213579824E1,-4.722564408756E1));
#1552=CARTESIAN_POINT('',(9.935238344915E0,1.553835848334E1,-4.794243416719E1));
#1553=CARTESIAN_POINT('',(9.903619344659E0,1.508735045054E1,-4.896456226999E1));
#1554=CARTESIAN_POINT('',(9.870635175218E0,1.444466003E1,-4.988634145174E1));
#1555=CARTESIAN_POINT('',(9.842075406270E0,1.364591430713E1,-5.066121542657E1));
#1556=CARTESIAN_POINT('',(9.812924898498E0,1.270790804415E1,-5.127432441222E1));
#1557=CARTESIAN_POINT('',(9.780992394222E0,1.167400295279E1,-5.169503665197E1));
#1558=CARTESIAN_POINT('',(9.748682364131E0,1.057977125037E1,-5.191144752767E1));
#1559=CARTESIAN_POINT('',(9.720497558495E0,9.464850104848E0,-5.191570967973E1));
#1560=CARTESIAN_POINT('',(9.691022639469E0,8.369805428305E0,-5.170786622773E1));
#1561=CARTESIAN_POINT('',(9.658705524266E0,7.334580582419E0,-5.129618744967E1));
#1562=CARTESIAN_POINT('',(9.627005634837E0,6.393725907216E0,-5.069238978857E1));
#1563=CARTESIAN_POINT('',(9.599153104749E0,5.590164375320E0,-4.992676818877E1));
#1564=CARTESIAN_POINT('',(9.568798763620E0,4.937298768767E0,-4.900894998277E1));
#1565=CARTESIAN_POINT('',(9.535876770034E0,4.471737500767E0,-4.797717830988E1));
#1566=CARTESIAN_POINT('',(9.514254967002E0,4.299584533580E0,-4.723934261030E1));
#1567=CARTESIAN_POINT('',(9.504534759779E0,4.250072844454E0,-4.686471516283E1));
#1569=DIRECTION('',(9.999993080749E-1,-1.020268521871E-3,-5.855781580023E-4));
#1570=VECTOR('',#1569,2.394839731725E-1);
#1571=CARTESIAN_POINT('',(9.902852913756E0,4.250710218259E0,-4.891467876036E1));
#1572=LINE('',#1571,#1570);
#1573=CARTESIAN_POINT('',(1.014233672122E1,4.250465880300E0,-4.891481899695E1));
#1574=CARTESIAN_POINT('',(1.015102420006E1,4.404394943819E0,-4.923064966987E1));
#1575=CARTESIAN_POINT('',(1.016872672822E1,4.765040969459E0,-4.983644049730E1));
#1576=CARTESIAN_POINT('',(1.019463657795E1,5.441988111737E0,-5.063729711909E1));
#1577=CARTESIAN_POINT('',(1.022112525212E1,6.255178067947E0,-5.132881700412E1));
#1578=CARTESIAN_POINT('',(1.024752926444E1,7.171199168471E0,-5.187803257165E1));
#1579=CARTESIAN_POINT('',(1.027380231886E1,8.149620044346E0,-5.226099943839E1));
#1580=CARTESIAN_POINT('',(1.029084704473E1,8.843149151839E0,-5.240882989345E1));
#1581=CARTESIAN_POINT('',(1.029989476718E1,9.194108520044E0,-5.245324269228E1));
#1583=CARTESIAN_POINT('',(1.029989476718E1,9.194108520044E0,-5.245324269228E1));
#1584=CARTESIAN_POINT('',(1.029989476718E1,9.579986912271E0,-5.250207438325E1));
#1585=CARTESIAN_POINT('',(1.030004883873E1,1.034360843394E1,-5.252826817554E1));
#1586=CARTESIAN_POINT('',(1.029998691368E1,1.147842669965E1,-5.236703037907E1));
#1587=CARTESIAN_POINT('',(1.030000350656E1,1.255604246086E1,-5.200602408890E1));
#1588=CARTESIAN_POINT('',(1.029999906010E1,1.355244281440E1,-5.146670052092E1));
#1589=CARTESIAN_POINT('',(1.030000025305E1,1.443934373676E1,-5.076223040031E1));
#1590=CARTESIAN_POINT('',(1.029999992770E1,1.518776319748E1,-4.990550700836E1));
#1591=CARTESIAN_POINT('',(1.03E1,1.558061727296E1,-4.925968271557E1));
#1592=CARTESIAN_POINT('',(1.03E1,1.574965072493E1,-4.891487178102E1));
#1594=DIRECTION('',(-9.999557075026E-1,-8.634882619166E-3,3.744574097123E-3));
#1595=VECTOR('',#1594,4.176987587507E-2);
#1596=CARTESIAN_POINT('',(1.03E1,1.574965072493E1,-4.891487178102E1));
#1597=LINE('',#1596,#1595);
#1598=CARTESIAN_POINT('',(1.000461316097E1,1.574988262796E1,-4.534488132943E1));
#1599=CARTESIAN_POINT('',(1.002369139947E1,1.574988262796E1,-4.516285887158E1));
#1600=CARTESIAN_POINT('',(1.007182189217E1,1.575000207858E1,-4.479730906889E1));
#1601=CARTESIAN_POINT('',(1.017227081353E1,1.575016878304E1,-4.424543045699E1));
#1602=CARTESIAN_POINT('',(1.025444103350E1,1.574960478718E1,-4.387247984841E1));
#1603=CARTESIAN_POINT('',(1.030075592114E1,1.574960478718E1,-4.368524205658E1));
#1605=CARTESIAN_POINT('',(1.030075592114E1,1.574960478718E1,-4.368524205658E1));
#1606=CARTESIAN_POINT('',(1.030075592114E1,1.559162510968E1,-4.335133264880E1));
#1607=CARTESIAN_POINT('',(1.029964919951E1,1.522328076449E1,-4.272609750111E1));
#1608=CARTESIAN_POINT('',(1.030009392E1,1.451421116561E1,-4.189393605272E1));
#1609=CARTESIAN_POINT('',(1.029997512050E1,1.368697855542E1,-4.121451345646E1));
#1610=CARTESIAN_POINT('',(1.030000559802E1,1.272939384826E1,-4.067769984735E1));
#1611=CARTESIAN_POINT('',(1.030000248742E1,1.171719017175E1,-4.032996077636E1));
#1612=CARTESIAN_POINT('',(1.029998445229E1,1.067479512872E1,-4.016455588031E1));
#1613=CARTESIAN_POINT('',(1.030005970344E1,9.604556249012E0,-4.019005054125E1));
#1614=CARTESIAN_POINT('',(1.029977673397E1,8.585777740443E0,-4.040069286377E1));
#1615=CARTESIAN_POINT('',(1.030048115177E1,7.952866653792E0,-4.065132375654E1));
#1616=CARTESIAN_POINT('',(1.030048115177E1,7.646390005205E0,-4.080410566336E1));
#1618=CARTESIAN_POINT('',(1.030048115177E1,7.646390005205E0,-4.080410566336E1));
#1619=CARTESIAN_POINT('',(1.029121227062E1,7.975089203997E0,-4.065815590283E1));
#1620=CARTESIAN_POINT('',(1.027310360997E1,8.660181289250E0,-4.042691280125E1));
#1621=CARTESIAN_POINT('',(1.024112435950E1,9.736920720866E0,-4.027695063744E1));
#1622=CARTESIAN_POINT('',(1.021056168718E1,1.082384245030E1,-4.032940430882E1));
#1623=CARTESIAN_POINT('',(1.018326761696E1,1.188222413274E1,-4.058296123563E1));
#1624=CARTESIAN_POINT('',(1.015410010947E1,1.287413231529E1,-4.102821604644E1));
#1625=CARTESIAN_POINT('',(1.012234045653E1,1.376456420122E1,-4.164850863737E1));
#1626=CARTESIAN_POINT('',(1.009196369408E1,1.452272261427E1,-4.242065273062E1));
#1627=CARTESIAN_POINT('',(1.006480689308E1,1.512320647251E1,-4.331601872647E1));
#1628=CARTESIAN_POINT('',(1.003598565852E1,1.554705397234E1,-4.430170031634E1));
#1629=CARTESIAN_POINT('',(1.001498919757E1,1.570364372266E1,-4.499501721914E1));
#1630=CARTESIAN_POINT('',(1.000461316097E1,1.574988262796E1,-4.534488132943E1));
#1632=DIRECTION('',(9.999996351785E-1,-8.184989582869E-4,-2.443406489939E-4));
#1633=VECTOR('',#1632,6.730183997855E-2);
#1634=CARTESIAN_POINT('',(9.937311345540E0,1.574993771444E1,-4.534486488485E1));
#1635=LINE('',#1634,#1633);
#1636=CARTESIAN_POINT('',(1.029991022516E1,5.685979199341E0,-4.222813010379E1));
#1637=CARTESIAN_POINT('',(1.029003828701E1,5.931302386972E0,-4.195511856737E1));
#1638=CARTESIAN_POINT('',(1.026973396492E1,6.473734577307E0,-4.145589939152E1));
#1639=CARTESIAN_POINT('',(1.023958375052E1,7.414451339088E0,-4.087396915903E1));
#1640=CARTESIAN_POINT('',(1.020934982249E1,8.448038292640E0,-4.048002292111E1));
#1641=CARTESIAN_POINT('',(1.017913797365E1,9.537422542420E0,-4.028821297361E1));
#1642=CARTESIAN_POINT('',(1.014892265366E1,1.064333354569E1,-4.030542505833E1));
#1643=CARTESIAN_POINT('',(1.011870847261E1,1.172614741980E1,-4.053101757684E1));
#1644=CARTESIAN_POINT('',(1.008849377472E1,1.274693340384E1,-4.095688656792E1));
#1645=CARTESIAN_POINT('',(1.005827866963E1,1.366905360181E1,-4.156776558681E1));
#1646=CARTESIAN_POINT('',(1.002806200764E1,1.445928575622E1,-4.234163674413E1));
#1647=CARTESIAN_POINT('',(9.997856874798E0,1.508929268230E1,-4.325074464885E1));
#1648=CARTESIAN_POINT('',(9.967606141303E0,1.553647006193E1,-4.426240169658E1));
#1649=CARTESIAN_POINT('',(9.947552354459E0,1.570184782232E1,-4.498099538545E1));
#1650=CARTESIAN_POINT('',(9.937311345540E0,1.574993771444E1,-4.534486488485E1));
#1652=CARTESIAN_POINT('',(1.029991680602E1,4.250046015649E0,-4.464224694139E1));
#1653=CARTESIAN_POINT('',(1.027513476040E1,4.250046015649E0,-4.449455292489E1));
#1654=CARTESIAN_POINT('',(1.021922738215E1,4.249981620896E0,-4.419768423633E1));
#1655=CARTESIAN_POINT('',(1.011819489615E1,4.249995303392E0,-4.374863921361E1));
#1656=CARTESIAN_POINT('',(1.003966709690E1,4.250023211488E0,-4.344639832525E1));
#1657=CARTESIAN_POINT('',(9.997703034559E0,4.250023211488E0,-4.329455732506E1));
#1659=CARTESIAN_POINT('',(9.642332026859E0,1.574993662504E1,-4.329457263610E1));
#1660=CARTESIAN_POINT('',(9.695837534868E0,1.574993662504E1,-4.352556259016E1));
#1661=CARTESIAN_POINT('',(9.789859005916E0,1.575002127024E1,-4.398524296980E1));
#1662=CARTESIAN_POINT('',(9.889591428293E0,1.575002061660E1,-4.466905762751E1));
#1663=CARTESIAN_POINT('',(9.926533776758E0,1.574993771444E1,-4.512030592117E1));
#1664=CARTESIAN_POINT('',(9.937311345540E0,1.574993771444E1,-4.534486488485E1));
#1666=CARTESIAN_POINT('',(1.029991022516E1,5.685979199341E0,-4.222813010379E1));
#1667=CARTESIAN_POINT('',(1.029991022516E1,5.464491428975E0,-4.245266001057E1));
#1668=CARTESIAN_POINT('',(1.030003080240E1,5.063006067146E0,-4.293084330062E1));
#1669=CARTESIAN_POINT('',(1.030002685388E1,4.575196560221E0,-4.374804037655E1));
#1670=CARTESIAN_POINT('',(1.029991680602E1,4.343145612319E0,-4.433535378699E1));
#1671=CARTESIAN_POINT('',(1.029991680602E1,4.250046015649E0,-4.464224694139E1));
#1673=DIRECTION('',(-9.999999982954E-1,5.648969938054E-5,-1.477175735059E-5));
#1674=VECTOR('',#1673,2.400853941190E-1);
#1675=CARTESIAN_POINT('',(9.997703034559E0,4.250023211488E0,-4.329455732506E1));
#1676=LINE('',#1675,#1674);
#1677=DIRECTION('',(9.999999697675E-1,-2.264027535666E-4,-9.595156408422E-5));
#1678=VECTOR('',#1677,2.400632814882E-1);
#1679=CARTESIAN_POINT('',(9.402268752628E0,1.574999097603E1,-4.329454960165E1));
#1680=LINE('',#1679,#1678);
#1681=CARTESIAN_POINT('',(9.642332026859E0,1.574993662504E1,-4.329457263610E1));
#1682=CARTESIAN_POINT('',(9.651781193943E0,1.557894090883E1,-4.294449279565E1));
#1683=CARTESIAN_POINT('',(9.671767862685E0,1.516999333539E1,-4.227381942346E1));
#1684=CARTESIAN_POINT('',(9.700981532315E0,1.437731711917E1,-4.138809118989E1));
#1685=CARTESIAN_POINT('',(9.730645302986E0,1.343128651960E1,-4.065733647224E1));
#1686=CARTESIAN_POINT('',(9.760377179763E0,1.235881627258E1,-4.011681460365E1));
#1687=CARTESIAN_POINT('',(9.790219221110E0,1.120080834623E1,-3.978193796080E1));
#1688=CARTESIAN_POINT('',(9.820108231838E0,9.999495796112E0,-3.966617518408E1));
#1689=CARTESIAN_POINT('',(9.849998326289E0,8.798260962144E0,-3.978212484067E1));
#1690=CARTESIAN_POINT('',(9.879828071503E0,7.640478434284E0,-4.011710595795E1));
#1691=CARTESIAN_POINT('',(9.909581763553E0,6.568297261821E0,-4.065762010114E1));
#1692=CARTESIAN_POINT('',(9.939134054400E0,5.622508468385E0,-4.138826851697E1));
#1693=CARTESIAN_POINT('',(9.968734672247E0,4.830010868101E0,-4.227385812523E1));
#1694=CARTESIAN_POINT('',(9.987745035442E0,4.421013147731E0,-4.294448931796E1));
#1695=CARTESIAN_POINT('',(9.997703034559E0,4.250023211488E0,-4.329455732506E1));
#1697=CARTESIAN_POINT('',(9.757617640849E0,4.250036773840E0,-4.329456087155E1));
#1698=CARTESIAN_POINT('',(9.706585638505E0,4.250036773840E0,-4.351642203979E1));
#1699=CARTESIAN_POINT('',(9.614310135116E0,4.250037906136E0,-4.396401087102E1));
#1700=CARTESIAN_POINT('',(9.510761699952E0,4.249812167762E0,-4.468515926652E1));
#1701=CARTESIAN_POINT('',(9.473896977208E0,4.250413004464E0,-4.512740149407E1));
#1702=CARTESIAN_POINT('',(9.463297026741E0,4.250413004464E0,-4.534489461534E1));
#1704=CARTESIAN_POINT('',(9.463297026741E0,4.250413004464E0,-4.534489461534E1));
#1705=CARTESIAN_POINT('',(9.453270135056E0,4.298697249026E0,-4.497955455902E1));
#1706=CARTESIAN_POINT('',(9.434272277386E0,4.464373274754E0,-4.425546666181E1));
#1707=CARTESIAN_POINT('',(9.400369667811E0,4.925265699160E0,-4.322225573504E1));
#1708=CARTESIAN_POINT('',(9.372253221635E0,5.568926847575E0,-4.230780118757E1));
#1709=CARTESIAN_POINT('',(9.343031269648E0,6.368005494389E0,-4.153814085931E1));
#1710=CARTESIAN_POINT('',(9.311170197936E0,7.294967453290E0,-4.093409182004E1));
#1711=CARTESIAN_POINT('',(9.278839958275E0,8.337732964803E0,-4.051002763339E1));
#1712=CARTESIAN_POINT('',(9.250549711244E0,9.444112886072E0,-4.029542226352E1));
#1713=CARTESIAN_POINT('',(9.220745659278E0,1.055919467444E1,-4.029641172343E1));
#1714=CARTESIAN_POINT('',(9.188284304151E0,1.164962936942E1,-4.050743401446E1));
#1715=CARTESIAN_POINT('',(9.157032868150E0,1.268853746354E1,-4.092460838245E1));
#1716=CARTESIAN_POINT('',(9.128718640539E0,1.363318459381E1,-4.153834000358E1));
#1717=CARTESIAN_POINT('',(9.098756176834E0,1.442821548529E1,-4.230488660891E1));
#1718=CARTESIAN_POINT('',(9.065548697003E0,1.507273650592E1,-4.321943326155E1));
#1719=CARTESIAN_POINT('',(9.036000237822E0,1.553110722670E1,-4.424261966763E1));
#1720=CARTESIAN_POINT('',(9.014966190791E0,1.570057932093E1,-4.497386246944E1));
#1721=CARTESIAN_POINT('',(9.005073786429E0,1.574962021494E1,-4.534492767185E1));
#1723=CARTESIAN_POINT('',(9.005073786429E0,1.574962021494E1,-4.534492767185E1));
#1724=CARTESIAN_POINT('',(9.028274685617E0,1.574962021494E1,-4.511726423488E1));
#1725=CARTESIAN_POINT('',(9.091481542762E0,1.575017602983E1,-4.466202831621E1));
#1726=CARTESIAN_POINT('',(9.226663799005E0,1.574995357318E1,-4.396860761294E1));
#1727=CARTESIAN_POINT('',(9.340362186043E0,1.574999097603E1,-4.351848346578E1));
#1728=CARTESIAN_POINT('',(9.402268752628E0,1.574999097603E1,-4.329454960165E1));
#1730=CARTESIAN_POINT('',(9.402268752628E0,1.574999097603E1,-4.329454960165E1));
#1731=CARTESIAN_POINT('',(9.412367612482E0,1.557725667886E1,-4.294091036125E1));
#1732=CARTESIAN_POINT('',(9.433399645782E0,1.516482245174E1,-4.226566229808E1));
#1733=CARTESIAN_POINT('',(9.463929486605E0,1.437001465581E1,-4.138108933665E1));
#1734=CARTESIAN_POINT('',(9.491583527283E0,1.342487881760E1,-4.065539638798E1));
#1735=CARTESIAN_POINT('',(9.519535104481E0,1.235995112151E1,-4.011565155942E1));
#1736=CARTESIAN_POINT('',(9.551705415801E0,1.121145986659E1,-3.978396087769E1));
#1737=CARTESIAN_POINT('',(9.582194690018E0,1.002047214501E1,-3.966933408635E1));
#1738=CARTESIAN_POINT('',(9.609841387404E0,8.827390730200E0,-3.977581425303E1));
#1739=CARTESIAN_POINT('',(9.638231890246E0,7.673681092930E0,-4.010220947149E1));
#1740=CARTESIAN_POINT('',(9.670554963460E0,6.601316846582E0,-4.063933855937E1));
#1741=CARTESIAN_POINT('',(9.700859132896E0,5.646535506878E0,-4.136503118202E1));
#1742=CARTESIAN_POINT('',(9.728585680298E0,4.841521176696E0,-4.225467993388E1));
#1743=CARTESIAN_POINT('',(9.747245476150E0,4.424874233378E0,-4.293661582301E1));
#1744=CARTESIAN_POINT('',(9.757617640849E0,4.250036773840E0,-4.329456087155E1));
#1746=DIRECTION('',(-9.999854058989E-1,-5.388628176757E-3,3.881695261927E-4));
#1747=VECTOR('',#1746,6.778865475299E-2);
#1748=CARTESIAN_POINT('',(9.463297026741E0,4.250413004464E0,-4.534489461534E1));
#1749=LINE('',#1748,#1747);
#1750=CARTESIAN_POINT('',(9.395509361302E0,4.250047716609E0,-4.534486830185E1));
#1751=CARTESIAN_POINT('',(9.385457513605E0,4.298505160477E0,-4.497821774260E1));
#1752=CARTESIAN_POINT('',(9.365073851257E0,4.465357025373E0,-4.425144235579E1));
#1753=CARTESIAN_POINT('',(9.333947486296E0,4.931239493781E0,-4.321110264362E1));
#1754=CARTESIAN_POINT('',(9.303372395316E0,5.577744750761E0,-4.229719789229E1));
#1755=CARTESIAN_POINT('',(9.272878396295E0,6.383931388843E0,-4.152512436030E1));
#1756=CARTESIAN_POINT('',(9.242646321665E0,7.313617110816E0,-4.092448568232E1));
#1757=CARTESIAN_POINT('',(9.211921803889E0,8.357031786950E0,-4.050434052133E1));
#1758=CARTESIAN_POINT('',(9.181157298300E0,9.463568009489E0,-4.029374131795E1));
#1759=CARTESIAN_POINT('',(9.150820115022E0,1.057415525300E1,-4.029824225786E1));
#1760=CARTESIAN_POINT('',(9.120604927861E0,1.165970306157E1,-4.051050187768E1));
#1761=CARTESIAN_POINT('',(9.090045450708E0,1.269710885624E1,-4.092940115541E1));
#1762=CARTESIAN_POINT('',(9.059390617987E0,1.363775677336E1,-4.154155820428E1));
#1763=CARTESIAN_POINT('',(9.028920227191E0,1.443939242672E1,-4.231748848800E1));
#1764=CARTESIAN_POINT('',(8.998463752821E0,1.507869699023E1,-4.323039488188E1));
#1765=CARTESIAN_POINT('',(8.967919705568E0,1.553437583223E1,-4.425367013431E1));
#1766=CARTESIAN_POINT('',(8.947478930616E0,1.570153805268E1,-4.497819587450E1));
#1767=CARTESIAN_POINT('',(8.937414737728E0,1.574999727969E1,-4.534485992580E1));
#1769=DIRECTION('',(9.999839698629E-1,-5.572923454348E-3,-1.001269861936E-3));
#1770=VECTOR('',#1769,6.766013330273E-2);
#1771=CARTESIAN_POINT('',(8.937414737728E0,1.574999727969E1,-4.534485992580E1));
#1772=LINE('',#1771,#1770);
#1773=CARTESIAN_POINT('',(9.395509361302E0,4.250047716609E0,-4.534486830185E1));
#1774=CARTESIAN_POINT('',(9.372536741503E0,4.250047716609E0,-4.512096060090E1));
#1775=CARTESIAN_POINT('',(9.311613869644E0,4.250007214E0,-4.467063735459E1));
#1776=CARTESIAN_POINT('',(9.177352313491E0,4.249903176088E0,-4.398644965163E1));
#1777=CARTESIAN_POINT('',(9.061616922789E0,4.250221113128E0,-4.352621232029E1));
#1778=CARTESIAN_POINT('',(8.997657662421E0,4.250221113128E0,-4.329465522237E1));
#1780=CARTESIAN_POINT('',(8.642392906366E0,1.574979521285E1,-4.329464345166E1));
#1781=CARTESIAN_POINT('',(8.695771152828E0,1.574979521285E1,-4.352594178082E1));
#1782=CARTESIAN_POINT('',(8.789705845510E0,1.575009520463E1,-4.398590545704E1));
#1783=CARTESIAN_POINT('',(8.889651154112E0,1.574997396453E1,-4.467109666224E1));
#1784=CARTESIAN_POINT('',(8.926528411015E0,1.574999727969E1,-4.512118315174E1));
#1785=CARTESIAN_POINT('',(8.937414737728E0,1.574999727969E1,-4.534485992580E1));
#1787=DIRECTION('',(-9.999999998342E-1,4.709440008463E-6,1.758891009951E-5));
#1788=VECTOR('',#1787,2.400199007619E-1);
#1789=CARTESIAN_POINT('',(8.997657662421E0,4.250221113128E0,-4.329465522237E1));
#1790=LINE('',#1789,#1788);
#1791=DIRECTION('',(9.999999999321E-1,-7.732743288523E-6,8.720316371778E-6));
#1792=VECTOR('',#1791,2.400833987867E-1);
#1793=CARTESIAN_POINT('',(8.402309507595E0,1.574979706935E1,-4.329464554527E1));
#1794=LINE('',#1793,#1792);
#1795=CARTESIAN_POINT('',(8.642392906366E0,1.574979521285E1,-4.329464345166E1));
#1796=CARTESIAN_POINT('',(8.652553516158E0,1.557538737424E1,-4.293823016433E1));
#1797=CARTESIAN_POINT('',(8.671941984835E0,1.516037100117E1,-4.225755702957E1));
#1798=CARTESIAN_POINT('',(8.701685167049E0,1.436032297449E1,-4.136965616628E1));
#1799=CARTESIAN_POINT('',(8.731252869490E0,1.340863229957E1,-4.064554271127E1));
#1800=CARTESIAN_POINT('',(8.760868822744E0,1.234085219680E1,-4.010794602740E1));
#1801=CARTESIAN_POINT('',(8.790472903117E0,1.119101424766E1,-3.978012829172E1));
#1802=CARTESIAN_POINT('',(8.820080718206E0,1.000049683611E1,-3.966753466292E1));
#1803=CARTESIAN_POINT('',(8.849690104182E0,8.810271415637E0,-3.977929023548E1));
#1804=CARTESIAN_POINT('',(8.879296524472E0,7.660422499572E0,-4.01086101E1));
#1805=CARTESIAN_POINT('',(8.908921851132E0,6.591450439812E0,-4.064403729482E1));
#1806=CARTESIAN_POINT('',(8.938481672484E0,5.640857117787E0,-4.136998762866E1));
#1807=CARTESIAN_POINT('',(8.968290717841E0,4.839048840737E0,-4.225717703432E1));
#1808=CARTESIAN_POINT('',(8.987544814672E0,4.424355818189E0,-4.293798409374E1));
#1809=CARTESIAN_POINT('',(8.997657662421E0,4.250221113128E0,-4.329465522237E1));
#1811=CARTESIAN_POINT('',(8.757637761699E0,4.250222243487E0,-4.329465100069E1));
#1812=CARTESIAN_POINT('',(8.703961115668E0,4.250222243487E0,-4.352648161452E1));
#1813=CARTESIAN_POINT('',(8.609720672894E0,4.249902877458E0,-4.398715888138E1));
#1814=CARTESIAN_POINT('',(8.510209597660E0,4.250006563666E0,-4.467111105041E1));
#1815=CARTESIAN_POINT('',(8.473446721371E0,4.250049433142E0,-4.512118484410E1));
#1816=CARTESIAN_POINT('',(8.462666351497E0,4.250049433142E0,-4.534486383171E1));
#1818=CARTESIAN_POINT('',(8.004411997595E0,1.574999702060E1,-4.534486023596E1));
#1819=CARTESIAN_POINT('',(8.027503470081E0,1.574999702060E1,-4.512086654497E1));
#1820=CARTESIAN_POINT('',(8.088578602493E0,1.574997433297E1,-4.467041525627E1));
#1821=CARTESIAN_POINT('',(8.223292957173E0,1.575009430372E1,-4.398515717408E1));
#1822=CARTESIAN_POINT('',(8.338675095711E0,1.574979706935E1,-4.352565538754E1));
#1823=CARTESIAN_POINT('',(8.402309507595E0,1.574979706935E1,-4.329464554527E1));
#1825=CARTESIAN_POINT('',(8.402309507595E0,1.574979706935E1,-4.329464554527E1));
#1826=CARTESIAN_POINT('',(8.411985669313E0,1.557354272835E1,-4.293445881522E1));
#1827=CARTESIAN_POINT('',(8.432297447473E0,1.515467160515E1,-4.224819414012E1));
#1828=CARTESIAN_POINT('',(8.462387674049E0,1.434666155406E1,-4.135696948108E1));
#1829=CARTESIAN_POINT('',(8.491401198874E0,1.339009567206E1,-4.063238219005E1));
#1830=CARTESIAN_POINT('',(8.521792021751E0,1.231748373625E1,-4.009972990625E1));
#1831=CARTESIAN_POINT('',(8.550883560596E0,1.116708894060E1,-3.977453201071E1));
#1832=CARTESIAN_POINT('',(8.580580341813E0,9.977948691805E0,-3.966805959945E1));
#1833=CARTESIAN_POINT('',(8.610403580478E0,8.790891113686E0,-3.978286209707E1));
#1834=CARTESIAN_POINT('',(8.639280302509E0,7.645858167051E0,-4.011378566040E1));
#1835=CARTESIAN_POINT('',(8.669543736604E0,6.582295428268E0,-4.065073555767E1));
#1836=CARTESIAN_POINT('',(8.698398653002E0,5.635303229355E0,-4.137383685814E1));
#1837=CARTESIAN_POINT('',(8.728253748746E0,4.838021948310E0,-4.225975314112E1));
#1838=CARTESIAN_POINT('',(8.748035026285E0,4.423941176540E0,-4.293883147640E1));
#1839=CARTESIAN_POINT('',(8.757637761699E0,4.250222243487E0,-4.329465100069E1));
#1841=DIRECTION('',(-9.999999950152E-1,5.689177992660E-5,-8.205386878122E-5));
#1842=VECTOR('',#1841,6.716673387785E-2);
#1843=CARTESIAN_POINT('',(8.462666351497E0,4.250049433142E0,-4.534486383171E1));
#1844=LINE('',#1843,#1842);
#1845=CARTESIAN_POINT('',(8.395499617954E0,4.250053254377E0,-4.534486934300E1));
#1846=CARTESIAN_POINT('',(8.385241873472E0,4.298704352623E0,-4.497675350865E1));
#1847=CARTESIAN_POINT('',(8.365070355715E0,4.466271433197E0,-4.424845398876E1));
#1848=CARTESIAN_POINT('',(8.333864719955E0,4.932595029381E0,-4.320930039771E1));
#1849=CARTESIAN_POINT('',(8.303497238411E0,5.575189486149E0,-4.230076444849E1));
#1850=CARTESIAN_POINT('',(8.273063841016E0,6.378489202821E0,-4.152929155943E1));
#1851=CARTESIAN_POINT('',(8.242746558132E0,7.310319743167E0,-4.092609464487E1));
#1852=CARTESIAN_POINT('',(8.212057706825E0,8.352292006683E0,-4.050585332449E1));
#1853=CARTESIAN_POINT('',(8.181329712537E0,9.457276362611E0,-4.029446796872E1));
#1854=CARTESIAN_POINT('',(8.151060616698E0,1.056536877853E1,-4.029743411928E1));
#1855=CARTESIAN_POINT('',(8.120787505361E0,1.165338322295E1,-4.050832494883E1));
#1856=CARTESIAN_POINT('',(8.090145595777E0,1.269376841179E1,-4.092782744814E1));
#1857=CARTESIAN_POINT('',(8.059598867794E0,1.363185110153E1,-4.153670558362E1));
#1858=CARTESIAN_POINT('',(8.028966923180E0,1.443840914659E1,-4.231622625538E1));
#1859=CARTESIAN_POINT('',(7.998582728452E0,1.507637814393E1,-4.322605424362E1));
#1860=CARTESIAN_POINT('',(7.967893486496E0,1.553572376679E1,-4.425655442099E1));
#1861=CARTESIAN_POINT('',(7.947308832640E0,1.570169465804E1,-4.497960896654E1));
#1862=CARTESIAN_POINT('',(7.937362966332E0,1.574996746196E1,-4.534486245788E1));
#1864=DIRECTION('',(9.999999022761E-1,4.408510492336E-4,3.313871827655E-5));
#1865=VECTOR('',#1864,6.704903781519E-2);
#1866=CARTESIAN_POINT('',(7.937362966332E0,1.574996746196E1,-4.534486245788E1));
#1867=LINE('',#1866,#1865);
#1868=CARTESIAN_POINT('',(8.004411997595E0,1.574999702060E1,-4.534486023596E1));
#1869=CARTESIAN_POINT('',(8.014747027803E0,1.570107934447E1,-4.497472735488E1));
#1870=CARTESIAN_POINT('',(8.035039400766E0,1.553188065427E1,-4.424605887242E1));
#1871=CARTESIAN_POINT('',(8.065588887960E0,1.507627561507E1,-4.322690991218E1));
#1872=CARTESIAN_POINT('',(8.095852194525E0,1.444028986169E1,-4.231911138217E1));
#1873=CARTESIAN_POINT('',(8.126234593699E0,1.364195254907E1,-4.154484041143E1));
#1874=CARTESIAN_POINT('',(8.157036175048E0,1.269724221406E1,-4.092885446002E1));
#1875=CARTESIAN_POINT('',(8.187820913062E0,1.165177253922E1,-4.050773791639E1));
#1876=CARTESIAN_POINT('',(8.218117467982E0,1.056283063308E1,-4.029712644644E1));
#1877=CARTESIAN_POINT('',(8.248416704632E0,9.453646374987E0,-4.029479048007E1));
#1878=CARTESIAN_POINT('',(8.279150274003E0,8.348548781046E0,-4.050683038983E1));
#1879=CARTESIAN_POINT('',(8.309906898353E0,7.304681301181E0,-4.092900627649E1));
#1880=CARTESIAN_POINT('',(8.340186291955E0,6.374632712595E0,-4.153233282484E1));
#1881=CARTESIAN_POINT('',(8.370724128087E0,5.569008284686E0,-4.230727945466E1));
#1882=CARTESIAN_POINT('',(8.401287688728E0,4.924876511814E0,-4.322248911797E1));
#1883=CARTESIAN_POINT('',(8.432329825154E0,4.462712059988E0,-4.426058272596E1));
#1884=CARTESIAN_POINT('',(8.452524142491E0,4.298028117559E0,-4.498183577927E1));
#1885=CARTESIAN_POINT('',(8.462666351497E0,4.250049433142E0,-4.534486383171E1));
#1887=CARTESIAN_POINT('',(8.395499617954E0,4.250053254377E0,-4.534486934300E1));
#1888=CARTESIAN_POINT('',(8.372612496949E0,4.250053254377E0,-4.512275453750E1));
#1889=CARTESIAN_POINT('',(8.312161676845E0,4.249992385789E0,-4.467463125910E1));
#1890=CARTESIAN_POINT('',(8.175531205232E0,4.249946768174E0,-4.397754758006E1));
#1891=CARTESIAN_POINT('',(8.060630759282E0,4.250129283735E0,-4.352235346658E1));
#1892=CARTESIAN_POINT('',(7.997722399472E0,4.250129283735E0,-4.329460851055E1));
#1894=CARTESIAN_POINT('',(7.642445832197E0,1.574989357168E1,-4.329459686247E1));
#1895=CARTESIAN_POINT('',(7.695665721872E0,1.574989357168E1,-4.352494507973E1));
#1896=CARTESIAN_POINT('',(7.789491896789E0,1.575004532814E1,-4.398365802589E1));
#1897=CARTESIAN_POINT('',(7.889139156545E0,1.575000099398E1,-4.466793638887E1));
#1898=CARTESIAN_POINT('',(7.926361066169E0,1.574996746196E1,-4.511982334784E1));
#1899=CARTESIAN_POINT('',(7.937362966332E0,1.574996746196E1,-4.534486245788E1));
#1901=DIRECTION('',(-9.999999999870E-1,-1.531246260859E-7,5.087599862704E-6));
#1902=VECTOR('',#1901,2.401489095941E-1);
#1903=CARTESIAN_POINT('',(7.997722399472E0,4.250129283735E0,-4.329460851055E1));
#1904=LINE('',#1903,#1902);
#1905=DIRECTION('',(9.999999999997E-1,-7.908487615368E-7,2.254931847444E-8));
#1906=VECTOR('',#1905,2.401880341676E-1);
#1907=CARTESIAN_POINT('',(7.402257798030E0,1.574989376163E1,-4.329459686789E1));
#1908=LINE('',#1907,#1906);
#1909=CARTESIAN_POINT('',(7.642445832197E0,1.574989357168E1,-4.329459686247E1));
#1910=CARTESIAN_POINT('',(7.652537148752E0,1.557544844920E1,-4.293833117875E1));
#1911=CARTESIAN_POINT('',(7.671944217556E0,1.516005665296E1,-4.225810532729E1));
#1912=CARTESIAN_POINT('',(7.701673860001E0,1.436088678483E1,-4.136945932248E1));
#1913=CARTESIAN_POINT('',(7.731240192759E0,1.340907900346E1,-4.064607829547E1));
#1914=CARTESIAN_POINT('',(7.760852789759E0,1.234126220763E1,-4.010826346225E1));
#1915=CARTESIAN_POINT('',(7.790455560791E0,1.119188677356E1,-3.977987462998E1));
#1916=CARTESIAN_POINT('',(7.820063148417E0,1.000116155118E1,-3.966819015091E1));
#1917=CARTESIAN_POINT('',(7.849673121533E0,8.810807732858E0,-3.977849743884E1));
#1918=CARTESIAN_POINT('',(7.879280309917E0,7.661296241859E0,-4.010883532638E1));
#1919=CARTESIAN_POINT('',(7.908907940734E0,6.591661498358E0,-4.064352233234E1));
#1920=CARTESIAN_POINT('',(7.938468067438E0,5.641263148720E0,-4.136948553657E1));
#1921=CARTESIAN_POINT('',(7.968289219439E0,4.839521567217E0,-4.225724266217E1));
#1922=CARTESIAN_POINT('',(7.987526537830E0,4.424196228760E0,-4.293780419790E1));
#1923=CARTESIAN_POINT('',(7.997722399472E0,4.250129283735E0,-4.329460851055E1));
#1925=CARTESIAN_POINT('',(7.757573489881E0,4.250129246962E0,-4.329460728877E1));
#1926=CARTESIAN_POINT('',(7.704790000290E0,4.250129246962E0,-4.352258277479E1));
#1927=CARTESIAN_POINT('',(7.611117344056E0,4.249946828647E0,-4.397817372815E1));
#1928=CARTESIAN_POINT('',(7.509805229325E0,4.249992229293E0,-4.467549590289E1));
#1929=CARTESIAN_POINT('',(7.473459167955E0,4.250053579219E0,-4.512314019735E1));
#1930=CARTESIAN_POINT('',(7.462673557417E0,4.250053579219E0,-4.534486422073E1));
#1932=CARTESIAN_POINT('',(7.004464545841E0,1.574996713328E1,-4.534486566503E1));
#1933=CARTESIAN_POINT('',(7.027738266331E0,1.574996713328E1,-4.511955367314E1));
#1934=CARTESIAN_POINT('',(7.089233012606E0,1.575000117269E1,-4.466736671881E1));
#1935=CARTESIAN_POINT('',(7.223642024625E0,1.575004519568E1,-4.398274501108E1));
#1936=CARTESIAN_POINT('',(7.338840875483E0,1.574989376163E1,-4.352458812213E1));
#1937=CARTESIAN_POINT('',(7.402257798030E0,1.574989376163E1,-4.329459686789E1));
#1939=CARTESIAN_POINT('',(7.402257798030E0,1.574989376163E1,-4.329459686789E1));
#1940=CARTESIAN_POINT('',(7.411857014521E0,1.557623494011E1,-4.293993703043E1));
#1941=CARTESIAN_POINT('',(7.432297964525E0,1.516350050219E1,-4.226164117894E1));
#1942=CARTESIAN_POINT('',(7.461381243714E0,1.436496252693E1,-4.137396946644E1));
#1943=CARTESIAN_POINT('',(7.490949586907E0,1.341445556096E1,-4.064794097600E1));
#1944=CARTESIAN_POINT('',(7.521063283893E0,1.234443134190E1,-4.011005699769E1));
#1945=CARTESIAN_POINT('',(7.550018064913E0,1.119239733527E1,-3.977877844528E1));
#1946=CARTESIAN_POINT('',(7.580461772926E0,9.998378024939E0,-3.966789699265E1));
#1947=CARTESIAN_POINT('',(7.609603340672E0,8.804541690787E0,-3.977956511355E1));
#1948=CARTESIAN_POINT('',(7.639470902047E0,7.652807659515E0,-4.011092408090E1));
#1949=CARTESIAN_POINT('',(7.669348797810E0,6.583640058754E0,-4.064945117259E1));
#1950=CARTESIAN_POINT('',(7.698368868790E0,5.633526986192E0,-4.137506725317E1));
#1951=CARTESIAN_POINT('',(7.728553049931E0,4.836266570213E0,-4.226260024337E1));
#1952=CARTESIAN_POINT('',(7.748082598324E0,4.423077617177E0,-4.294009584290E1));
#1953=CARTESIAN_POINT('',(7.757573489881E0,4.250129246962E0,-4.329460728877E1));
#1955=DIRECTION('',(9.999999991379E-1,-4.085540481397E-5,-7.419983540243E-6));
#1956=VECTOR('',#1955,8.044645465343E-1);
#1957=CARTESIAN_POINT('',(6.2E0,1.575E1,-4.534485969592E1));
#1958=LINE('',#1957,#1956);
#1959=CARTESIAN_POINT('',(7.004464545841E0,1.574996713328E1,-4.534486566503E1));
#1960=CARTESIAN_POINT('',(7.014890667174E0,1.570097707005E1,-4.497418507098E1));
#1961=CARTESIAN_POINT('',(7.035029162117E0,1.553180476468E1,-4.424413675081E1));
#1962=CARTESIAN_POINT('',(7.065907953862E0,1.507090379551E1,-4.321722182640E1));
#1963=CARTESIAN_POINT('',(7.096033452240E0,1.443581845733E1,-4.231392042005E1));
#1964=CARTESIAN_POINT('',(7.126529497394E0,1.363352430588E1,-4.153818844811E1));
#1965=CARTESIAN_POINT('',(7.157141036966E0,1.269363950110E1,-4.092736180314E1));
#1966=CARTESIAN_POINT('',(7.187936078906E0,1.164779092192E1,-4.050639804954E1));
#1967=CARTESIAN_POINT('',(7.218250984286E0,1.055794098145E1,-4.029676828368E1));
#1968=CARTESIAN_POINT('',(7.248453858800E0,9.452297924211E0,-4.029516006225E1));
#1969=CARTESIAN_POINT('',(7.279080981119E0,8.351099400928E0,-4.050644185230E1));
#1970=CARTESIAN_POINT('',(7.309696683955E0,7.311553992505E0,-4.092555498395E1));
#1971=CARTESIAN_POINT('',(7.340039862257E0,6.378755426881E0,-4.152878096049E1));
#1972=CARTESIAN_POINT('',(7.370618547393E0,5.571412197531E0,-4.230451677316E1));
#1973=CARTESIAN_POINT('',(7.401192299565E0,4.926895560159E0,-4.321871717095E1));
#1974=CARTESIAN_POINT('',(7.432234750513E0,4.462701308219E0,-4.425999101526E1));
#1975=CARTESIAN_POINT('',(7.452693462908E0,4.298048109042E0,-4.498171627491E1));
#1976=CARTESIAN_POINT('',(7.462673557417E0,4.250053579219E0,-4.534486422073E1));
#1978=DIRECTION('',(-9.999999222527E-1,-3.942830564726E-4,-5.957818667860E-6));
#1979=VECTOR('',#1978,6.712799082762E-2);
#1980=CARTESIAN_POINT('',(7.462673557417E0,4.250053579219E0,-4.534486422073E1));
#1981=LINE('',#1980,#1979);
#1982=CARTESIAN_POINT('',(7.395545571808E0,4.250027111789E0,-4.534486462067E1));
#1983=CARTESIAN_POINT('',(7.385696622298E0,4.296277497236E0,-4.499491364645E1));
#1984=CARTESIAN_POINT('',(7.366700062554E0,4.452079683860E0,-4.430583376872E1));
#1985=CARTESIAN_POINT('',(7.337582577408E0,4.870469373756E0,-4.333087891978E1));
#1986=CARTESIAN_POINT('',(7.309313424084E0,5.443198541762E0,-4.246818872447E1));
#1987=CARTESIAN_POINT('',(7.281233824474E0,6.151502701968E0,-4.172454767132E1));
#1988=CARTESIAN_POINT('',(7.252549973068E0,6.998447041233E0,-4.110459506001E1));
#1989=CARTESIAN_POINT('',(7.223629846469E0,7.951434843349E0,-4.064437492760E1));
#1990=CARTESIAN_POINT('',(7.194792019503E0,8.969103887675E0,-4.036526951045E1));
#1991=CARTESIAN_POINT('',(7.175894511612E0,9.657845862015E0,-4.030484495065E1));
#1992=CARTESIAN_POINT('',(7.166417940472E0,9.999997375279E0,-4.030484495065E1));
#1994=CARTESIAN_POINT('',(6.233579962548E0,1.000000207169E1,-4.030484374164E1));
#1995=CARTESIAN_POINT('',(6.242945594567E0,9.655411261576E0,-4.030484374164E1));
#1996=CARTESIAN_POINT('',(6.261966968219E0,8.962320598503E0,-4.036613588436E1));
#1997=CARTESIAN_POINT('',(6.290943122027E0,7.940153558667E0,-4.064833426659E1));
#1998=CARTESIAN_POINT('',(6.319954722434E0,6.985249003506E0,-4.111239787641E1));
#1999=CARTESIAN_POINT('',(6.348664175667E0,6.139425784874E0,-4.173519552629E1));
#2000=CARTESIAN_POINT('',(6.376706067584E0,5.433703088732E0,-4.248026593514E1));
#2001=CARTESIAN_POINT('',(6.404969445020E0,4.864619670661E0,-4.334219841206E1));
#2002=CARTESIAN_POINT('',(6.433705737958E0,4.450042179229E0,-4.431335124556E1));
#2003=CARTESIAN_POINT('',(6.453179062228E0,4.295906278778E0,-4.499771675416E1));
#2004=CARTESIAN_POINT('',(6.462626915540E0,4.250026710109E0,-4.534486196382E1));
#2006=DIRECTION('',(-9.999999947909E-1,-1.017036213733E-4,8.635432890996E-6));
#2007=VECTOR('',#2006,2.626269169077E-1);
#2008=CARTESIAN_POINT('',(6.462626915540E0,4.250026710109E0,-4.534486196382E1));
#2009=LINE('',#2008,#2007);
#2010=CARTESIAN_POINT('',(6.2E0,1.E1,-4.610479390360E1));
#2011=DIRECTION('',(1.E0,0.E0,0.E0));
#2012=DIRECTION('',(0.E0,-9.913793103448E-1,-1.310231392550E-1));
#2013=AXIS2_PLACEMENT_3D('',#2010,#2011,#2012);
#2015=DIRECTION('',(0.E0,0.E0,1.E0));
#2016=VECTOR('',#2015,1.519868415359E0);
#2017=CARTESIAN_POINT('',(6.2E0,1.575E1,-4.686472811128E1));
#2018=LINE('',#2017,#2016);
#2019=CARTESIAN_POINT('',(6.2E0,1.E1,-4.610479390360E1));
#2020=DIRECTION('',(1.E0,0.E0,0.E0));
#2021=DIRECTION('',(0.E0,9.913793103448E-1,1.310231392550E-1));
#2022=AXIS2_PLACEMENT_3D('',#2019,#2020,#2021);
#2024=CARTESIAN_POINT('',(6.2E0,1.E1,-4.610479390360E1));
#2025=DIRECTION('',(-1.E0,0.E0,0.E0));
#2026=DIRECTION('',(0.E0,1.071575933881E-1,9.942420480845E-1));
#2027=AXIS2_PLACEMENT_3D('',#2024,#2025,#2026);
#2029=CARTESIAN_POINT('',(6.2E0,1.E1,-4.610479390360E1));
#2030=DIRECTION('',(-1.E0,0.E0,0.E0));
#2031=DIRECTION('',(0.E0,1.E0,0.E0));
#2032=AXIS2_PLACEMENT_3D('',#2029,#2030,#2031);
#2034=CARTESIAN_POINT('',(6.2E0,1.E1,-4.610479390360E1));
#2035=DIRECTION('',(-1.E0,0.E0,0.E0));
#2036=DIRECTION('',(0.E0,-1.E0,0.E0));
#2037=AXIS2_PLACEMENT_3D('',#2034,#2035,#2036);
#2039=CARTESIAN_POINT('',(6.187139571176E0,1.045842926392E1,-4.047346191933E1));
#2040=CARTESIAN_POINT('',(6.188588800793E0,1.047477400929E1,-4.047479251182E1));
#2041=CARTESIAN_POINT('',(6.191648312861E0,1.050744533824E1,-4.047754535491E1));
#2042=CARTESIAN_POINT('',(6.196031120998E0,1.055644378396E1,-4.048216805482E1));
#2043=CARTESIAN_POINT('',(6.198647533381E0,1.058910653097E1,-4.048562346189E1));
#2044=CARTESIAN_POINT('',(6.200099120582E0,1.060542555512E1,-4.048738229653E1));
#2046=CARTESIAN_POINT('',(6.200099120582E0,1.060542555512E1,-4.048738229653E1));
#2047=CARTESIAN_POINT('',(6.200099120582E0,1.053896102405E1,-4.046974782360E1));
#2048=CARTESIAN_POINT('',(6.199954066276E0,1.040539063196E1,-4.043739773503E1));
#2049=CARTESIAN_POINT('',(6.200012087161E0,1.020345179876E1,-4.039567230639E1));
#2050=CARTESIAN_POINT('',(6.200002419108E0,1.006796632156E1,-4.037297514627E1));
#2051=CARTESIAN_POINT('',(6.200002419108E0,9.999999757872E0,-4.036280816946E1));
#2053=DIRECTION('',(1.E0,0.E0,9.369013501522E-12));
#2054=VECTOR('',#2053,7.E-1);
#2055=CARTESIAN_POINT('',(5.5E0,1.565E1,-4.610479390358E1));
#2056=LINE('',#2055,#2054);
#2057=DIRECTION('',(-9.999952944055E-1,-7.086600082427E-4,-2.984789411818E-3));
#2058=VECTOR('',#2057,1.286048934010E-2);
#2059=CARTESIAN_POINT('',(6.2E0,1.045843837763E1,-4.047342353347E1));
#2060=LINE('',#2059,#2058);
#2061=CARTESIAN_POINT('',(6.187139571176E0,1.045842926392E1,-4.047346191933E1));
#2062=CARTESIAN_POINT('',(6.188533361262E0,1.040832388102E1,-4.045911320530E1));
#2063=CARTESIAN_POINT('',(6.191380453836E0,1.030753977519E1,-4.043170701137E1));
#2064=CARTESIAN_POINT('',(6.195691716585E0,1.015470638189E1,-4.039482673492E1));
#2065=CARTESIAN_POINT('',(6.198582736584E0,1.005173437261E1,-4.037300599825E1));
#2066=CARTESIAN_POINT('',(6.200002419108E0,9.999999757872E0,-4.036280816946E1));
#2068=CARTESIAN_POINT('',(6.2E0,8.917558868013E0,-4.585413972119E1));
#2069=DIRECTION('',(-1.E0,0.E0,0.E0));
#2070=DIRECTION('',(0.E0,1.933966362663E-1,9.811206557202E-1));
#2071=AXIS2_PLACEMENT_3D('',#2068,#2069,#2070);
#2073=DIRECTION('',(1.E0,0.E0,0.E0));
#2074=VECTOR('',#2073,7.E-1);
#2075=CARTESIAN_POINT('',(5.5E0,4.35E0,-4.610479390360E1));
#2076=LINE('',#2075,#2074);
#2077=CARTESIAN_POINT('',(5.5E0,1.E1,-4.610479390360E1));
#2078=DIRECTION('',(1.E0,0.E0,0.E0));
#2079=DIRECTION('',(0.E0,-1.E0,0.E0));
#2080=AXIS2_PLACEMENT_3D('',#2077,#2078,#2079);
#2082=CARTESIAN_POINT('',(5.5E0,1.E1,-4.610479390360E1));
#2083=DIRECTION('',(1.E0,0.E0,0.E0));
#2084=DIRECTION('',(0.E0,-9.999167147741E-1,-1.290594883887E-2));
#2085=AXIS2_PLACEMENT_3D('',#2082,#2083,#2084);
#2087=CARTESIAN_POINT('',(5.5E0,1.465E1,-4.610479390360E1));
#2088=DIRECTION('',(0.E0,0.E0,1.E0));
#2089=DIRECTION('',(0.E0,1.E0,0.E0));
#2090=AXIS2_PLACEMENT_3D('',#2087,#2088,#2089);
#2092=CARTESIAN_POINT('',(4.5E0,1.E1,-4.610479390360E1));
#2093=DIRECTION('',(1.E0,0.E0,0.E0));
#2094=DIRECTION('',(0.E0,1.E0,0.E0));
#2095=AXIS2_PLACEMENT_3D('',#2092,#2093,#2094);
#2097=CARTESIAN_POINT('',(4.5E0,1.E1,-4.610479390360E1));
#2098=DIRECTION('',(1.E0,0.E0,0.E0));
#2099=DIRECTION('',(0.E0,9.999167147741E-1,1.290594883886E-2));
#2100=AXIS2_PLACEMENT_3D('',#2097,#2098,#2099);
#2102=CARTESIAN_POINT('',(4.5E0,1.E1,-4.610479390360E1));
#2103=DIRECTION('',(1.E0,0.E0,0.E0));
#2104=DIRECTION('',(0.E0,-1.E0,0.E0));
#2105=AXIS2_PLACEMENT_3D('',#2102,#2103,#2104);
#2107=CARTESIAN_POINT('',(4.5E0,1.E1,-4.610479390360E1));
#2108=DIRECTION('',(1.E0,0.E0,0.E0));
#2109=DIRECTION('',(0.E0,-9.999167147741E-1,-1.290594883887E-2));
#2110=AXIS2_PLACEMENT_3D('',#2107,#2108,#2109);
#2112=CARTESIAN_POINT('',(4.5E0,1.E1,-4.610479390360E1));
#2113=DIRECTION('',(-1.E0,0.E0,0.E0));
#2114=DIRECTION('',(0.E0,1.E0,0.E0));
#2115=AXIS2_PLACEMENT_3D('',#2112,#2113,#2114);
#2117=CARTESIAN_POINT('',(4.5E0,1.E1,-4.610479390360E1));
#2118=DIRECTION('',(-1.E0,0.E0,0.E0));
#2119=DIRECTION('',(0.E0,-1.E0,0.E0));
#2120=AXIS2_PLACEMENT_3D('',#2117,#2118,#2119);
#2122=CARTESIAN_POINT('',(5.5E0,1.E1,-4.610479390360E1));
#2123=DIRECTION('',(1.E0,0.E0,0.E0));
#2124=DIRECTION('',(0.E0,1.E0,6.960803614924E-12));
#2125=AXIS2_PLACEMENT_3D('',#2122,#2123,#2124);
#2127=CARTESIAN_POINT('',(5.5E0,1.E1,-4.610479390360E1));
#2128=DIRECTION('',(1.E0,0.E0,0.E0));
#2129=DIRECTION('',(0.E0,9.999167147741E-1,1.290594883886E-2));
#2130=AXIS2_PLACEMENT_3D('',#2127,#2128,#2129);
#2132=CARTESIAN_POINT('',(5.5E0,5.35E0,-4.610479390360E1));
#2133=DIRECTION('',(0.E0,0.E0,-1.E0));
#2134=DIRECTION('',(0.E0,-1.E0,0.E0));
#2135=AXIS2_PLACEMENT_3D('',#2132,#2133,#2134);
#2137=DIRECTION('',(1.E0,0.E0,0.E0));
#2138=VECTOR('',#2137,8.E-1);
#2139=CARTESIAN_POINT('',(4.5E0,1.385E1,-4.610479390360E1));
#2140=LINE('',#2139,#2138);
#2141=CARTESIAN_POINT('',(5.3E0,1.E1,-4.610479390360E1));
#2142=DIRECTION('',(1.E0,0.E0,0.E0));
#2143=DIRECTION('',(0.E0,-1.E0,0.E0));
#2144=AXIS2_PLACEMENT_3D('',#2141,#2142,#2143);
#2146=CARTESIAN_POINT('',(5.3E0,1.E1,-4.610479390360E1));
#2147=DIRECTION('',(1.E0,0.E0,0.E0));
#2148=DIRECTION('',(0.E0,1.E0,0.E0));
#2149=AXIS2_PLACEMENT_3D('',#2146,#2147,#2148);
#2151=DIRECTION('',(1.E0,0.E0,0.E0));
#2152=VECTOR('',#2151,8.E-1);
#2153=CARTESIAN_POINT('',(4.5E0,6.15E0,-4.610479390360E1));
#2154=LINE('',#2153,#2152);
#2155=CARTESIAN_POINT('',(7.395545571808E0,4.250027111789E0,-4.534486462067E1));
#2156=CARTESIAN_POINT('',(7.372225401902E0,4.250027111789E0,-4.511913709918E1));
#2157=CARTESIAN_POINT('',(7.310605776728E0,4.249993067272E0,-4.466641595219E1));
#2158=CARTESIAN_POINT('',(7.176416645348E0,4.249983596864E0,-4.398331274787E1));
#2159=CARTESIAN_POINT('',(7.061196780453E0,4.250042895803E0,-4.352479689676E1));
#2160=CARTESIAN_POINT('',(6.997737982660E0,4.250042895803E0,-4.329456592028E1));
#2162=DIRECTION('',(-9.999999999980E-1,1.873084358643E-6,6.833936868788E-7));
#2163=VECTOR('',#2162,2.401785143157E-1);
#2164=CARTESIAN_POINT('',(6.997737982660E0,4.250042895803E0,-4.329456592028E1));
#2165=LINE('',#2164,#2163);
#2166=CARTESIAN_POINT('',(6.820026403539E0,9.999997381714E0,-3.970498752665E1));
#2167=CARTESIAN_POINT('',(6.829901801556E0,9.603134852139E0,-3.970482189565E1));
#2168=CARTESIAN_POINT('',(6.849728805849E0,8.809511344450E0,-3.977852200627E1));
#2169=CARTESIAN_POINT('',(6.879296624571E0,7.660686482925E0,-4.010912462093E1));
#2170=CARTESIAN_POINT('',(6.908919830665E0,6.591041813082E0,-4.064429843385E1));
#2171=CARTESIAN_POINT('',(6.938519465677E0,5.640555202217E0,-4.136947520776E1));
#2172=CARTESIAN_POINT('',(6.968152427537E0,4.839995422245E0,-4.225766955355E1));
#2173=CARTESIAN_POINT('',(6.987822419177E0,4.424125722477E0,-4.293780699207E1));
#2174=CARTESIAN_POINT('',(6.997737982660E0,4.250042895803E0,-4.329456592028E1));
#2176=CARTESIAN_POINT('',(6.757559468345E0,4.250043345678E0,-4.329456575615E1));
#2177=CARTESIAN_POINT('',(6.704498858920E0,4.250043345678E0,-4.352432827833E1));
#2178=CARTESIAN_POINT('',(6.610753049186E0,4.249983333365E0,-4.398231823574E1));
#2179=CARTESIAN_POINT('',(6.510560981400E0,4.249993314706E0,-4.467011229901E1));
#2180=CARTESIAN_POINT('',(6.473585001284E0,4.250026710109E0,-4.512077875859E1));
#2181=CARTESIAN_POINT('',(6.462626915540E0,4.250026710109E0,-4.534486196382E1));
#2183=CARTESIAN_POINT('',(6.579974498002E0,1.000000091910E1,-3.970498660136E1));
#2184=CARTESIAN_POINT('',(6.589898979691E0,9.600587410449E0,-3.970481990571E1));
#2185=CARTESIAN_POINT('',(6.609500248074E0,8.803009121350E0,-3.977965958E1));
#2186=CARTESIAN_POINT('',(6.639893573919E0,7.650896196962E0,-4.011193356478E1));
#2187=CARTESIAN_POINT('',(6.668932621565E0,6.582223996598E0,-4.065008061051E1));
#2188=CARTESIAN_POINT('',(6.698756814603E0,5.633485017241E0,-4.137556285864E1));
#2189=CARTESIAN_POINT('',(6.728439512392E0,4.836511005333E0,-4.226215359915E1));
#2190=CARTESIAN_POINT('',(6.747779796709E0,4.423196988793E0,-4.293971106247E1));
#2191=CARTESIAN_POINT('',(6.757559468345E0,4.250043345678E0,-4.329456575615E1));
#2193=CARTESIAN_POINT('',(6.233579962548E0,1.000000207169E1,-4.030484374164E1));
#2194=CARTESIAN_POINT('',(6.262705689892E0,1.034068543666E1,-4.030484374164E1));
#2195=CARTESIAN_POINT('',(6.321332386546E0,1.102270482265E1,-4.036458344199E1));
#2196=CARTESIAN_POINT('',(6.409652330787E0,1.202351780153E1,-4.063675107207E1));
#2197=CARTESIAN_POINT('',(6.466820482474E0,1.263925858634E1,-4.092901340154E1));
#2198=CARTESIAN_POINT('',(6.495582661899E0,1.293121962500E1,-4.110001028902E1));
#2200=CARTESIAN_POINT('',(6.495582661899E0,1.293121962500E1,-4.110001028902E1));
#2201=CARTESIAN_POINT('',(6.505146893734E0,1.266503090162E1,-4.086549424070E1));
#2202=CARTESIAN_POINT('',(6.525013598995E0,1.208270155224E1,-4.044118921133E1));
#2203=CARTESIAN_POINT('',(6.552914577412E0,1.109075836525E1,-3.996646128197E1));
#2204=CARTESIAN_POINT('',(6.570779415776E0,1.036998586773E1,-3.977057441864E1));
#2205=CARTESIAN_POINT('',(6.579974498002E0,1.000000091910E1,-3.970498660136E1));
#2207=DIRECTION('',(-5.000723836182E-1,1.663935726898E-6,-8.659836090479E-1));
#2208=VECTOR('',#2207,6.926887922653E-1);
#2209=CARTESIAN_POINT('',(6.579974498002E0,1.000000091910E1,-3.970498660136E1));
#2210=LINE('',#2209,#2208);
#2211=DIRECTION('',(9.999999999997E-1,-7.120557771690E-7,3.339478585954E-7));
#2212=VECTOR('',#2211,2.401856447306E-1);
#2213=CARTESIAN_POINT('',(6.495582661899E0,1.293121962500E1,-4.110001028902E1));
#2214=LINE('',#2213,#2212);
#2215=CARTESIAN_POINT('',(6.735768306629E0,1.293121945398E1,-4.110001020881E1));
#2216=CARTESIAN_POINT('',(6.745160205612E0,1.266924935612E1,-4.086921082953E1));
#2217=CARTESIAN_POINT('',(6.763973306655E0,1.209359196249E1,-4.044906315030E1));
#2218=CARTESIAN_POINT('',(6.792446028190E0,1.109006592915E1,-3.996688470329E1));
#2219=CARTESIAN_POINT('',(6.810824321740E0,1.036958878804E1,-3.977050558006E1));
#2220=CARTESIAN_POINT('',(6.820026403539E0,9.999997381714E0,-3.970498752665E1));
#2222=DIRECTION('',(-9.999999998840E-1,1.473590950933E-5,3.854508167193E-6));
#2223=VECTOR('',#2222,2.400519055650E-1);
#2224=CARTESIAN_POINT('',(6.820026403539E0,9.999997381714E0,-3.970498752665E1));
#2225=LINE('',#2224,#2223);
#2226=CARTESIAN_POINT('',(6.735768306629E0,1.293121945398E1,-4.110001020881E1));
#2227=CARTESIAN_POINT('',(6.783083575132E0,1.263933910403E1,-4.092906057941E1));
#2228=CARTESIAN_POINT('',(6.877466121245E0,1.202369039636E1,-4.063678197421E1));
#2229=CARTESIAN_POINT('',(7.022564540408E0,1.102213985137E1,-4.036446360953E1));
#2230=CARTESIAN_POINT('',(7.118622365562E0,1.034044385009E1,-4.030484495065E1));
#2231=CARTESIAN_POINT('',(7.166417940472E0,9.999997375279E0,-4.030484495065E1));
#2233=DIRECTION('',(-5.000689599284E-1,9.289851778114E-9,8.659855860903E-1));
#2234=VECTOR('',#2233,6.926875384996E-1);
#2235=CARTESIAN_POINT('',(7.166417940472E0,9.999997375279E0,-4.030484495065E1));
#2236=LINE('',#2235,#2234);
#2237=CARTESIAN_POINT('',(1.309958434790E1,1.496353255236E1,-5.006494485443E1));
#2238=CARTESIAN_POINT('',(1.310335258533E1,1.505902707765E1,-4.994525532126E1));
#2239=CARTESIAN_POINT('',(1.311165878283E1,1.524160319491E1,-4.969919245676E1));
#2240=CARTESIAN_POINT('',(1.312318276288E1,1.548762759094E1,-4.931090573073E1));
#2241=CARTESIAN_POINT('',(1.313027852709E1,1.563241480980E1,-4.904083203662E1));
#2242=CARTESIAN_POINT('',(1.313431538504E1,1.569989560753E1,-4.890339465840E1));
#2244=DIRECTION('',(-9.999938624593E-1,3.042129116941E-3,-1.737956881782E-3));
#2245=VECTOR('',#2244,3.431559565554E-2);
#2246=CARTESIAN_POINT('',(1.313431538504E1,1.569989560753E1,-4.890339465840E1));
#2247=LINE('',#2246,#2245);
#2248=CARTESIAN_POINT('',(1.309996882228E1,4.492759035164E0,-4.775784863422E1));
#2249=CARTESIAN_POINT('',(1.310909896084E1,4.590423951148E0,-4.808322473994E1));
#2250=CARTESIAN_POINT('',(1.312710204882E1,4.845063895257E0,-4.871913660158E1));
#2251=CARTESIAN_POINT('',(1.315557464280E1,5.394799187503E0,-4.959846940106E1));
#2252=CARTESIAN_POINT('',(1.318585056164E1,6.096208472384E0,-5.036938231750E1));
#2253=CARTESIAN_POINT('',(1.321401316300E1,6.927208028877E0,-5.100175832342E1));
#2254=CARTESIAN_POINT('',(1.324154916335E1,7.856683717187E0,-5.147292361274E1));
#2255=CARTESIAN_POINT('',(1.327072907247E1,8.850309606320E0,-5.176979278101E1));
#2256=CARTESIAN_POINT('',(1.329094992889E1,9.530684109032E0,-5.184510502277E1));
#2257=CARTESIAN_POINT('',(1.329999840449E1,9.870318047232E0,-5.185325522742E1));
#2259=CARTESIAN_POINT('',(1.329996664775E1,1.569998229305E1,-4.824919936001E1));
#2260=CARTESIAN_POINT('',(1.328335968792E1,1.569998229305E1,-4.832187062770E1));
#2261=CARTESIAN_POINT('',(1.324885276776E1,1.569999434424E1,-4.846717771067E1));
#2262=CARTESIAN_POINT('',(1.319322564457E1,1.570004635556E1,-4.868516402439E1));
#2263=CARTESIAN_POINT('',(1.315453880151E1,1.569989560753E1,-4.883069663354E1));
#2264=CARTESIAN_POINT('',(1.313431538504E1,1.569989560753E1,-4.890339465840E1));
#2266=DIRECTION('',(9.999999860406E-1,1.643889094131E-4,2.991847207667E-5));
#2267=VECTOR('',#2266,1.746442942317E-1);
#2268=CARTESIAN_POINT('',(1.31E1,4.300554593841E0,-4.686135900003E1));
#2269=LINE('',#2268,#2267);
#2270=DIRECTION('',(-9.999999927514E-1,-1.199736197817E-4,1.017062755971E-5));
#2271=VECTOR('',#2270,1.326206509893E-1);
#2272=CARTESIAN_POINT('',(1.323262065003E1,4.300882954013E0,-4.534827148689E1));
#2273=LINE('',#2272,#2271);
#2274=CARTESIAN_POINT('',(1.330001743225E1,4.492749167200E0,-4.775785032149E1));
#2275=CARTESIAN_POINT('',(1.329724308572E1,4.463490880826E0,-4.766037471129E1));
#2276=CARTESIAN_POINT('',(1.329167893735E1,4.410212155743E0,-4.746370711833E1));
#2277=CARTESIAN_POINT('',(1.328319691710E1,4.345699651172E0,-4.716450850853E1));
#2278=CARTESIAN_POINT('',(1.327761970208E1,4.313776613357E0,-4.696269474526E1));
#2279=CARTESIAN_POINT('',(1.327464429179E1,4.300583303426E0,-4.686135377494E1));
#2281=CARTESIAN_POINT('',(1.327464429179E1,4.300583303426E0,-4.686135377494E1));
#2282=CARTESIAN_POINT('',(1.327720541152E1,4.300583303426E0,-4.688612257029E1));
#2283=CARTESIAN_POINT('',(1.328264434683E1,4.299731494930E0,-4.693572114717E1));
#2284=CARTESIAN_POINT('',(1.329111821263E1,4.300064812606E0,-4.700984909251E1));
#2285=CARTESIAN_POINT('',(1.329696876915E1,4.300027773965E0,-4.705926224788E1));
#2286=CARTESIAN_POINT('',(1.330004920961E1,4.300027773965E0,-4.708394016651E1));
#2288=DIRECTION('',(-2.852545234603E-6,1.475818912982E-6,-9.999999999948E-1));
#2289=VECTOR('',#2288,5.325490182010E0);
#2290=CARTESIAN_POINT('',(1.310001519120E1,1.569999214054E1,-4.357796411545E1));
#2291=LINE('',#2290,#2289);
#2292=CARTESIAN_POINT('',(1.956050880539E1,1.669938500977E1,-4.924656219441E1));
#2293=CARTESIAN_POINT('',(1.952206487642E1,1.669938500977E1,-4.907557453799E1));
#2294=CARTESIAN_POINT('',(1.945200075550E1,1.670026167012E1,-4.873539752165E1));
#2295=CARTESIAN_POINT('',(1.936500103472E1,1.670000663991E1,-4.822958741540E1));
#2296=CARTESIAN_POINT('',(1.931935337085E1,1.669981006012E1,-4.789567719026E1));
#2297=CARTESIAN_POINT('',(1.930033526093E1,1.669981006012E1,-4.772943240617E1));
#2299=CARTESIAN_POINT('',(1.930033526093E1,1.669981006012E1,-4.772943240617E1));
#2300=CARTESIAN_POINT('',(1.930033526093E1,1.661780608159E1,-4.813554719669E1));
#2301=CARTESIAN_POINT('',(1.929984440033E1,1.638423834149E1,-4.892722650899E1));
#2302=CARTESIAN_POINT('',(1.930004170747E1,1.580940175829E1,-5.007038850820E1));
#2303=CARTESIAN_POINT('',(1.929998876979E1,1.501592840084E1,-5.110897012606E1));
#2304=CARTESIAN_POINT('',(1.930000321335E1,1.402551366573E1,-5.199907780491E1));
#2305=CARTESIAN_POINT('',(1.929999837680E1,1.287239183655E1,-5.269644890762E1));
#2306=CARTESIAN_POINT('',(1.930000327943E1,1.162867259669E1,-5.315709001416E1));
#2307=CARTESIAN_POINT('',(1.929998850547E1,1.035590907347E1,-5.338251331304E1));
#2308=CARTESIAN_POINT('',(1.930004269869E1,9.017020638697E0,-5.337860420962E1));
#2309=CARTESIAN_POINT('',(1.929984069979E1,7.692515553006E0,-5.312558340141E1));
#2310=CARTESIAN_POINT('',(1.930034323471E1,6.848666217155E0,-5.279659668433E1));
#2311=CARTESIAN_POINT('',(1.930034323471E1,6.435530467727E0,-5.258852780116E1));
#2313=DIRECTION('',(9.999944207361E-1,3.065796622499E-3,1.326419124809E-3));
#2314=VECTOR('',#2313,1.389881755782E-1);
#2315=CARTESIAN_POINT('',(1.93E1,3.300837770720E0,-4.924645473571E1));
#2316=LINE('',#2315,#2314);
#2317=DIRECTION('',(-9.999998275756E-1,4.921622305338E-4,-3.203514771555E-4));
#2318=VECTOR('',#2317,2.391640227098E-1);
#2319=CARTESIAN_POINT('',(1.979967278687E1,1.669926730227E1,-4.924648557786E1));
#2320=LINE('',#2319,#2318);
#2321=CARTESIAN_POINT('',(1.956050880539E1,1.669938500977E1,-4.924656219441E1));
#2322=CARTESIAN_POINT('',(1.955096559647E1,1.650942433475E1,-4.965395658685E1));
#2323=CARTESIAN_POINT('',(1.953103889367E1,1.605409231091E1,-5.043185154444E1));
#2324=CARTESIAN_POINT('',(1.950236168353E1,1.516982831139E1,-5.145160093563E1));
#2325=CARTESIAN_POINT('',(1.947342904531E1,1.411953544846E1,-5.229710265543E1));
#2326=CARTESIAN_POINT('',(1.944452542240E1,1.293476537190E1,-5.294377120722E1));
#2327=CARTESIAN_POINT('',(1.941554457791E1,1.164830630815E1,-5.335935754196E1));
#2328=CARTESIAN_POINT('',(1.938663058134E1,1.031025417292E1,-5.353489505230E1));
#2329=CARTESIAN_POINT('',(1.935786078201E1,8.965176492309E0,-5.347246271902E1));
#2330=CARTESIAN_POINT('',(1.932875272809E1,7.654261962405E0,-5.316602860530E1));
#2331=CARTESIAN_POINT('',(1.931005459904E1,6.828751358204E0,-5.280538185279E1));
#2332=CARTESIAN_POINT('',(1.930034323471E1,6.435530467727E0,-5.258852780116E1));
#2334=CARTESIAN_POINT('',(1.930034323471E1,6.435530467727E0,-5.258852780116E1));
#2335=CARTESIAN_POINT('',(1.930034323471E1,6.092807754375E0,-5.239952256066E1));
#2336=CARTESIAN_POINT('',(1.929984064103E1,5.447288636586E0,-5.197150260023E1));
#2337=CARTESIAN_POINT('',(1.930004290434E1,4.579018336970E0,-5.118807241759E1));
#2338=CARTESIAN_POINT('',(1.929998774162E1,3.850011493996E0,-5.027315422577E1));
#2339=CARTESIAN_POINT('',(1.93E1,3.466514586751E0,-4.960087047958E1));
#2340=CARTESIAN_POINT('',(1.93E1,3.300837770720E0,-4.924645473571E1));
#2342=CARTESIAN_POINT('',(1.943898740013E1,3.301263880199E0,-4.924627037914E1));
#2343=CARTESIAN_POINT('',(1.948239333338E1,3.301263880199E0,-4.905336659056E1));
#2344=CARTESIAN_POINT('',(1.955951901677E1,3.299448249571E0,-4.866918568145E1));
#2345=CARTESIAN_POINT('',(1.965524766966E1,3.300035306203E0,-4.809233501295E1));
#2346=CARTESIAN_POINT('',(1.970199324372E1,3.300285452480E0,-4.771679331564E1));
#2347=CARTESIAN_POINT('',(1.972050563354E1,3.300285452480E0,-4.753040185932E1));
#2349=CARTESIAN_POINT('',(1.972050563354E1,3.300285452480E0,-4.753040185932E1));
#2350=CARTESIAN_POINT('',(1.972936526017E1,3.386566581385E0,-4.793588737401E1));
#2351=CARTESIAN_POINT('',(1.974665098435E1,3.632277947445E0,-4.872985234625E1));
#2352=CARTESIAN_POINT('',(1.977751261205E1,4.207484834356E0,-4.983037799958E1));
#2353=CARTESIAN_POINT('',(1.980794151738E1,4.968776908462E0,-5.080787000182E1));
#2354=CARTESIAN_POINT('',(1.983431326888E1,5.895247991265E0,-5.163610448636E1));
#2355=CARTESIAN_POINT('',(1.986239721844E1,6.972785339856E0,-5.229260256038E1));
#2356=CARTESIAN_POINT('',(1.989317001382E1,8.146273643658E0,-5.273811700970E1));
#2357=CARTESIAN_POINT('',(1.992345560675E1,9.360739239552E0,-5.296162857641E1));
#2358=CARTESIAN_POINT('',(1.994967085318E1,1.059556427679E1,-5.296667124891E1));
#2359=CARTESIAN_POINT('',(1.997767473934E1,1.183245489489E1,-5.274463317783E1));
#2360=CARTESIAN_POINT('',(2.000824732009E1,1.299819712118E1,-5.230533855604E1));
#2361=CARTESIAN_POINT('',(2.003875587279E1,1.406506827633E1,-5.166475905906E1));
#2362=CARTESIAN_POINT('',(2.006523830913E1,1.500491048389E1,-5.083814868907E1));
#2363=CARTESIAN_POINT('',(2.009369668969E1,1.579017607263E1,-4.983730497712E1));
#2364=CARTESIAN_POINT('',(2.012454651090E1,1.637109088597E1,-4.872201335515E1));
#2365=CARTESIAN_POINT('',(2.014504271301E1,1.661473944286E1,-4.793108184985E1));
#2366=CARTESIAN_POINT('',(2.015424947511E1,1.669998807942E1,-4.753044862088E1));
#2368=CARTESIAN_POINT('',(2.015424947511E1,1.669998807942E1,-4.753044862088E1));
#2369=CARTESIAN_POINT('',(2.012784357519E1,1.669998807942E1,-4.771621062596E1));
#2370=CARTESIAN_POINT('',(2.006605418732E1,1.669990786991E1,-4.809096411975E1));
#2371=CARTESIAN_POINT('',(1.994612863481E1,1.670034033620E1,-4.866352690102E1));
#2372=CARTESIAN_POINT('',(1.985171779403E1,1.669926730227E1,-4.905114180400E1));
#2373=CARTESIAN_POINT('',(1.979967278687E1,1.669926730227E1,-4.924648557786E1));
#2375=CARTESIAN_POINT('',(1.979967278687E1,1.669926730227E1,-4.924648557786E1));
#2376=CARTESIAN_POINT('',(1.978918187724E1,1.651940763947E1,-4.963221708805E1));
#2377=CARTESIAN_POINT('',(1.976952556489E1,1.608837267322E1,-5.037177130235E1));
#2378=CARTESIAN_POINT('',(1.974367722105E1,1.526475740058E1,-5.135670778330E1));
#2379=CARTESIAN_POINT('',(1.971835349508E1,1.428278444560E1,-5.218551879725E1));
#2380=CARTESIAN_POINT('',(1.968880654383E1,1.317240557001E1,-5.283039815358E1));
#2381=CARTESIAN_POINT('',(1.965966042522E1,1.196928613757E1,-5.327452759817E1));
#2382=CARTESIAN_POINT('',(1.963317523421E1,1.070792774268E1,-5.350696420409E1));
#2383=CARTESIAN_POINT('',(1.960814370309E1,9.420982449517E0,-5.352007990091E1));
#2384=CARTESIAN_POINT('',(1.957908946459E1,8.147239010209E0,-5.330720027804E1));
#2385=CARTESIAN_POINT('',(1.954927437319E1,6.926684299120E0,-5.287694617654E1));
#2386=CARTESIAN_POINT('',(1.952152318905E1,5.775973252557E0,-5.222687737083E1));
#2387=CARTESIAN_POINT('',(1.949634110313E1,4.764897863843E0,-5.138972140595E1));
#2388=CARTESIAN_POINT('',(1.946647919308E1,3.919442833873E0,-5.038859746439E1));
#2389=CARTESIAN_POINT('',(1.944836089694E1,3.484012551408E0,-4.963720622520E1));
#2390=CARTESIAN_POINT('',(1.943898740013E1,3.301263880199E0,-4.924627037914E1));
#2392=DIRECTION('',(9.999998408117E-1,-5.628766765022E-4,3.932403678614E-5));
#2393=VECTOR('',#2392,1.256070201606E-1);
#2394=CARTESIAN_POINT('',(1.972050563354E1,3.300285452480E0,-4.753040185932E1));
#2395=LINE('',#2394,#2393);
#2396=CARTESIAN_POINT('',(1.984611263370E1,3.300214751218E0,-4.753039691994E1));
#2397=CARTESIAN_POINT('',(1.985568845138E1,3.386718422556E0,-4.793692829175E1));
#2398=CARTESIAN_POINT('',(1.987453633689E1,3.633750789912E0,-4.873306882957E1));
#2399=CARTESIAN_POINT('',(1.990342190341E1,4.208390478028E0,-4.983280928559E1));
#2400=CARTESIAN_POINT('',(1.993232831270E1,4.978844458629E0,-5.081848955700E1));
#2401=CARTESIAN_POINT('',(1.996078550698E1,5.896584387009E0,-5.163659616733E1));
#2402=CARTESIAN_POINT('',(1.999003946914E1,6.976410736792E0,-5.229412253497E1));
#2403=CARTESIAN_POINT('',(2.001884045580E1,8.140120084113E0,-5.273628359965E1));
#2404=CARTESIAN_POINT('',(2.004763988409E1,9.363824872972E0,-5.296242517613E1));
#2405=CARTESIAN_POINT('',(2.007621055379E1,1.059859281753E1,-5.296617656120E1));
#2406=CARTESIAN_POINT('',(2.010531385978E1,1.183662004115E1,-5.274411967061E1));
#2407=CARTESIAN_POINT('',(2.013441934966E1,1.301290557912E1,-5.229838791357E1));
#2408=CARTESIAN_POINT('',(2.016306966282E1,1.407307413913E1,-5.165866044660E1));
#2409=CARTESIAN_POINT('',(2.019199875814E1,1.501023300024E1,-5.083135826914E1));
#2410=CARTESIAN_POINT('',(2.022098137805E1,1.578406022052E1,-4.984601078671E1));
#2411=CARTESIAN_POINT('',(2.025030043402E1,1.637103263933E1,-4.872371259740E1));
#2412=CARTESIAN_POINT('',(2.026943116234E1,1.661455831716E1,-4.793199173493E1));
#2413=CARTESIAN_POINT('',(2.027899322153E1,1.669999992239E1,-4.753045163327E1));
#2415=DIRECTION('',(-9.999999952018E-1,-9.493835468945E-5,2.414863035383E-5));
#2416=VECTOR('',#2415,1.247437470145E-1);
#2417=CARTESIAN_POINT('',(2.027899322153E1,1.669999992239E1,-4.753045163327E1));
#2418=LINE('',#2417,#2416);
#2419=CARTESIAN_POINT('',(1.984611263370E1,3.300214751218E0,-4.753039691994E1));
#2420=CARTESIAN_POINT('',(1.987304638789E1,3.300214751218E0,-4.771908465490E1));
#2421=CARTESIAN_POINT('',(1.993660397650E1,3.300025149878E0,-4.809755071532E1));
#2422=CARTESIAN_POINT('',(2.005462608788E1,3.299589848601E0,-4.867065482437E1));
#2423=CARTESIAN_POINT('',(2.014901819494E1,3.300940253346E0,-4.905383174112E1));
#2424=CARTESIAN_POINT('',(2.019983711207E1,3.300940253346E0,-4.924640122655E1));
#2426=CARTESIAN_POINT('',(2.056057158932E1,1.669938438073E1,-4.924656268201E1));
#2427=CARTESIAN_POINT('',(2.051645651353E1,1.669938438073E1,-4.905171432241E1));
#2428=CARTESIAN_POINT('',(2.043748834359E1,1.670028727864E1,-4.866489819363E1));
#2429=CARTESIAN_POINT('',(2.034230713200E1,1.669991795365E1,-4.809185492591E1));
#2430=CARTESIAN_POINT('',(2.029711810441E1,1.669999992239E1,-4.771657846402E1));
#2431=CARTESIAN_POINT('',(2.027899322153E1,1.669999992239E1,-4.753045163327E1));
#2433=DIRECTION('',(9.999991756061E-1,1.183502244797E-3,4.981059300057E-4));
#2434=VECTOR('',#2433,2.393766159443E-1);
#2435=CARTESIAN_POINT('',(2.019983711207E1,3.300940253346E0,-4.924640122655E1));
#2436=LINE('',#2435,#2434);
#2437=DIRECTION('',(-9.999993813815E-1,9.591361676463E-4,-5.632889310507E-4));
#2438=VECTOR('',#2437,2.388216349489E-1);
#2439=CARTESIAN_POINT('',(2.079939307653E1,1.669915531827E1,-4.924642815643E1));
#2440=LINE('',#2439,#2438);
#2441=CARTESIAN_POINT('',(2.056057158932E1,1.669938438073E1,-4.924656268201E1));
#2442=CARTESIAN_POINT('',(2.055222306582E1,1.651856737286E1,-4.963434458647E1));
#2443=CARTESIAN_POINT('',(2.053198949051E1,1.608717422992E1,-5.037973361445E1));
#2444=CARTESIAN_POINT('',(2.050477075272E1,1.524529587465E1,-5.137432329316E1));
#2445=CARTESIAN_POINT('',(2.047658064090E1,1.424094189763E1,-5.221143493916E1));
#2446=CARTESIAN_POINT('',(2.044866277779E1,1.310967713567E1,-5.286241540359E1));
#2447=CARTESIAN_POINT('',(2.042081469737E1,1.188708244460E1,-5.329799967615E1));
#2448=CARTESIAN_POINT('',(2.039327911573E1,1.061950304350E1,-5.351174689673E1));
#2449=CARTESIAN_POINT('',(2.036590830342E1,9.341839393709E0,-5.350997772983E1));
#2450=CARTESIAN_POINT('',(2.033856145885E1,8.085255246270E0,-5.329200447767E1));
#2451=CARTESIAN_POINT('',(2.031111228528E1,6.882245669284E0,-5.285402716417E1));
#2452=CARTESIAN_POINT('',(2.028355336400E1,5.765929885854E0,-5.221442751471E1));
#2453=CARTESIAN_POINT('',(2.025583316189E1,4.767871952886E0,-5.139081364544E1));
#2454=CARTESIAN_POINT('',(2.022793256572E1,3.926830631915E0,-5.039866711306E1));
#2455=CARTESIAN_POINT('',(2.020918837470E1,3.486205385965E0,-4.964264776866E1));
#2456=CARTESIAN_POINT('',(2.019983711207E1,3.300940253346E0,-4.924640122655E1));
#2458=CARTESIAN_POINT('',(2.043921353068E1,3.301223556108E0,-4.924628199164E1));
#2459=CARTESIAN_POINT('',(2.048278753147E1,3.301223556108E0,-4.905468952123E1));
#2460=CARTESIAN_POINT('',(2.056078730063E1,3.299429657895E0,-4.867234246538E1));
#2461=CARTESIAN_POINT('',(2.065871340430E1,3.300160863205E0,-4.808622805487E1));
#2462=CARTESIAN_POINT('',(2.070319413893E1,3.300004880592E0,-4.771410194119E1));
#2463=CARTESIAN_POINT('',(2.072099834706E1,3.300004880592E0,-4.753045081594E1));
#2465=CARTESIAN_POINT('',(2.072099834706E1,3.300004880592E0,-4.753045081594E1));
#2466=CARTESIAN_POINT('',(2.073084269820E1,3.386323447127E0,-4.793611227196E1));
#2467=CARTESIAN_POINT('',(2.074869103377E1,3.633083464086E0,-4.873118686890E1));
#2468=CARTESIAN_POINT('',(2.077580938611E1,4.207787747066E0,-4.983205942710E1));
#2469=CARTESIAN_POINT('',(2.080589710199E1,4.978912258598E0,-5.081869593071E1));
#2470=CARTESIAN_POINT('',(2.083675703562E1,5.898205319014E0,-5.163789540411E1));
#2471=CARTESIAN_POINT('',(2.086420397511E1,6.978359730775E0,-5.229501203371E1));
#2472=CARTESIAN_POINT('',(2.089129111436E1,8.141252765728E0,-5.273658424291E1));
#2473=CARTESIAN_POINT('',(2.092128204200E1,9.365840661944E0,-5.296271491369E1));
#2474=CARTESIAN_POINT('',(2.095224284608E1,1.060237329664E1,-5.296592172548E1));
#2475=CARTESIAN_POINT('',(2.097947029783E1,1.184035902056E1,-5.274301090562E1));
#2476=CARTESIAN_POINT('',(2.100688436376E1,1.301472935479E1,-5.229738448642E1));
#2477=CARTESIAN_POINT('',(2.103675019174E1,1.407459981196E1,-5.165767791376E1));
#2478=CARTESIAN_POINT('',(2.106811730428E1,1.501440957537E1,-5.082740702613E1));
#2479=CARTESIAN_POINT('',(2.109526786049E1,1.579004081425E1,-4.983710688602E1));
#2480=CARTESIAN_POINT('',(2.112260611810E1,1.637508075070E1,-4.871346427369E1));
#2481=CARTESIAN_POINT('',(2.114359031198E1,1.661523875451E1,-4.792749819034E1));
#2482=CARTESIAN_POINT('',(2.115380373751E1,1.669973859096E1,-4.753038401128E1));
#2484=CARTESIAN_POINT('',(2.115380373751E1,1.669973859096E1,-4.753038401128E1));
#2485=CARTESIAN_POINT('',(2.112670157238E1,1.669973859096E1,-4.771752495114E1));
#2486=CARTESIAN_POINT('',(2.106299821339E1,1.670000936665E1,-4.809397097312E1));
#2487=CARTESIAN_POINT('',(2.094343033168E1,1.670035933027E1,-4.866648025087E1));
#2488=CARTESIAN_POINT('',(2.085062360339E1,1.669915531827E1,-4.905243988307E1));
#2489=CARTESIAN_POINT('',(2.079939307653E1,1.669915531827E1,-4.924642815643E1));
#2491=CARTESIAN_POINT('',(2.079939307653E1,1.669915531827E1,-4.924642815643E1));
#2492=CARTESIAN_POINT('',(2.078986210286E1,1.651602104367E1,-4.963917969352E1));
#2493=CARTESIAN_POINT('',(2.077095204476E1,1.607805023254E1,-5.039102425545E1));
#2494=CARTESIAN_POINT('',(2.074497756110E1,1.523659894936E1,-5.138781275519E1));
#2495=CARTESIAN_POINT('',(2.071419752070E1,1.423376824727E1,-5.221939219305E1));
#2496=CARTESIAN_POINT('',(2.068535280416E1,1.309493762892E1,-5.286637948684E1));
#2497=CARTESIAN_POINT('',(2.065967095520E1,1.188479342317E1,-5.329822990558E1));
#2498=CARTESIAN_POINT('',(2.063389702383E1,1.061856075574E1,-5.351678674663E1));
#2499=CARTESIAN_POINT('',(2.060388589332E1,9.330565179796E0,-5.351094102511E1));
#2500=CARTESIAN_POINT('',(2.057498599489E1,8.061067303940E0,-5.328328130839E1));
#2501=CARTESIAN_POINT('',(2.054879085387E1,6.848952477508E0,-5.284072208139E1));
#2502=CARTESIAN_POINT('',(2.052341610334E1,5.731703900757E0,-5.219607823638E1));
#2503=CARTESIAN_POINT('',(2.049381290481E1,4.744135378101E0,-5.136603916792E1));
#2504=CARTESIAN_POINT('',(2.046411457949E1,3.915254236901E0,-5.037829706216E1));
#2505=CARTESIAN_POINT('',(2.044736545650E1,3.482591465130E0,-4.963419312086E1));
#2506=CARTESIAN_POINT('',(2.043921353068E1,3.301223556108E0,-4.924628199164E1));
#2508=DIRECTION('',(9.999999265661E-1,3.707128714139E-4,9.715815662672E-5));
#2509=VECTOR('',#2508,1.248222252037E-1);
#2510=CARTESIAN_POINT('',(2.072099834706E1,3.300004880592E0,-4.753045081594E1));
#2511=LINE('',#2510,#2509);
#2512=CARTESIAN_POINT('',(2.084582056310E1,3.300051153798E0,-4.753043868844E1));
#2513=CARTESIAN_POINT('',(2.085499133132E1,3.386003015626E0,-4.793437678446E1));
#2514=CARTESIAN_POINT('',(2.087473658736E1,3.631281694315E0,-4.872971138449E1));
#2515=CARTESIAN_POINT('',(2.090386467396E1,4.219716621455E0,-4.985229224821E1));
#2516=CARTESIAN_POINT('',(2.093297363808E1,4.997119871307E0,-5.083851706798E1));
#2517=CARTESIAN_POINT('',(2.096162482137E1,5.926136110317E0,-5.165805213919E1));
#2518=CARTESIAN_POINT('',(2.099046247468E1,6.993258371121E0,-5.230126058296E1));
#2519=CARTESIAN_POINT('',(2.101922471754E1,8.156000185697E0,-5.274124289330E1));
#2520=CARTESIAN_POINT('',(2.104821019948E1,9.388377245524E0,-5.296472777196E1));
#2521=CARTESIAN_POINT('',(2.107665149747E1,1.061763659658E1,-5.296417028633E1));
#2522=CARTESIAN_POINT('',(2.110558787986E1,1.184766589765E1,-5.273987451056E1));
#2523=CARTESIAN_POINT('',(2.113423069432E1,1.300560965589E1,-5.230185998573E1));
#2524=CARTESIAN_POINT('',(2.116317194926E1,1.407659558374E1,-5.165611536746E1));
#2525=CARTESIAN_POINT('',(2.119174556490E1,1.500229667026E1,-5.083890778396E1));
#2526=CARTESIAN_POINT('',(2.122080584109E1,1.578018203791E1,-4.985235251518E1));
#2527=CARTESIAN_POINT('',(2.125010791757E1,1.636764466158E1,-4.873226247356E1));
#2528=CARTESIAN_POINT('',(2.126930173318E1,1.661363462094E1,-4.793549322401E1));
#2529=CARTESIAN_POINT('',(2.127929575537E1,1.669982750779E1,-4.753042241039E1));
#2531=DIRECTION('',(-9.999997021672E-1,-7.085454580508E-4,3.059884368533E-4));
#2532=VECTOR('',#2531,1.254920552376E-1);
#2533=CARTESIAN_POINT('',(2.127929575537E1,1.669982750779E1,-4.753042241039E1));
#2534=LINE('',#2533,#2532);
#2535=CARTESIAN_POINT('',(2.084582056310E1,3.300051153798E0,-4.753043868844E1));
#2536=CARTESIAN_POINT('',(2.087239528787E1,3.300051153798E0,-4.771772639735E1));
#2537=CARTESIAN_POINT('',(2.093461550364E1,3.300115076144E0,-4.809445325746E1));
#2538=CARTESIAN_POINT('',(2.105373672282E1,3.299520502798E0,-4.866743160072E1));
#2539=CARTESIAN_POINT('',(2.114849413109E1,3.301042109375E0,-4.905247818556E1));
#2540=CARTESIAN_POINT('',(2.120000347574E1,3.301042109375E0,-4.924634910061E1));
#2542=CARTESIAN_POINT('',(2.156022128474E1,1.669960352808E1,-4.924665732328E1));
#2543=CARTESIAN_POINT('',(2.151684911936E1,1.669960352808E1,-4.905481743560E1));
#2544=CARTESIAN_POINT('',(2.143777858454E1,1.670016202127E1,-4.867223098821E1));
#2545=CARTESIAN_POINT('',(2.134395550814E1,1.670002763344E1,-4.809877027470E1));
#2546=CARTESIAN_POINT('',(2.129756605184E1,1.669982750779E1,-4.771956746679E1));
#2547=CARTESIAN_POINT('',(2.127929575537E1,1.669982750779E1,-4.753042241039E1));
#2549=DIRECTION('',(9.999998714801E-1,-4.500658540869E-4,-2.334105844732E-4));
#2550=VECTOR('',#2549,2.397857173215E-1);
#2551=CARTESIAN_POINT('',(2.120000347574E1,3.301042109375E0,-4.924634910061E1));
#2552=LINE('',#2551,#2550);
#2553=DIRECTION('',(-9.999999415289E-1,3.034668974532E-4,-1.576391219824E-4));
#2554=VECTOR('',#2553,2.398377734257E-1);
#2555=CARTESIAN_POINT('',(2.180005904414E1,1.669953074526E1,-4.924661951546E1));
#2556=LINE('',#2555,#2554);
#2557=CARTESIAN_POINT('',(2.156022128474E1,1.669960352808E1,-4.924665732328E1));
#2558=CARTESIAN_POINT('',(2.155176652578E1,1.651901754074E1,-4.963393119863E1));
#2559=CARTESIAN_POINT('',(2.153223396160E1,1.608775396222E1,-5.037854234526E1));
#2560=CARTESIAN_POINT('',(2.150473818393E1,1.524608473823E1,-5.137345735383E1));
#2561=CARTESIAN_POINT('',(2.147660558902E1,1.424135356054E1,-5.221133289191E1));
#2562=CARTESIAN_POINT('',(2.144864405993E1,1.310918642402E1,-5.286286040824E1));
#2563=CARTESIAN_POINT('',(2.142077938492E1,1.188540470603E1,-5.329829198741E1));
#2564=CARTESIAN_POINT('',(2.139323074877E1,1.061722383993E1,-5.351192844872E1));
#2565=CARTESIAN_POINT('',(2.136586080380E1,9.339565925665E0,-5.350993643552E1));
#2566=CARTESIAN_POINT('',(2.133852157390E1,8.083638920294E0,-5.329149557693E1));
#2567=CARTESIAN_POINT('',(2.131110568109E1,6.881661836136E0,-5.285351865351E1));
#2568=CARTESIAN_POINT('',(2.128352827532E1,5.766194971469E0,-5.221460194673E1));
#2569=CARTESIAN_POINT('',(2.125597979727E1,4.768590552631E0,-5.139171647840E1));
#2570=CARTESIAN_POINT('',(2.122750155277E1,3.927650105955E0,-5.039965123767E1));
#2571=CARTESIAN_POINT('',(2.121018567320E1,3.486560661313E0,-4.964302557765E1));
#2572=CARTESIAN_POINT('',(2.120000347574E1,3.301042109375E0,-4.924634910061E1));
#2574=CARTESIAN_POINT('',(2.143978916224E1,3.300934190012E0,-4.924640506913E1));
#2575=CARTESIAN_POINT('',(2.148303330102E1,3.300934190012E0,-4.905459135674E1));
#2576=CARTESIAN_POINT('',(2.156199009932E1,3.299611296228E0,-4.867242936536E1));
#2577=CARTESIAN_POINT('',(2.165498012769E1,3.299959178184E0,-4.809920058056E1));
#2578=CARTESIAN_POINT('',(2.170220739519E1,3.300354386753E0,-4.771979340417E1));
#2579=CARTESIAN_POINT('',(2.172038542535E1,3.300354386753E0,-4.753039199834E1));
#2581=CARTESIAN_POINT('',(2.172038542535E1,3.300354386753E0,-4.753039199834E1));
#2582=CARTESIAN_POINT('',(2.173066203060E1,3.386586813143E0,-4.793564863141E1));
#2583=CARTESIAN_POINT('',(2.174968892457E1,3.632293565938E0,-4.873246034515E1));
#2584=CARTESIAN_POINT('',(2.177878595783E1,4.220119213815E0,-4.985243692145E1));
#2585=CARTESIAN_POINT('',(2.180537925359E1,4.995082977460E0,-5.083609280940E1));
#2586=CARTESIAN_POINT('',(2.183463668478E1,5.921877815154E0,-5.165490287542E1));
#2587=CARTESIAN_POINT('',(2.186608792811E1,6.990274388737E0,-5.230009760104E1));
#2588=CARTESIAN_POINT('',(2.189393094738E1,8.157727393037E0,-5.274201951522E1));
#2589=CARTESIAN_POINT('',(2.192084812381E1,9.393494203295E0,-5.296529334077E1));
#2590=CARTESIAN_POINT('',(2.194997012692E1,1.062439816085E1,-5.296371913410E1));
#2591=CARTESIAN_POINT('',(2.198161227366E1,1.185895504689E1,-5.273715552500E1));
#2592=CARTESIAN_POINT('',(2.200925802853E1,1.302288945530E1,-5.229387437193E1));
#2593=CARTESIAN_POINT('',(2.203620450940E1,1.409434838779E1,-5.164297031135E1));
#2594=CARTESIAN_POINT('',(2.206528502736E1,1.501442165076E1,-5.082555756227E1));
#2595=CARTESIAN_POINT('',(2.209707733735E1,1.578587516102E1,-4.984260289699E1));
#2596=CARTESIAN_POINT('',(2.212393598635E1,1.636868058E1,-4.872906512375E1));
#2597=CARTESIAN_POINT('',(2.214416084115E1,1.661354265884E1,-4.793462220354E1));
#2598=CARTESIAN_POINT('',(2.215349881980E1,1.669956736725E1,-4.753034175879E1));
#2600=CARTESIAN_POINT('',(2.215349881980E1,1.669956736725E1,-4.753034175879E1));
#2601=CARTESIAN_POINT('',(2.212658835945E1,1.669956736725E1,-4.771938259305E1));
#2602=CARTESIAN_POINT('',(2.206194562638E1,1.670013932798E1,-4.809818748869E1));
#2603=CARTESIAN_POINT('',(2.194449653885E1,1.670016130118E1,-4.867142939255E1));
#2604=CARTESIAN_POINT('',(2.185062626299E1,1.669953074526E1,-4.905446601404E1));
#2605=CARTESIAN_POINT('',(2.180005904414E1,1.669953074526E1,-4.924661951546E1));
#2607=CARTESIAN_POINT('',(2.180005904414E1,1.669953074526E1,-4.924661951546E1));
#2608=CARTESIAN_POINT('',(2.179098357616E1,1.651798756023E1,-4.963594613955E1));
#2609=CARTESIAN_POINT('',(2.177246566544E1,1.608478417697E1,-5.038208603936E1));
#2610=CARTESIAN_POINT('',(2.174200325334E1,1.524509772529E1,-5.137669507282E1));
#2611=CARTESIAN_POINT('',(2.171386563533E1,1.424392961729E1,-5.221220098806E1));
#2612=CARTESIAN_POINT('',(2.168810532154E1,1.310250350847E1,-5.286491746618E1));
#2613=CARTESIAN_POINT('',(2.166111297423E1,1.188707214846E1,-5.329886683790E1));
#2614=CARTESIAN_POINT('',(2.163079154808E1,1.061402086072E1,-5.351561376986E1));
#2615=CARTESIAN_POINT('',(2.160258265740E1,9.322958346567E0,-5.350971624325E1));
#2616=CARTESIAN_POINT('',(2.157701730677E1,8.052240707647E0,-5.328222673625E1));
#2617=CARTESIAN_POINT('',(2.155068217931E1,6.839284003818E0,-5.283775517358E1));
#2618=CARTESIAN_POINT('',(2.152044333801E1,5.723261006194E0,-5.218825617021E1));
#2619=CARTESIAN_POINT('',(2.149181094991E1,4.736800144326E0,-5.135713093712E1));
#2620=CARTESIAN_POINT('',(2.146604373852E1,3.908896157552E0,-5.037123481128E1));
#2621=CARTESIAN_POINT('',(2.144877870529E1,3.481072221619E0,-4.963157689704E1));
#2622=CARTESIAN_POINT('',(2.143978916224E1,3.300934190012E0,-4.924640506913E1));
#2624=DIRECTION('',(-9.999999090336E-1,-4.134087155097E-4,1.050048906581E-4));
#2625=VECTOR('',#2624,1.046501275396E0);
#2626=CARTESIAN_POINT('',(2.32E1,1.67E1,-4.753045164654E1));
#2627=LINE('',#2626,#2625);
#2628=DIRECTION('',(9.999975614515E-1,-2.186374771443E-3,-3.112177739382E-4));
#2629=VECTOR('',#2628,1.254870960898E-1);
#2630=CARTESIAN_POINT('',(2.172038542535E1,3.300354386753E0,-4.753039199834E1));
#2631=LINE('',#2630,#2629);
#2632=CARTESIAN_POINT('',(2.184587221544E1,3.300080024932E0,-4.753043105216E1));
#2633=CARTESIAN_POINT('',(2.185607772051E1,3.387140115792E0,-4.793957736490E1));
#2634=CARTESIAN_POINT('',(2.187359332923E1,3.636294993793E0,-4.874195447131E1));
#2635=CARTESIAN_POINT('',(2.190391088334E1,4.223415375148E0,-4.985713772440E1));
#2636=CARTESIAN_POINT('',(2.193359168400E1,5.003141002836E0,-5.084670667833E1));
#2637=CARTESIAN_POINT('',(2.195241524323E1,5.636153666985E0,-5.140075560111E1));
#2638=CARTESIAN_POINT('',(2.196250623370E1,5.972525539227E0,-5.164549237400E1));
#2640=DIRECTION('',(9.999996202485E-1,-8.586638486430E-4,-1.489941591662E-4));
#2641=VECTOR('',#2640,4.795673484219E-1);
#2642=CARTESIAN_POINT('',(2.272043283369E1,3.300411787145E0,-4.753038019381E1));
#2643=LINE('',#2642,#2641);
#2644=CARTESIAN_POINT('',(2.33E1,1.66E1,-4.751989107341E1));
#2645=CARTESIAN_POINT('',(2.33E1,1.661748228956E1,-4.752174419240E1));
#2646=CARTESIAN_POINT('',(2.329063030495E1,1.665234623969E1,-4.752543234699E1));
#2647=CARTESIAN_POINT('',(2.325237628113E1,1.669062169332E1,-4.752946621622E1));
#2648=CARTESIAN_POINT('',(2.321747591044E1,1.67E1,-4.753045164654E1));
#2649=CARTESIAN_POINT('',(2.32E1,1.67E1,-4.753045164654E1));
#2651=CARTESIAN_POINT('',(2.32E1,1.E1,-4.610479390360E1));
#2652=DIRECTION('',(-1.E0,0.E0,0.E0));
#2653=DIRECTION('',(0.E0,9.781021897810E-1,-2.081252179474E-1));
#2654=AXIS2_PLACEMENT_3D('',#2651,#2652,#2653);
#2656=CARTESIAN_POINT('',(2.184587221544E1,3.300080024932E0,-4.753043105216E1));
#2657=CARTESIAN_POINT('',(2.187280638358E1,3.300080024932E0,-4.771742038664E1));
#2658=CARTESIAN_POINT('',(2.193550520362E1,3.300124082893E0,-4.809374496726E1));
#2659=CARTESIAN_POINT('',(2.205490956304E1,3.299445672478E0,-4.866661359683E1));
#2660=CARTESIAN_POINT('',(2.214888456190E1,3.301210708957E0,-4.905212241905E1));
#2661=CARTESIAN_POINT('',(2.220021450665E1,3.301210708957E0,-4.924626539752E1));
#2663=CARTESIAN_POINT('',(2.220021450665E1,3.301210708957E0,-4.924626539752E1));
#2664=CARTESIAN_POINT('',(2.220921354398E1,3.476909706987E0,-4.962184067009E1));
#2665=CARTESIAN_POINT('',(2.222694201754E1,3.891484033257E0,-5.034324202637E1));
#2666=CARTESIAN_POINT('',(2.225336611403E1,4.686109637641E0,-5.130514188677E1));
#2667=CARTESIAN_POINT('',(2.227138489386E1,5.315446049368E0,-5.184794571393E1));
#2668=CARTESIAN_POINT('',(2.228026011279E1,5.650788709573E0,-5.209095756019E1));
#2670=DIRECTION('',(9.999997929294E-1,6.191882085734E-4,1.753486711780E-4));
#2671=VECTOR('',#2670,2.388908197019E-1);
#2672=CARTESIAN_POINT('',(2.220021450665E1,3.301210708957E0,-4.924626539752E1));
#2673=LINE('',#2672,#2671);
#2674=CARTESIAN_POINT('',(2.243910527689E1,3.301358627335E0,-4.924622350833E1));
#2675=CARTESIAN_POINT('',(2.248249241839E1,3.301358627335E0,-4.905277013595E1));
#2676=CARTESIAN_POINT('',(2.255990123654E1,3.299420878863E0,-4.866807563116E1));
#2677=CARTESIAN_POINT('',(2.265408548894E1,3.299988982977E0,-4.809513655475E1));
#2678=CARTESIAN_POINT('',(2.270188256050E1,3.300411787145E0,-4.771804189727E1));
#2679=CARTESIAN_POINT('',(2.272043283369E1,3.300411787145E0,-4.753038019381E1));
#2681=CARTESIAN_POINT('',(2.272043283369E1,3.300411787145E0,-4.753038019381E1));
#2682=CARTESIAN_POINT('',(2.272952320657E1,3.386883791979E0,-4.793676274618E1));
#2683=CARTESIAN_POINT('',(2.274647374577E1,3.633690964071E0,-4.873532293055E1));
#2684=CARTESIAN_POINT('',(2.277938505040E1,4.218303694215E0,-4.984926787155E1));
#2685=CARTESIAN_POINT('',(2.280792245243E1,4.998327862868E0,-5.084186276246E1));
#2686=CARTESIAN_POINT('',(2.282768224189E1,5.633154799965E0,-5.139870337830E1));
#2687=CARTESIAN_POINT('',(2.283699829596E1,5.973899874179E0,-5.164626916590E1));
#2689=CARTESIAN_POINT('',(2.251946245972E1,5.650884029100E0,-5.209085555585E1));
#2690=CARTESIAN_POINT('',(2.251071502886E1,5.315223894653E0,-5.184761374928E1));
#2691=CARTESIAN_POINT('',(2.249258816215E1,4.685820501351E0,-5.130402775708E1));
#2692=CARTESIAN_POINT('',(2.246623859133E1,3.890390107612E0,-5.034265043116E1));
#2693=CARTESIAN_POINT('',(2.244849872639E1,3.476947128437E0,-4.962156258198E1));
#2694=CARTESIAN_POINT('',(2.243910527689E1,3.301358627335E0,-4.924622350833E1));
#2696=CARTESIAN_POINT('',(2.283699829596E1,5.973899874179E0,-5.164626916590E1));
#2697=CARTESIAN_POINT('',(2.281027211342E1,6.272724203489E0,-5.186337774951E1));
#2698=CARTESIAN_POINT('',(2.275737186114E1,6.905388505066E0,-5.224993698100E1));
#2699=CARTESIAN_POINT('',(2.267638044811E1,7.941691459631E0,-5.266976321454E1));
#2700=CARTESIAN_POINT('',(2.262382035355E1,8.663000975973E0,-5.283310928544E1));
#2701=CARTESIAN_POINT('',(2.259731874569E1,9.027194466573E0,-5.288535995789E1));
#2703=CARTESIAN_POINT('',(2.259731874569E1,9.027194466573E0,-5.288535995789E1));
#2704=CARTESIAN_POINT('',(2.258858265776E1,8.646391438385E0,-5.289337808313E1));
#2705=CARTESIAN_POINT('',(2.257046490891E1,7.877143533088E0,-5.284484249211E1));
#2706=CARTESIAN_POINT('',(2.254511767858E1,6.735613250726E0,-5.257875980523E1));
#2707=CARTESIAN_POINT('',(2.252792082511E1,6.004608814798E0,-5.227332030989E1));
#2708=CARTESIAN_POINT('',(2.251946245972E1,5.650884029100E0,-5.209085555585E1));
#2710=DIRECTION('',(5.003044609055E-1,5.089386764939E-1,7.004833116975E-1));
#2711=VECTOR('',#2710,6.346851988229E-1);
#2712=CARTESIAN_POINT('',(2.251946245972E1,5.650884029100E0,-5.209085555585E1));
#2713=LINE('',#2712,#2711);
#2714=DIRECTION('',(-9.999999999999E-1,-4.151592137283E-7,1.804535294974E-7));
#2715=VECTOR('',#2714,2.399956938481E-1);
#2716=CARTESIAN_POINT('',(2.259731874569E1,9.027194466573E0,-5.288535995789E1));
#2717=LINE('',#2716,#2715);
#2718=CARTESIAN_POINT('',(2.235732305184E1,9.027194366937E0,-5.288535991458E1));
#2719=CARTESIAN_POINT('',(2.234871198943E1,8.651360767461E0,-5.289327340436E1));
#2720=CARTESIAN_POINT('',(2.233150591047E1,7.888892696533E0,-5.284566024091E1));
#2721=CARTESIAN_POINT('',(2.230532662666E1,6.735353173102E0,-5.257807022606E1));
#2722=CARTESIAN_POINT('',(2.228872031644E1,6.004201846512E0,-5.227326155390E1));
#2723=CARTESIAN_POINT('',(2.228026011279E1,5.650788709573E0,-5.209095756019E1));
#2725=DIRECTION('',(9.999998296797E-1,3.984890311835E-4,4.264353027412E-4));
#2726=VECTOR('',#2725,2.392023876665E-1);
#2727=CARTESIAN_POINT('',(2.228026011279E1,5.650788709573E0,-5.209095756019E1));
#2728=LINE('',#2727,#2726);
#2729=CARTESIAN_POINT('',(2.235732305184E1,9.027194366937E0,-5.288535991458E1));
#2730=CARTESIAN_POINT('',(2.231373481063E1,8.663068939897E0,-5.283311900718E1));
#2731=CARTESIAN_POINT('',(2.222694875812E1,7.941869076921E0,-5.266990212882E1));
#2732=CARTESIAN_POINT('',(2.209422553127E1,6.905441003272E0,-5.224967970230E1));
#2733=CARTESIAN_POINT('',(2.200683236440E1,6.273154235488E0,-5.186422319853E1));
#2734=CARTESIAN_POINT('',(2.196250623370E1,5.972525539227E0,-5.164549237400E1));
#2736=DIRECTION('',(5.005883316438E-1,-5.068630577981E-1,-7.017842708850E-1));
#2737=VECTOR('',#2736,6.347608583912E-1);
#2738=CARTESIAN_POINT('',(2.196250623370E1,5.972525539227E0,-5.164549237400E1));
#2739=LINE('',#2738,#2737);
#2740=CARTESIAN_POINT('',(2.309999937741E1,1.E1,-4.610479390360E1));
#2741=DIRECTION('',(1.E0,0.E0,0.E0));
#2742=DIRECTION('',(0.E0,-1.E0,0.E0));
#2743=AXIS2_PLACEMENT_3D('',#2740,#2741,#2742);
#2745=CARTESIAN_POINT('',(2.309999937741E1,1.E1,-4.610479390360E1));
#2746=DIRECTION('',(1.E0,0.E0,0.E0));
#2747=DIRECTION('',(0.E0,0.E0,-1.E0));
#2748=AXIS2_PLACEMENT_3D('',#2745,#2746,#2747);
#2750=DIRECTION('',(7.071034319042E-1,7.071101304531E-1,-2.414947794894E-10));
#2751=VECTOR('',#2750,2.828403716761E-1);
#2752=CARTESIAN_POINT('',(2.310000073348E1,1.570000135606E1,-4.610479390159E1));
#2753=LINE('',#2752,#2751);
#2754=CARTESIAN_POINT('',(2.309999937741E1,1.E1,-4.610479390360E1));
#2755=DIRECTION('',(1.E0,0.E0,0.E0));
#2756=DIRECTION('',(0.E0,1.E0,2.114935679509E-10));
#2757=AXIS2_PLACEMENT_3D('',#2754,#2755,#2756);
#2759=CARTESIAN_POINT('',(2.309999937741E1,1.E1,-4.610479390360E1));
#2760=DIRECTION('',(1.E0,0.E0,0.E0));
#2761=DIRECTION('',(0.E0,0.E0,1.E0));
#2762=AXIS2_PLACEMENT_3D('',#2759,#2760,#2761);
#2764=DIRECTION('',(7.071034319042E-1,-7.071101304531E-1,-1.896159831591E-9));
#2765=VECTOR('',#2764,2.828403716761E-1);
#2766=CARTESIAN_POINT('',(2.310000073348E1,4.299998643936E0,-4.610479390501E1));
#2767=LINE('',#2766,#2765);
#2768=CARTESIAN_POINT('',(2.23E1,1.569978069754E1,-4.605479390360E1));
#2769=CARTESIAN_POINT('',(2.23E1,1.569940221904E1,-4.601164901469E1));
#2770=CARTESIAN_POINT('',(2.228690041745E1,1.569774349135E1,-4.592994813450E1));
#2771=CARTESIAN_POINT('',(2.222801301500E1,1.569291445438E1,-4.581438714960E1));
#2772=CARTESIAN_POINT('',(2.213972391771E1,1.568757086699E1,-4.572625888147E1));
#2773=CARTESIAN_POINT('',(2.202405970229E1,1.568325781083E1,-4.566768531029E1));
#2774=CARTESIAN_POINT('',(2.194282616198E1,1.568220907746E1,-4.565479390360E1));
#2775=CARTESIAN_POINT('',(2.19E1,1.568220907746E1,-4.565479390360E1));
#2777=DIRECTION('',(-1.E0,1.236248340934E-13,0.E0));
#2778=VECTOR('',#2777,7.4E0);
#2779=CARTESIAN_POINT('',(2.19E1,1.568220907746E1,-4.565479390360E1));
#2780=LINE('',#2779,#2778);
#2781=DIRECTION('',(1.E0,-1.576818228219E-7,-1.640626512695E-10));
#2782=VECTOR('',#2781,8.600000733476E0);
#2783=CARTESIAN_POINT('',(1.45E1,4.3E0,-4.610479390360E1));
#2784=LINE('',#2783,#2782);
#2785=CARTESIAN_POINT('',(2.23E1,1.E1,-4.610479390360E1));
#2786=DIRECTION('',(-1.E0,0.E0,0.E0));
#2787=DIRECTION('',(0.E0,9.999615258834E-1,8.771929824561E-3));
#2788=AXIS2_PLACEMENT_3D('',#2785,#2786,#2787);
#2790=CARTESIAN_POINT('',(2.23E1,1.E1,-4.610479390360E1));
#2791=DIRECTION('',(-1.E0,0.E0,0.E0));
#2792=DIRECTION('',(0.E0,1.E0,0.E0));
#2793=AXIS2_PLACEMENT_3D('',#2790,#2791,#2792);
#2795=DIRECTION('',(0.E0,-1.E0,1.859042020876E-13));
#2796=VECTOR('',#2795,3.822090774609E-1);
#2797=CARTESIAN_POINT('',(2.19E1,1.568220907746E1,-4.655479390360E1));
#2798=LINE('',#2797,#2796);
#2799=DIRECTION('',(0.E0,1.E0,3.554662544427E-14));
#2800=VECTOR('',#2799,3.997806975371E-1);
#2801=CARTESIAN_POINT('',(2.23E1,1.53E1,-4.615479390360E1));
#2802=LINE('',#2801,#2800);
#2803=DIRECTION('',(1.E0,0.E0,0.E0));
#2804=VECTOR('',#2803,7.4E0);
#2805=CARTESIAN_POINT('',(1.45E1,1.53E1,-4.655479390360E1));
#2806=LINE('',#2805,#2804);
#2807=DIRECTION('',(1.E0,-1.236248340934E-13,0.E0));
#2808=VECTOR('',#2807,7.4E0);
#2809=CARTESIAN_POINT('',(1.45E1,1.568220907746E1,-4.655479390360E1));
#2810=LINE('',#2809,#2808);
#2811=CARTESIAN_POINT('',(2.19E1,1.568220907746E1,-4.655479390360E1));
#2812=CARTESIAN_POINT('',(2.194299569410E1,1.568220907746E1,-4.655479390360E1));
#2813=CARTESIAN_POINT('',(2.202447941319E1,1.568326633625E1,-4.654179850185E1));
#2814=CARTESIAN_POINT('',(2.214024551774E1,1.568759632253E1,-4.648296289125E1));
#2815=CARTESIAN_POINT('',(2.222838780284E1,1.569294178809E1,-4.639467177619E1));
#2816=CARTESIAN_POINT('',(2.228701272633E1,1.569775550570E1,-4.627919489139E1));
#2817=CARTESIAN_POINT('',(2.23E1,1.569940380454E1,-4.619775805187E1));
#2818=CARTESIAN_POINT('',(2.23E1,1.569978069754E1,-4.615479390360E1));
#2820=DIRECTION('',(9.999999999986E-1,1.695078186890E-6,1.506366982274E-9));
#2821=VECTOR('',#2820,8.000007334766E-1);
#2822=CARTESIAN_POINT('',(2.23E1,1.57E1,-4.610479390280E1));
#2823=LINE('',#2822,#2821);
#2824=CARTESIAN_POINT('',(1.45E1,1.E1,-4.610479390360E1));
#2825=DIRECTION('',(-1.E0,0.E0,0.E0));
#2826=DIRECTION('',(0.E0,-1.E0,0.E0));
#2827=AXIS2_PLACEMENT_3D('',#2824,#2825,#2826);
#2829=DIRECTION('',(0.E0,1.E0,-1.859042020872E-13));
#2830=VECTOR('',#2829,3.822090774618E-1);
#2831=CARTESIAN_POINT('',(1.45E1,1.53E1,-4.655479390360E1));
#2832=LINE('',#2831,#2830);
#2833=CARTESIAN_POINT('',(1.45E1,1.E1,-4.610479390360E1));
#2834=DIRECTION('',(-1.E0,0.E0,0.E0));
#2835=DIRECTION('',(0.E0,9.968787855198E-1,-7.894736842105E-2));
#2836=AXIS2_PLACEMENT_3D('',#2833,#2834,#2835);
#2838=CARTESIAN_POINT('',(1.45E1,1.E1,-4.610479390360E1));
#2839=DIRECTION('',(1.E0,0.E0,0.E0));
#2840=DIRECTION('',(0.E0,9.897433186108E-1,1.428571428571E-1));
#2841=AXIS2_PLACEMENT_3D('',#2838,#2839,#2840);
#2843=CARTESIAN_POINT('',(1.45E1,1.E1,-4.610479390360E1));
#2844=DIRECTION('',(1.E0,0.E0,0.E0));
#2845=DIRECTION('',(0.E0,-1.E0,0.E0));
#2846=AXIS2_PLACEMENT_3D('',#2843,#2844,#2845);
#2848=CARTESIAN_POINT('',(1.45E1,1.E1,-4.610479390360E1));
#2849=DIRECTION('',(1.E0,0.E0,0.E0));
#2850=DIRECTION('',(0.E0,-9.897433186108E-1,-1.428571428571E-1));
#2851=AXIS2_PLACEMENT_3D('',#2848,#2849,#2850);
#2853=DIRECTION('',(0.E0,-1.E0,-1.358400381860E-12));
#2854=VECTOR('',#2853,1.569219381669E-1);
#2855=CARTESIAN_POINT('',(1.45E1,1.415692193817E1,-4.670479390360E1));
#2856=LINE('',#2855,#2854);
#2857=DIRECTION('',(0.E0,0.E0,1.E0));
#2858=VECTOR('',#2857,1.2E0);
#2859=CARTESIAN_POINT('',(1.45E1,1.4E1,-4.670479390360E1));
#2860=LINE('',#2859,#2858);
#2861=DIRECTION('',(0.E0,1.E0,-1.448960407317E-12));
#2862=VECTOR('',#2861,1.569219381669E-1);
#2863=CARTESIAN_POINT('',(1.45E1,1.4E1,-4.550479390360E1));
#2864=LINE('',#2863,#2862);
#2865=DIRECTION('',(0.E0,1.E0,2.044946222959E-13));
#2866=VECTOR('',#2865,3.822090774618E-1);
#2867=CARTESIAN_POINT('',(1.45E1,1.53E1,-4.565479390360E1));
#2868=LINE('',#2867,#2866);
#2869=DIRECTION('',(0.E0,1.E0,2.044946222964E-13));
#2870=VECTOR('',#2869,3.822090774609E-1);
#2871=CARTESIAN_POINT('',(2.19E1,1.53E1,-4.565479390360E1));
#2872=LINE('',#2871,#2870);
#2873=DIRECTION('',(0.E0,-1.E0,3.554662544427E-14));
#2874=VECTOR('',#2873,3.997806975371E-1);
#2875=CARTESIAN_POINT('',(2.23E1,1.569978069754E1,-4.605479390360E1));
#2876=LINE('',#2875,#2874);
#2877=CARTESIAN_POINT('',(2.19E1,1.53E1,-4.615479390360E1));
#2878=DIRECTION('',(0.E0,1.E0,0.E0));
#2879=DIRECTION('',(1.E0,0.E0,5.329070518201E-14));
#2880=AXIS2_PLACEMENT_3D('',#2877,#2878,#2879);
#2882=DIRECTION('',(0.E0,0.E0,1.E0));
#2883=VECTOR('',#2882,9.E-1);
#2884=CARTESIAN_POINT('',(1.45E1,1.53E1,-4.655479390360E1));
#2885=LINE('',#2884,#2883);
#2886=DIRECTION('',(1.E0,0.E0,0.E0));
#2887=VECTOR('',#2886,7.4E0);
#2888=CARTESIAN_POINT('',(1.45E1,1.53E1,-4.565479390360E1));
#2889=LINE('',#2888,#2887);
#2890=CARTESIAN_POINT('',(2.19E1,1.53E1,-4.605479390360E1));
#2891=DIRECTION('',(0.E0,1.E0,0.E0));
#2892=DIRECTION('',(0.E0,0.E0,1.E0));
#2893=AXIS2_PLACEMENT_3D('',#2890,#2891,#2892);
#2895=DIRECTION('',(0.E0,0.E0,-1.E0));
#2896=VECTOR('',#2895,9.999999999999E-2);
#2897=CARTESIAN_POINT('',(2.23E1,1.53E1,-4.605479390360E1));
#2898=LINE('',#2897,#2896);
#2899=DIRECTION('',(1.E0,0.E0,0.E0));
#2900=VECTOR('',#2899,3.E-1);
#2901=CARTESIAN_POINT('',(1.45E1,1.415692193817E1,-4.550479390360E1));
#2902=LINE('',#2901,#2900);
#2903=DIRECTION('',(-1.E0,0.E0,0.E0));
#2904=VECTOR('',#2903,3.E-1);
#2905=CARTESIAN_POINT('',(1.48E1,1.415692193817E1,-4.670479390360E1));
#2906=LINE('',#2905,#2904);
#2907=DIRECTION('',(1.E0,0.E0,0.E0));
#2908=VECTOR('',#2907,3.E-1);
#2909=CARTESIAN_POINT('',(1.45E1,1.4E1,-4.550479390360E1));
#2910=LINE('',#2909,#2908);
#2911=DIRECTION('',(0.E0,1.E0,-1.448960407317E-12));
#2912=VECTOR('',#2911,1.569219381669E-1);
#2913=CARTESIAN_POINT('',(1.48E1,1.4E1,-4.550479390360E1));
#2914=LINE('',#2913,#2912);
#2915=DIRECTION('',(1.E0,0.E0,0.E0));
#2916=VECTOR('',#2915,3.E-1);
#2917=CARTESIAN_POINT('',(1.45E1,1.4E1,-4.670479390360E1));
#2918=LINE('',#2917,#2916);
#2919=DIRECTION('',(0.E0,0.E0,1.E0));
#2920=VECTOR('',#2919,6.E-1);
#2921=CARTESIAN_POINT('',(1.48E1,1.4E1,-4.670479390360E1));
#2922=LINE('',#2921,#2920);
#2923=DIRECTION('',(0.E0,0.E0,1.E0));
#2924=VECTOR('',#2923,6.E-1);
#2925=CARTESIAN_POINT('',(1.48E1,1.4E1,-4.610479390360E1));
#2926=LINE('',#2925,#2924);
#2927=CARTESIAN_POINT('',(1.48E1,1.E1,-4.610479390360E1));
#2928=DIRECTION('',(1.E0,0.E0,0.E0));
#2929=DIRECTION('',(0.E0,1.E0,0.E0));
#2930=AXIS2_PLACEMENT_3D('',#2927,#2928,#2929);
#2932=CARTESIAN_POINT('',(1.48E1,1.E1,-4.610479390360E1));
#2933=DIRECTION('',(1.E0,0.E0,0.E0));
#2934=DIRECTION('',(0.E0,-1.E0,0.E0));
#2935=AXIS2_PLACEMENT_3D('',#2932,#2933,#2934);
#2937=DIRECTION('',(0.E0,1.E0,1.358400381860E-12));
#2938=VECTOR('',#2937,1.569219381669E-1);
#2939=CARTESIAN_POINT('',(1.48E1,1.4E1,-4.670479390360E1));
#2940=LINE('',#2939,#2938);
#2941=CARTESIAN_POINT('',(1.48E1,1.E1,-4.610479390360E1));
#2942=DIRECTION('',(-1.E0,0.E0,0.E0));
#2943=DIRECTION('',(0.E0,9.897433186108E-1,-1.428571428571E-1));
#2944=AXIS2_PLACEMENT_3D('',#2941,#2942,#2943);
#2946=CARTESIAN_POINT('',(1.48E1,1.E1,-4.610479390360E1));
#2947=DIRECTION('',(-1.E0,0.E0,0.E0));
#2948=DIRECTION('',(0.E0,-1.E0,0.E0));
#2949=AXIS2_PLACEMENT_3D('',#2946,#2947,#2948);
#2951=DIRECTION('',(-1.E0,0.E0,0.E0));
#2952=VECTOR('',#2951,1.3E0);
#2953=CARTESIAN_POINT('',(1.61E1,6.E0,-4.610479390360E1));
#2954=LINE('',#2953,#2952);
#2955=DIRECTION('',(-1.E0,0.E0,0.E0));
#2956=VECTOR('',#2955,1.3E0);
#2957=CARTESIAN_POINT('',(1.61E1,1.4E1,-4.610479390360E1));
#2958=LINE('',#2957,#2956);
#2959=DIRECTION('',(0.E0,1.E0,-1.448960407317E-12));
#2960=VECTOR('',#2959,1.569219381669E-1);
#2961=CARTESIAN_POINT('',(1.61E1,1.4E1,-4.550479390360E1));
#2962=LINE('',#2961,#2960);
#2963=CARTESIAN_POINT('',(1.61E1,1.E1,-4.610479390360E1));
#2964=DIRECTION('',(1.E0,0.E0,0.E0));
#2965=DIRECTION('',(0.E0,9.897433186108E-1,1.428571428571E-1));
#2966=AXIS2_PLACEMENT_3D('',#2963,#2964,#2965);
#2968=CARTESIAN_POINT('',(1.61E1,1.E1,-4.610479390360E1));
#2969=DIRECTION('',(1.E0,0.E0,0.E0));
#2970=DIRECTION('',(0.E0,-1.E0,0.E0));
#2971=AXIS2_PLACEMENT_3D('',#2968,#2969,#2970);
#2973=DIRECTION('',(0.E0,0.E0,1.E0));
#2974=VECTOR('',#2973,6.E-1);
#2975=CARTESIAN_POINT('',(1.61E1,1.4E1,-4.670479390360E1));
#2976=LINE('',#2975,#2974);
#2977=CARTESIAN_POINT('',(1.61E1,1.E1,-4.610479390360E1));
#2978=DIRECTION('',(-1.E0,0.E0,0.E0));
#2979=DIRECTION('',(0.E0,1.E0,0.E0));
#2980=AXIS2_PLACEMENT_3D('',#2977,#2978,#2979);
#2982=CARTESIAN_POINT('',(1.61E1,1.E1,-4.610479390360E1));
#2983=DIRECTION('',(-1.E0,0.E0,0.E0));
#2984=DIRECTION('',(0.E0,-1.E0,0.E0));
#2985=AXIS2_PLACEMENT_3D('',#2982,#2983,#2984);
#2987=DIRECTION('',(0.E0,0.E0,1.E0));
#2988=VECTOR('',#2987,6.E-1);
#2989=CARTESIAN_POINT('',(1.61E1,1.4E1,-4.610479390360E1));
#2990=LINE('',#2989,#2988);
#2991=DIRECTION('',(0.E0,1.E0,-1.448960407317E-12));
#2992=VECTOR('',#2991,1.569219381669E-1);
#2993=CARTESIAN_POINT('',(2.21E1,1.4E1,-4.550479390360E1));
#2994=LINE('',#2993,#2992);
#2995=DIRECTION('',(0.E0,1.E0,1.358400381860E-12));
#2996=VECTOR('',#2995,1.569219381669E-1);
#2997=CARTESIAN_POINT('',(2.21E1,1.4E1,-4.670479390360E1));
#2998=LINE('',#2997,#2996);
#2999=CARTESIAN_POINT('',(2.21E1,1.E1,-4.610479390360E1));
#3000=DIRECTION('',(-1.E0,0.E0,0.E0));
#3001=DIRECTION('',(0.E0,9.897433186108E-1,-1.428571428571E-1));
#3002=AXIS2_PLACEMENT_3D('',#2999,#3000,#3001);
#3004=CARTESIAN_POINT('',(2.21E1,1.E1,-4.610479390360E1));
#3005=DIRECTION('',(-1.E0,0.E0,0.E0));
#3006=DIRECTION('',(0.E0,-1.E0,0.E0));
#3007=AXIS2_PLACEMENT_3D('',#3004,#3005,#3006);
#3009=DIRECTION('',(0.E0,0.E0,1.E0));
#3010=VECTOR('',#3009,1.2E0);
#3011=CARTESIAN_POINT('',(2.21E1,1.4E1,-4.670479390360E1));
#3012=LINE('',#3011,#3010);
#3013=DIRECTION('',(-1.E0,0.E0,0.E0));
#3014=VECTOR('',#3013,6.E0);
#3015=CARTESIAN_POINT('',(2.21E1,1.4E1,-4.550479390360E1));
#3016=LINE('',#3015,#3014);
#3017=DIRECTION('',(-1.E0,0.E0,0.E0));
#3018=VECTOR('',#3017,6.E0);
#3019=CARTESIAN_POINT('',(2.21E1,1.4E1,-4.670479390360E1));
#3020=LINE('',#3019,#3018);
#3021=DIRECTION('',(0.E0,1.E0,1.358400381859E-12));
#3022=VECTOR('',#3021,1.569219381669E-1);
#3023=CARTESIAN_POINT('',(1.61E1,1.4E1,-4.670479390360E1));
#3024=LINE('',#3023,#3022);
#3025=DIRECTION('',(-1.E0,0.E0,0.E0));
#3026=VECTOR('',#3025,6.E0);
#3027=CARTESIAN_POINT('',(2.21E1,1.415692193817E1,-4.670479390360E1));
#3028=LINE('',#3027,#3026);
#3029=DIRECTION('',(1.E0,0.E0,0.E0));
#3030=VECTOR('',#3029,6.E0);
#3031=CARTESIAN_POINT('',(1.61E1,1.415692193817E1,-4.550479390360E1));
#3032=LINE('',#3031,#3030);
#3033=VERTEX_POINT('',#950);
#3034=VERTEX_POINT('',#956);
#3035=VERTEX_POINT('',#1091);
#3036=CARTESIAN_POINT('',(1.31E1,1.725082782364E0,-5.171957306589E1));
#3037=VERTEX_POINT('',#3036);
#3038=CARTESIAN_POINT('',(1.31E1,9.274917217635E0,-5.607847200943E1));
#3039=VERTEX_POINT('',#3038);
#3040=CARTESIAN_POINT('',(1.087735026919E1,1.827491721764E1,-5.171957306589E1));
#3041=CARTESIAN_POINT('',(1.087735026919E1,1.9E1,-5.046369284714E1));
#3042=VERTEX_POINT('',#3040);
#3043=VERTEX_POINT('',#3041);
#3044=VERTEX_POINT('',#976);
#3045=CARTESIAN_POINT('',(1.03E1,1.450000000004E1,-5.389902253764E1));
#3046=VERTEX_POINT('',#3045);
#3047=CARTESIAN_POINT('',(1.087735026919E1,1.072508278236E1,-5.607847200943E1));
#3048=VERTEX_POINT('',#3047);
#3049=CARTESIAN_POINT('',(1.087735026919E1,9.999999999977E-1,
-5.046369284714E1));
#3050=VERTEX_POINT('',#3049);
#3051=CARTESIAN_POINT('',(1.03E1,9.999999999979E-1,-4.610479390364E1));
#3052=VERTEX_POINT('',#3051);
#3053=CARTESIAN_POINT('',(1.31E1,1.827491721764E1,-5.171957306589E1));
#3054=VERTEX_POINT('',#3053);
#3055=CARTESIAN_POINT('',(1.31E1,1.9E1,-5.046369284714E1));
#3056=VERTEX_POINT('',#3055);
#3057=CARTESIAN_POINT('',(1.31E1,1.072508278236E1,-5.607847200943E1));
#3058=VERTEX_POINT('',#3057);
#3059=CARTESIAN_POINT('',(1.31E1,9.999999999999E-1,-5.046369284714E1));
#3060=VERTEX_POINT('',#3059);
#3061=CARTESIAN_POINT('',(1.31E1,9.999999999999E-1,-4.174589496006E1));
#3062=VERTEX_POINT('',#3061);
#3063=CARTESIAN_POINT('',(1.31E1,1.725082782364E0,-4.049001474131E1));
#3064=VERTEX_POINT('',#3063);
#3065=CARTESIAN_POINT('',(1.31E1,9.274917217636E0,-3.613111579777E1));
#3066=VERTEX_POINT('',#3065);
#3067=CARTESIAN_POINT('',(1.31E1,1.072508278236E1,-3.613111579777E1));
#3068=VERTEX_POINT('',#3067);
#3069=CARTESIAN_POINT('',(1.31E1,1.827491721764E1,-4.049001474131E1));
#3070=VERTEX_POINT('',#3069);
#3071=CARTESIAN_POINT('',(1.31E1,1.9E1,-4.174589496006E1));
#3072=VERTEX_POINT('',#3071);
#3073=CARTESIAN_POINT('',(1.31E1,1.496371384567E1,-5.006510258580E1));
#3074=CARTESIAN_POINT('',(1.31E1,1.57E1,-4.890345429743E1));
#3075=VERTEX_POINT('',#3073);
#3076=VERTEX_POINT('',#3074);
#3077=CARTESIAN_POINT('',(1.310001519120E1,1.569999214054E1,-4.357796411545E1));
#3078=VERTEX_POINT('',#3077);
#3079=VERTEX_POINT('',#811);
#3080=VERTEX_POINT('',#911);
#3081=CARTESIAN_POINT('',(1.31E1,4.300554593841E0,-4.686135900003E1));
#3082=VERTEX_POINT('',#3081);
#3083=VERTEX_POINT('',#920);
#3084=VERTEX_POINT('',#2242);
#3085=VERTEX_POINT('',#2257);
#3086=VERTEX_POINT('',#757);
#3087=CARTESIAN_POINT('',(1.327464429179E1,4.300583303426E0,-4.686135377494E1));
#3088=VERTEX_POINT('',#3087);
#3089=VERTEX_POINT('',#2274);
#3090=VERTEX_POINT('',#839);
#3091=VERTEX_POINT('',#832);
#3092=CARTESIAN_POINT('',(1.330004920961E1,4.300027773965E0,-4.708394016651E1));
#3093=VERTEX_POINT('',#3092);
#3094=VERTEX_POINT('',#830);
#3095=VERTEX_POINT('',#798);
#3096=CARTESIAN_POINT('',(1.33E1,2.75E0,-4.610479390360E1));
#3097=CARTESIAN_POINT('',(1.33E1,1.725E1,-4.610479390360E1));
#3098=VERTEX_POINT('',#3096);
#3099=VERTEX_POINT('',#3097);
#3100=CARTESIAN_POINT('',(1.33E1,1.57E1,-4.330613350977E1));
#3101=VERTEX_POINT('',#3100);
#3102=CARTESIAN_POINT('',(1.359098300563E1,1.724999995688E1,-4.610400317015E1));
#3103=CARTESIAN_POINT('',(1.359098300563E1,2.750000043124E0,-4.610558463706E1));
#3104=VERTEX_POINT('',#3102);
#3105=VERTEX_POINT('',#3103);
#3106=CARTESIAN_POINT('',(1.41E1,1.849833066862E1,-4.610108636437E1));
#3107=VERTEX_POINT('',#3106);
#3108=CARTESIAN_POINT('',(1.41E1,1.501669331383E0,-4.610850144283E1));
#3109=VERTEX_POINT('',#3108);
#3110=CARTESIAN_POINT('',(1.41E1,6.25E0,-5.510479390360E1));
#3111=CARTESIAN_POINT('',(1.41E1,1.375E1,-5.510479390360E1));
#3112=VERTEX_POINT('',#3110);
#3113=VERTEX_POINT('',#3111);
#3114=CARTESIAN_POINT('',(1.41E1,1.975E1,-4.610479390360E1));
#3115=CARTESIAN_POINT('',(1.41E1,1.375E1,-3.710479390360E1));
#3116=VERTEX_POINT('',#3114);
#3117=VERTEX_POINT('',#3115);
#3118=CARTESIAN_POINT('',(1.41E1,6.25E0,-3.710479390360E1));
#3119=VERTEX_POINT('',#3118);
#3120=CARTESIAN_POINT('',(1.41E1,2.5E-1,-4.610479390360E1));
#3121=VERTEX_POINT('',#3120);
#3122=CARTESIAN_POINT('',(1.56E1,6.25E0,-5.510479390360E1));
#3123=VERTEX_POINT('',#3122);
#3124=CARTESIAN_POINT('',(1.56E1,1.375E1,-5.510479390360E1));
#3125=VERTEX_POINT('',#3124);
#3126=CARTESIAN_POINT('',(1.56E1,1.970837267517E1,-4.700479390360E1));
#3127=VERTEX_POINT('',#3126);
#3128=CARTESIAN_POINT('',(1.86E1,1.970837267517E1,-4.700479390360E1));
#3129=VERTEX_POINT('',#3128);
#3130=CARTESIAN_POINT('',(1.86E1,1.975E1,-4.610479390360E1));
#3131=VERTEX_POINT('',#3130);
#3132=CARTESIAN_POINT('',(1.86E1,1.970837267517E1,-4.520479390360E1));
#3133=VERTEX_POINT('',#3132);
#3134=CARTESIAN_POINT('',(1.56E1,1.970837267517E1,-4.520479390360E1));
#3135=VERTEX_POINT('',#3134);
#3136=CARTESIAN_POINT('',(1.56E1,1.375E1,-3.710479390360E1));
#3137=VERTEX_POINT('',#3136);
#3138=CARTESIAN_POINT('',(1.56E1,2.5E-1,-4.610479390360E1));
#3139=CARTESIAN_POINT('',(1.56E1,6.25E0,-3.710479390360E1));
#3140=VERTEX_POINT('',#3138);
#3141=VERTEX_POINT('',#3139);
#3142=CARTESIAN_POINT('',(1.56E1,1.9E1,-4.520479390360E1));
#3143=VERTEX_POINT('',#3142);
#3144=CARTESIAN_POINT('',(1.56E1,1.9E1,-4.700479390360E1));
#3145=VERTEX_POINT('',#3144);
#3146=CARTESIAN_POINT('',(1.77E1,1.9E1,-4.520479390360E1));
#3147=CARTESIAN_POINT('',(1.77E1,1.794921379760E1,-4.520479390360E1));
#3148=VERTEX_POINT('',#3146);
#3149=VERTEX_POINT('',#3147);
#3150=CARTESIAN_POINT('',(1.86E1,1.794921379760E1,-4.520479390360E1));
#3151=VERTEX_POINT('',#3150);
#3152=CARTESIAN_POINT('',(1.77E1,1.9E1,-4.700479390360E1));
#3153=CARTESIAN_POINT('',(1.77E1,1.794921379760E1,-4.700479390360E1));
#3154=VERTEX_POINT('',#3152);
#3155=VERTEX_POINT('',#3153);
#3156=CARTESIAN_POINT('',(1.6E1,1.794921379760E1,-4.700479390360E1));
#3157=VERTEX_POINT('',#3156);
#3158=CARTESIAN_POINT('',(1.86E1,1.8E1,-4.610479390360E1));
#3159=VERTEX_POINT('',#3158);
#3160=CARTESIAN_POINT('',(1.93E1,1.8E1,-4.610479390360E1));
#3161=VERTEX_POINT('',#3160);
#3162=CARTESIAN_POINT('',(1.93E1,2.E0,-4.610479390360E1));
#3163=VERTEX_POINT('',#3162);
#3164=CARTESIAN_POINT('',(1.6E1,2.E0,-4.610479390360E1));
#3165=VERTEX_POINT('',#3164);
#3166=CARTESIAN_POINT('',(1.86E1,1.794921379760E1,-4.700479390360E1));
#3167=VERTEX_POINT('',#3166);
#3168=VERTEX_POINT('',#2299);
#3169=VERTEX_POINT('',#2311);
#3170=CARTESIAN_POINT('',(1.93E1,1.67E1,-4.467913616066E1));
#3171=VERTEX_POINT('',#3170);
#3172=CARTESIAN_POINT('',(1.93E1,1.521265968500E1,-4.166062030119E1));
#3173=VERTEX_POINT('',#3172);
#3174=VERTEX_POINT('',#446);
#3175=CARTESIAN_POINT('',(1.93E1,3.300837770720E0,-4.924645473571E1));
#3176=VERTEX_POINT('',#3175);
#3177=VERTEX_POINT('',#398);
#3178=VERTEX_POINT('',#403);
#3179=VERTEX_POINT('',#420);
#3180=VERTEX_POINT('',#410);
#3181=VERTEX_POINT('',#2419);
#3182=VERTEX_POINT('',#2424);
#3183=VERTEX_POINT('',#2441);
#3184=VERTEX_POINT('',#2431);
#3185=VERTEX_POINT('',#282);
#3186=VERTEX_POINT('',#287);
#3187=VERTEX_POINT('',#304);
#3188=VERTEX_POINT('',#294);
#3189=VERTEX_POINT('',#2535);
#3190=VERTEX_POINT('',#2540);
#3191=VERTEX_POINT('',#2557);
#3192=VERTEX_POINT('',#2547);
#3193=VERTEX_POINT('',#2656);
#3194=VERTEX_POINT('',#2661);
#3195=VERTEX_POINT('',#2668);
#3196=CARTESIAN_POINT('',(2.196250623370E1,5.972525539227E0,-5.164549237400E1));
#3197=VERTEX_POINT('',#3196);
#3198=VERTEX_POINT('',#1);
#3199=VERTEX_POINT('',#6);
#3200=VERTEX_POINT('',#188);
#3201=VERTEX_POINT('',#13);
#3202=VERTEX_POINT('',#2292);
#3203=CARTESIAN_POINT('',(2.32E1,3.3E0,-4.753045164654E1));
#3204=CARTESIAN_POINT('',(2.32E1,3.3E0,-4.467913616066E1));
#3205=VERTEX_POINT('',#3203);
#3206=VERTEX_POINT('',#3204);
#3207=CARTESIAN_POINT('',(2.272043283369E1,3.300411787145E0,-4.753038019381E1));
#3208=VERTEX_POINT('',#3207);
#3209=VERTEX_POINT('',#2674);
#3210=CARTESIAN_POINT('',(2.172038542535E1,3.300354386753E0,-4.753039199834E1));
#3211=VERTEX_POINT('',#3210);
#3212=VERTEX_POINT('',#2574);
#3213=CARTESIAN_POINT('',(2.072099834706E1,3.300004880592E0,-4.753045081594E1));
#3214=VERTEX_POINT('',#3213);
#3215=VERTEX_POINT('',#2458);
#3216=CARTESIAN_POINT('',(1.972050563354E1,3.300285452480E0,-4.753040185932E1));
#3217=VERTEX_POINT('',#3216);
#3218=VERTEX_POINT('',#2342);
#3219=VERTEX_POINT('',#439);
#3220=CARTESIAN_POINT('',(2.030014357968E1,3.300472794770E0,-4.296296789061E1));
#3221=VERTEX_POINT('',#3220);
#3222=VERTEX_POINT('',#323);
#3223=CARTESIAN_POINT('',(2.129978866666E1,3.300621824636E0,-4.296304731E1));
#3224=VERTEX_POINT('',#3223);
#3225=VERTEX_POINT('',#207);
#3226=CARTESIAN_POINT('',(2.229936741281E1,3.300800505802E0,-4.296314003485E1));
#3227=VERTEX_POINT('',#3226);
#3228=VERTEX_POINT('',#131);
#3229=VERTEX_POINT('',#30);
#3230=CARTESIAN_POINT('',(2.33E1,3.4E0,-4.751989107341E1));
#3231=VERTEX_POINT('',#3230);
#3232=CARTESIAN_POINT('',(2.33E1,9.989969772411E0,-3.935480135586E1));
#3233=CARTESIAN_POINT('',(2.33E1,1.66E1,-4.468969673379E1));
#3234=VERTEX_POINT('',#3232);
#3235=VERTEX_POINT('',#3233);
#3236=CARTESIAN_POINT('',(2.32E1,1.67E1,-4.467913616066E1));
#3237=VERTEX_POINT('',#3236);
#3238=CARTESIAN_POINT('',(2.33E1,1.66E1,-4.751989107341E1));
#3239=VERTEX_POINT('',#3238);
#3240=CARTESIAN_POINT('',(2.33E1,1.001003022759E1,-5.285478645134E1));
#3241=VERTEX_POINT('',#3240);
#3242=CARTESIAN_POINT('',(2.329999719645E1,1.E1,-5.200479455178E1));
#3243=CARTESIAN_POINT('',(2.329999719645E1,1.590000064818E1,-4.610479390360E1));
#3244=VERTEX_POINT('',#3242);
#3245=VERTEX_POINT('',#3243);
#3246=CARTESIAN_POINT('',(2.329999719645E1,4.099999351824E0,-4.610479390360E1));
#3247=VERTEX_POINT('',#3246);
#3248=CARTESIAN_POINT('',(2.329999719645E1,1.E1,-4.020479325542E1));
#3249=VERTEX_POINT('',#3248);
#3250=CARTESIAN_POINT('',(2.310000073348E1,4.299998643936E0,-4.610479390501E1));
#3251=VERTEX_POINT('',#3250);
#3252=CARTESIAN_POINT('',(2.309999937741E1,1.E1,-5.180479661573E1));
#3253=CARTESIAN_POINT('',(2.309999937741E1,1.570000271213E1,-4.610479390239E1));
#3254=VERTEX_POINT('',#3252);
#3255=VERTEX_POINT('',#3253);
#3256=CARTESIAN_POINT('',(2.309999937741E1,1.E1,-4.040479119147E1));
#3257=VERTEX_POINT('',#3256);
#3258=CARTESIAN_POINT('',(2.23E1,1.569978069754E1,-4.605479390360E1));
#3259=CARTESIAN_POINT('',(2.23E1,1.57E1,-4.610479390360E1));
#3260=VERTEX_POINT('',#3258);
#3261=VERTEX_POINT('',#3259);
#3262=VERTEX_POINT('',#2775);
#3263=CARTESIAN_POINT('',(1.45E1,1.568220907746E1,-4.565479390360E1));
#3264=VERTEX_POINT('',#3263);
#3265=CARTESIAN_POINT('',(1.45E1,4.3E0,-4.610479390360E1));
#3266=VERTEX_POINT('',#3265);
#3267=CARTESIAN_POINT('',(2.23E1,1.53E1,-4.615479390360E1));
#3268=CARTESIAN_POINT('',(2.23E1,1.569978069754E1,-4.615479390360E1));
#3269=VERTEX_POINT('',#3267);
#3270=VERTEX_POINT('',#3268);
#3271=CARTESIAN_POINT('',(2.23E1,1.53E1,-4.605479390360E1));
#3272=VERTEX_POINT('',#3271);
#3273=CARTESIAN_POINT('',(2.19E1,1.568220907746E1,-4.655479390360E1));
#3274=CARTESIAN_POINT('',(2.19E1,1.53E1,-4.655479390360E1));
#3275=VERTEX_POINT('',#3273);
#3276=VERTEX_POINT('',#3274);
#3277=CARTESIAN_POINT('',(1.45E1,1.568220907746E1,-4.655479390360E1));
#3278=VERTEX_POINT('',#3277);
#3279=CARTESIAN_POINT('',(1.45E1,1.53E1,-4.655479390360E1));
#3280=VERTEX_POINT('',#3279);
#3281=CARTESIAN_POINT('',(1.45E1,1.53E1,-4.565479390360E1));
#3282=VERTEX_POINT('',#3281);
#3283=CARTESIAN_POINT('',(1.45E1,1.415692193817E1,-4.550479390360E1));
#3284=CARTESIAN_POINT('',(1.45E1,5.8E0,-4.610479390360E1));
#3285=VERTEX_POINT('',#3283);
#3286=VERTEX_POINT('',#3284);
#3287=CARTESIAN_POINT('',(1.45E1,5.843078061835E0,-4.670479390360E1));
#3288=VERTEX_POINT('',#3287);
#3289=CARTESIAN_POINT('',(1.45E1,1.415692193817E1,-4.670479390360E1));
#3290=VERTEX_POINT('',#3289);
#3291=CARTESIAN_POINT('',(1.45E1,1.4E1,-4.670479390360E1));
#3292=VERTEX_POINT('',#3291);
#3293=CARTESIAN_POINT('',(1.45E1,1.4E1,-4.550479390360E1));
#3294=VERTEX_POINT('',#3293);
#3295=CARTESIAN_POINT('',(2.21E1,5.8E0,-4.610479390360E1));
#3296=CARTESIAN_POINT('',(2.21E1,1.415692193817E1,-4.550479390360E1));
#3297=VERTEX_POINT('',#3295);
#3298=VERTEX_POINT('',#3296);
#3299=CARTESIAN_POINT('',(2.21E1,1.415692193817E1,-4.670479390360E1));
#3300=VERTEX_POINT('',#3299);
#3301=CARTESIAN_POINT('',(1.61E1,1.415692193817E1,-4.670479390360E1));
#3302=VERTEX_POINT('',#3301);
#3303=CARTESIAN_POINT('',(1.61E1,5.8E0,-4.610479390360E1));
#3304=VERTEX_POINT('',#3303);
#3305=CARTESIAN_POINT('',(1.61E1,1.415692193817E1,-4.550479390360E1));
#3306=VERTEX_POINT('',#3305);
#3307=CARTESIAN_POINT('',(1.48E1,1.415692193817E1,-4.550479390360E1));
#3308=VERTEX_POINT('',#3307);
#3309=CARTESIAN_POINT('',(1.48E1,5.8E0,-4.610479390360E1));
#3310=VERTEX_POINT('',#3309);
#3311=CARTESIAN_POINT('',(1.48E1,1.415692193817E1,-4.670479390360E1));
#3312=VERTEX_POINT('',#3311);
#3313=CARTESIAN_POINT('',(2.21E1,1.4E1,-4.550479390360E1));
#3314=VERTEX_POINT('',#3313);
#3315=CARTESIAN_POINT('',(2.21E1,1.4E1,-4.670479390360E1));
#3316=VERTEX_POINT('',#3315);
#3317=CARTESIAN_POINT('',(1.61E1,1.4E1,-4.550479390360E1));
#3318=VERTEX_POINT('',#3317);
#3319=CARTESIAN_POINT('',(1.48E1,1.4E1,-4.550479390360E1));
#3320=VERTEX_POINT('',#3319);
#3321=CARTESIAN_POINT('',(1.61E1,1.4E1,-4.670479390360E1));
#3322=VERTEX_POINT('',#3321);
#3323=CARTESIAN_POINT('',(1.61E1,1.4E1,-4.610479390360E1));
#3324=VERTEX_POINT('',#3323);
#3325=CARTESIAN_POINT('',(1.61E1,6.E0,-4.610479390360E1));
#3326=VERTEX_POINT('',#3325);
#3327=CARTESIAN_POINT('',(1.48E1,1.4E1,-4.670479390360E1));
#3328=VERTEX_POINT('',#3327);
#3329=CARTESIAN_POINT('',(1.48E1,1.4E1,-4.610479390360E1));
#3330=VERTEX_POINT('',#3329);
#3331=CARTESIAN_POINT('',(1.48E1,6.E0,-4.610479390360E1));
#3332=VERTEX_POINT('',#3331);
#3333=CARTESIAN_POINT('',(2.19E1,1.53E1,-4.565479390360E1));
#3334=VERTEX_POINT('',#3333);
#3335=CARTESIAN_POINT('',(2.32E1,1.67E1,-4.753045164654E1));
#3336=VERTEX_POINT('',#3335);
#3337=CARTESIAN_POINT('',(2.222100253372E1,1.669999750514E1,-4.467913658908E1));
#3338=VERTEX_POINT('',#3337);
#3339=VERTEX_POINT('',#105);
#3340=CARTESIAN_POINT('',(2.122040468973E1,1.669965700134E1,-4.467919584166E1));
#3341=VERTEX_POINT('',#3340);
#3342=VERTEX_POINT('',#231);
#3343=CARTESIAN_POINT('',(2.022030513891E1,1.669959985175E1,-4.467920376713E1));
#3344=VERTEX_POINT('',#3343);
#3345=VERTEX_POINT('',#347);
#3346=CARTESIAN_POINT('',(1.979967278687E1,1.669926730227E1,-4.924648557786E1));
#3347=VERTEX_POINT('',#3346);
#3348=VERTEX_POINT('',#2368);
#3349=CARTESIAN_POINT('',(2.079939307653E1,1.669915531827E1,-4.924642815643E1));
#3350=VERTEX_POINT('',#3349);
#3351=VERTEX_POINT('',#2484);
#3352=CARTESIAN_POINT('',(2.180005904414E1,1.669953074526E1,-4.924661951546E1));
#3353=VERTEX_POINT('',#3352);
#3354=VERTEX_POINT('',#2600);
#3355=VERTEX_POINT('',#2687);
#3356=CARTESIAN_POINT('',(2.251946245972E1,5.650884029100E0,-5.209085555585E1));
#3357=VERTEX_POINT('',#3356);
#3358=VERTEX_POINT('',#2729);
#3359=CARTESIAN_POINT('',(2.259731874569E1,9.027194466573E0,-5.288535995789E1));
#3360=VERTEX_POINT('',#3359);
#3361=VERTEX_POINT('',#1055);
#3362=CARTESIAN_POINT('',(1.087735026919E1,1.725082782363E0,-4.049001474131E1));
#3363=VERTEX_POINT('',#3362);
#3364=CARTESIAN_POINT('',(1.03E1,5.499999999965E0,-3.831056526956E1));
#3365=VERTEX_POINT('',#3364);
#3366=CARTESIAN_POINT('',(1.087735026919E1,1.072508278236E1,-3.613111579777E1));
#3367=CARTESIAN_POINT('',(1.087735026919E1,9.274917217635E0,-3.613111579777E1));
#3368=VERTEX_POINT('',#3366);
#3369=VERTEX_POINT('',#3367);
#3370=CARTESIAN_POINT('',(1.03E1,1.449999999993E1,-3.831056526950E1));
#3371=VERTEX_POINT('',#3370);
#3372=CARTESIAN_POINT('',(1.087735026919E1,1.9E1,-4.174589496006E1));
#3373=CARTESIAN_POINT('',(1.087735026919E1,1.827491721764E1,-4.049001474131E1));
#3374=VERTEX_POINT('',#3372);
#3375=VERTEX_POINT('',#3373);
#3376=VERTEX_POINT('',#1156);
#3377=VERTEX_POINT('',#1164);
#3378=CARTESIAN_POINT('',(1.029991680602E1,4.250046015649E0,-4.464224694139E1));
#3379=VERTEX_POINT('',#3378);
#3380=VERTEX_POINT('',#1666);
#3381=CARTESIAN_POINT('',(1.03E1,7.646265874153E0,-4.080385665960E1));
#3382=VERTEX_POINT('',#3381);
#3383=VERTEX_POINT('',#1605);
#3384=CARTESIAN_POINT('',(1.03E1,1.574965072493E1,-4.891487178102E1));
#3385=VERTEX_POINT('',#3384);
#3386=VERTEX_POINT('',#1657);
#3387=VERTEX_POINT('',#1681);
#3388=VERTEX_POINT('',#1664);
#3389=VERTEX_POINT('',#1479);
#3390=VERTEX_POINT('',#1484);
#3391=VERTEX_POINT('',#1501);
#3392=VERTEX_POINT('',#1491);
#3393=VERTEX_POINT('',#1149);
#3394=CARTESIAN_POINT('',(6.2E0,4.25E0,-4.686472811128E1));
#3395=CARTESIAN_POINT('',(6.504489663889E0,4.250047155664E0,-4.686471955796E1));
#3396=VERTEX_POINT('',#3394);
#3397=VERTEX_POINT('',#3395);
#3398=CARTESIAN_POINT('',(6.2E0,4.25E0,-4.534485969592E1));
#3399=VERTEX_POINT('',#3398);
#3400=CARTESIAN_POINT('',(6.462626915540E0,4.250026710109E0,-4.534486196382E1));
#3401=VERTEX_POINT('',#3400);
#3402=VERTEX_POINT('',#2176);
#3403=CARTESIAN_POINT('',(6.997737982660E0,4.250042895803E0,-4.329456592028E1));
#3404=VERTEX_POINT('',#3403);
#3405=VERTEX_POINT('',#2155);
#3406=CARTESIAN_POINT('',(7.462673557417E0,4.250053579219E0,-4.534486422073E1));
#3407=VERTEX_POINT('',#3406);
#3408=VERTEX_POINT('',#1925);
#3409=CARTESIAN_POINT('',(7.997722399472E0,4.250129283735E0,-4.329460851055E1));
#3410=VERTEX_POINT('',#3409);
#3411=VERTEX_POINT('',#1887);
#3412=CARTESIAN_POINT('',(8.462666351497E0,4.250049433142E0,-4.534486383171E1));
#3413=VERTEX_POINT('',#3412);
#3414=VERTEX_POINT('',#1811);
#3415=CARTESIAN_POINT('',(8.997657662421E0,4.250221113128E0,-4.329465522237E1));
#3416=VERTEX_POINT('',#3415);
#3417=VERTEX_POINT('',#1773);
#3418=CARTESIAN_POINT('',(9.463297026741E0,4.250413004464E0,-4.534489461534E1));
#3419=VERTEX_POINT('',#3418);
#3420=VERTEX_POINT('',#1697);
#3421=CARTESIAN_POINT('',(9.902852913756E0,4.250710218259E0,-4.891467876036E1));
#3422=VERTEX_POINT('',#3421);
#3423=VERTEX_POINT('',#1520);
#3424=CARTESIAN_POINT('',(8.902639069963E0,4.250544517738E0,-4.891476654534E1));
#3425=VERTEX_POINT('',#3424);
#3426=VERTEX_POINT('',#1406);
#3427=CARTESIAN_POINT('',(8.437392222114E0,4.250015687704E0,-4.686472678007E1));
#3428=VERTEX_POINT('',#3427);
#3429=VERTEX_POINT('',#1365);
#3430=CARTESIAN_POINT('',(7.902277357169E0,4.250155202669E0,-4.891496643449E1));
#3431=VERTEX_POINT('',#3430);
#3432=VERTEX_POINT('',#1311);
#3433=CARTESIAN_POINT('',(7.437337550899E0,4.250047178770E0,-4.686472411652E1));
#3434=VERTEX_POINT('',#3433);
#3435=VERTEX_POINT('',#1251);
#3436=CARTESIAN_POINT('',(6.902261992623E0,4.250068264612E0,-4.891500939666E1));
#3437=VERTEX_POINT('',#3436);
#3438=VERTEX_POINT('',#1191);
#3439=CARTESIAN_POINT('',(6.2E0,1.575E1,-4.686472811128E1));
#3440=VERTEX_POINT('',#3439);
#3441=VERTEX_POINT('',#1286);
#3442=CARTESIAN_POINT('',(7.895518059331E0,1.574995723821E1,-4.686472035058E1));
#3443=VERTEX_POINT('',#3442);
#3444=VERTEX_POINT('',#1436);
#3445=CARTESIAN_POINT('',(8.895495067133E0,1.574994415372E1,-4.686471801780E1));
#3446=VERTEX_POINT('',#3445);
#3447=VERTEX_POINT('',#1550);
#3448=CARTESIAN_POINT('',(1.000461316097E1,1.574988262796E1,-4.534488132943E1));
#3449=VERTEX_POINT('',#3448);
#3450=VERTEX_POINT('',#1868);
#3451=VERTEX_POINT('',#1823);
#3452=VERTEX_POINT('',#1332);
#3453=VERTEX_POINT('',#1959);
#3454=VERTEX_POINT('',#1937);
#3455=VERTEX_POINT('',#1218);
#3456=VERTEX_POINT('',#1994);
#3457=CARTESIAN_POINT('',(6.579974498002E0,1.000000091910E1,-3.970498660136E1));
#3458=VERTEX_POINT('',#3457);
#3459=VERTEX_POINT('',#1767);
#3460=CARTESIAN_POINT('',(9.005073786429E0,1.574962021494E1,-4.534492767185E1));
#3461=VERTEX_POINT('',#3460);
#3462=CARTESIAN_POINT('',(6.2E0,1.575E1,-4.534485969592E1));
#3463=VERTEX_POINT('',#3462);
#3464=VERTEX_POINT('',#1992);
#3465=VERTEX_POINT('',#2226);
#3466=CARTESIAN_POINT('',(6.495582661899E0,1.293121962500E1,-4.110001028902E1));
#3467=VERTEX_POINT('',#3466);
#3468=VERTEX_POINT('',#1862);
#3469=VERTEX_POINT('',#1795);
#3470=VERTEX_POINT('',#1909);
#3471=VERTEX_POINT('',#1377);
#3472=VERTEX_POINT('',#2166);
#3473=VERTEX_POINT('',#1263);
#3474=VERTEX_POINT('',#1429);
#3475=VERTEX_POINT('',#1543);
#3476=CARTESIAN_POINT('',(9.402268752628E0,1.574999097603E1,-4.329454960165E1));
#3477=VERTEX_POINT('',#3476);
#3478=VERTEX_POINT('',#2046);
#3479=VERTEX_POINT('',#2051);
#3480=CARTESIAN_POINT('',(6.2E0,1.565E1,-4.610479390360E1));
#3481=VERTEX_POINT('',#3480);
#3482=CARTESIAN_POINT('',(6.2E0,4.35E0,-4.610479390360E1));
#3483=VERTEX_POINT('',#3482);
#3484=CARTESIAN_POINT('',(6.2E0,1.045843842755E1,-4.047342335922E1));
#3485=VERTEX_POINT('',#3484);
#3486=VERTEX_POINT('',#2039);
#3487=CARTESIAN_POINT('',(5.5E0,4.35E0,-4.610479390360E1));
#3488=VERTEX_POINT('',#3487);
#3489=CARTESIAN_POINT('',(5.5E0,1.564952943847E1,-4.603187529266E1));
#3490=VERTEX_POINT('',#3489);
#3491=CARTESIAN_POINT('',(5.5E0,1.565E1,-4.610479390356E1));
#3492=VERTEX_POINT('',#3491);
#3493=CARTESIAN_POINT('',(5.5E0,4.350470561527E0,-4.617771251454E1));
#3494=VERTEX_POINT('',#3493);
#3495=CARTESIAN_POINT('',(4.5E0,5.350387328233E0,-4.616480656503E1));
#3496=CARTESIAN_POINT('',(4.5E0,1.464999994806E1,-4.610479390360E1));
#3497=VERTEX_POINT('',#3495);
#3498=VERTEX_POINT('',#3496);
#3499=CARTESIAN_POINT('',(4.5E0,5.350000051937E0,-4.610479390360E1));
#3500=VERTEX_POINT('',#3499);
#3501=CARTESIAN_POINT('',(4.5E0,1.464961267177E1,-4.604478124217E1));
#3502=VERTEX_POINT('',#3501);
#3503=CARTESIAN_POINT('',(4.5E0,1.385E1,-4.610479390360E1));
#3504=CARTESIAN_POINT('',(4.5E0,6.15E0,-4.610479390360E1));
#3505=VERTEX_POINT('',#3503);
#3506=VERTEX_POINT('',#3504);
#3507=CARTESIAN_POINT('',(5.3E0,6.15E0,-4.610479390360E1));
#3508=CARTESIAN_POINT('',(5.3E0,1.385E1,-4.610479390360E1));
#3509=VERTEX_POINT('',#3507);
#3510=VERTEX_POINT('',#3508);
#3511=CARTESIAN_POINT('',(1.6E1,1.8E1,-4.610479390360E1));
#3512=VERTEX_POINT('',#3511);
#3513=CARTESIAN_POINT('',(1.56E1,1.6E0,-4.610479390360E1));
#3514=VERTEX_POINT('',#3513);
#3515=CARTESIAN_POINT('',(1.56E1,1.84E1,-4.610479390360E1));
#3516=VERTEX_POINT('',#3515);
#3517=CARTESIAN_POINT('',(2.169729192713E1,1.738377409266E1,-4.494913483200E1));
#3518=CARTESIAN_POINT('',(2.156340230986E1,1.715466788328E1,-4.498499300777E1));
#3519=CARTESIAN_POINT('',(2.142951269259E1,1.692556167390E1,-4.502085118354E1));
#3520=CARTESIAN_POINT('',(2.129562307533E1,1.669645546452E1,-4.505670935930E1));
#3521=CARTESIAN_POINT('',(2.170018034376E1,1.736304639792E1,-4.481518254162E1));
#3522=CARTESIAN_POINT('',(2.156629072649E1,1.713458333438E1,-4.485519703380E1));
#3523=CARTESIAN_POINT('',(2.143240110922E1,1.690612027083E1,-4.489521152599E1));
#3524=CARTESIAN_POINT('',(2.129851149196E1,1.667765720729E1,-4.493522601817E1));
#3525=CARTESIAN_POINT('',(2.173477894760E1,1.706910445711E1,-4.321794229990E1));
#3526=CARTESIAN_POINT('',(2.160088933033E1,1.684976192231E1,-4.330751649592E1));
#3527=CARTESIAN_POINT('',(2.146699971306E1,1.663041938750E1,-4.339709069195E1));
#3528=CARTESIAN_POINT('',(2.133311009580E1,1.641107685270E1,-4.348666488797E1));
#3529=CARTESIAN_POINT('',(2.180166088477E1,1.547098387168E1,-4.034883344892E1));
#3530=CARTESIAN_POINT('',(2.166777126750E1,1.530122835632E1,-4.052743131291E1));
#3531=CARTESIAN_POINT('',(2.153388165024E1,1.513147284095E1,-4.070602917690E1));
#3532=CARTESIAN_POINT('',(2.139999203297E1,1.496171732559E1,-4.088462704089E1));
#3533=CARTESIAN_POINT('',(2.189793773865E1,1.122632519309E1,-3.825034634413E1));
#3534=CARTESIAN_POINT('',(2.176404812138E1,1.118827436530E1,-3.849405676708E1));
#3535=CARTESIAN_POINT('',(2.163015850411E1,1.115022353751E1,-3.873776719004E1));
#3536=CARTESIAN_POINT('',(2.149626888685E1,1.111217270972E1,-3.898147761300E1));
#3537=CARTESIAN_POINT('',(2.199478773865E1,6.516109648319E0,-3.895924676937E1));
#3538=CARTESIAN_POINT('',(2.186089812138E1,6.624208962079E0,-3.918096119310E1));
#3539=CARTESIAN_POINT('',(2.172700850411E1,6.732308275839E0,-3.940267561683E1));
#3540=CARTESIAN_POINT('',(2.159311888685E1,6.840407589598E0,-3.962439004055E1));
#3541=CARTESIAN_POINT('',(2.207521504960E1,3.643331553072E0,-4.167832280434E1));
#3542=CARTESIAN_POINT('',(2.194132543233E1,3.840568385333E0,-4.181566882845E1));
#3543=CARTESIAN_POINT('',(2.180743581507E1,4.037805217594E0,-4.195301485255E1));
#3544=CARTESIAN_POINT('',(2.167354619780E1,4.235042049855E0,-4.209036087665E1));
#3545=CARTESIAN_POINT('',(2.212624596337E1,2.799845629757E0,-4.394959979601E1));
#3546=CARTESIAN_POINT('',(2.199235634610E1,3.023254425045E0,-4.401647187881E1));
#3547=CARTESIAN_POINT('',(2.185846672884E1,3.246663220334E0,-4.408334396160E1));
#3548=CARTESIAN_POINT('',(2.172457711157E1,3.470072015623E0,-4.415021604440E1));
#3549=CARTESIAN_POINT('',(2.214499354381E1,2.639677543751E0,-4.481589774854E1));
#3550=CARTESIAN_POINT('',(2.201110392654E1,2.868056087923E0,-4.485589004905E1));
#3551=CARTESIAN_POINT('',(2.187721430928E1,3.096434632094E0,-4.489588234955E1));
#3552=CARTESIAN_POINT('',(2.174332469201E1,3.324813176266E0,-4.493587465005E1));
#3553=CARTESIAN_POINT('',(2.214788047996E1,2.618604819902E0,-4.494985529456E1));
#3554=CARTESIAN_POINT('',(2.201399086269E1,2.847637215589E0,-4.498569111557E1));
#3555=CARTESIAN_POINT('',(2.188010124543E1,3.076669611276E0,-4.502152693659E1));
#3556=CARTESIAN_POINT('',(2.174621162816E1,3.305702006963E0,-4.505736275760E1));
#3557=B_SPLINE_SURFACE_WITH_KNOTS('',3,3,((#3517,#3518,#3519,#3520),(#3521,
#3522,#3523,#3524),(#3525,#3526,#3527,#3528),(#3529,#3530,#3531,#3532),(#3533,
#3534,#3535,#3536),(#3537,#3538,#3539,#3540),(#3541,#3542,#3543,#3544),(#3545,
#3546,#3547,#3548),(#3549,#3550,#3551,#3552),(#3553,#3554,#3555,#3556)),
.UNSPECIFIED.,.F.,.F.,.F.,(4,1,1,1,1,1,1,4),(4,4),(-2.E-2,0.E0,
2.195679590091E-1,4.431045014773E-1,6.666410439454E-1,8.901775864144E-1,1.E0,
1.019989748850E0),(-5.825576911941E-4,9.977355943688E-1),.UNSPECIFIED.);
#3559=ORIENTED_EDGE('',*,*,#3558,.T.);
#3561=ORIENTED_EDGE('',*,*,#3560,.F.);
#3563=ORIENTED_EDGE('',*,*,#3562,.T.);
#3565=ORIENTED_EDGE('',*,*,#3564,.F.);
#3566=EDGE_LOOP('',(#3559,#3561,#3563,#3565));
#3567=FACE_OUTER_BOUND('',#3566,.F.);
#3568=ADVANCED_FACE('',(#3567),#3557,.F.);
#3569=CARTESIAN_POINT('',(1.93E1,3.3E0,-5.278953451493E1));
#3570=DIRECTION('',(0.E0,1.E0,0.E0));
#3571=DIRECTION('',(0.E0,0.E0,1.E0));
#3572=AXIS2_PLACEMENT_3D('',#3569,#3570,#3571);
#3573=PLANE('',#3572);
#3575=ORIENTED_EDGE('',*,*,#3574,.F.);
#3577=ORIENTED_EDGE('',*,*,#3576,.F.);
#3579=ORIENTED_EDGE('',*,*,#3578,.F.);
#3581=ORIENTED_EDGE('',*,*,#3580,.F.);
#3583=ORIENTED_EDGE('',*,*,#3582,.F.);
#3585=ORIENTED_EDGE('',*,*,#3584,.F.);
#3587=ORIENTED_EDGE('',*,*,#3586,.F.);
#3589=ORIENTED_EDGE('',*,*,#3588,.F.);
#3591=ORIENTED_EDGE('',*,*,#3590,.F.);
#3593=ORIENTED_EDGE('',*,*,#3592,.F.);
#3595=ORIENTED_EDGE('',*,*,#3594,.F.);
#3597=ORIENTED_EDGE('',*,*,#3596,.F.);
#3599=ORIENTED_EDGE('',*,*,#3598,.F.);
#3601=ORIENTED_EDGE('',*,*,#3600,.F.);
#3603=ORIENTED_EDGE('',*,*,#3602,.F.);
#3605=ORIENTED_EDGE('',*,*,#3604,.F.);
#3607=ORIENTED_EDGE('',*,*,#3606,.F.);
#3609=ORIENTED_EDGE('',*,*,#3608,.F.);
#3611=ORIENTED_EDGE('',*,*,#3610,.F.);
#3613=ORIENTED_EDGE('',*,*,#3612,.F.);
#3615=ORIENTED_EDGE('',*,*,#3614,.F.);
#3617=ORIENTED_EDGE('',*,*,#3616,.F.);
#3619=ORIENTED_EDGE('',*,*,#3618,.F.);
#3621=ORIENTED_EDGE('',*,*,#3620,.F.);
#3623=ORIENTED_EDGE('',*,*,#3622,.F.);
#3625=ORIENTED_EDGE('',*,*,#3624,.F.);
#3627=ORIENTED_EDGE('',*,*,#3626,.F.);
#3628=ORIENTED_EDGE('',*,*,#3558,.F.);
#3630=ORIENTED_EDGE('',*,*,#3629,.F.);
#3632=ORIENTED_EDGE('',*,*,#3631,.F.);
#3634=ORIENTED_EDGE('',*,*,#3633,.F.);
#3635=EDGE_LOOP('',(#3575,#3577,#3579,#3581,#3583,#3585,#3587,#3589,#3591,#3593,
#3595,#3597,#3599,#3601,#3603,#3605,#3607,#3609,#3611,#3613,#3615,#3617,#3619,
#3621,#3623,#3625,#3627,#3628,#3630,#3632,#3634));
#3636=FACE_OUTER_BOUND('',#3635,.F.);
#3637=ADVANCED_FACE('',(#3636),#3573,.F.);
#3638=CARTESIAN_POINT('',(2.32E1,3.4E0,7.445132647473E1));
#3639=DIRECTION('',(0.E0,0.E0,-1.E0));
#3640=DIRECTION('',(1.E0,0.E0,0.E0));
#3641=AXIS2_PLACEMENT_3D('',#3638,#3639,#3640);
#3642=CYLINDRICAL_SURFACE('',#3641,1.E-1);
#3643=ORIENTED_EDGE('',*,*,#3574,.T.);
#3645=ORIENTED_EDGE('',*,*,#3644,.F.);
#3647=ORIENTED_EDGE('',*,*,#3646,.T.);
#3649=ORIENTED_EDGE('',*,*,#3648,.T.);
#3650=EDGE_LOOP('',(#3643,#3645,#3647,#3649));
#3651=FACE_OUTER_BOUND('',#3650,.F.);
#3652=ADVANCED_FACE('',(#3651),#3642,.T.);
#3653=CARTESIAN_POINT('',(2.32E1,1.E1,-4.610479390360E1));
#3654=DIRECTION('',(1.E0,0.E0,0.E0));
#3655=DIRECTION('',(0.E0,1.485959642860E-3,-9.999988959614E-1));
#3656=AXIS2_PLACEMENT_3D('',#3653,#3654,#3655);
#3657=TOROIDAL_SURFACE('',#3656,6.75E0,1.E-1);
#3659=ORIENTED_EDGE('',*,*,#3658,.F.);
#3661=ORIENTED_EDGE('',*,*,#3660,.F.);
#3662=ORIENTED_EDGE('',*,*,#3644,.T.);
#3664=ORIENTED_EDGE('',*,*,#3663,.T.);
#3666=ORIENTED_EDGE('',*,*,#3665,.F.);
#3667=EDGE_LOOP('',(#3659,#3661,#3662,#3664,#3666));
#3668=FACE_OUTER_BOUND('',#3667,.F.);
#3669=ADVANCED_FACE('',(#3668),#3657,.T.);
#3670=CARTESIAN_POINT('',(2.33E1,1.E1,-4.610479390360E1));
#3671=DIRECTION('',(1.E0,0.E0,0.E0));
#3672=DIRECTION('',(0.E0,-1.E0,0.E0));
#3673=AXIS2_PLACEMENT_3D('',#3670,#3671,#3672);
#3674=PLANE('',#3673);
#3676=ORIENTED_EDGE('',*,*,#3675,.F.);
#3678=ORIENTED_EDGE('',*,*,#3677,.T.);
#3680=ORIENTED_EDGE('',*,*,#3679,.T.);
#3681=ORIENTED_EDGE('',*,*,#3646,.F.);
#3682=ORIENTED_EDGE('',*,*,#3660,.T.);
#3683=ORIENTED_EDGE('',*,*,#3658,.T.);
#3684=EDGE_LOOP('',(#3676,#3678,#3680,#3681,#3682,#3683));
#3685=FACE_OUTER_BOUND('',#3684,.F.);
#3687=ORIENTED_EDGE('',*,*,#3686,.T.);
#3689=ORIENTED_EDGE('',*,*,#3688,.T.);
#3691=ORIENTED_EDGE('',*,*,#3690,.T.);
#3693=ORIENTED_EDGE('',*,*,#3692,.T.);
#3694=EDGE_LOOP('',(#3687,#3689,#3691,#3693));
#3695=FACE_BOUND('',#3694,.F.);
#3696=ADVANCED_FACE('',(#3685,#3695),#3674,.T.);
#3697=CARTESIAN_POINT('',(2.32E1,1.66E1,-1.375797939036E2));
#3698=DIRECTION('',(0.E0,0.E0,1.E0));
#3699=DIRECTION('',(1.E0,0.E0,0.E0));
#3700=AXIS2_PLACEMENT_3D('',#3697,#3698,#3699);
#3701=CYLINDRICAL_SURFACE('',#3700,1.E-1);
#3702=ORIENTED_EDGE('',*,*,#3675,.T.);
#3703=ORIENTED_EDGE('',*,*,#3665,.T.);
#3705=ORIENTED_EDGE('',*,*,#3704,.T.);
#3707=ORIENTED_EDGE('',*,*,#3706,.F.);
#3708=EDGE_LOOP('',(#3702,#3703,#3705,#3707));
#3709=FACE_OUTER_BOUND('',#3708,.F.);
#3710=ADVANCED_FACE('',(#3709),#3701,.T.);
#3711=CARTESIAN_POINT('',(1.93E1,1.67E1,-4.091619753958E1));
#3712=DIRECTION('',(0.E0,-1.E0,0.E0));
#3713=DIRECTION('',(0.E0,0.E0,-1.E0));
#3714=AXIS2_PLACEMENT_3D('',#3711,#3712,#3713);
#3715=PLANE('',#3714);
#3716=ORIENTED_EDGE('',*,*,#3704,.F.);
#3718=ORIENTED_EDGE('',*,*,#3717,.F.);
#3720=ORIENTED_EDGE('',*,*,#3719,.F.);
#3722=ORIENTED_EDGE('',*,*,#3721,.F.);
#3723=ORIENTED_EDGE('',*,*,#3562,.F.);
#3725=ORIENTED_EDGE('',*,*,#3724,.F.);
#3727=ORIENTED_EDGE('',*,*,#3726,.F.);
#3729=ORIENTED_EDGE('',*,*,#3728,.F.);
#3731=ORIENTED_EDGE('',*,*,#3730,.F.);
#3733=ORIENTED_EDGE('',*,*,#3732,.F.);
#3735=ORIENTED_EDGE('',*,*,#3734,.F.);
#3737=ORIENTED_EDGE('',*,*,#3736,.F.);
#3739=ORIENTED_EDGE('',*,*,#3738,.F.);
#3741=ORIENTED_EDGE('',*,*,#3740,.F.);
#3743=ORIENTED_EDGE('',*,*,#3742,.F.);
#3745=ORIENTED_EDGE('',*,*,#3744,.F.);
#3747=ORIENTED_EDGE('',*,*,#3746,.F.);
#3749=ORIENTED_EDGE('',*,*,#3748,.F.);
#3751=ORIENTED_EDGE('',*,*,#3750,.F.);
#3753=ORIENTED_EDGE('',*,*,#3752,.F.);
#3755=ORIENTED_EDGE('',*,*,#3754,.F.);
#3757=ORIENTED_EDGE('',*,*,#3756,.F.);
#3759=ORIENTED_EDGE('',*,*,#3758,.F.);
#3761=ORIENTED_EDGE('',*,*,#3760,.F.);
#3763=ORIENTED_EDGE('',*,*,#3762,.F.);
#3765=ORIENTED_EDGE('',*,*,#3764,.F.);
#3767=ORIENTED_EDGE('',*,*,#3766,.F.);
#3768=EDGE_LOOP('',(#3716,#3718,#3720,#3722,#3723,#3725,#3727,#3729,#3731,#3733,
#3735,#3737,#3739,#3741,#3743,#3745,#3747,#3749,#3751,#3753,#3755,#3757,#3759,
#3761,#3763,#3765,#3767));
#3769=FACE_OUTER_BOUND('',#3768,.F.);
#3770=ADVANCED_FACE('',(#3769),#3715,.F.);
#3771=CARTESIAN_POINT('',(1.93E1,1.E1,-4.610479390360E1));
#3772=DIRECTION('',(1.E0,0.E0,0.E0));
#3773=DIRECTION('',(0.E0,1.E0,0.E0));
#3774=AXIS2_PLACEMENT_3D('',#3771,#3772,#3773);
#3775=CYLINDRICAL_SURFACE('',#3774,6.85E0);
#3776=ORIENTED_EDGE('',*,*,#3663,.F.);
#3777=ORIENTED_EDGE('',*,*,#3633,.T.);
#3779=ORIENTED_EDGE('',*,*,#3778,.F.);
#3780=ORIENTED_EDGE('',*,*,#3717,.T.);
#3781=EDGE_LOOP('',(#3776,#3777,#3779,#3780));
#3782=FACE_OUTER_BOUND('',#3781,.F.);
#3783=ADVANCED_FACE('',(#3782),#3775,.T.);
#3784=CARTESIAN_POINT('',(2.225810201262E1,1.666571994851E1,-4.487497979329E1));
#3785=CARTESIAN_POINT('',(2.212373642088E1,1.689458454912E1,-4.483275465971E1));
#3786=CARTESIAN_POINT('',(2.198937082914E1,1.712344914973E1,-4.479052952614E1));
#3787=CARTESIAN_POINT('',(2.185500523740E1,1.735231375034E1,-4.474830439257E1));
#3788=CARTESIAN_POINT('',(2.225954793198E1,1.665460042035E1,-4.481451203164E1));
#3789=CARTESIAN_POINT('',(2.212518234024E1,1.688308323679E1,-4.477021076372E1));
#3790=CARTESIAN_POINT('',(2.199081674850E1,1.711156605322E1,-4.472590949580E1));
#3791=CARTESIAN_POINT('',(2.185645115676E1,1.734004886966E1,-4.468160822788E1));
#3792=CARTESIAN_POINT('',(2.229849866460E1,1.633175303800E1,-4.318993271541E1));
#3793=CARTESIAN_POINT('',(2.216413307287E1,1.654915102972E1,-4.308985222195E1));
#3794=CARTESIAN_POINT('',(2.202976748113E1,1.676654902144E1,-4.298977172850E1));
#3795=CARTESIAN_POINT('',(2.189540188939E1,1.698394701317E1,-4.288969123504E1));
#3796=CARTESIAN_POINT('',(2.237577381796E1,1.446347133682E1,-4.022659874722E1));
#3797=CARTESIAN_POINT('',(2.224140822623E1,1.461672268742E1,-4.002477346845E1));
#3798=CARTESIAN_POINT('',(2.210704263449E1,1.476997403802E1,-3.982294818969E1));
#3799=CARTESIAN_POINT('',(2.197267704275E1,1.492322538862E1,-3.962112291093E1));
#3800=CARTESIAN_POINT('',(2.248992747270E1,9.495858740869E0,-3.872814558527E1));
#3801=CARTESIAN_POINT('',(2.235556188096E1,9.478549269602E0,-3.847487156772E1));
#3802=CARTESIAN_POINT('',(2.222119628923E1,9.461239798335E0,-3.822159755017E1));
#3803=CARTESIAN_POINT('',(2.208683069749E1,9.443930327068E0,-3.796832353262E1));
#3804=CARTESIAN_POINT('',(2.259683387995E1,5.077918163522E0,-4.075133942445E1));
#3805=CARTESIAN_POINT('',(2.246246828821E1,4.908920620513E0,-4.056753088903E1));
#3806=CARTESIAN_POINT('',(2.232810269647E1,4.739923077505E0,-4.038372235361E1));
#3807=CARTESIAN_POINT('',(2.219373710474E1,4.570925534496E0,-4.019991381819E1));
#3808=CARTESIAN_POINT('',(2.266686016478E1,3.614547225953E0,-4.349239764931E1));
#3809=CARTESIAN_POINT('',(2.253249457305E1,3.395305477103E0,-4.340270215805E1));
#3810=CARTESIAN_POINT('',(2.239812898131E1,3.176063728254E0,-4.331300666679E1));
#3811=CARTESIAN_POINT('',(2.226376338957E1,2.956821979404E0,-4.322331117553E1));
#3812=CARTESIAN_POINT('',(2.269856202888E1,3.347255783143E0,-4.481490921473E1));
#3813=CARTESIAN_POINT('',(2.256419643714E1,3.118836698645E0,-4.477062158392E1));
#3814=CARTESIAN_POINT('',(2.242983084540E1,2.890417614147E0,-4.472633395311E1));
#3815=CARTESIAN_POINT('',(2.229546525366E1,2.661998529649E0,-4.468204632230E1));
#3816=CARTESIAN_POINT('',(2.270000632721E1,3.335908077731E0,-4.487530932373E1));
#3817=CARTESIAN_POINT('',(2.256564073547E1,3.107099374694E0,-4.483309550444E1));
#3818=CARTESIAN_POINT('',(2.243127514373E1,2.878290671657E0,-4.479088168515E1));
#3819=CARTESIAN_POINT('',(2.229690955199E1,2.649481968620E0,-4.474866786586E1));
#3820=B_SPLINE_SURFACE_WITH_KNOTS('',3,3,((#3784,#3785,#3786,#3787),(#3788,
#3789,#3790,#3791),(#3792,#3793,#3794,#3795),(#3796,#3797,#3798,#3799),(#3800,
#3801,#3802,#3803),(#3804,#3805,#3806,#3807),(#3808,#3809,#3810,#3811),(#3812,
#3813,#3814,#3815),(#3816,#3817,#3818,#3819)),.UNSPECIFIED.,.F.,.F.,.F.,(4,1,1,
1,1,1,4),(4,4),(-1.001251399976E-2,0.E0,2.597084431948E-1,5.250923974750E-1,
7.904763517561E-1,1.E0,1.010001288855E0),(2.296536805609E-3,1.003686305090E0),
.UNSPECIFIED.);
#3821=ORIENTED_EDGE('',*,*,#3719,.T.);
#3822=ORIENTED_EDGE('',*,*,#3778,.T.);
#3823=ORIENTED_EDGE('',*,*,#3631,.T.);
#3825=ORIENTED_EDGE('',*,*,#3824,.T.);
#3826=EDGE_LOOP('',(#3821,#3822,#3823,#3825));
#3827=FACE_OUTER_BOUND('',#3826,.F.);
#3828=ADVANCED_FACE('',(#3827),#3820,.F.);
#3829=CARTESIAN_POINT('',(2.201905976272E1,1.676646915018E1,-4.311660623338E1));
#3830=CARTESIAN_POINT('',(2.188380605585E1,1.676646915018E1,-4.311660623338E1));
#3831=CARTESIAN_POINT('',(2.174855234898E1,1.676646915018E1,-4.311660623338E1));
#3832=CARTESIAN_POINT('',(2.161329864211E1,1.676646915018E1,-4.311660623338E1));
#3833=CARTESIAN_POINT('',(2.202026052036E1,1.674393815997E1,-4.306550342884E1));
#3834=CARTESIAN_POINT('',(2.188500681349E1,1.674393815997E1,-4.306550342884E1));
#3835=CARTESIAN_POINT('',(2.174975310662E1,1.674393815997E1,-4.306550342884E1));
#3836=CARTESIAN_POINT('',(2.161449939975E1,1.674393815997E1,-4.306550342884E1));
#3837=CARTESIAN_POINT('',(2.203518762554E1,1.645678474136E1,-4.243335150770E1));
#3838=CARTESIAN_POINT('',(2.189993391867E1,1.645678474136E1,-4.243335150770E1));
#3839=CARTESIAN_POINT('',(2.176468021180E1,1.645678474136E1,-4.243335150770E1));
#3840=CARTESIAN_POINT('',(2.162942650493E1,1.645678474136E1,-4.243335150770E1));
#3841=CARTESIAN_POINT('',(2.208348366002E1,1.524640143760E1,-4.052059507678E1));
#3842=CARTESIAN_POINT('',(2.194822995315E1,1.524640143760E1,-4.052059507678E1));
#3843=CARTESIAN_POINT('',(2.181297624628E1,1.524640143760E1,-4.052059507678E1));
#3844=CARTESIAN_POINT('',(2.167772253941E1,1.524640143760E1,-4.052059507678E1));
#3845=CARTESIAN_POINT('',(2.216394786616E1,1.191422245537E1,-3.843567198710E1));
#3846=CARTESIAN_POINT('',(2.202869415929E1,1.191422245537E1,-3.843567198710E1));
#3847=CARTESIAN_POINT('',(2.189344045242E1,1.191422245537E1,-3.843567198710E1));
#3848=CARTESIAN_POINT('',(2.175818674555E1,1.191422245537E1,-3.843567198710E1));
#3849=CARTESIAN_POINT('',(2.226405465406E1,7.035909081635E0,-3.877717762557E1));
#3850=CARTESIAN_POINT('',(2.212880094719E1,7.035909081635E0,-3.877717762557E1));
#3851=CARTESIAN_POINT('',(2.199354724032E1,7.035909081635E0,-3.877717762557E1));
#3852=CARTESIAN_POINT('',(2.185829353345E1,7.035909081635E0,-3.877717762557E1));
#3853=CARTESIAN_POINT('',(2.233710506032E1,4.304021215873E0,-4.107304176192E1));
#3854=CARTESIAN_POINT('',(2.220185135345E1,4.304021215873E0,-4.107304176192E1));
#3855=CARTESIAN_POINT('',(2.206659764659E1,4.304021215873E0,-4.107304176192E1));
#3856=CARTESIAN_POINT('',(2.193134393972E1,4.304021215873E0,-4.107304176192E1));
#3857=CARTESIAN_POINT('',(2.237798826213E1,3.398483730054E0,-4.274655782270E1));
#3858=CARTESIAN_POINT('',(2.224273455526E1,3.398483730054E0,-4.274655782270E1));
#3859=CARTESIAN_POINT('',(2.210748084839E1,3.398483730054E0,-4.274655782270E1));
#3860=CARTESIAN_POINT('',(2.197222714152E1,3.398483730054E0,-4.274655782270E1));
#3861=CARTESIAN_POINT('',(2.238550253463E1,3.254466049998E0,-4.306476923664E1));
#3862=CARTESIAN_POINT('',(2.225024882776E1,3.254466049998E0,-4.306476923664E1));
#3863=CARTESIAN_POINT('',(2.211499512089E1,3.254466049998E0,-4.306476923664E1));
#3864=CARTESIAN_POINT('',(2.197974141402E1,3.254466049998E0,-4.306476923664E1));
#3865=CARTESIAN_POINT('',(2.238670425946E1,3.232010833060E0,-4.311591692029E1));
#3866=CARTESIAN_POINT('',(2.225145055259E1,3.232010833060E0,-4.311591692029E1));
#3867=CARTESIAN_POINT('',(2.211619684572E1,3.232010833060E0,-4.311591692029E1));
#3868=CARTESIAN_POINT('',(2.198094313885E1,3.232010833060E0,-4.311591692029E1));
#3869=B_SPLINE_SURFACE_WITH_KNOTS('',3,3,((#3829,#3830,#3831,#3832),(#3833,
#3834,#3835,#3836),(#3837,#3838,#3839,#3840),(#3841,#3842,#3843,#3844),(#3845,
#3846,#3847,#3848),(#3849,#3850,#3851,#3852),(#3853,#3854,#3855,#3856),(#3857,
#3858,#3859,#3860),(#3861,#3862,#3863,#3864),(#3865,#3866,#3867,#3868)),
.UNSPECIFIED.,.F.,.F.,.F.,(4,1,1,1,1,1,1,4),(4,4),(-9.994180457224E-3,0.E0,
1.142475300596E-1,3.919847606752E-1,6.697219912918E-1,9.474592219084E-1,1.E0,
1.010002230603E0),(4.467537871504E-3,9.955467842685E-1),.UNSPECIFIED.);
#3870=ORIENTED_EDGE('',*,*,#3629,.T.);
#3871=ORIENTED_EDGE('',*,*,#3564,.T.);
#3872=ORIENTED_EDGE('',*,*,#3721,.T.);
#3873=ORIENTED_EDGE('',*,*,#3824,.F.);
#3874=EDGE_LOOP('',(#3870,#3871,#3872,#3873));
#3875=FACE_OUTER_BOUND('',#3874,.F.);
#3876=ADVANCED_FACE('',(#3875),#3869,.F.);
#3877=CARTESIAN_POINT('',(1.93E1,1.E1,-4.610479390360E1));
#3878=DIRECTION('',(1.E0,0.E0,0.E0));
#3879=DIRECTION('',(0.E0,1.E0,0.E0));
#3880=AXIS2_PLACEMENT_3D('',#3877,#3878,#3879);
#3881=CYLINDRICAL_SURFACE('',#3880,6.85E0);
#3882=ORIENTED_EDGE('',*,*,#3626,.T.);
#3884=ORIENTED_EDGE('',*,*,#3883,.F.);
#3885=ORIENTED_EDGE('',*,*,#3724,.T.);
#3886=ORIENTED_EDGE('',*,*,#3560,.T.);
#3887=EDGE_LOOP('',(#3882,#3884,#3885,#3886));
#3888=FACE_OUTER_BOUND('',#3887,.F.);
#3889=ADVANCED_FACE('',(#3888),#3881,.T.);
#3890=CARTESIAN_POINT('',(2.125803071787E1,1.666236263223E1,-4.487566516158E1));
#3891=CARTESIAN_POINT('',(2.112369959782E1,1.689104748962E1,-4.483347545402E1));
#3892=CARTESIAN_POINT('',(2.098936847776E1,1.711973234700E1,-4.479128574647E1));
#3893=CARTESIAN_POINT('',(2.085503735770E1,1.734841720439E1,-4.474909603891E1));
#3894=CARTESIAN_POINT('',(2.125947431925E1,1.665101917899E1,-4.481524545824E1));
#3895=CARTESIAN_POINT('',(2.112514319919E1,1.687931467360E1,-4.477098185108E1));
#3896=CARTESIAN_POINT('',(2.099081207913E1,1.710761016822E1,-4.472671824393E1));
#3897=CARTESIAN_POINT('',(2.085648095907E1,1.733590566283E1,-4.468245463677E1));
#3898=CARTESIAN_POINT('',(2.128682936289E1,1.642063042475E1,-4.367310253160E1));
#3899=CARTESIAN_POINT('',(2.115249824283E1,1.664101785097E1,-4.358963499534E1));
#3900=CARTESIAN_POINT('',(2.101816712277E1,1.686140527718E1,-4.350616745907E1));
#3901=CARTESIAN_POINT('',(2.088383600272E1,1.708179270339E1,-4.342269992281E1));
#3902=CARTESIAN_POINT('',(2.135250882728E1,1.517163477328E1,-4.107531560006E1));
#3903=CARTESIAN_POINT('',(2.121817770722E1,1.534915056248E1,-4.090267931590E1));
#3904=CARTESIAN_POINT('',(2.108384658716E1,1.552666635168E1,-4.073004303174E1));
#3905=CARTESIAN_POINT('',(2.094951546710E1,1.570418214088E1,-4.055740674758E1));
#3906=CARTESIAN_POINT('',(2.145506911103E1,1.110616330854E1,-3.879396760802E1));
#3907=CARTESIAN_POINT('',(2.132073799097E1,1.114413224124E1,-3.854302430741E1));
#3908=CARTESIAN_POINT('',(2.118640687091E1,1.118210117395E1,-3.829208100680E1));
#3909=CARTESIAN_POINT('',(2.105207575084E1,1.122007010666E1,-3.804113770619E1));
#3910=CARTESIAN_POINT('',(2.157004237325E1,5.996053409715E0,-3.988867050570E1));
#3911=CARTESIAN_POINT('',(2.143571125319E1,5.858618387708E0,-3.967530276047E1));
#3912=CARTESIAN_POINT('',(2.130138013313E1,5.721183365700E0,-3.946193501524E1));
#3913=CARTESIAN_POINT('',(2.116704901306E1,5.583748343693E0,-3.924856727001E1));
#3914=CARTESIAN_POINT('',(2.165022487559E1,3.827194218052E0,-4.281775781992E1));
#3915=CARTESIAN_POINT('',(2.151589375553E1,3.615313345178E0,-4.270493067143E1));
#3916=CARTESIAN_POINT('',(2.138156263546E1,3.403432472304E0,-4.259210352293E1));
#3917=CARTESIAN_POINT('',(2.124723151540E1,3.191551599430E0,-4.247927637444E1));
#3918=CARTESIAN_POINT('',(2.169352864549E1,3.386826263208E0,-4.460681423099E1));
#3919=CARTESIAN_POINT('',(2.155919752543E1,3.159829809194E0,-4.455539624510E1));
#3920=CARTESIAN_POINT('',(2.142486640537E1,2.932833355180E0,-4.450397825922E1));
#3921=CARTESIAN_POINT('',(2.129053528531E1,2.705836901166E0,-4.445256027333E1));
#3922=CARTESIAN_POINT('',(2.169850799466E1,3.346130807219E0,-4.481469040187E1));
#3923=CARTESIAN_POINT('',(2.156417687460E1,3.117737486198E0,-4.477040774247E1));
#3924=CARTESIAN_POINT('',(2.142984575454E1,2.889344165177E0,-4.472612508306E1));
#3925=CARTESIAN_POINT('',(2.129551463448E1,2.660950844156E0,-4.468184242365E1));
#3926=CARTESIAN_POINT('',(2.169995368297E1,3.335151409120E0,-4.487520321171E1));
#3927=CARTESIAN_POINT('',(2.156562256291E1,3.106381221479E0,-4.483299764778E1));
#3928=CARTESIAN_POINT('',(2.143129144285E1,2.877611033838E0,-4.479079208385E1));
#3929=CARTESIAN_POINT('',(2.129696032279E1,2.648840846197E0,-4.474858651992E1));
#3930=B_SPLINE_SURFACE_WITH_KNOTS('',3,3,((#3890,#3891,#3892,#3893),(#3894,
#3895,#3896,#3897),(#3898,#3899,#3900,#3901),(#3902,#3903,#3904,#3905),(#3906,
#3907,#3908,#3909),(#3910,#3911,#3912,#3913),(#3914,#3915,#3916,#3917),(#3918,
#3919,#3920,#3921),(#3922,#3923,#3924,#3925),(#3926,#3927,#3928,#3929)),
.UNSPECIFIED.,.F.,.F.,.F.,(4,1,1,1,1,1,1,4),(4,4),(-9.995968113266E-3,0.E0,
1.794193017404E-1,4.447901266189E-1,7.101609514966E-1,9.755317763743E-1,1.E0,
1.010010418720E0),(2.542480974865E-3,1.003675341323E0),.UNSPECIFIED.);
#3931=ORIENTED_EDGE('',*,*,#3624,.T.);
#3933=ORIENTED_EDGE('',*,*,#3932,.T.);
#3934=ORIENTED_EDGE('',*,*,#3726,.T.);
#3935=ORIENTED_EDGE('',*,*,#3883,.T.);
#3936=EDGE_LOOP('',(#3931,#3933,#3934,#3935));
#3937=FACE_OUTER_BOUND('',#3936,.F.);
#3938=ADVANCED_FACE('',(#3937),#3930,.F.);
#3939=CARTESIAN_POINT('',(2.101905970187E1,1.676649900700E1,-4.311659182482E1));
#3940=CARTESIAN_POINT('',(2.088380564487E1,1.676649900700E1,-4.311659182482E1));
#3941=CARTESIAN_POINT('',(2.074855158787E1,1.676649900700E1,-4.311659182482E1));
#3942=CARTESIAN_POINT('',(2.061329753086E1,1.676649900700E1,-4.311659182482E1));
#3943=CARTESIAN_POINT('',(2.102026047979E1,1.674397396102E1,-4.306548612216E1));
#3944=CARTESIAN_POINT('',(2.088500642279E1,1.674397396102E1,-4.306548612216E1));
#3945=CARTESIAN_POINT('',(2.074975236579E1,1.674397396102E1,-4.306548612216E1));
#3946=CARTESIAN_POINT('',(2.061449830878E1,1.674397396102E1,-4.306548612216E1));
#3947=CARTESIAN_POINT('',(2.103483188490E1,1.646373864709E1,-4.244837547708E1));
#3948=CARTESIAN_POINT('',(2.089957782790E1,1.646373864709E1,-4.244837547708E1));
#3949=CARTESIAN_POINT('',(2.076432377090E1,1.646373864709E1,-4.244837547708E1));
#3950=CARTESIAN_POINT('',(2.062906971389E1,1.646373864709E1,-4.244837547708E1));
#3951=CARTESIAN_POINT('',(2.108277221931E1,1.526908240813E1,-4.054660643663E1));
#3952=CARTESIAN_POINT('',(2.094751816230E1,1.526908240813E1,-4.054660643663E1));
#3953=CARTESIAN_POINT('',(2.081226410530E1,1.526908240813E1,-4.054660643663E1));
#3954=CARTESIAN_POINT('',(2.067701004830E1,1.526908240813E1,-4.054660643663E1));
#3955=CARTESIAN_POINT('',(2.116288070509E1,1.196563306474E1,-3.844868751365E1));
#3956=CARTESIAN_POINT('',(2.102762664809E1,1.196563306474E1,-3.844868751365E1));
#3957=CARTESIAN_POINT('',(2.089237259109E1,1.196563306474E1,-3.844868751365E1));
#3958=CARTESIAN_POINT('',(2.075711853409E1,1.196563306474E1,-3.844868751365E1));
#3959=CARTESIAN_POINT('',(2.126298749298E1,7.085153643866E0,-3.875745771150E1));
#3960=CARTESIAN_POINT('',(2.112773343598E1,7.085153643866E0,-3.875745771150E1));
#3961=CARTESIAN_POINT('',(2.099247937898E1,7.085153643866E0,-3.875745771150E1));
#3962=CARTESIAN_POINT('',(2.085722532198E1,7.085153643866E0,-3.875745771150E1));
#3963=CARTESIAN_POINT('',(2.133639396975E1,4.324489538909E0,-4.104603061727E1));
#3964=CARTESIAN_POINT('',(2.120113991275E1,4.324489538909E0,-4.104603061727E1));
#3965=CARTESIAN_POINT('',(2.106588585574E1,4.324489538909E0,-4.104603061727E1));
#3966=CARTESIAN_POINT('',(2.093063179874E1,4.324489538909E0,-4.104603061727E1));
#3967=CARTESIAN_POINT('',(2.137763319981E1,3.405422969067E0,-4.273152004848E1));
#3968=CARTESIAN_POINT('',(2.124237914280E1,3.405422969067E0,-4.273152004848E1));
#3969=CARTESIAN_POINT('',(2.110712508580E1,3.405422969067E0,-4.273152004848E1));
#3970=CARTESIAN_POINT('',(2.097187102879E1,3.405422969067E0,-4.273152004848E1));
#3971=CARTESIAN_POINT('',(2.138550350057E1,3.254584517290E0,-4.306482462668E1));
#3972=CARTESIAN_POINT('',(2.125024944356E1,3.254584517290E0,-4.306482462668E1));
#3973=CARTESIAN_POINT('',(2.111499538656E1,3.254584517290E0,-4.306482462668E1));
#3974=CARTESIAN_POINT('',(2.097974132955E1,3.254584517290E0,-4.306482462668E1));
#3975=CARTESIAN_POINT('',(2.138670518316E1,3.232129822351E0,-4.311597266154E1));
#3976=CARTESIAN_POINT('',(2.125145112616E1,3.232129822351E0,-4.311597266154E1));
#3977=CARTESIAN_POINT('',(2.111619706915E1,3.232129822351E0,-4.311597266154E1));
#3978=CARTESIAN_POINT('',(2.098094301215E1,3.232129822351E0,-4.311597266154E1));
#3979=B_SPLINE_SURFACE_WITH_KNOTS('',3,3,((#3939,#3940,#3941,#3942),(#3943,
#3944,#3945,#3946),(#3947,#3948,#3949,#3950),(#3951,#3952,#3953,#3954),(#3955,
#3956,#3957,#3958),(#3959,#3960,#3961,#3962),(#3963,#3964,#3965,#3966),(#3967,
#3968,#3969,#3970),(#3971,#3972,#3973,#3974),(#3975,#3976,#3977,#3978)),
.UNSPECIFIED.,.F.,.F.,.F.,(4,1,1,1,1,1,1,4),(4,4),(-9.994320154985E-3,0.E0,
1.112864638663E-1,3.890228850901E-1,6.667593063138E-1,9.444957275376E-1,1.E0,
1.010001849930E0),(4.465784437031E-3,9.955475964551E-1),.UNSPECIFIED.);
#3980=ORIENTED_EDGE('',*,*,#3622,.T.);
#3982=ORIENTED_EDGE('',*,*,#3981,.T.);
#3983=ORIENTED_EDGE('',*,*,#3728,.T.);
#3984=ORIENTED_EDGE('',*,*,#3932,.F.);
#3985=EDGE_LOOP('',(#3980,#3982,#3983,#3984));
#3986=FACE_OUTER_BOUND('',#3985,.F.);
#3987=ADVANCED_FACE('',(#3986),#3979,.F.);
#3988=CARTESIAN_POINT('',(2.070125421773E1,1.734690602394E1,-4.474943267765E1));
#3989=CARTESIAN_POINT('',(2.056760011733E1,1.711932581485E1,-4.479141679861E1));
#3990=CARTESIAN_POINT('',(2.043394601693E1,1.689174560576E1,-4.483340091957E1));
#3991=CARTESIAN_POINT('',(2.030029191652E1,1.666416539666E1,-4.487538504053E1));
#3992=CARTESIAN_POINT('',(2.070269804888E1,1.733469829022E1,-4.468273544246E1));
#3993=CARTESIAN_POINT('',(2.056904394848E1,1.710749623196E1,-4.472678559920E1));
#3994=CARTESIAN_POINT('',(2.043538984807E1,1.688029417369E1,-4.477083575594E1));
#3995=CARTESIAN_POINT('',(2.030173574767E1,1.665309211543E1,-4.481488591268E1));
#3996=CARTESIAN_POINT('',(2.071407279621E1,1.723146473756E1,-4.415860421163E1));
#3997=CARTESIAN_POINT('',(2.058041869581E1,1.700746047623E1,-4.421889003203E1));
#3998=CARTESIAN_POINT('',(2.044676459541E1,1.678345621489E1,-4.427917585242E1));
#3999=CARTESIAN_POINT('',(2.031311049501E1,1.655945195355E1,-4.433946167282E1));
#4000=CARTESIAN_POINT('',(2.075773087688E1,1.662235295601E1,-4.219289473598E1));
#4001=CARTESIAN_POINT('',(2.062407677648E1,1.641721674419E1,-4.231407102810E1));
#4002=CARTESIAN_POINT('',(2.049042267608E1,1.621208053236E1,-4.243524732021E1));
#4003=CARTESIAN_POINT('',(2.035676857567E1,1.600694432053E1,-4.255642361233E1));
#4004=CARTESIAN_POINT('',(2.083222845974E1,1.425925687018E1,-3.939327900535E1));
#4005=CARTESIAN_POINT('',(2.069857435934E1,1.412732071013E1,-3.960117712722E1));
#4006=CARTESIAN_POINT('',(2.056492025893E1,1.399538455007E1,-3.980907524908E1));
#4007=CARTESIAN_POINT('',(2.043126615853E1,1.386344839002E1,-4.001697337094E1));
#4008=CARTESIAN_POINT('',(2.092907845974E1,9.657984527523E0,-3.816321177331E1));
#4009=CARTESIAN_POINT('',(2.079542435934E1,9.668578912762E0,-3.840921286762E1));
#4010=CARTESIAN_POINT('',(2.066177025893E1,9.679173298002E0,-3.865521396194E1));
#4011=CARTESIAN_POINT('',(2.052811615853E1,9.689767683242E0,-3.890121505625E1));
#4012=CARTESIAN_POINT('',(2.102592845974E1,5.179501724963E0,-3.978431150933E1));
#4013=CARTESIAN_POINT('',(2.089227435934E1,5.328823085789E0,-3.998009687805E1));
#4014=CARTESIAN_POINT('',(2.075862025893E1,5.478144446615E0,-4.017588224677E1));
#4015=CARTESIAN_POINT('',(2.062496615853E1,5.627465807441E0,-4.037166761549E1));
#4016=CARTESIAN_POINT('',(2.109585907170E1,3.195422200353E0,-4.259327907999E1));
#4017=CARTESIAN_POINT('',(2.096220497129E1,3.406203069657E0,-4.270205293325E1));
#4018=CARTESIAN_POINT('',(2.082855087089E1,3.616983938961E0,-4.281082678651E1));
#4019=CARTESIAN_POINT('',(2.069489677049E1,3.827764808265E0,-4.291960063978E1));
#4020=CARTESIAN_POINT('',(2.113495104857E1,2.725783571083E0,-4.436886299321E1));
#4021=CARTESIAN_POINT('',(2.100129694816E1,2.951112123057E0,-4.442263576753E1));
#4022=CARTESIAN_POINT('',(2.086764284776E1,3.176440675032E0,-4.447640854185E1));
#4023=CARTESIAN_POINT('',(2.073398874736E1,3.401769227006E0,-4.453018131616E1));
#4024=CARTESIAN_POINT('',(2.114175969210E1,2.664143488743E0,-4.468247806200E1));
#4025=CARTESIAN_POINT('',(2.100810559170E1,2.891381424447E0,-4.472653619145E1));
#4026=CARTESIAN_POINT('',(2.087445149129E1,3.118619360152E0,-4.477059432089E1));
#4027=CARTESIAN_POINT('',(2.074079739089E1,3.345857295856E0,-4.481465245034E1));
#4028=CARTESIAN_POINT('',(2.114320439035E1,2.651972013102E0,-4.474919360685E1));
#4029=CARTESIAN_POINT('',(2.100955028994E1,2.879586976492E0,-4.479118513335E1));
#4030=CARTESIAN_POINT('',(2.087589618954E1,3.107201939882E0,-4.483317665984E1));
#4031=CARTESIAN_POINT('',(2.074224208914E1,3.334816903271E0,-4.487516818634E1));
#4032=B_SPLINE_SURFACE_WITH_KNOTS('',3,3,((#3988,#3989,#3990,#3991),(#3992,
#3993,#3994,#3995),(#3996,#3997,#3998,#3999),(#4000,#4001,#4002,#4003),(#4004,
#4005,#4006,#4007),(#4008,#4009,#4010,#4011),(#4012,#4013,#4014,#4015),(#4016,
#4017,#4018,#4019),(#4020,#4021,#4022,#4023),(#4024,#4025,#4026,#4027),(#4028,
#4029,#4030,#4031)),.UNSPECIFIED.,.F.,.F.,.F.,(4,1,1,1,1,1,1,1,4),(4,4),(
-9.996878709245E-3,0.E0,6.876023205382E-2,2.922853780619E-1,5.158105240708E-1,
7.393356700789E-1,9.628608160869E-1,1.E0,1.010002882386E0),(3.104033918634E-4,
9.968724763421E-1),.UNSPECIFIED.);
#4033=ORIENTED_EDGE('',*,*,#3620,.T.);
#4035=ORIENTED_EDGE('',*,*,#4034,.F.);
#4036=ORIENTED_EDGE('',*,*,#3730,.T.);
#4037=ORIENTED_EDGE('',*,*,#3981,.F.);
#4038=EDGE_LOOP('',(#4033,#4035,#4036,#4037));
#4039=FACE_OUTER_BOUND('',#4038,.F.);
#4040=ADVANCED_FACE('',(#4039),#4032,.F.);
#4041=CARTESIAN_POINT('',(1.93E1,1.E1,-4.610479390360E1));
#4042=DIRECTION('',(1.E0,0.E0,0.E0));
#4043=DIRECTION('',(0.E0,1.E0,0.E0));
#4044=AXIS2_PLACEMENT_3D('',#4041,#4042,#4043);
#4045=CYLINDRICAL_SURFACE('',#4044,6.85E0);
#4046=ORIENTED_EDGE('',*,*,#3618,.T.);
#4048=ORIENTED_EDGE('',*,*,#4047,.F.);
#4049=ORIENTED_EDGE('',*,*,#3732,.T.);
#4050=ORIENTED_EDGE('',*,*,#4034,.T.);
#4051=EDGE_LOOP('',(#4046,#4048,#4049,#4050));
#4052=FACE_OUTER_BOUND('',#4051,.F.);
#4053=ADVANCED_FACE('',(#4052),#4045,.T.);
#4054=CARTESIAN_POINT('',(2.025793868168E1,1.666097881463E1,-4.487594273297E1));
#4055=CARTESIAN_POINT('',(2.012363170334E1,1.688957207086E1,-4.483377068914E1));
#4056=CARTESIAN_POINT('',(1.998932472501E1,1.711816532709E1,-4.479159864531E1));
#4057=CARTESIAN_POINT('',(1.985501774667E1,1.734675858331E1,-4.474942660148E1));
#4058=CARTESIAN_POINT('',(2.025938170900E1,1.664991721984E1,-4.481545723780E1));
#4059=CARTESIAN_POINT('',(2.012507473067E1,1.687813086129E1,-4.477120943653E1));
#4060=CARTESIAN_POINT('',(1.999076775233E1,1.710634450275E1,-4.472696163527E1));
#4061=CARTESIAN_POINT('',(1.985646077400E1,1.733455814420E1,-4.468271383400E1));
#4062=CARTESIAN_POINT('',(2.027516379233E1,1.652014235108E1,-4.415558798356E1));
#4063=CARTESIAN_POINT('',(2.014085681399E1,1.674390234380E1,-4.408869461238E1));
#4064=CARTESIAN_POINT('',(2.000654983566E1,1.696766233653E1,-4.402180124119E1));
#4065=CARTESIAN_POINT('',(1.987224285732E1,1.719142232925E1,-4.395490787E1));
#4066=CARTESIAN_POINT('',(2.032927029639E1,1.574652798213E1,-4.196456640339E1));
#4067=CARTESIAN_POINT('',(2.019496331806E1,1.594373886960E1,-4.182248096638E1));
#4068=CARTESIAN_POINT('',(2.006065633972E1,1.614094975707E1,-4.168039552937E1));
#4069=CARTESIAN_POINT('',(1.992634936139E1,1.633816064454E1,-4.153831009236E1));
#4070=CARTESIAN_POINT('',(2.042025819386E1,1.266393989063E1,-3.920721148166E1));
#4071=CARTESIAN_POINT('',(2.028595121553E1,1.275536169378E1,-3.897049839942E1));
#4072=CARTESIAN_POINT('',(2.015164423720E1,1.284678349693E1,-3.873378531718E1));
#4073=CARTESIAN_POINT('',(2.001733725887E1,1.293820530008E1,-3.849707223495E1));
#4074=CARTESIAN_POINT('',(2.053523145608E1,7.437962925129E0,-3.916871540799E1));
#4075=CARTESIAN_POINT('',(2.040092447775E1,7.350038250120E0,-3.893068120717E1));
#4076=CARTESIAN_POINT('',(2.026661749942E1,7.262113575112E0,-3.869264700636E1));
#4077=CARTESIAN_POINT('',(2.013231052109E1,7.174188900104E0,-3.845461280555E1));
#4078=CARTESIAN_POINT('',(2.062700083858E1,4.288266565474E0,-4.190364904180E1));
#4079=CARTESIAN_POINT('',(2.049269386025E1,4.092249766619E0,-4.175947302645E1));
#4080=CARTESIAN_POINT('',(2.035838688191E1,3.896232967763E0,-4.161529701110E1));
#4081=CARTESIAN_POINT('',(2.022407990358E1,3.700216168907E0,-4.147112099575E1));
#4082=CARTESIAN_POINT('',(2.068188892420E1,3.486643118406E0,-4.412305169835E1));
#4083=CARTESIAN_POINT('',(2.054758194586E1,3.263115991244E0,-4.405504173820E1));
#4084=CARTESIAN_POINT('',(2.041327496753E1,3.039588864081E0,-4.398703177806E1));
#4085=CARTESIAN_POINT('',(2.027896798919E1,2.816061736919E0,-4.391902181791E1));
#4086=CARTESIAN_POINT('',(2.069845258907E1,3.350216361883E0,-4.481560419283E1));
#4087=CARTESIAN_POINT('',(2.056414561074E1,3.122007304726E0,-4.477136143481E1));
#4088=CARTESIAN_POINT('',(2.042983863241E1,2.893798247568E0,-4.472711867679E1));
#4089=CARTESIAN_POINT('',(2.029553165407E1,2.665589190411E0,-4.468287591877E1));
#4090=CARTESIAN_POINT('',(2.069989571293E1,3.339133843425E0,-4.487609348292E1));
#4091=CARTESIAN_POINT('',(2.056558873460E1,3.110544453428E0,-4.483392661257E1));
#4092=CARTESIAN_POINT('',(2.043128175626E1,2.881955063432E0,-4.479175974221E1));
#4093=CARTESIAN_POINT('',(2.029697477793E1,2.653365673436E0,-4.474959287186E1));
#4094=B_SPLINE_SURFACE_WITH_KNOTS('',3,3,((#4054,#4055,#4056,#4057),(#4058,
#4059,#4060,#4061),(#4062,#4063,#4064,#4065),(#4066,#4067,#4068,#4069),(#4070,
#4071,#4072,#4073),(#4074,#4075,#4076,#4077),(#4078,#4079,#4080,#4081),(#4082,
#4083,#4084,#4085),(#4086,#4087,#4088,#4089),(#4090,#4091,#4092,#4093)),
.UNSPECIFIED.,.F.,.F.,.F.,(4,1,1,1,1,1,1,4),(4,4),(-9.990990513494E-3,0.E0,
9.927835033267E-2,3.646225451524E-1,6.299667399713E-1,8.953109347902E-1,1.E0,
1.009991658859E0),(2.670561503026E-3,1.003623500210E0),.UNSPECIFIED.);
#4095=ORIENTED_EDGE('',*,*,#3616,.T.);
#4097=ORIENTED_EDGE('',*,*,#4096,.T.);
#4098=ORIENTED_EDGE('',*,*,#3734,.T.);
#4099=ORIENTED_EDGE('',*,*,#4047,.T.);
#4100=EDGE_LOOP('',(#4095,#4097,#4098,#4099));
#4101=FACE_OUTER_BOUND('',#4100,.F.);
#4102=ADVANCED_FACE('',(#4101),#4094,.F.);
#4103=CARTESIAN_POINT('',(2.001905963318E1,1.676653421940E1,-4.311657489329E1));
#4104=CARTESIAN_POINT('',(1.988380527559E1,1.676653421940E1,-4.311657489329E1));
#4105=CARTESIAN_POINT('',(1.974855091799E1,1.676653421940E1,-4.311657489329E1));
#4106=CARTESIAN_POINT('',(1.961329656040E1,1.676653421940E1,-4.311657489329E1));
#4107=CARTESIAN_POINT('',(2.002026043400E1,1.674401501599E1,-4.306546635637E1));
#4108=CARTESIAN_POINT('',(1.988500607640E1,1.674401501599E1,-4.306546635637E1));
#4109=CARTESIAN_POINT('',(1.974975171881E1,1.674401501599E1,-4.306546635637E1));
#4110=CARTESIAN_POINT('',(1.961449736122E1,1.674401501599E1,-4.306546635637E1));
#4111=CARTESIAN_POINT('',(2.003447613818E1,1.647069317009E1,-4.246340032754E1));
#4112=CARTESIAN_POINT('',(1.989922178059E1,1.647069317009E1,-4.246340032754E1));
#4113=CARTESIAN_POINT('',(1.976396742299E1,1.647069317009E1,-4.246340032754E1));
#4114=CARTESIAN_POINT('',(1.962871306540E1,1.647069317009E1,-4.246340032754E1));
#4115=CARTESIAN_POINT('',(2.008206077166E1,1.529165100651E1,-4.057267174291E1));
#4116=CARTESIAN_POINT('',(1.994680641407E1,1.529165100651E1,-4.057267174291E1));
#4117=CARTESIAN_POINT('',(1.981155205647E1,1.529165100651E1,-4.057267174291E1));
#4118=CARTESIAN_POINT('',(1.967629769888E1,1.529165100651E1,-4.057267174291E1));
#4119=CARTESIAN_POINT('',(2.016181353363E1,1.201695845469E1,-3.846204828118E1));
#4120=CARTESIAN_POINT('',(2.002655917603E1,1.201695845469E1,-3.846204828118E1));
#4121=CARTESIAN_POINT('',(1.989130481844E1,1.201695845469E1,-3.846204828118E1));
#4122=CARTESIAN_POINT('',(1.975605046085E1,1.201695845469E1,-3.846204828118E1));
#4123=CARTESIAN_POINT('',(2.026192032152E1,7.134517174346E0,-3.873806562041E1));
#4124=CARTESIAN_POINT('',(2.012666596392E1,7.134517174346E0,-3.873806562041E1));
#4125=CARTESIAN_POINT('',(1.999141160633E1,7.134517174346E0,-3.873806562041E1));
#4126=CARTESIAN_POINT('',(1.985615724874E1,7.134517174346E0,-3.873806562041E1));
#4127=CARTESIAN_POINT('',(2.033568282270E1,4.345096221559E0,-4.101907349747E1));
#4128=CARTESIAN_POINT('',(2.020042846510E1,4.345096221559E0,-4.101907349747E1));
#4129=CARTESIAN_POINT('',(2.006517410751E1,4.345096221559E0,-4.101907349747E1));
#4130=CARTESIAN_POINT('',(1.992991974991E1,4.345096221559E0,-4.101907349747E1));
#4131=CARTESIAN_POINT('',(2.037727802819E1,3.412353471189E0,-4.271647753494E1));
#4132=CARTESIAN_POINT('',(2.024202367060E1,3.412353471189E0,-4.271647753494E1));
#4133=CARTESIAN_POINT('',(2.010676931301E1,3.412353471189E0,-4.271647753494E1));
#4134=CARTESIAN_POINT('',(1.997151495541E1,3.412353471189E0,-4.271647753494E1));
#4135=CARTESIAN_POINT('',(2.038550430439E1,3.254683319045E0,-4.306487078086E1));
#4136=CARTESIAN_POINT('',(2.025024994680E1,3.254683319045E0,-4.306487078086E1));
#4137=CARTESIAN_POINT('',(2.011499558921E1,3.254683319045E0,-4.306487078086E1));
#4138=CARTESIAN_POINT('',(1.997974123161E1,3.254683319045E0,-4.306487078086E1));
#4139=CARTESIAN_POINT('',(2.038670593802E1,3.232227521202E0,-4.311601833842E1));
#4140=CARTESIAN_POINT('',(2.025145158042E1,3.232227521202E0,-4.311601833842E1));
#4141=CARTESIAN_POINT('',(2.011619722283E1,3.232227521202E0,-4.311601833842E1));
#4142=CARTESIAN_POINT('',(1.998094286523E1,3.232227521202E0,-4.311601833842E1));
#4143=B_SPLINE_SURFACE_WITH_KNOTS('',3,3,((#4103,#4104,#4105,#4106),(#4107,
#4108,#4109,#4110),(#4111,#4112,#4113,#4114),(#4115,#4116,#4117,#4118),(#4119,
#4120,#4121,#4122),(#4123,#4124,#4125,#4126),(#4127,#4128,#4129,#4130),(#4131,
#4132,#4133,#4134),(#4135,#4136,#4137,#4138),(#4139,#4140,#4141,#4142)),
.UNSPECIFIED.,.F.,.F.,.F.,(4,1,1,1,1,1,1,4),(4,4),(-9.994485715646E-3,0.E0,
1.083254307474E-1,3.860611571099E-1,6.637968834725E-1,9.415326098350E-1,1.E0,
1.010001417305E0),(4.464056392764E-3,9.955480710199E-1),.UNSPECIFIED.);
#4144=ORIENTED_EDGE('',*,*,#3614,.T.);
#4146=ORIENTED_EDGE('',*,*,#4145,.T.);
#4147=ORIENTED_EDGE('',*,*,#3736,.T.);
#4148=ORIENTED_EDGE('',*,*,#4096,.F.);
#4149=EDGE_LOOP('',(#4144,#4146,#4147,#4148));
#4150=FACE_OUTER_BOUND('',#4149,.F.);
#4151=ADVANCED_FACE('',(#4150),#4143,.F.);
#4152=CARTESIAN_POINT('',(1.970173106336E1,1.734788899562E1,-4.474925550092E1));
#4153=CARTESIAN_POINT('',(1.956791759415E1,1.712003112976E1,-4.479129071507E1));
#4154=CARTESIAN_POINT('',(1.943410412495E1,1.689217326391E1,-4.483332592923E1));
#4155=CARTESIAN_POINT('',(1.930029065575E1,1.666431539806E1,-4.487536114338E1));
#4156=CARTESIAN_POINT('',(1.970317480510E1,1.733548095136E1,-4.468259747673E1));
#4157=CARTESIAN_POINT('',(1.956936133590E1,1.710800785867E1,-4.472669975465E1));
#4158=CARTESIAN_POINT('',(1.943554786670E1,1.688053476598E1,-4.477080203258E1));
#4159=CARTESIAN_POINT('',(1.930173439750E1,1.665306167328E1,-4.481490431051E1));
#4160=CARTESIAN_POINT('',(1.972504331926E1,1.713392363227E1,-4.367539059654E1));
#4161=CARTESIAN_POINT('',(1.959122985005E1,1.691270082733E1,-4.375072633626E1));
#4162=CARTESIAN_POINT('',(1.945741638085E1,1.669147802239E1,-4.382606207598E1));
#4163=CARTESIAN_POINT('',(1.932360291165E1,1.647025521744E1,-4.390139781569E1));
#4164=CARTESIAN_POINT('',(1.977919516674E1,1.612843287582E1,-4.128780055144E1));
#4165=CARTESIAN_POINT('',(1.964538169754E1,1.593839031571E1,-4.143717540260E1));
#4166=CARTESIAN_POINT('',(1.951156822834E1,1.574834775560E1,-4.158655025376E1));
#4167=CARTESIAN_POINT('',(1.937775475913E1,1.555830519550E1,-4.173592510493E1));
#4168=CARTESIAN_POINT('',(1.986418660581E1,1.285672001225E1,-3.868601602637E1));
#4169=CARTESIAN_POINT('',(1.973037313661E1,1.276813319150E1,-3.891607215479E1));
#4170=CARTESIAN_POINT('',(1.959655966740E1,1.267954637075E1,-3.914612828321E1));
#4171=CARTESIAN_POINT('',(1.946274619820E1,1.259095955001E1,-3.937618441162E1));
#4172=CARTESIAN_POINT('',(1.996103660581E1,8.102901122496E0,-3.838468125976E1));
#4173=CARTESIAN_POINT('',(1.982722313661E1,8.161730114306E0,-3.862408177224E1));
#4174=CARTESIAN_POINT('',(1.969340966740E1,8.220559106117E0,-3.886348228472E1));
#4175=CARTESIAN_POINT('',(1.955959619820E1,8.279388097927E0,-3.910288279719E1));
#4176=CARTESIAN_POINT('',(2.005274389809E1,4.246435305160E0,-4.072382955349E1));
#4177=CARTESIAN_POINT('',(1.991893042889E1,4.424853211747E0,-4.089069313210E1));
#4178=CARTESIAN_POINT('',(1.978511695968E1,4.603271118333E0,-4.105755671071E1));
#4179=CARTESIAN_POINT('',(1.965130349048E1,4.781689024920E0,-4.122442028933E1));
#4180=CARTESIAN_POINT('',(2.011361234433E1,2.926519827037E0,-4.336657433987E1));
#4181=CARTESIAN_POINT('',(1.997979887513E1,3.145868281722E0,-4.345148646448E1));
#4182=CARTESIAN_POINT('',(1.984598540593E1,3.365216736407E0,-4.353639858910E1));
#4183=CARTESIAN_POINT('',(1.971217193672E1,3.584565191091E0,-4.362131071371E1));
#4184=CARTESIAN_POINT('',(2.014219745724E1,2.662814543595E0,-4.468218197741E1));
#4185=CARTESIAN_POINT('',(2.000838398804E1,2.890340492950E0,-4.472629713996E1));
#4186=CARTESIAN_POINT('',(1.987457051883E1,3.117866442305E0,-4.477041230251E1));
#4187=CARTESIAN_POINT('',(1.974075704963E1,3.345392391660E0,-4.481452746506E1));
#4188=CARTESIAN_POINT('',(2.014364194454E1,2.650408571840E0,-4.474883032929E1));
#4189=CARTESIAN_POINT('',(2.000982847534E1,2.878319230089E0,-4.479087872801E1));
#4190=CARTESIAN_POINT('',(1.987601500613E1,3.106229888338E0,-4.483292712672E1));
#4191=CARTESIAN_POINT('',(1.974220153693E1,3.334140546587E0,-4.487497552544E1));
#4192=B_SPLINE_SURFACE_WITH_KNOTS('',3,3,((#4152,#4153,#4154,#4155),(#4156,
#4157,#4158,#4159),(#4160,#4161,#4162,#4163),(#4164,#4165,#4166,#4167),(#4168,
#4169,#4170,#4171),(#4172,#4173,#4174,#4175),(#4176,#4177,#4178,#4179),(#4180,
#4181,#4182,#4183),(#4184,#4185,#4186,#4187),(#4188,#4189,#4190,#4191)),
.UNSPECIFIED.,.F.,.F.,.F.,(4,1,1,1,1,1,1,4),(4,4),(-9.997145514494E-3,0.E0,
1.414307108796E-1,3.649756636847E-1,5.885206164897E-1,8.120655692956E-1,1.E0,
1.010002308057E0),(-8.282846986924E-4,9.969220862634E-1),.UNSPECIFIED.);
#4193=ORIENTED_EDGE('',*,*,#3612,.T.);
#4195=ORIENTED_EDGE('',*,*,#4194,.F.);
#4196=ORIENTED_EDGE('',*,*,#3738,.T.);
#4197=ORIENTED_EDGE('',*,*,#4145,.F.);
#4198=EDGE_LOOP('',(#4193,#4195,#4196,#4197));
#4199=FACE_OUTER_BOUND('',#4198,.F.);
#4200=ADVANCED_FACE('',(#4199),#4192,.F.);
#4201=CARTESIAN_POINT('',(1.93E1,1.E1,-4.610479390360E1));
#4202=DIRECTION('',(1.E0,0.E0,0.E0));
#4203=DIRECTION('',(0.E0,1.E0,0.E0));
#4204=AXIS2_PLACEMENT_3D('',#4201,#4202,#4203);
#4205=CYLINDRICAL_SURFACE('',#4204,6.85E0);
#4206=ORIENTED_EDGE('',*,*,#3610,.T.);
#4208=ORIENTED_EDGE('',*,*,#4207,.F.);
#4210=ORIENTED_EDGE('',*,*,#4209,.F.);
#4211=ORIENTED_EDGE('',*,*,#3740,.T.);
#4212=ORIENTED_EDGE('',*,*,#4194,.T.);
#4213=EDGE_LOOP('',(#4206,#4208,#4210,#4211,#4212));
#4214=FACE_OUTER_BOUND('',#4213,.F.);
#4215=ADVANCED_FACE('',(#4214),#4205,.T.);
#4216=CARTESIAN_POINT('',(1.933768423583E1,1.525122791978E1,-4.182585050108E1));
#4217=CARTESIAN_POINT('',(1.920337018765E1,1.543144976257E1,-4.167899740749E1));
#4218=CARTESIAN_POINT('',(1.906905613947E1,1.561167160536E1,-4.153214431389E1));
#4219=CARTESIAN_POINT('',(1.893474209129E1,1.579189344815E1,-4.138529122030E1));
#4220=CARTESIAN_POINT('',(1.933886460349E1,1.521952528986E1,-4.178682843641E1));
#4221=CARTESIAN_POINT('',(1.920455055531E1,1.539865910020E1,-4.163863610778E1));
#4222=CARTESIAN_POINT('',(1.907023650713E1,1.557779291054E1,-4.149044377915E1));
#4223=CARTESIAN_POINT('',(1.893592245895E1,1.575692672088E1,-4.134225145052E1));
#4224=CARTESIAN_POINT('',(1.935479780323E1,1.478587431803E1,-4.126478533273E1));
#4225=CARTESIAN_POINT('',(1.922048375505E1,1.495012525174E1,-4.109867651455E1));
#4226=CARTESIAN_POINT('',(1.908616970687E1,1.511437618545E1,-4.093256769637E1));
#4227=CARTESIAN_POINT('',(1.895185565869E1,1.527862711917E1,-4.076645887818E1));
#4228=CARTESIAN_POINT('',(1.940905542371E1,1.305112732758E1,-3.970924999212E1));
#4229=CARTESIAN_POINT('',(1.927474137553E1,1.315584184349E1,-3.948975528974E1));
#4230=CARTESIAN_POINT('',(1.914042732735E1,1.326055635940E1,-3.927026058737E1));
#4231=CARTESIAN_POINT('',(1.900611327917E1,1.336527087532E1,-3.905076588499E1));
#4232=CARTESIAN_POINT('',(1.950045709727E1,9.001556847061E0,-3.877802494653E1));
#4233=CARTESIAN_POINT('',(1.936614304908E1,8.967290334982E0,-3.852657065369E1));
#4234=CARTESIAN_POINT('',(1.923182900090E1,8.933023822903E0,-3.827511636085E1));
#4235=CARTESIAN_POINT('',(1.909751495272E1,8.898757310824E0,-3.802366206800E1));
#4236=CARTESIAN_POINT('',(1.960379898920E1,4.871708666881E0,-4.101655926717E1));
#4237=CARTESIAN_POINT('',(1.946948494102E1,4.695706000737E0,-4.084193134457E1));
#4238=CARTESIAN_POINT('',(1.933517089284E1,4.519703334592E0,-4.066730342197E1));
#4239=CARTESIAN_POINT('',(1.920085684466E1,4.343700668448E0,-4.049267549937E1));
#4240=CARTESIAN_POINT('',(1.966999678168E1,3.590798782079E0,-4.363023001804E1));
#4241=CARTESIAN_POINT('',(1.953568273350E1,3.370835361723E0,-4.354530312659E1));
#4242=CARTESIAN_POINT('',(1.940136868532E1,3.150871941368E0,-4.346037623513E1));
#4243=CARTESIAN_POINT('',(1.926705463714E1,2.930908521012E0,-4.337544934367E1));
#4244=CARTESIAN_POINT('',(1.969787015342E1,3.353020368181E0,-4.479324741175E1));
#4245=CARTESIAN_POINT('',(1.956355610524E1,3.124896406218E0,-4.474823521093E1));
#4246=CARTESIAN_POINT('',(1.942924205707E1,2.896772444256E0,-4.470322301012E1));
#4247=CARTESIAN_POINT('',(1.929492800889E1,2.668648482293E0,-4.465821080930E1));
#4248=CARTESIAN_POINT('',(1.969905047471E1,3.343496578050E0,-4.484259650156E1));
#4249=CARTESIAN_POINT('',(1.956473642653E1,3.115045760153E0,-4.479927795869E1));
#4250=CARTESIAN_POINT('',(1.943042237835E1,2.886594942256E0,-4.475595941582E1));
#4251=CARTESIAN_POINT('',(1.929610833017E1,2.658144124359E0,-4.471264087295E1));
#4252=B_SPLINE_SURFACE_WITH_KNOTS('',3,3,((#4216,#4217,#4218,#4219),(#4220,
#4221,#4222,#4223),(#4224,#4225,#4226,#4227),(#4228,#4229,#4230,#4231),(#4232,
#4233,#4234,#4235),(#4236,#4237,#4238,#4239),(#4240,#4241,#4242,#4243),(#4244,
#4245,#4246,#4247),(#4248,#4249,#4250,#4251)),.UNSPECIFIED.,.F.,.F.,.F.,(4,1,1,
1,1,1,4),(4,4),(-9.995092252661E-3,0.E0,1.249237186608E-1,4.494464359946E-1,
7.739691533284E-1,1.E0,1.009994699569E0),(2.707822285312E-3,1.003713450610E0),
.UNSPECIFIED.);
#4253=ORIENTED_EDGE('',*,*,#3608,.T.);
#4255=ORIENTED_EDGE('',*,*,#4254,.T.);
#4256=ORIENTED_EDGE('',*,*,#4207,.T.);
#4257=EDGE_LOOP('',(#4253,#4255,#4256));
#4258=FACE_OUTER_BOUND('',#4257,.F.);
#4259=ADVANCED_FACE('',(#4258),#4252,.F.);
#4260=CARTESIAN_POINT('',(1.93E1,1.E1,-4.610479390360E1));
#4261=DIRECTION('',(1.E0,0.E0,0.E0));
#4262=DIRECTION('',(0.E0,-1.E0,0.E0));
#4263=AXIS2_PLACEMENT_3D('',#4260,#4261,#4262);
#4264=PLANE('',#4263);
#4266=ORIENTED_EDGE('',*,*,#4265,.T.);
#4268=ORIENTED_EDGE('',*,*,#4267,.T.);
#4269=EDGE_LOOP('',(#4266,#4268));
#4270=FACE_OUTER_BOUND('',#4269,.F.);
#4272=ORIENTED_EDGE('',*,*,#4271,.F.);
#4273=ORIENTED_EDGE('',*,*,#3742,.T.);
#4274=ORIENTED_EDGE('',*,*,#4209,.T.);
#4275=ORIENTED_EDGE('',*,*,#4254,.F.);
#4276=ORIENTED_EDGE('',*,*,#3606,.T.);
#4278=ORIENTED_EDGE('',*,*,#4277,.F.);
#4279=EDGE_LOOP('',(#4272,#4273,#4274,#4275,#4276,#4278));
#4280=FACE_BOUND('',#4279,.F.);
#4281=ADVANCED_FACE('',(#4270,#4280),#4264,.T.);
#4282=CARTESIAN_POINT('',(3.56E0,1.E1,-4.610479390360E1));
#4283=DIRECTION('',(1.E0,0.E0,0.E0));
#4284=DIRECTION('',(0.E0,-1.E0,0.E0));
#4285=AXIS2_PLACEMENT_3D('',#4282,#4283,#4284);
#4286=CYLINDRICAL_SURFACE('',#4285,8.E0);
#4288=ORIENTED_EDGE('',*,*,#4287,.F.);
#4290=ORIENTED_EDGE('',*,*,#4289,.T.);
#4291=ORIENTED_EDGE('',*,*,#4265,.F.);
#4293=ORIENTED_EDGE('',*,*,#4292,.F.);
#4295=ORIENTED_EDGE('',*,*,#4294,.F.);
#4297=ORIENTED_EDGE('',*,*,#4296,.T.);
#4299=ORIENTED_EDGE('',*,*,#4298,.T.);
#4300=EDGE_LOOP('',(#4288,#4290,#4291,#4293,#4295,#4297,#4299));
#4301=FACE_OUTER_BOUND('',#4300,.F.);
#4302=ADVANCED_FACE('',(#4301),#4286,.T.);
#4303=CARTESIAN_POINT('',(1.6E1,1.E1,-4.610479390360E1));
#4304=DIRECTION('',(1.E0,0.E0,0.E0));
#4305=DIRECTION('',(0.E0,9.999809675141E-1,6.169652311795E-3));
#4306=AXIS2_PLACEMENT_3D('',#4303,#4304,#4305);
#4307=TOROIDAL_SURFACE('',#4306,8.4E0,4.E-1);
#4309=ORIENTED_EDGE('',*,*,#4308,.F.);
#4310=ORIENTED_EDGE('',*,*,#4287,.T.);
#4312=ORIENTED_EDGE('',*,*,#4311,.T.);
#4314=ORIENTED_EDGE('',*,*,#4313,.F.);
#4316=ORIENTED_EDGE('',*,*,#4315,.T.);
#4317=EDGE_LOOP('',(#4309,#4310,#4312,#4314,#4316));
#4318=FACE_OUTER_BOUND('',#4317,.F.);
#4319=ADVANCED_FACE('',(#4318),#4307,.F.);
#4320=CARTESIAN_POINT('',(1.6E1,1.E1,-4.610479390360E1));
#4321=DIRECTION('',(1.E0,0.E0,0.E0));
#4322=DIRECTION('',(0.E0,-9.999809675141E-1,-6.169652311796E-3));
#4323=AXIS2_PLACEMENT_3D('',#4320,#4321,#4322);
#4324=TOROIDAL_SURFACE('',#4323,8.4E0,4.E-1);
#4326=ORIENTED_EDGE('',*,*,#4325,.T.);
#4327=ORIENTED_EDGE('',*,*,#4313,.T.);
#4329=ORIENTED_EDGE('',*,*,#4328,.T.);
#4330=ORIENTED_EDGE('',*,*,#4308,.T.);
#4331=EDGE_LOOP('',(#4326,#4327,#4329,#4330));
#4332=FACE_OUTER_BOUND('',#4331,.F.);
#4333=ADVANCED_FACE('',(#4332),#4324,.F.);
#4334=CARTESIAN_POINT('',(1.56E1,1.E1,-4.610479390360E1));
#4335=DIRECTION('',(1.E0,0.E0,0.E0));
#4336=DIRECTION('',(0.E0,-1.E0,0.E0));
#4337=AXIS2_PLACEMENT_3D('',#4334,#4335,#4336);
#4338=PLANE('',#4337);
#4340=ORIENTED_EDGE('',*,*,#4339,.F.);
#4342=ORIENTED_EDGE('',*,*,#4341,.T.);
#4344=ORIENTED_EDGE('',*,*,#4343,.T.);
#4346=ORIENTED_EDGE('',*,*,#4345,.F.);
#4348=ORIENTED_EDGE('',*,*,#4347,.T.);
#4350=ORIENTED_EDGE('',*,*,#4349,.F.);
#4352=ORIENTED_EDGE('',*,*,#4351,.T.);
#4354=ORIENTED_EDGE('',*,*,#4353,.F.);
#4356=ORIENTED_EDGE('',*,*,#4355,.T.);
#4357=EDGE_LOOP('',(#4340,#4342,#4344,#4346,#4348,#4350,#4352,#4354,#4356));
#4358=FACE_OUTER_BOUND('',#4357,.F.);
#4359=ORIENTED_EDGE('',*,*,#4325,.F.);
#4360=ORIENTED_EDGE('',*,*,#4315,.F.);
#4361=EDGE_LOOP('',(#4359,#4360));
#4362=FACE_BOUND('',#4361,.F.);
#4363=ADVANCED_FACE('',(#4358,#4362),#4338,.T.);
#4364=CARTESIAN_POINT('',(1.56E1,1.8E1,-5.510479390360E1));
#4365=DIRECTION('',(0.E0,0.E0,1.E0));
#4366=DIRECTION('',(0.E0,-1.E0,0.E0));
#4367=AXIS2_PLACEMENT_3D('',#4364,#4365,#4366);
#4368=PLANE('',#4367);
#4370=ORIENTED_EDGE('',*,*,#4369,.F.);
#4372=ORIENTED_EDGE('',*,*,#4371,.F.);
#4373=ORIENTED_EDGE('',*,*,#4339,.T.);
#4375=ORIENTED_EDGE('',*,*,#4374,.F.);
#4376=EDGE_LOOP('',(#4370,#4372,#4373,#4375));
#4377=FACE_OUTER_BOUND('',#4376,.F.);
#4378=ADVANCED_FACE('',(#4377),#4368,.F.);
#4379=CARTESIAN_POINT('',(1.41E1,1.E1,-4.610479390360E1));
#4380=DIRECTION('',(1.E0,0.E0,0.E0));
#4381=DIRECTION('',(0.E0,-1.E0,0.E0));
#4382=AXIS2_PLACEMENT_3D('',#4379,#4380,#4381);
#4383=PLANE('',#4382);
#4384=ORIENTED_EDGE('',*,*,#4369,.T.);
#4386=ORIENTED_EDGE('',*,*,#4385,.T.);
#4388=ORIENTED_EDGE('',*,*,#4387,.T.);
#4390=ORIENTED_EDGE('',*,*,#4389,.T.);
#4392=ORIENTED_EDGE('',*,*,#4391,.T.);
#4394=ORIENTED_EDGE('',*,*,#4393,.T.);
#4395=EDGE_LOOP('',(#4384,#4386,#4388,#4390,#4392,#4394));
#4396=FACE_OUTER_BOUND('',#4395,.F.);
#4398=ORIENTED_EDGE('',*,*,#4397,.T.);
#4400=ORIENTED_EDGE('',*,*,#4399,.T.);
#4401=EDGE_LOOP('',(#4398,#4400));
#4402=FACE_BOUND('',#4401,.F.);
#4403=ADVANCED_FACE('',(#4396,#4402),#4383,.F.);
#4404=CARTESIAN_POINT('',(3.56E0,1.E1,-4.610479390360E1));
#4405=DIRECTION('',(1.E0,0.E0,0.E0));
#4406=DIRECTION('',(0.E0,-1.E0,0.E0));
#4407=AXIS2_PLACEMENT_3D('',#4404,#4405,#4406);
#4408=CYLINDRICAL_SURFACE('',#4407,9.75E0);
#4409=ORIENTED_EDGE('',*,*,#4387,.F.);
#4410=ORIENTED_EDGE('',*,*,#4385,.F.);
#4411=ORIENTED_EDGE('',*,*,#4374,.T.);
#4412=ORIENTED_EDGE('',*,*,#4355,.F.);
#4414=ORIENTED_EDGE('',*,*,#4413,.T.);
#4416=ORIENTED_EDGE('',*,*,#4415,.F.);
#4418=ORIENTED_EDGE('',*,*,#4417,.F.);
#4420=ORIENTED_EDGE('',*,*,#4419,.T.);
#4421=ORIENTED_EDGE('',*,*,#4347,.F.);
#4423=ORIENTED_EDGE('',*,*,#4422,.T.);
#4424=EDGE_LOOP('',(#4409,#4410,#4411,#4412,#4414,#4416,#4418,#4420,#4421,
#4423));
#4425=FACE_OUTER_BOUND('',#4424,.F.);
#4426=ADVANCED_FACE('',(#4425),#4408,.T.);
#4427=CARTESIAN_POINT('',(1.56E1,1.794921379760E1,-4.700479390360E1));
#4428=DIRECTION('',(0.E0,0.E0,-1.E0));
#4429=DIRECTION('',(0.E0,1.E0,0.E0));
#4430=AXIS2_PLACEMENT_3D('',#4427,#4428,#4429);
#4431=PLANE('',#4430);
#4433=ORIENTED_EDGE('',*,*,#4432,.T.);
#4434=ORIENTED_EDGE('',*,*,#4296,.F.);
#4436=ORIENTED_EDGE('',*,*,#4435,.F.);
#4437=ORIENTED_EDGE('',*,*,#4413,.F.);
#4438=ORIENTED_EDGE('',*,*,#4353,.T.);
#4440=ORIENTED_EDGE('',*,*,#4439,.F.);
#4441=EDGE_LOOP('',(#4433,#4434,#4436,#4437,#4438,#4440));
#4442=FACE_OUTER_BOUND('',#4441,.F.);
#4443=ADVANCED_FACE('',(#4442),#4431,.T.);
#4444=CARTESIAN_POINT('',(1.77E1,1.E1,-4.610479390360E1));
#4445=DIRECTION('',(1.E0,0.E0,0.E0));
#4446=DIRECTION('',(0.E0,0.E0,-1.E0));
#4447=AXIS2_PLACEMENT_3D('',#4444,#4445,#4446);
#4448=PLANE('',#4447);
#4450=ORIENTED_EDGE('',*,*,#4449,.T.);
#4452=ORIENTED_EDGE('',*,*,#4451,.F.);
#4453=ORIENTED_EDGE('',*,*,#4432,.F.);
#4455=ORIENTED_EDGE('',*,*,#4454,.F.);
#4456=EDGE_LOOP('',(#4450,#4452,#4453,#4455));
#4457=FACE_OUTER_BOUND('',#4456,.F.);
#4458=ADVANCED_FACE('',(#4457),#4448,.F.);
#4459=CARTESIAN_POINT('',(1.56E1,1.970837267517E1,-4.520479390360E1));
#4460=DIRECTION('',(0.E0,0.E0,1.E0));
#4461=DIRECTION('',(0.E0,-1.E0,0.E0));
#4462=AXIS2_PLACEMENT_3D('',#4459,#4460,#4461);
#4463=PLANE('',#4462);
#4464=ORIENTED_EDGE('',*,*,#4449,.F.);
#4466=ORIENTED_EDGE('',*,*,#4465,.T.);
#4467=ORIENTED_EDGE('',*,*,#4349,.T.);
#4468=ORIENTED_EDGE('',*,*,#4419,.F.);
#4470=ORIENTED_EDGE('',*,*,#4469,.F.);
#4472=ORIENTED_EDGE('',*,*,#4471,.F.);
#4473=EDGE_LOOP('',(#4464,#4466,#4467,#4468,#4470,#4472));
#4474=FACE_OUTER_BOUND('',#4473,.F.);
#4475=ADVANCED_FACE('',(#4474),#4463,.T.);
#4476=CARTESIAN_POINT('',(1.56E1,1.9E1,-4.700479390360E1));
#4477=DIRECTION('',(0.E0,1.E0,0.E0));
#4478=DIRECTION('',(0.E0,0.E0,1.E0));
#4479=AXIS2_PLACEMENT_3D('',#4476,#4477,#4478);
#4480=PLANE('',#4479);
#4481=ORIENTED_EDGE('',*,*,#4465,.F.);
#4482=ORIENTED_EDGE('',*,*,#4454,.T.);
#4483=ORIENTED_EDGE('',*,*,#4439,.T.);
#4484=ORIENTED_EDGE('',*,*,#4351,.F.);
#4485=EDGE_LOOP('',(#4481,#4482,#4483,#4484));
#4486=FACE_OUTER_BOUND('',#4485,.F.);
#4487=ADVANCED_FACE('',(#4486),#4480,.F.);
#4488=CARTESIAN_POINT('',(1.86E1,1.E1,-4.610479390360E1));
#4489=DIRECTION('',(1.E0,0.E0,0.E0));
#4490=DIRECTION('',(0.E0,0.E0,-1.E0));
#4491=AXIS2_PLACEMENT_3D('',#4488,#4489,#4490);
#4492=PLANE('',#4491);
#4494=ORIENTED_EDGE('',*,*,#4493,.T.);
#4495=ORIENTED_EDGE('',*,*,#4469,.T.);
#4496=ORIENTED_EDGE('',*,*,#4417,.T.);
#4497=ORIENTED_EDGE('',*,*,#4415,.T.);
#4498=ORIENTED_EDGE('',*,*,#4435,.T.);
#4499=ORIENTED_EDGE('',*,*,#4294,.T.);
#4500=EDGE_LOOP('',(#4494,#4495,#4496,#4497,#4498,#4499));
#4501=FACE_OUTER_BOUND('',#4500,.F.);
#4502=ADVANCED_FACE('',(#4501),#4492,.T.);
#4503=CARTESIAN_POINT('',(3.56E0,1.E1,-4.610479390360E1));
#4504=DIRECTION('',(1.E0,0.E0,0.E0));
#4505=DIRECTION('',(0.E0,-1.E0,0.E0));
#4506=AXIS2_PLACEMENT_3D('',#4503,#4504,#4505);
#4507=CYLINDRICAL_SURFACE('',#4506,8.E0);
#4508=ORIENTED_EDGE('',*,*,#4311,.F.);
#4509=ORIENTED_EDGE('',*,*,#4298,.F.);
#4510=ORIENTED_EDGE('',*,*,#4451,.T.);
#4511=ORIENTED_EDGE('',*,*,#4471,.T.);
#4512=ORIENTED_EDGE('',*,*,#4493,.F.);
#4513=ORIENTED_EDGE('',*,*,#4292,.T.);
#4514=ORIENTED_EDGE('',*,*,#4267,.F.);
#4515=ORIENTED_EDGE('',*,*,#4289,.F.);
#4516=ORIENTED_EDGE('',*,*,#4328,.F.);
#4517=EDGE_LOOP('',(#4508,#4509,#4510,#4511,#4512,#4513,#4514,#4515,#4516));
#4518=FACE_OUTER_BOUND('',#4517,.F.);
#4519=ADVANCED_FACE('',(#4518),#4507,.T.);
#4520=CARTESIAN_POINT('',(1.56E1,2.E0,-3.710479390360E1));
#4521=DIRECTION('',(0.E0,0.E0,-1.E0));
#4522=DIRECTION('',(0.E0,1.E0,0.E0));
#4523=AXIS2_PLACEMENT_3D('',#4520,#4521,#4522);
#4524=PLANE('',#4523);
#4525=ORIENTED_EDGE('',*,*,#4389,.F.);
#4526=ORIENTED_EDGE('',*,*,#4422,.F.);
#4527=ORIENTED_EDGE('',*,*,#4345,.T.);
#4529=ORIENTED_EDGE('',*,*,#4528,.F.);
#4530=EDGE_LOOP('',(#4525,#4526,#4527,#4529));
#4531=FACE_OUTER_BOUND('',#4530,.F.);
#4532=ADVANCED_FACE('',(#4531),#4524,.F.);
#4533=CARTESIAN_POINT('',(3.56E0,1.E1,-4.610479390360E1));
#4534=DIRECTION('',(1.E0,0.E0,0.E0));
#4535=DIRECTION('',(0.E0,-1.E0,0.E0));
#4536=AXIS2_PLACEMENT_3D('',#4533,#4534,#4535);
#4537=CYLINDRICAL_SURFACE('',#4536,9.75E0);
#4538=ORIENTED_EDGE('',*,*,#4343,.F.);
#4539=ORIENTED_EDGE('',*,*,#4341,.F.);
#4540=ORIENTED_EDGE('',*,*,#4371,.T.);
#4541=ORIENTED_EDGE('',*,*,#4393,.F.);
#4542=ORIENTED_EDGE('',*,*,#4391,.F.);
#4543=ORIENTED_EDGE('',*,*,#4528,.T.);
#4544=EDGE_LOOP('',(#4538,#4539,#4540,#4541,#4542,#4543));
#4545=FACE_OUTER_BOUND('',#4544,.F.);
#4546=ADVANCED_FACE('',(#4545),#4537,.T.);
#4547=CARTESIAN_POINT('',(1.415E1,1.E1,-4.610479390360E1));
#4548=DIRECTION('',(1.E0,0.E0,0.E0));
#4549=DIRECTION('',(0.E0,-9.999999048357E-1,-4.362667241715E-4));
#4550=AXIS2_PLACEMENT_3D('',#4547,#4548,#4549);
#4551=TOROIDAL_SURFACE('',#4550,7.75E0,7.5E-1);
#4553=ORIENTED_EDGE('',*,*,#4552,.T.);
#4555=ORIENTED_EDGE('',*,*,#4554,.T.);
#4557=ORIENTED_EDGE('',*,*,#4556,.T.);
#4558=ORIENTED_EDGE('',*,*,#4397,.F.);
#4559=EDGE_LOOP('',(#4553,#4555,#4557,#4558));
#4560=FACE_OUTER_BOUND('',#4559,.F.);
#4561=ADVANCED_FACE('',(#4560),#4551,.T.);
#4562=CARTESIAN_POINT('',(1.415E1,1.E1,-4.610479390360E1));
#4563=DIRECTION('',(1.E0,0.E0,0.E0));
#4564=DIRECTION('',(0.E0,-9.999999048357E-1,-4.362667241715E-4));
#4565=AXIS2_PLACEMENT_3D('',#4562,#4563,#4564);
#4566=TOROIDAL_SURFACE('',#4565,7.75E0,7.5E-1);
#4567=ORIENTED_EDGE('',*,*,#4556,.F.);
#4569=ORIENTED_EDGE('',*,*,#4568,.T.);
#4570=ORIENTED_EDGE('',*,*,#4552,.F.);
#4571=ORIENTED_EDGE('',*,*,#4399,.F.);
#4572=EDGE_LOOP('',(#4567,#4569,#4570,#4571));
#4573=FACE_OUTER_BOUND('',#4572,.F.);
#4574=ADVANCED_FACE('',(#4573),#4566,.T.);
#4575=CARTESIAN_POINT('',(1.326E1,1.E1,-4.610479390360E1));
#4576=DIRECTION('',(1.E0,0.E0,0.E0));
#4577=DIRECTION('',(0.E0,-1.E0,0.E0));
#4578=AXIS2_PLACEMENT_3D('',#4575,#4576,#4577);
#4579=CYLINDRICAL_SURFACE('',#4578,7.25E0);
#4580=ORIENTED_EDGE('',*,*,#4568,.F.);
#4582=ORIENTED_EDGE('',*,*,#4581,.F.);
#4584=ORIENTED_EDGE('',*,*,#4583,.F.);
#4586=ORIENTED_EDGE('',*,*,#4585,.T.);
#4587=EDGE_LOOP('',(#4580,#4582,#4584,#4586));
#4588=FACE_OUTER_BOUND('',#4587,.F.);
#4589=ADVANCED_FACE('',(#4588),#4579,.T.);
#4590=CARTESIAN_POINT('',(1.326E1,1.E1,-4.610479390360E1));
#4591=DIRECTION('',(1.E0,0.E0,0.E0));
#4592=DIRECTION('',(0.E0,-1.E0,0.E0));
#4593=AXIS2_PLACEMENT_3D('',#4590,#4591,#4592);
#4594=CYLINDRICAL_SURFACE('',#4593,7.25E0);
#4595=ORIENTED_EDGE('',*,*,#4554,.F.);
#4596=ORIENTED_EDGE('',*,*,#4585,.F.);
#4598=ORIENTED_EDGE('',*,*,#4597,.F.);
#4599=ORIENTED_EDGE('',*,*,#4581,.T.);
#4600=EDGE_LOOP('',(#4595,#4596,#4598,#4599));
#4601=FACE_OUTER_BOUND('',#4600,.F.);
#4602=ADVANCED_FACE('',(#4601),#4594,.T.);
#4603=CARTESIAN_POINT('',(1.33E1,1.E1,-4.610479390360E1));
#4604=DIRECTION('',(1.E0,0.E0,0.E0));
#4605=DIRECTION('',(0.E0,-1.E0,0.E0));
#4606=AXIS2_PLACEMENT_3D('',#4603,#4604,#4605);
#4607=PLANE('',#4606);
#4608=ORIENTED_EDGE('',*,*,#4583,.T.);
#4609=ORIENTED_EDGE('',*,*,#4597,.T.);
#4610=EDGE_LOOP('',(#4608,#4609));
#4611=FACE_OUTER_BOUND('',#4610,.F.);
#4613=ORIENTED_EDGE('',*,*,#4612,.T.);
#4615=ORIENTED_EDGE('',*,*,#4614,.T.);
#4617=ORIENTED_EDGE('',*,*,#4616,.T.);
#4619=ORIENTED_EDGE('',*,*,#4618,.T.);
#4621=ORIENTED_EDGE('',*,*,#4620,.T.);
#4623=ORIENTED_EDGE('',*,*,#4622,.T.);
#4625=ORIENTED_EDGE('',*,*,#4624,.T.);
#4626=EDGE_LOOP('',(#4613,#4615,#4617,#4619,#4621,#4623,#4625));
#4627=FACE_BOUND('',#4626,.F.);
#4628=ADVANCED_FACE('',(#4611,#4627),#4607,.F.);
#4629=CARTESIAN_POINT('',(3.56E0,1.E1,-4.610479390360E1));
#4630=DIRECTION('',(1.E0,0.E0,0.E0));
#4631=DIRECTION('',(0.E0,-1.E0,0.E0));
#4632=AXIS2_PLACEMENT_3D('',#4629,#4630,#4631);
#4633=CYLINDRICAL_SURFACE('',#4632,6.35E0);
#4634=ORIENTED_EDGE('',*,*,#4612,.F.);
#4636=ORIENTED_EDGE('',*,*,#4635,.T.);
#4638=ORIENTED_EDGE('',*,*,#4637,.T.);
#4639=EDGE_LOOP('',(#4634,#4636,#4638));
#4640=FACE_OUTER_BOUND('',#4639,.F.);
#4641=ADVANCED_FACE('',(#4640),#4633,.T.);
#4642=CARTESIAN_POINT('',(1.277039091311E1,1.530342930537E1,-4.407564592528E1));
#4643=CARTESIAN_POINT('',(1.291349201553E1,1.553492187883E1,-4.398707442553E1));
#4644=CARTESIAN_POINT('',(1.305659311794E1,1.576641445229E1,-4.389850292578E1));
#4645=CARTESIAN_POINT('',(1.319969422036E1,1.599790702574E1,-4.380993142604E1));
#4646=CARTESIAN_POINT('',(1.277314142113E1,1.526835257956E1,-4.398399664547E1));
#4647=CARTESIAN_POINT('',(1.291624252355E1,1.549831406793E1,-4.389142469122E1));
#4648=CARTESIAN_POINT('',(1.305934362596E1,1.572827555630E1,-4.379885273697E1));
#4649=CARTESIAN_POINT('',(1.320244472838E1,1.595823704467E1,-4.370628078273E1));
#4650=CARTESIAN_POINT('',(1.279349188552E1,1.499105623751E1,-4.331272001864E1));
#4651=CARTESIAN_POINT('',(1.293659298794E1,1.520891385117E1,-4.319084710743E1));
#4652=CARTESIAN_POINT('',(1.307969409036E1,1.542677146484E1,-4.306897419622E1));
#4653=CARTESIAN_POINT('',(1.322279519278E1,1.564462907850E1,-4.294710128500E1));
#4654=CARTESIAN_POINT('',(1.283464231972E1,1.417216991640E1,-4.206979833796E1));
#4655=CARTESIAN_POINT('',(1.297774342214E1,1.435428346884E1,-4.189367239123E1));
#4656=CARTESIAN_POINT('',(1.312084452456E1,1.453639702127E1,-4.171754644450E1));
#4657=CARTESIAN_POINT('',(1.326394562697E1,1.471851057371E1,-4.154142049777E1));
#4658=CARTESIAN_POINT('',(1.289384221571E1,1.242699260192E1,-4.080868321768E1));
#4659=CARTESIAN_POINT('',(1.303694331813E1,1.253292986079E1,-4.057751009905E1));
#4660=CARTESIAN_POINT('',(1.318004442055E1,1.263886711967E1,-4.034633698042E1));
#4661=CARTESIAN_POINT('',(1.332314552297E1,1.274480437854E1,-4.011516386179E1));
#4662=CARTESIAN_POINT('',(1.295624212514E1,1.021918583317E1,-4.028320486940E1));
#4663=CARTESIAN_POINT('',(1.309934322755E1,1.022875320736E1,-4.002909483049E1));
#4664=CARTESIAN_POINT('',(1.324244432997E1,1.023832058154E1,-3.977498479158E1));
#4665=CARTESIAN_POINT('',(1.338554543239E1,1.024788795573E1,-3.952087475268E1));
#4666=CARTESIAN_POINT('',(1.301864203456E1,7.978108194157E0,-4.064119128248E1));
#4667=CARTESIAN_POINT('',(1.316174313697E1,7.889853423447E0,-4.040270720769E1));
#4668=CARTESIAN_POINT('',(1.330484423939E1,7.801598652736E0,-4.016422313290E1));
#4669=CARTESIAN_POINT('',(1.344794534181E1,7.713343882025E0,-3.992573905811E1));
#4670=CARTESIAN_POINT('',(1.308104194398E1,6.043876392401E0,-4.182834358657E1));
#4671=CARTESIAN_POINT('',(1.322414304640E1,5.871193175175E0,-4.164167823625E1));
#4672=CARTESIAN_POINT('',(1.336724414882E1,5.698509957948E0,-4.145501288593E1));
#4673=CARTESIAN_POINT('',(1.351034525124E1,5.525826740722E0,-4.126834753561E1));
#4674=CARTESIAN_POINT('',(1.313856992304E1,4.814160814847E0,-4.352111312205E1));
#4675=CARTESIAN_POINT('',(1.328167102546E1,4.587801003235E0,-4.340833648664E1));
#4676=CARTESIAN_POINT('',(1.342477212787E1,4.361441191622E0,-4.329555985124E1));
#4677=CARTESIAN_POINT('',(1.356787323029E1,4.135081380009E0,-4.318278321584E1));
#4678=CARTESIAN_POINT('',(1.317667320281E1,4.432487431627E0,-4.484200309530E1));
#4679=CARTESIAN_POINT('',(1.331977430523E1,4.189467729097E0,-4.478688278028E1));
#4680=CARTESIAN_POINT('',(1.346287540765E1,3.946448026567E0,-4.473176246526E1));
#4681=CARTESIAN_POINT('',(1.360597651007E1,3.703428324038E0,-4.467664215024E1));
#4682=CARTESIAN_POINT('',(1.319397651278E1,4.358870021003E0,-4.545495876453E1));
#4683=CARTESIAN_POINT('',(1.333707761520E1,4.112636947867E0,-4.542659371994E1));
#4684=CARTESIAN_POINT('',(1.348017871762E1,3.866403874731E0,-4.539822867536E1));
#4685=CARTESIAN_POINT('',(1.362327982003E1,3.620170801595E0,-4.536986363077E1));
#4686=CARTESIAN_POINT('',(1.319535178331E1,4.353652627921E0,-4.550374332579E1));
#4687=CARTESIAN_POINT('',(1.333845288573E1,4.107191817659E0,-4.547750770784E1));
#4688=CARTESIAN_POINT('',(1.348155398814E1,3.860731007396E0,-4.545127208989E1));
#4689=CARTESIAN_POINT('',(1.362465509056E1,3.614270197134E0,-4.542503647194E1));
#4690=B_SPLINE_SURFACE_WITH_KNOTS('',3,3,((#4642,#4643,#4644,#4645),(#4646,
#4647,#4648,#4649),(#4650,#4651,#4652,#4653),(#4654,#4655,#4656,#4657),(#4658,
#4659,#4660,#4661),(#4662,#4663,#4664,#4665),(#4666,#4667,#4668,#4669),(#4670,
#4671,#4672,#4673),(#4674,#4675,#4676,#4677),(#4678,#4679,#4680,#4681),(#4682,
#4683,#4684,#4685),(#4686,#4687,#4688,#4689)),.UNSPECIFIED.,.F.,.F.,.F.,(4,1,1,
1,1,1,1,1,1,4),(4,4),(-1.999964461138E-2,0.E0,1.279737669985E-1,
2.792156470007E-1,4.304575270029E-1,5.816994070051E-1,7.329412870080E-1,
8.841831670101E-1,1.E0,1.009999942410E0),(2.308040906793E-3,9.981014028733E-1),
.UNSPECIFIED.);
#4692=ORIENTED_EDGE('',*,*,#4691,.T.);
#4694=ORIENTED_EDGE('',*,*,#4693,.T.);
#4695=ORIENTED_EDGE('',*,*,#4635,.F.);
#4696=ORIENTED_EDGE('',*,*,#4624,.F.);
#4698=ORIENTED_EDGE('',*,*,#4697,.T.);
#4700=ORIENTED_EDGE('',*,*,#4699,.T.);
#4701=EDGE_LOOP('',(#4692,#4694,#4695,#4696,#4698,#4700));
#4702=FACE_OUTER_BOUND('',#4701,.F.);
#4703=ADVANCED_FACE('',(#4702),#4690,.T.);
#4704=CARTESIAN_POINT('',(1.31E1,1.E1,-4.610479390360E1));
#4705=DIRECTION('',(-1.E0,0.E0,0.E0));
#4706=DIRECTION('',(0.E0,1.E0,0.E0));
#4707=AXIS2_PLACEMENT_3D('',#4704,#4705,#4706);
#4708=PLANE('',#4707);
#4710=ORIENTED_EDGE('',*,*,#4709,.T.);
#4712=ORIENTED_EDGE('',*,*,#4711,.T.);
#4714=ORIENTED_EDGE('',*,*,#4713,.T.);
#4716=ORIENTED_EDGE('',*,*,#4715,.T.);
#4718=ORIENTED_EDGE('',*,*,#4717,.T.);
#4720=ORIENTED_EDGE('',*,*,#4719,.T.);
#4722=ORIENTED_EDGE('',*,*,#4721,.T.);
#4724=ORIENTED_EDGE('',*,*,#4723,.T.);
#4726=ORIENTED_EDGE('',*,*,#4725,.T.);
#4728=ORIENTED_EDGE('',*,*,#4727,.T.);
#4730=ORIENTED_EDGE('',*,*,#4729,.T.);
#4732=ORIENTED_EDGE('',*,*,#4731,.T.);
#4733=EDGE_LOOP('',(#4710,#4712,#4714,#4716,#4718,#4720,#4722,#4724,#4726,#4728,
#4730,#4732));
#4734=FACE_OUTER_BOUND('',#4733,.F.);
#4736=ORIENTED_EDGE('',*,*,#4735,.T.);
#4738=ORIENTED_EDGE('',*,*,#4737,.F.);
#4739=ORIENTED_EDGE('',*,*,#4691,.F.);
#4741=ORIENTED_EDGE('',*,*,#4740,.T.);
#4743=ORIENTED_EDGE('',*,*,#4742,.T.);
#4745=ORIENTED_EDGE('',*,*,#4744,.T.);
#4747=ORIENTED_EDGE('',*,*,#4746,.T.);
#4748=EDGE_LOOP('',(#4736,#4738,#4739,#4741,#4743,#4745,#4747));
#4749=FACE_BOUND('',#4748,.F.);
#4750=ADVANCED_FACE('',(#4734,#4749),#4708,.F.);
#4751=CARTESIAN_POINT('',(1.31E1,1.E0,-5.130094632631E1));
#4752=DIRECTION('',(0.E0,5.E-1,8.660254037844E-1));
#4753=DIRECTION('',(0.E0,8.660254037844E-1,-5.E-1));
#4754=AXIS2_PLACEMENT_3D('',#4751,#4752,#4753);
#4755=PLANE('',#4754);
#4757=ORIENTED_EDGE('',*,*,#4756,.F.);
#4759=ORIENTED_EDGE('',*,*,#4758,.F.);
#4761=ORIENTED_EDGE('',*,*,#4760,.F.);
#4762=ORIENTED_EDGE('',*,*,#4709,.F.);
#4764=ORIENTED_EDGE('',*,*,#4763,.F.);
#4765=EDGE_LOOP('',(#4757,#4759,#4761,#4762,#4764));
#4766=FACE_OUTER_BOUND('',#4765,.F.);
#4767=ADVANCED_FACE('',(#4766),#4755,.F.);
#4768=CARTESIAN_POINT('',(1.058867513459E1,1.E1,-4.610479390360E1));
#4769=DIRECTION('',(1.E0,0.E0,0.E0));
#4770=DIRECTION('',(0.E0,-1.E0,0.E0));
#4771=AXIS2_PLACEMENT_3D('',#4768,#4769,#4770);
#4772=CONICAL_SURFACE('',#4771,9.500000000002E0,6.E1);
#4774=ORIENTED_EDGE('',*,*,#4773,.T.);
#4776=ORIENTED_EDGE('',*,*,#4775,.T.);
#4778=ORIENTED_EDGE('',*,*,#4777,.F.);
#4779=ORIENTED_EDGE('',*,*,#4756,.T.);
#4780=EDGE_LOOP('',(#4774,#4776,#4778,#4779));
#4781=FACE_OUTER_BOUND('',#4780,.F.);
#4782=ADVANCED_FACE('',(#4781),#4772,.T.);
#4783=CARTESIAN_POINT('',(1.324E1,1.E1,-4.610479390360E1));
#4784=DIRECTION('',(-1.E0,0.E0,0.E0));
#4785=DIRECTION('',(0.E0,1.E0,0.E0));
#4786=AXIS2_PLACEMENT_3D('',#4783,#4784,#4785);
#4787=CYLINDRICAL_SURFACE('',#4786,1.E1);
#4788=ORIENTED_EDGE('',*,*,#4773,.F.);
#4789=ORIENTED_EDGE('',*,*,#4763,.T.);
#4790=ORIENTED_EDGE('',*,*,#4731,.F.);
#4792=ORIENTED_EDGE('',*,*,#4791,.T.);
#4793=EDGE_LOOP('',(#4788,#4789,#4790,#4792));
#4794=FACE_OUTER_BOUND('',#4793,.F.);
#4795=ADVANCED_FACE('',(#4794),#4787,.T.);
#4796=CARTESIAN_POINT('',(1.31E1,1.E1,-5.649709874901E1));
#4797=DIRECTION('',(0.E0,-5.E-1,8.660254037844E-1));
#4798=DIRECTION('',(0.E0,8.660254037844E-1,5.E-1));
#4799=AXIS2_PLACEMENT_3D('',#4796,#4797,#4798);
#4800=PLANE('',#4799);
#4802=ORIENTED_EDGE('',*,*,#4801,.F.);
#4803=ORIENTED_EDGE('',*,*,#4775,.F.);
#4804=ORIENTED_EDGE('',*,*,#4791,.F.);
#4805=ORIENTED_EDGE('',*,*,#4729,.F.);
#4807=ORIENTED_EDGE('',*,*,#4806,.F.);
#4808=EDGE_LOOP('',(#4802,#4803,#4804,#4805,#4807));
#4809=FACE_OUTER_BOUND('',#4808,.F.);
#4810=ADVANCED_FACE('',(#4809),#4800,.F.);
#4811=CARTESIAN_POINT('',(1.058867513459E1,1.E1,-4.610479390360E1));
#4812=DIRECTION('',(1.E0,0.E0,0.E0));
#4813=DIRECTION('',(0.E0,-1.E0,0.E0));
#4814=AXIS2_PLACEMENT_3D('',#4811,#4812,#4813);
#4815=CONICAL_SURFACE('',#4814,9.500000000002E0,6.E1);
#4817=ORIENTED_EDGE('',*,*,#4816,.T.);
#4819=ORIENTED_EDGE('',*,*,#4818,.T.);
#4821=ORIENTED_EDGE('',*,*,#4820,.F.);
#4822=ORIENTED_EDGE('',*,*,#4801,.T.);
#4823=EDGE_LOOP('',(#4817,#4819,#4821,#4822));
#4824=FACE_OUTER_BOUND('',#4823,.F.);
#4825=ADVANCED_FACE('',(#4824),#4815,.T.);
#4826=CARTESIAN_POINT('',(1.324E1,1.E1,-4.610479390360E1));
#4827=DIRECTION('',(-1.E0,0.E0,0.E0));
#4828=DIRECTION('',(0.E0,1.E0,0.E0));
#4829=AXIS2_PLACEMENT_3D('',#4826,#4827,#4828);
#4830=CYLINDRICAL_SURFACE('',#4829,1.E1);
#4831=ORIENTED_EDGE('',*,*,#4816,.F.);
#4832=ORIENTED_EDGE('',*,*,#4806,.T.);
#4833=ORIENTED_EDGE('',*,*,#4727,.F.);
#4835=ORIENTED_EDGE('',*,*,#4834,.T.);
#4836=EDGE_LOOP('',(#4831,#4832,#4833,#4835));
#4837=FACE_OUTER_BOUND('',#4836,.F.);
#4838=ADVANCED_FACE('',(#4837),#4830,.T.);
#4839=CARTESIAN_POINT('',(1.31E1,1.9E1,-5.130094632631E1));
#4840=DIRECTION('',(0.E0,-1.E0,0.E0));
#4841=DIRECTION('',(0.E0,0.E0,1.E0));
#4842=AXIS2_PLACEMENT_3D('',#4839,#4840,#4841);
#4843=PLANE('',#4842);
#4845=ORIENTED_EDGE('',*,*,#4844,.F.);
#4846=ORIENTED_EDGE('',*,*,#4818,.F.);
#4847=ORIENTED_EDGE('',*,*,#4834,.F.);
#4848=ORIENTED_EDGE('',*,*,#4725,.F.);
#4850=ORIENTED_EDGE('',*,*,#4849,.F.);
#4851=EDGE_LOOP('',(#4845,#4846,#4847,#4848,#4850));
#4852=FACE_OUTER_BOUND('',#4851,.F.);
#4853=ADVANCED_FACE('',(#4852),#4843,.F.);
#4854=CARTESIAN_POINT('',(1.058867513459E1,1.E1,-4.610479390360E1));
#4855=DIRECTION('',(1.E0,0.E0,0.E0));
#4856=DIRECTION('',(0.E0,-1.E0,0.E0));
#4857=AXIS2_PLACEMENT_3D('',#4854,#4855,#4856);
#4858=CONICAL_SURFACE('',#4857,9.500000000002E0,6.E1);
#4860=ORIENTED_EDGE('',*,*,#4859,.T.);
#4862=ORIENTED_EDGE('',*,*,#4861,.T.);
#4864=ORIENTED_EDGE('',*,*,#4863,.F.);
#4865=ORIENTED_EDGE('',*,*,#4844,.T.);
#4866=EDGE_LOOP('',(#4860,#4862,#4864,#4865));
#4867=FACE_OUTER_BOUND('',#4866,.F.);
#4868=ADVANCED_FACE('',(#4867),#4858,.T.);
#4869=CARTESIAN_POINT('',(1.324E1,1.E1,-4.610479390360E1));
#4870=DIRECTION('',(-1.E0,0.E0,0.E0));
#4871=DIRECTION('',(0.E0,1.E0,0.E0));
#4872=AXIS2_PLACEMENT_3D('',#4869,#4870,#4871);
#4873=CYLINDRICAL_SURFACE('',#4872,1.E1);
#4874=ORIENTED_EDGE('',*,*,#4859,.F.);
#4875=ORIENTED_EDGE('',*,*,#4849,.T.);
#4876=ORIENTED_EDGE('',*,*,#4723,.F.);
#4878=ORIENTED_EDGE('',*,*,#4877,.T.);
#4879=EDGE_LOOP('',(#4874,#4875,#4876,#4878));
#4880=FACE_OUTER_BOUND('',#4879,.F.);
#4881=ADVANCED_FACE('',(#4880),#4873,.T.);
#4882=CARTESIAN_POINT('',(1.31E1,1.9E1,-4.090864148089E1));
#4883=DIRECTION('',(0.E0,-5.E-1,-8.660254037844E-1));
#4884=DIRECTION('',(0.E0,-8.660254037844E-1,5.E-1));
#4885=AXIS2_PLACEMENT_3D('',#4882,#4883,#4884);
#4886=PLANE('',#4885);
#4888=ORIENTED_EDGE('',*,*,#4887,.F.);
#4889=ORIENTED_EDGE('',*,*,#4861,.F.);
#4890=ORIENTED_EDGE('',*,*,#4877,.F.);
#4891=ORIENTED_EDGE('',*,*,#4721,.F.);
#4893=ORIENTED_EDGE('',*,*,#4892,.F.);
#4894=EDGE_LOOP('',(#4888,#4889,#4890,#4891,#4893));
#4895=FACE_OUTER_BOUND('',#4894,.F.);
#4896=ADVANCED_FACE('',(#4895),#4886,.F.);
#4897=CARTESIAN_POINT('',(1.058867513459E1,1.E1,-4.610479390360E1));
#4898=DIRECTION('',(1.E0,0.E0,0.E0));
#4899=DIRECTION('',(0.E0,-1.E0,0.E0));
#4900=AXIS2_PLACEMENT_3D('',#4897,#4898,#4899);
#4901=CONICAL_SURFACE('',#4900,9.500000000002E0,6.E1);
#4903=ORIENTED_EDGE('',*,*,#4902,.T.);
#4905=ORIENTED_EDGE('',*,*,#4904,.T.);
#4907=ORIENTED_EDGE('',*,*,#4906,.F.);
#4908=ORIENTED_EDGE('',*,*,#4887,.T.);
#4909=EDGE_LOOP('',(#4903,#4905,#4907,#4908));
#4910=FACE_OUTER_BOUND('',#4909,.F.);
#4911=ADVANCED_FACE('',(#4910),#4901,.T.);
#4912=CARTESIAN_POINT('',(1.324E1,1.E1,-4.610479390360E1));
#4913=DIRECTION('',(-1.E0,0.E0,0.E0));
#4914=DIRECTION('',(0.E0,1.E0,0.E0));
#4915=AXIS2_PLACEMENT_3D('',#4912,#4913,#4914);
#4916=CYLINDRICAL_SURFACE('',#4915,1.E1);
#4917=ORIENTED_EDGE('',*,*,#4902,.F.);
#4918=ORIENTED_EDGE('',*,*,#4892,.T.);
#4919=ORIENTED_EDGE('',*,*,#4719,.F.);
#4921=ORIENTED_EDGE('',*,*,#4920,.T.);
#4922=EDGE_LOOP('',(#4917,#4918,#4919,#4921));
#4923=FACE_OUTER_BOUND('',#4922,.F.);
#4924=ADVANCED_FACE('',(#4923),#4916,.T.);
#4925=CARTESIAN_POINT('',(1.31E1,1.E1,-3.571248905819E1));
#4926=DIRECTION('',(0.E0,5.E-1,-8.660254037844E-1));
#4927=DIRECTION('',(0.E0,-8.660254037844E-1,-5.E-1));
#4928=AXIS2_PLACEMENT_3D('',#4925,#4926,#4927);
#4929=PLANE('',#4928);
#4931=ORIENTED_EDGE('',*,*,#4930,.F.);
#4932=ORIENTED_EDGE('',*,*,#4904,.F.);
#4933=ORIENTED_EDGE('',*,*,#4920,.F.);
#4934=ORIENTED_EDGE('',*,*,#4717,.F.);
#4936=ORIENTED_EDGE('',*,*,#4935,.F.);
#4937=EDGE_LOOP('',(#4931,#4932,#4933,#4934,#4936));
#4938=FACE_OUTER_BOUND('',#4937,.F.);
#4939=ADVANCED_FACE('',(#4938),#4929,.F.);
#4940=CARTESIAN_POINT('',(1.058867513459E1,1.E1,-4.610479390360E1));
#4941=DIRECTION('',(1.E0,0.E0,0.E0));
#4942=DIRECTION('',(0.E0,-1.E0,0.E0));
#4943=AXIS2_PLACEMENT_3D('',#4940,#4941,#4942);
#4944=CONICAL_SURFACE('',#4943,9.500000000002E0,6.E1);
#4946=ORIENTED_EDGE('',*,*,#4945,.T.);
#4948=ORIENTED_EDGE('',*,*,#4947,.T.);
#4950=ORIENTED_EDGE('',*,*,#4949,.F.);
#4951=ORIENTED_EDGE('',*,*,#4930,.T.);
#4952=EDGE_LOOP('',(#4946,#4948,#4950,#4951));
#4953=FACE_OUTER_BOUND('',#4952,.F.);
#4954=ADVANCED_FACE('',(#4953),#4944,.T.);
#4955=CARTESIAN_POINT('',(1.324E1,1.E1,-4.610479390360E1));
#4956=DIRECTION('',(-1.E0,0.E0,0.E0));
#4957=DIRECTION('',(0.E0,1.E0,0.E0));
#4958=AXIS2_PLACEMENT_3D('',#4955,#4956,#4957);
#4959=CYLINDRICAL_SURFACE('',#4958,1.E1);
#4960=ORIENTED_EDGE('',*,*,#4945,.F.);
#4961=ORIENTED_EDGE('',*,*,#4935,.T.);
#4962=ORIENTED_EDGE('',*,*,#4715,.F.);
#4964=ORIENTED_EDGE('',*,*,#4963,.T.);
#4965=EDGE_LOOP('',(#4960,#4961,#4962,#4964));
#4966=FACE_OUTER_BOUND('',#4965,.F.);
#4967=ADVANCED_FACE('',(#4966),#4959,.T.);
#4968=CARTESIAN_POINT('',(1.31E1,1.E0,-4.090864148089E1));
#4969=DIRECTION('',(0.E0,1.E0,0.E0));
#4970=DIRECTION('',(0.E0,0.E0,-1.E0));
#4971=AXIS2_PLACEMENT_3D('',#4968,#4969,#4970);
#4972=PLANE('',#4971);
#4973=ORIENTED_EDGE('',*,*,#4947,.F.);
#4974=ORIENTED_EDGE('',*,*,#4963,.F.);
#4975=ORIENTED_EDGE('',*,*,#4713,.F.);
#4977=ORIENTED_EDGE('',*,*,#4976,.F.);
#4979=ORIENTED_EDGE('',*,*,#4978,.F.);
#4980=EDGE_LOOP('',(#4973,#4974,#4975,#4977,#4979));
#4981=FACE_OUTER_BOUND('',#4980,.F.);
#4982=ADVANCED_FACE('',(#4981),#4972,.F.);
#4983=CARTESIAN_POINT('',(1.324E1,1.E1,-4.610479390360E1));
#4984=DIRECTION('',(-1.E0,0.E0,0.E0));
#4985=DIRECTION('',(0.E0,1.E0,0.E0));
#4986=AXIS2_PLACEMENT_3D('',#4983,#4984,#4985);
#4987=CYLINDRICAL_SURFACE('',#4986,1.E1);
#4989=ORIENTED_EDGE('',*,*,#4988,.F.);
#4990=ORIENTED_EDGE('',*,*,#4976,.T.);
#4991=ORIENTED_EDGE('',*,*,#4711,.F.);
#4992=ORIENTED_EDGE('',*,*,#4760,.T.);
#4993=EDGE_LOOP('',(#4989,#4990,#4991,#4992));
#4994=FACE_OUTER_BOUND('',#4993,.F.);
#4995=ADVANCED_FACE('',(#4994),#4987,.T.);
#4996=CARTESIAN_POINT('',(1.058867513459E1,1.E1,-4.610479390360E1));
#4997=DIRECTION('',(1.E0,0.E0,0.E0));
#4998=DIRECTION('',(0.E0,-1.E0,0.E0));
#4999=AXIS2_PLACEMENT_3D('',#4996,#4997,#4998);
#5000=CONICAL_SURFACE('',#4999,9.500000000002E0,6.E1);
#5001=ORIENTED_EDGE('',*,*,#4988,.T.);
#5002=ORIENTED_EDGE('',*,*,#4758,.T.);
#5004=ORIENTED_EDGE('',*,*,#5003,.F.);
#5005=ORIENTED_EDGE('',*,*,#4978,.T.);
#5006=EDGE_LOOP('',(#5001,#5002,#5004,#5005));
#5007=FACE_OUTER_BOUND('',#5006,.F.);
#5008=ADVANCED_FACE('',(#5007),#5000,.T.);
#5009=CARTESIAN_POINT('',(1.03E1,1.E1,-4.610479390360E1));
#5010=DIRECTION('',(-1.E0,0.E0,0.E0));
#5011=DIRECTION('',(0.E0,1.E0,0.E0));
#5012=AXIS2_PLACEMENT_3D('',#5009,#5010,#5011);
#5013=PLANE('',#5012);
#5014=ORIENTED_EDGE('',*,*,#4949,.T.);
#5015=ORIENTED_EDGE('',*,*,#5003,.T.);
#5016=ORIENTED_EDGE('',*,*,#4777,.T.);
#5017=ORIENTED_EDGE('',*,*,#4820,.T.);
#5018=ORIENTED_EDGE('',*,*,#4863,.T.);
#5019=ORIENTED_EDGE('',*,*,#4906,.T.);
#5020=EDGE_LOOP('',(#5014,#5015,#5016,#5017,#5018,#5019));
#5021=FACE_OUTER_BOUND('',#5020,.F.);
#5023=ORIENTED_EDGE('',*,*,#5022,.F.);
#5025=ORIENTED_EDGE('',*,*,#5024,.T.);
#5027=ORIENTED_EDGE('',*,*,#5026,.F.);
#5029=ORIENTED_EDGE('',*,*,#5028,.T.);
#5031=ORIENTED_EDGE('',*,*,#5030,.F.);
#5033=ORIENTED_EDGE('',*,*,#5032,.T.);
#5035=ORIENTED_EDGE('',*,*,#5034,.F.);
#5036=EDGE_LOOP('',(#5023,#5025,#5027,#5029,#5031,#5033,#5035));
#5037=FACE_BOUND('',#5036,.F.);
#5038=ADVANCED_FACE('',(#5021,#5037),#5013,.T.);
#5039=CARTESIAN_POINT('',(1.026175213554E1,9.327266555444E0,-5.254146761108E1));
#5040=CARTESIAN_POINT('',(1.034804819102E1,9.342802322939E0,-5.239282230889E1));
#5041=CARTESIAN_POINT('',(1.043434424650E1,9.358338090434E0,-5.224417700670E1));
#5042=CARTESIAN_POINT('',(1.052064030197E1,9.373873857929E0,-5.209553170451E1));
#5043=CARTESIAN_POINT('',(1.026057831334E1,9.279792852890E0,-5.253646047562E1));
#5044=CARTESIAN_POINT('',(1.034687436882E1,9.296424954172E0,-5.238793080569E1));
#5045=CARTESIAN_POINT('',(1.043317042430E1,9.313057055454E0,-5.223940113576E1));
#5046=CARTESIAN_POINT('',(1.051946647977E1,9.329689156737E0,-5.209087146584E1));
#5047=CARTESIAN_POINT('',(1.024126930992E1,8.499763069374E0,-5.244548216774E1));
#5048=CARTESIAN_POINT('',(1.032756536540E1,8.534408785788E0,-5.229905350506E1));
#5049=CARTESIAN_POINT('',(1.041386142088E1,8.569054502201E0,-5.215262484237E1));
#5050=CARTESIAN_POINT('',(1.050015747636E1,8.603700218614E0,-5.200619617969E1));
#5051=CARTESIAN_POINT('',(1.019576550799E1,6.703629773292E0,-5.189886598482E1));
#5052=CARTESIAN_POINT('',(1.028206156347E1,6.779754487820E0,-5.176506060108E1));
#5053=CARTESIAN_POINT('',(1.036835761895E1,6.855879202347E0,-5.163125521734E1));
#5054=CARTESIAN_POINT('',(1.045465367443E1,6.932003916875E0,-5.149744983360E1));
#5055=CARTESIAN_POINT('',(1.013706599203E1,4.845205767631E0,-5.028547026178E1));
#5056=CARTESIAN_POINT('',(1.022336204751E1,4.964247990561E0,-5.018892382663E1));
#5057=CARTESIAN_POINT('',(1.030965810299E1,5.083290213491E0,-5.009237739149E1));
#5058=CARTESIAN_POINT('',(1.039595415847E1,5.202332436421E0,-4.999583095635E1));
#5059=CARTESIAN_POINT('',(1.009532791884E1,4.067071224378E0,-4.875949105195E1));
#5060=CARTESIAN_POINT('',(1.018162397432E1,4.204083294715E0,-4.869818481246E1));
#5061=CARTESIAN_POINT('',(1.026792002980E1,4.341095365051E0,-4.863687857297E1));
#5062=CARTESIAN_POINT('',(1.035421608528E1,4.478107435388E0,-4.857557233347E1));
#5063=CARTESIAN_POINT('',(1.007978464416E1,3.863781031676E0,-4.816085887020E1));
#5064=CARTESIAN_POINT('',(1.016608069964E1,4.005487783380E0,-4.811337714094E1));
#5065=CARTESIAN_POINT('',(1.025237675512E1,4.147194535085E0,-4.806589541168E1));
#5066=CARTESIAN_POINT('',(1.033867281060E1,4.288901286789E0,-4.801841368243E1));
#5067=CARTESIAN_POINT('',(1.007861090571E1,3.848927089293E0,-4.811549154923E1));
#5068=CARTESIAN_POINT('',(1.016490696119E1,3.990976870465E0,-4.806905751004E1));
#5069=CARTESIAN_POINT('',(1.025120301667E1,4.133026651637E0,-4.802262347086E1));
#5070=CARTESIAN_POINT('',(1.033749907215E1,4.275076432809E0,-4.797618943167E1));
#5071=B_SPLINE_SURFACE_WITH_KNOTS('',3,3,((#5039,#5040,#5041,#5042),(#5043,
#5044,#5045,#5046),(#5047,#5048,#5049,#5050),(#5051,#5052,#5053,#5054),(#5055,
#5056,#5057,#5058),(#5059,#5060,#5061,#5062),(#5063,#5064,#5065,#5066),(#5067,
#5068,#5069,#5070)),.UNSPECIFIED.,.F.,.F.,.F.,(4,1,1,1,1,4),(4,4),(
-1.999713591878E-2,0.E0,3.089494167799E-1,7.552017935568E-1,1.E0,
1.019995709203E0),(1.352431370412E-3,6.018582119499E-1),.UNSPECIFIED.);
#5073=ORIENTED_EDGE('',*,*,#5072,.T.);
#5074=ORIENTED_EDGE('',*,*,#5022,.T.);
#5076=ORIENTED_EDGE('',*,*,#5075,.F.);
#5077=EDGE_LOOP('',(#5073,#5074,#5076));
#5078=FACE_OUTER_BOUND('',#5077,.F.);
#5079=ADVANCED_FACE('',(#5078),#5071,.F.);
#5080=CARTESIAN_POINT('',(1.03E1,4.25E0,-3.990490324371E1));
#5081=DIRECTION('',(0.E0,1.E0,0.E0));
#5082=DIRECTION('',(0.E0,0.E0,-1.E0));
#5083=AXIS2_PLACEMENT_3D('',#5080,#5081,#5082);
#5084=PLANE('',#5083);
#5086=ORIENTED_EDGE('',*,*,#5085,.F.);
#5088=ORIENTED_EDGE('',*,*,#5087,.T.);
#5090=ORIENTED_EDGE('',*,*,#5089,.F.);
#5092=ORIENTED_EDGE('',*,*,#5091,.F.);
#5094=ORIENTED_EDGE('',*,*,#5093,.F.);
#5096=ORIENTED_EDGE('',*,*,#5095,.F.);
#5098=ORIENTED_EDGE('',*,*,#5097,.F.);
#5100=ORIENTED_EDGE('',*,*,#5099,.F.);
#5102=ORIENTED_EDGE('',*,*,#5101,.F.);
#5104=ORIENTED_EDGE('',*,*,#5103,.F.);
#5106=ORIENTED_EDGE('',*,*,#5105,.F.);
#5108=ORIENTED_EDGE('',*,*,#5107,.F.);
#5110=ORIENTED_EDGE('',*,*,#5109,.F.);
#5112=ORIENTED_EDGE('',*,*,#5111,.F.);
#5114=ORIENTED_EDGE('',*,*,#5113,.F.);
#5116=ORIENTED_EDGE('',*,*,#5115,.F.);
#5118=ORIENTED_EDGE('',*,*,#5117,.F.);
#5120=ORIENTED_EDGE('',*,*,#5119,.F.);
#5121=ORIENTED_EDGE('',*,*,#5024,.F.);
#5122=ORIENTED_EDGE('',*,*,#5072,.F.);
#5124=ORIENTED_EDGE('',*,*,#5123,.F.);
#5126=ORIENTED_EDGE('',*,*,#5125,.F.);
#5128=ORIENTED_EDGE('',*,*,#5127,.F.);
#5130=ORIENTED_EDGE('',*,*,#5129,.F.);
#5132=ORIENTED_EDGE('',*,*,#5131,.F.);
#5134=ORIENTED_EDGE('',*,*,#5133,.F.);
#5136=ORIENTED_EDGE('',*,*,#5135,.F.);
#5138=ORIENTED_EDGE('',*,*,#5137,.F.);
#5140=ORIENTED_EDGE('',*,*,#5139,.F.);
#5142=ORIENTED_EDGE('',*,*,#5141,.F.);
#5144=ORIENTED_EDGE('',*,*,#5143,.F.);
#5146=ORIENTED_EDGE('',*,*,#5145,.F.);
#5148=ORIENTED_EDGE('',*,*,#5147,.F.);
#5150=ORIENTED_EDGE('',*,*,#5149,.F.);
#5151=EDGE_LOOP('',(#5086,#5088,#5090,#5092,#5094,#5096,#5098,#5100,#5102,#5104,
#5106,#5108,#5110,#5112,#5114,#5116,#5118,#5120,#5121,#5122,#5124,#5126,#5128,
#5130,#5132,#5134,#5136,#5138,#5140,#5142,#5144,#5146,#5148,#5150));
#5152=FACE_OUTER_BOUND('',#5151,.F.);
#5153=ADVANCED_FACE('',(#5152),#5084,.F.);
#5154=CARTESIAN_POINT('',(6.3E0,1.E1,-4.610479390360E1));
#5155=DIRECTION('',(1.E0,0.E0,0.E0));
#5156=DIRECTION('',(0.E0,1.E0,0.E0));
#5157=AXIS2_PLACEMENT_3D('',#5154,#5155,#5156);
#5158=CYLINDRICAL_SURFACE('',#5157,5.8E0);
#5159=ORIENTED_EDGE('',*,*,#5085,.T.);
#5161=ORIENTED_EDGE('',*,*,#5160,.T.);
#5163=ORIENTED_EDGE('',*,*,#5162,.T.);
#5165=ORIENTED_EDGE('',*,*,#5164,.F.);
#5166=EDGE_LOOP('',(#5159,#5161,#5163,#5165));
#5167=FACE_OUTER_BOUND('',#5166,.F.);
#5168=ADVANCED_FACE('',(#5167),#5158,.T.);
#5169=CARTESIAN_POINT('',(6.925864211623E0,1.569795098989E1,-4.669154277659E1));
#5170=CARTESIAN_POINT('',(7.069045866197E0,1.594462746975E1,-4.671694438969E1));
#5171=CARTESIAN_POINT('',(7.212227520771E0,1.619130394961E1,-4.674234600280E1));
#5172=CARTESIAN_POINT('',(7.355409175344E0,1.643798042948E1,-4.676774761591E1));
#5173=CARTESIAN_POINT('',(6.924337046225E0,1.569227867548E1,-4.674621420053E1));
#5174=CARTESIAN_POINT('',(7.067518700799E0,1.593870958872E1,-4.677398265646E1));
#5175=CARTESIAN_POINT('',(7.210700355373E0,1.618514050197E1,-4.680175111239E1));
#5176=CARTESIAN_POINT('',(7.353882009947E0,1.643157141521E1,-4.682951956832E1));
#5177=CARTESIAN_POINT('',(6.906405570566E0,1.561645839451E1,-4.738721254549E1));
#5178=CARTESIAN_POINT('',(7.049587225140E0,1.585960688569E1,-4.744273119015E1));
#5179=CARTESIAN_POINT('',(7.192768879714E0,1.610275537688E1,-4.749824983480E1));
#5180=CARTESIAN_POINT('',(7.335950534288E0,1.634590386807E1,-4.755376847946E1));
#5181=CARTESIAN_POINT('',(6.864325653599E0,1.518611138360E1,-4.885840416774E1));
#5182=CARTESIAN_POINT('',(7.007507308173E0,1.541062923265E1,-4.897761384295E1));
#5183=CARTESIAN_POINT('',(7.150688962747E0,1.563514708171E1,-4.909682351816E1));
#5184=CARTESIAN_POINT('',(7.293870617321E0,1.585966493077E1,-4.921603319337E1));
#5185=CARTESIAN_POINT('',(6.799624460723E0,1.370537450995E1,-5.073425633086E1));
#5186=CARTESIAN_POINT('',(6.942806115297E0,1.386578809412E1,-5.093467565656E1));
#5187=CARTESIAN_POINT('',(7.085987769871E0,1.402620167828E1,-5.113509498225E1));
#5188=CARTESIAN_POINT('',(7.229169424445E0,1.418661526245E1,-5.133551430794E1));
#5189=CARTESIAN_POINT('',(6.727179136799E0,1.129283478939E1,-5.189187440683E1));
#5190=CARTESIAN_POINT('',(6.870360791373E0,1.134880437134E1,-5.214240949387E1));
#5191=CARTESIAN_POINT('',(7.013542445947E0,1.140477395330E1,-5.239294458091E1));
#5192=CARTESIAN_POINT('',(7.156724100521E0,1.146074353525E1,-5.264347966795E1));
#5193=CARTESIAN_POINT('',(6.654733812875E0,8.617018780519E0,-5.187099590882E1));
#5194=CARTESIAN_POINT('',(6.797915467449E0,8.557146566886E0,-5.212062712105E1));
#5195=CARTESIAN_POINT('',(6.941097122023E0,8.497274353253E0,-5.237025833328E1));
#5196=CARTESIAN_POINT('',(7.084278776597E0,8.437402139619E0,-5.261988954551E1));
#5197=CARTESIAN_POINT('',(6.582288488950E0,6.222836571854E0,-5.067587251599E1));
#5198=CARTESIAN_POINT('',(6.725470143524E0,6.059315091944E0,-5.087376428152E1));
#5199=CARTESIAN_POINT('',(6.868651798098E0,5.895793612035E0,-5.107165604705E1));
#5200=CARTESIAN_POINT('',(7.011833452673E0,5.732272132125E0,-5.126954781258E1));
#5201=CARTESIAN_POINT('',(6.518414950943E0,4.790116836134E0,-4.880143137921E1));
#5202=CARTESIAN_POINT('',(6.661596605517E0,4.564569855888E0,-4.891817458060E1));
#5203=CARTESIAN_POINT('',(6.804778260091E0,4.339022875643E0,-4.903491778200E1));
#5204=CARTESIAN_POINT('',(6.947959914665E0,4.113475895398E0,-4.915166098339E1));
#5205=CARTESIAN_POINT('',(6.477162806390E0,4.380056165696E0,-4.735763112351E1));
#5206=CARTESIAN_POINT('',(6.620344460964E0,4.136756782369E0,-4.741186912517E1));
#5207=CARTESIAN_POINT('',(6.763526115538E0,3.893457399042E0,-4.746610712683E1));
#5208=CARTESIAN_POINT('',(6.906707770112E0,3.650158015715E0,-4.752034512849E1));
#5209=CARTESIAN_POINT('',(6.460059103145E0,4.307783019685E0,-4.674619856284E1));
#5210=CARTESIAN_POINT('',(6.603240757719E0,4.061354777356E0,-4.677396634179E1));
#5211=CARTESIAN_POINT('',(6.746422412293E0,3.814926535027E0,-4.680173412073E1));
#5212=CARTESIAN_POINT('',(6.889604066867E0,3.568498292698E0,-4.682950189967E1));
#5213=CARTESIAN_POINT('',(6.458532055291E0,4.302113991230E0,-4.669152920145E1));
#5214=CARTESIAN_POINT('',(6.601713709865E0,4.055440324540E0,-4.671693022686E1));
#5215=CARTESIAN_POINT('',(6.744895364439E0,3.808766657850E0,-4.674233125227E1));
#5216=CARTESIAN_POINT('',(6.888077019013E0,3.562092991159E0,-4.676773227768E1));
#5217=B_SPLINE_SURFACE_WITH_KNOTS('',3,3,((#5169,#5170,#5171,#5172),(#5173,
#5174,#5175,#5176),(#5177,#5178,#5179,#5180),(#5181,#5182,#5183,#5184),(#5185,
#5186,#5187,#5188),(#5189,#5190,#5191,#5192),(#5193,#5194,#5195,#5196),(#5197,
#5198,#5199,#5200),(#5201,#5202,#5203,#5204),(#5205,#5206,#5207,#5208),(#5209,
#5210,#5211,#5212),(#5213,#5214,#5215,#5216)),.UNSPECIFIED.,.F.,.F.,.F.,(4,1,1,
1,1,1,1,1,1,4),(4,4),(-9.999565723514E-3,0.E0,1.074120582046E-1,
2.655310977812E-1,4.236501373579E-1,5.817691769346E-1,7.398882165113E-1,
8.980072560880E-1,1.E0,1.009998796071E0),(2.454052274850E-3,9.988079501190E-1),
.UNSPECIFIED.);
#5218=ORIENTED_EDGE('',*,*,#5149,.T.);
#5220=ORIENTED_EDGE('',*,*,#5219,.T.);
#5222=ORIENTED_EDGE('',*,*,#5221,.T.);
#5223=ORIENTED_EDGE('',*,*,#5160,.F.);
#5224=EDGE_LOOP('',(#5218,#5220,#5222,#5223));
#5225=FACE_OUTER_BOUND('',#5224,.F.);
#5226=ADVANCED_FACE('',(#5225),#5217,.F.);
#5227=CARTESIAN_POINT('',(7.178234408465E0,1.581096704975E1,-4.878583948229E1));
#5228=CARTESIAN_POINT('',(7.313546625797E0,1.581096704975E1,-4.878583948229E1));
#5229=CARTESIAN_POINT('',(7.448858843129E0,1.581096704975E1,-4.878583948229E1));
#5230=CARTESIAN_POINT('',(7.584171060461E0,1.581096704975E1,-4.878583948229E1));
#5231=CARTESIAN_POINT('',(7.177050057150E0,1.579104765222E1,-4.882909636410E1));
#5232=CARTESIAN_POINT('',(7.312362274482E0,1.579104765222E1,-4.882909636410E1));
#5233=CARTESIAN_POINT('',(7.447674491814E0,1.579104765222E1,-4.882909636410E1));
#5234=CARTESIAN_POINT('',(7.582986709146E0,1.579104765222E1,-4.882909636410E1));
#5235=CARTESIAN_POINT('',(7.171376419523E0,1.569331658608E1,-4.903525019308E1));
#5236=CARTESIAN_POINT('',(7.306688636855E0,1.569331658608E1,-4.903525019308E1));
#5237=CARTESIAN_POINT('',(7.442000854187E0,1.569331658608E1,-4.903525019308E1));
#5238=CARTESIAN_POINT('',(7.577313071519E0,1.569331658608E1,-4.903525019308E1));
#5239=CARTESIAN_POINT('',(7.142111590486E0,1.513264886406E1,-5.007085452729E1));
#5240=CARTESIAN_POINT('',(7.277423807818E0,1.513264886406E1,-5.007085452729E1));
#5241=CARTESIAN_POINT('',(7.412736025150E0,1.513264886406E1,-5.007085452729E1));
#5242=CARTESIAN_POINT('',(7.548048242482E0,1.513264886406E1,-5.007085452729E1));
#5243=CARTESIAN_POINT('',(7.090439921353E0,1.366299237884E1,-5.161234311551E1));
#5244=CARTESIAN_POINT('',(7.225752138685E0,1.366299237884E1,-5.161234311551E1));
#5245=CARTESIAN_POINT('',(7.361064356017E0,1.366299237884E1,-5.161234311551E1));
#5246=CARTESIAN_POINT('',(7.496376573349E0,1.366299237884E1,-5.161234311551E1));
#5247=CARTESIAN_POINT('',(7.019666347121E0,1.093756051224E1,-5.265243406605E1));
#5248=CARTESIAN_POINT('',(7.154978564453E0,1.093756051224E1,-5.265243406605E1));
#5249=CARTESIAN_POINT('',(7.290290781786E0,1.093756051224E1,-5.265243406605E1));
#5250=CARTESIAN_POINT('',(7.425602999118E0,1.093756051224E1,-5.265243406605E1));
#5251=CARTESIAN_POINT('',(6.948892772890E0,8.029767307327E0,-5.241896800525E1));
#5252=CARTESIAN_POINT('',(7.084204990222E0,8.029767307327E0,-5.241896800525E1));
#5253=CARTESIAN_POINT('',(7.219517207554E0,8.029767307327E0,-5.241896800525E1));
#5254=CARTESIAN_POINT('',(7.354829424886E0,8.029767307327E0,-5.241896800525E1));
#5255=CARTESIAN_POINT('',(6.882132113059E0,5.648341546384E0,-5.104022999211E1));
#5256=CARTESIAN_POINT('',(7.017444330391E0,5.648341546384E0,-5.104022999211E1));
#5257=CARTESIAN_POINT('',(7.152756547723E0,5.648341546384E0,-5.104022999211E1));
#5258=CARTESIAN_POINT('',(7.288068765055E0,5.648341546384E0,-5.104022999211E1));
#5259=CARTESIAN_POINT('',(6.837778270315E0,4.567495994037E0,-4.958303188374E1));
#5260=CARTESIAN_POINT('',(6.973090487647E0,4.567495994037E0,-4.958303188374E1));
#5261=CARTESIAN_POINT('',(7.108402704979E0,4.567495994037E0,-4.958303188374E1));
#5262=CARTESIAN_POINT('',(7.243714922312E0,4.567495994037E0,-4.958303188374E1));
#5263=CARTESIAN_POINT('',(6.817015618982E0,4.208792097188E0,-4.882917587333E1));
#5264=CARTESIAN_POINT('',(6.952327836314E0,4.208792097188E0,-4.882917587333E1));
#5265=CARTESIAN_POINT('',(7.087640053646E0,4.208792097188E0,-4.882917587333E1));
#5266=CARTESIAN_POINT('',(7.222952270978E0,4.208792097188E0,-4.882917587333E1));
#5267=CARTESIAN_POINT('',(6.815831244659E0,4.188816302484E0,-4.878594977623E1));
#5268=CARTESIAN_POINT('',(6.951143461991E0,4.188816302484E0,-4.878594977623E1));
#5269=CARTESIAN_POINT('',(7.086455679323E0,4.188816302484E0,-4.878594977623E1));
#5270=CARTESIAN_POINT('',(7.221767896655E0,4.188816302484E0,-4.878594977623E1));
#5271=B_SPLINE_SURFACE_WITH_KNOTS('',3,3,((#5227,#5228,#5229,#5230),(#5231,
#5232,#5233,#5234),(#5235,#5236,#5237,#5238),(#5239,#5240,#5241,#5242),(#5243,
#5244,#5245,#5246),(#5247,#5248,#5249,#5250),(#5251,#5252,#5253,#5254),(#5255,
#5256,#5257,#5258),(#5259,#5260,#5261,#5262),(#5263,#5264,#5265,#5266),(#5267,
#5268,#5269,#5270)),.UNSPECIFIED.,.F.,.F.,.F.,(4,1,1,1,1,1,1,1,4),(4,4),(
-1.000023663413E-2,0.E0,3.790591936784E-2,2.371014567415E-1,4.362969941152E-1,
6.354925314888E-1,8.346880688625E-1,1.E0,1.010000430907E0),(4.476523258835E-3,
9.955188284981E-1),.UNSPECIFIED.);
#5272=ORIENTED_EDGE('',*,*,#5147,.T.);
#5274=ORIENTED_EDGE('',*,*,#5273,.T.);
#5276=ORIENTED_EDGE('',*,*,#5275,.T.);
#5277=ORIENTED_EDGE('',*,*,#5219,.F.);
#5278=EDGE_LOOP('',(#5272,#5274,#5276,#5277));
#5279=FACE_OUTER_BOUND('',#5278,.F.);
#5280=ADVANCED_FACE('',(#5279),#5271,.F.);
#5281=CARTESIAN_POINT('',(7.512119817758E0,1.643764279194E1,-4.676769908282E1));
#5282=CARTESIAN_POINT('',(7.655235905057E0,1.619107921869E1,-4.674230962351E1));
#5283=CARTESIAN_POINT('',(7.798351992356E0,1.594451564544E1,-4.671692016420E1));
#5284=CARTESIAN_POINT('',(7.941468079655E0,1.569795207220E1,-4.669153070489E1));
#5285=CARTESIAN_POINT('',(7.510592652471E0,1.643123424604E1,-4.682946779083E1));
#5286=CARTESIAN_POINT('',(7.653708739770E0,1.618491612195E1,-4.680171257222E1));
#5287=CARTESIAN_POINT('',(7.796824827069E0,1.593859799785E1,-4.677395735360E1));
#5288=CARTESIAN_POINT('',(7.939940914367E0,1.569227987376E1,-4.674620213498E1));
#5289=CARTESIAN_POINT('',(7.492661064572E0,1.634557220117E1,-4.755368327051E1));
#5290=CARTESIAN_POINT('',(7.635777151871E0,1.610253495807E1,-4.749819039042E1));
#5291=CARTESIAN_POINT('',(7.778893239170E0,1.585949771497E1,-4.744269751032E1));
#5292=CARTESIAN_POINT('',(7.922009326469E0,1.561646047186E1,-4.738720463023E1));
#5293=CARTESIAN_POINT('',(7.450581035366E0,1.585935924171E1,-4.921586566251E1));
#5294=CARTESIAN_POINT('',(7.593697122665E0,1.563494409501E1,-4.909671071802E1));
#5295=CARTESIAN_POINT('',(7.736813209963E0,1.541052894830E1,-4.897755577353E1));
#5296=CARTESIAN_POINT('',(7.879929297262E0,1.518611380160E1,-4.885840082904E1));
#5297=CARTESIAN_POINT('',(7.385879730138E0,1.418639477805E1,-5.133523883667E1));
#5298=CARTESIAN_POINT('',(7.528995817437E0,1.402605465219E1,-5.113491128914E1));
#5299=CARTESIAN_POINT('',(7.672111904736E0,1.386571452633E1,-5.093458374161E1));
#5300=CARTESIAN_POINT('',(7.815227992035E0,1.370537440047E1,-5.073425619408E1));
#5301=CARTESIAN_POINT('',(7.313434406214E0,1.146066660648E1,-5.264313531384E1));
#5302=CARTESIAN_POINT('',(7.456550493513E0,1.140472265472E1,-5.239271495451E1));
#5303=CARTESIAN_POINT('',(7.599666580812E0,1.134877870295E1,-5.214229459517E1));
#5304=CARTESIAN_POINT('',(7.742782668111E0,1.129283475119E1,-5.189187423584E1));
#5305=CARTESIAN_POINT('',(7.240989082290E0,8.437484432456E0,-5.261954643375E1));
#5306=CARTESIAN_POINT('',(7.384105169588E0,8.497329228764E0,-5.237002953531E1));
#5307=CARTESIAN_POINT('',(7.527221256887E0,8.557174025073E0,-5.212051263688E1));
#5308=CARTESIAN_POINT('',(7.670337344186E0,8.617018821381E0,-5.187099573845E1));
#5309=CARTESIAN_POINT('',(7.168543758365E0,5.732496888244E0,-5.126927581538E1));
#5310=CARTESIAN_POINT('',(7.311659845664E0,5.895943486648E0,-5.107147467056E1));
#5311=CARTESIAN_POINT('',(7.454775932963E0,6.059390085052E0,-5.087367352575E1));
#5312=CARTESIAN_POINT('',(7.597892020262E0,6.222836683456E0,-5.067587238093E1));
#5313=CARTESIAN_POINT('',(7.104670344438E0,4.113789048470E0,-4.915150463678E1));
#5314=CARTESIAN_POINT('',(7.247786431737E0,4.339232623394E0,-4.903481473812E1));
#5315=CARTESIAN_POINT('',(7.390902519036E0,4.564676198319E0,-4.891812483945E1));
#5316=CARTESIAN_POINT('',(7.534018606335E0,4.790119773243E0,-4.880143494079E1));
#5317=CARTESIAN_POINT('',(7.063418324087E0,3.650495145622E0,-4.752028042796E1));
#5318=CARTESIAN_POINT('',(7.206534411386E0,3.893683010474E0,-4.746606688635E1));
#5319=CARTESIAN_POINT('',(7.349650498684E0,4.136870875326E0,-4.741185334475E1));
#5320=CARTESIAN_POINT('',(7.492766585983E0,4.380058740178E0,-4.735763980315E1));
#5321=CARTESIAN_POINT('',(7.046314745043E0,3.568838708416E0,-4.682947878519E1));
#5322=CARTESIAN_POINT('',(7.189430832342E0,3.815154038333E0,-4.680172314549E1));
#5323=CARTESIAN_POINT('',(7.332546919641E0,4.061469368251E0,-4.677396750578E1));
#5324=CARTESIAN_POINT('',(7.475663006940E0,4.307784698169E0,-4.674621186608E1));
#5325=CARTESIAN_POINT('',(7.044787697311E0,3.562433600696E0,-4.676771243581E1));
#5326=CARTESIAN_POINT('',(7.187903784610E0,3.808994248084E0,-4.674232246508E1));
#5327=CARTESIAN_POINT('',(7.331019871909E0,4.055554895472E0,-4.671693249435E1));
#5328=CARTESIAN_POINT('',(7.474135959208E0,4.302115542861E0,-4.669154252362E1));
#5329=B_SPLINE_SURFACE_WITH_KNOTS('',3,3,((#5281,#5282,#5283,#5284),(#5285,
#5286,#5287,#5288),(#5289,#5290,#5291,#5292),(#5293,#5294,#5295,#5296),(#5297,
#5298,#5299,#5300),(#5301,#5302,#5303,#5304),(#5305,#5306,#5307,#5308),(#5309,
#5310,#5311,#5312),(#5313,#5314,#5315,#5316),(#5317,#5318,#5319,#5320),(#5321,
#5322,#5323,#5324),(#5325,#5326,#5327,#5328)),.UNSPECIFIED.,.F.,.F.,.F.,(4,1,1,
1,1,1,1,1,1,4),(4,4),(-9.999565767705E-3,0.E0,1.074128021031E-1,
2.655318538231E-1,4.236509055430E-1,5.817699572629E-1,7.398890089829E-1,
8.980080607028E-1,1.E0,1.009998796040E0),(1.648537586246E-3,9.975461743933E-1),
.UNSPECIFIED.);
#5330=ORIENTED_EDGE('',*,*,#5145,.T.);
#5332=ORIENTED_EDGE('',*,*,#5331,.F.);
#5334=ORIENTED_EDGE('',*,*,#5333,.T.);
#5335=ORIENTED_EDGE('',*,*,#5273,.F.);
#5336=EDGE_LOOP('',(#5330,#5332,#5334,#5335));
#5337=FACE_OUTER_BOUND('',#5336,.F.);
#5338=ADVANCED_FACE('',(#5337),#5329,.F.);
#5339=CARTESIAN_POINT('',(6.3E0,1.E1,-4.610479390360E1));
#5340=DIRECTION('',(1.E0,0.E0,0.E0));
#5341=DIRECTION('',(0.E0,1.E0,0.E0));
#5342=AXIS2_PLACEMENT_3D('',#5339,#5340,#5341);
#5343=CYLINDRICAL_SURFACE('',#5342,5.8E0);
#5344=ORIENTED_EDGE('',*,*,#5143,.T.);
#5346=ORIENTED_EDGE('',*,*,#5345,.T.);
#5348=ORIENTED_EDGE('',*,*,#5347,.T.);
#5349=ORIENTED_EDGE('',*,*,#5331,.T.);
#5350=EDGE_LOOP('',(#5344,#5346,#5348,#5349));
#5351=FACE_OUTER_BOUND('',#5350,.F.);
#5352=ADVANCED_FACE('',(#5351),#5343,.T.);
#5353=CARTESIAN_POINT('',(7.930386407937E0,1.571215719228E1,-4.652725645305E1));
#5354=CARTESIAN_POINT('',(8.073589440932E0,1.595949016058E1,-4.654554882716E1));
#5355=CARTESIAN_POINT('',(8.216792473928E0,1.620682312888E1,-4.656384120128E1));
#5356=CARTESIAN_POINT('',(8.359995506924E0,1.645415609718E1,-4.658213357539E1));
#5357=CARTESIAN_POINT('',(7.927332403316E0,1.570400167347E1,-4.663688161281E1));
#5358=CARTESIAN_POINT('',(8.070535436312E0,1.595098151272E1,-4.665992069036E1));
#5359=CARTESIAN_POINT('',(8.213738469307E0,1.619796135196E1,-4.668295976791E1));
#5360=CARTESIAN_POINT('',(8.356941502303E0,1.644494119120E1,-4.670599884545E1));
#5361=CARTESIAN_POINT('',(7.912618099567E0,1.564962024102E1,-4.716395619005E1));
#5362=CARTESIAN_POINT('',(8.055821132563E0,1.589424539698E1,-4.720981727955E1));
#5363=CARTESIAN_POINT('',(8.199024165559E0,1.613887055293E1,-4.725567836904E1));
#5364=CARTESIAN_POINT('',(8.342227198554E0,1.638349570888E1,-4.730153945854E1));
#5365=CARTESIAN_POINT('',(7.873755354510E0,1.531538349614E1,-4.853082372270E1));
#5366=CARTESIAN_POINT('',(8.016958387506E0,1.554553640221E1,-4.863586935365E1));
#5367=CARTESIAN_POINT('',(8.160161420502E0,1.577568930828E1,-4.874091498460E1));
#5368=CARTESIAN_POINT('',(8.303364453498E0,1.600584221436E1,-4.884596061555E1));
#5369=CARTESIAN_POINT('',(7.813798172766E0,1.410398799305E1,-5.038471351969E1));
#5370=CARTESIAN_POINT('',(7.957001205762E0,1.428168820298E1,-5.057003146300E1));
#5371=CARTESIAN_POINT('',(8.100204238757E0,1.445938841290E1,-5.075534940631E1));
#5372=CARTESIAN_POINT('',(8.243407271753E0,1.463708862283E1,-5.094066734962E1));
#5373=CARTESIAN_POINT('',(7.741352848842E0,1.180453065354E1,-5.175316521347E1));
#5374=CARTESIAN_POINT('',(7.884555881838E0,1.188266574470E1,-5.199773629145E1));
#5375=CARTESIAN_POINT('',(8.027758914833E0,1.196080083586E1,-5.224230736944E1));
#5376=CARTESIAN_POINT('',(8.170961947829E0,1.203893592702E1,-5.248687844742E1));
#5377=CARTESIAN_POINT('',(7.668907524918E0,9.137593854146E0,-5.197136743367E1));
#5378=CARTESIAN_POINT('',(7.812110557914E0,9.100252187109E0,-5.222538653645E1));
#5379=CARTESIAN_POINT('',(7.955313590909E0,9.062910520073E0,-5.247940563924E1));
#5380=CARTESIAN_POINT('',(8.098516623905E0,9.025568853036E0,-5.273342474202E1));
#5381=CARTESIAN_POINT('',(7.596462200993E0,6.646279754363E0,-5.099488489003E1));
#5382=CARTESIAN_POINT('',(7.739665233989E0,6.501065686318E0,-5.120662288641E1));
#5383=CARTESIAN_POINT('',(7.882868266985E0,6.355851618273E0,-5.141836088280E1));
#5384=CARTESIAN_POINT('',(8.026071299981E0,6.210637550228E0,-5.163009887918E1));
#5385=CARTESIAN_POINT('',(7.527843948045E0,4.933456174636E0,-4.912676257773E1));
#5386=CARTESIAN_POINT('',(7.671046981040E0,4.714077876530E0,-4.925761200241E1));
#5387=CARTESIAN_POINT('',(7.814250014036E0,4.494699578425E0,-4.938846142709E1));
#5388=CARTESIAN_POINT('',(7.957453047031E0,4.275321280319E0,-4.951931085176E1));
#5389=CARTESIAN_POINT('',(7.481846810781E0,4.399845990907E0,-4.752713075882E1));
#5390=CARTESIAN_POINT('',(7.625049843776E0,4.157362693024E0,-4.758871708855E1));
#5391=CARTESIAN_POINT('',(7.768252876772E0,3.914879395141E0,-4.765030341828E1));
#5392=CARTESIAN_POINT('',(7.911455909767E0,3.672396097258E0,-4.771188974801E1));
#5393=CARTESIAN_POINT('',(7.459998114825E0,4.307504331762E0,-4.674624306902E1));
#5394=CARTESIAN_POINT('',(7.603201147820E0,4.061022695618E0,-4.677401743179E1));
#5395=CARTESIAN_POINT('',(7.746404180816E0,3.814541059474E0,-4.680179179457E1));
#5396=CARTESIAN_POINT('',(7.889607213811E0,3.568059423331E0,-4.682956615734E1));
#5397=CARTESIAN_POINT('',(7.458470789201E0,4.301843078762E0,-4.669157450444E1));
#5398=CARTESIAN_POINT('',(7.601673822196E0,4.055116313771E0,-4.671698175128E1));
#5399=CARTESIAN_POINT('',(7.744876855192E0,3.808389548779E0,-4.674238899811E1));
#5400=CARTESIAN_POINT('',(7.888079888187E0,3.561662783788E0,-4.676779624494E1));
#5401=B_SPLINE_SURFACE_WITH_KNOTS('',3,3,((#5353,#5354,#5355,#5356),(#5357,
#5358,#5359,#5360),(#5361,#5362,#5363,#5364),(#5365,#5366,#5367,#5368),(#5369,
#5370,#5371,#5372),(#5373,#5374,#5375,#5376),(#5377,#5378,#5379,#5380),(#5381,
#5382,#5383,#5384),(#5385,#5386,#5387,#5388),(#5389,#5390,#5391,#5392),(#5393,
#5394,#5395,#5396),(#5397,#5398,#5399,#5400)),.UNSPECIFIED.,.F.,.F.,.F.,(4,1,1,
1,1,1,1,1,1,4),(4,4),(-1.999690356485E-2,0.E0,7.634889470849E-2,
2.344672056133E-1,3.925855165181E-1,5.507038274228E-1,7.088221383271E-1,
8.669404492319E-1,1.E0,1.010000568765E0),(2.312970120169E-3,9.988156333468E-1),
.UNSPECIFIED.);
#5402=ORIENTED_EDGE('',*,*,#5141,.T.);
#5404=ORIENTED_EDGE('',*,*,#5403,.T.);
#5406=ORIENTED_EDGE('',*,*,#5405,.T.);
#5407=ORIENTED_EDGE('',*,*,#5345,.F.);
#5408=EDGE_LOOP('',(#5402,#5404,#5406,#5407));
#5409=FACE_OUTER_BOUND('',#5408,.F.);
#5410=ADVANCED_FACE('',(#5409),#5401,.F.);
#5411=CARTESIAN_POINT('',(8.178233888775E0,1.581075975376E1,-4.878573816756E1));
#5412=CARTESIAN_POINT('',(8.313546093763E0,1.581075975376E1,-4.878573816756E1));
#5413=CARTESIAN_POINT('',(8.448858298750E0,1.581075975376E1,-4.878573816756E1));
#5414=CARTESIAN_POINT('',(8.584170503738E0,1.581075975376E1,-4.878573816756E1));
#5415=CARTESIAN_POINT('',(8.177049671423E0,1.579082925553E1,-4.882898946975E1));
#5416=CARTESIAN_POINT('',(8.312361876410E0,1.579082925553E1,-4.882898946975E1));
#5417=CARTESIAN_POINT('',(8.447674081398E0,1.579082925553E1,-4.882898946975E1));
#5418=CARTESIAN_POINT('',(8.582986286386E0,1.579082925553E1,-4.882898946975E1));
#5419=CARTESIAN_POINT('',(8.168319567188E0,1.564036836841E1,-4.914620646837E1));
#5420=CARTESIAN_POINT('',(8.303631772175E0,1.564036836841E1,-4.914620646837E1));
#5421=CARTESIAN_POINT('',(8.438943977163E0,1.564036836841E1,-4.914620646837E1));
#5422=CARTESIAN_POINT('',(8.574256182151E0,1.564036836841E1,-4.914620646837E1));
#5423=CARTESIAN_POINT('',(8.135998271542E0,1.498779061813E1,-5.027380720053E1));
#5424=CARTESIAN_POINT('',(8.271310476530E0,1.498779061813E1,-5.027380720053E1));
#5425=CARTESIAN_POINT('',(8.406622681518E0,1.498779061813E1,-5.027380720053E1));
#5426=CARTESIAN_POINT('',(8.541934886505E0,1.498779061813E1,-5.027380720053E1));
#5427=CARTESIAN_POINT('',(8.081270001839E0,1.333976358363E1,-5.181413630834E1));
#5428=CARTESIAN_POINT('',(8.216582206827E0,1.333976358363E1,-5.181413630834E1));
#5429=CARTESIAN_POINT('',(8.351894411814E0,1.333976358363E1,-5.181413630834E1));
#5430=CARTESIAN_POINT('',(8.487206616802E0,1.333976358363E1,-5.181413630834E1));
#5431=CARTESIAN_POINT('',(8.010496427607E0,1.055896092784E1,-5.269555820945E1));
#5432=CARTESIAN_POINT('',(8.145808632595E0,1.055896092784E1,-5.269555820945E1));
#5433=CARTESIAN_POINT('',(8.281120837583E0,1.055896092784E1,-5.269555820945E1));
#5434=CARTESIAN_POINT('',(8.416433042571E0,1.055896092784E1,-5.269555820945E1));
#5435=CARTESIAN_POINT('',(7.939722853376E0,7.669436869490E0,-5.229503517193E1));
#5436=CARTESIAN_POINT('',(8.075035058364E0,7.669436869490E0,-5.229503517193E1));
#5437=CARTESIAN_POINT('',(8.210347263351E0,7.669436869490E0,-5.229503517193E1));
#5438=CARTESIAN_POINT('',(8.345659468339E0,7.669436869490E0,-5.229503517193E1));
#5439=CARTESIAN_POINT('',(7.876018870422E0,5.476576100692E0,-5.085075173216E1));
#5440=CARTESIAN_POINT('',(8.011331075410E0,5.476576100692E0,-5.085075173216E1));
#5441=CARTESIAN_POINT('',(8.146643280398E0,5.476576100692E0,-5.085075173216E1));
#5442=CARTESIAN_POINT('',(8.281955485386E0,5.476576100692E0,-5.085075173216E1));
#5443=CARTESIAN_POINT('',(7.834721843914E0,4.514970940287E0,-4.947200012706E1));
#5444=CARTESIAN_POINT('',(7.970034048902E0,4.514970940287E0,-4.947200012706E1));
#5445=CARTESIAN_POINT('',(8.105346253890E0,4.514970940287E0,-4.947200012706E1));
#5446=CARTESIAN_POINT('',(8.240658458878E0,4.514970940287E0,-4.947200012706E1));
#5447=CARTESIAN_POINT('',(7.817016008817E0,4.209031559883E0,-4.882905836099E1));
#5448=CARTESIAN_POINT('',(7.952328213805E0,4.209031559883E0,-4.882905836099E1));
#5449=CARTESIAN_POINT('',(8.087640418793E0,4.209031559883E0,-4.882905836099E1));
#5450=CARTESIAN_POINT('',(8.222952623781E0,4.209031559883E0,-4.882905836099E1));
#5451=CARTESIAN_POINT('',(7.815831773853E0,4.189051053759E0,-4.878583438419E1));
#5452=CARTESIAN_POINT('',(7.951143978841E0,4.189051053759E0,-4.878583438419E1));
#5453=CARTESIAN_POINT('',(8.086456183828E0,4.189051053759E0,-4.878583438419E1));
#5454=CARTESIAN_POINT('',(8.221768388816E0,4.189051053759E0,-4.878583438419E1));
#5455=B_SPLINE_SURFACE_WITH_KNOTS('',3,3,((#5411,#5412,#5413,#5414),(#5415,
#5416,#5417,#5418),(#5419,#5420,#5421,#5422),(#5423,#5424,#5425,#5426),(#5427,
#5428,#5429,#5430),(#5431,#5432,#5433,#5434),(#5435,#5436,#5437,#5438),(#5439,
#5440,#5441,#5442),(#5443,#5444,#5445,#5446),(#5447,#5448,#5449,#5450),(#5451,
#5452,#5453,#5454)),.UNSPECIFIED.,.F.,.F.,.F.,(4,1,1,1,1,1,1,1,4),(4,4),(
-9.999111945471E-3,0.E0,6.371479654715E-2,2.629104622642E-1,4.621061279813E-1,
6.613017936984E-1,8.604974594155E-1,1.E0,1.009999260656E0),(4.476623958553E-3,
9.955188387868E-1),.UNSPECIFIED.);
#5456=ORIENTED_EDGE('',*,*,#5139,.T.);
#5458=ORIENTED_EDGE('',*,*,#5457,.T.);
#5460=ORIENTED_EDGE('',*,*,#5459,.T.);
#5461=ORIENTED_EDGE('',*,*,#5403,.F.);
#5462=EDGE_LOOP('',(#5456,#5458,#5460,#5461));
#5463=FACE_OUTER_BOUND('',#5462,.F.);
#5464=ADVANCED_FACE('',(#5463),#5455,.F.);
#5465=CARTESIAN_POINT('',(8.516718670220E0,1.645378468113E1,-4.658208775473E1));
#5466=CARTESIAN_POINT('',(8.659849382315E0,1.620657656979E1,-4.656380531778E1));
#5467=CARTESIAN_POINT('',(8.802980094410E0,1.595936845845E1,-4.654552288084E1));
#5468=CARTESIAN_POINT('',(8.946110806505E0,1.571216034711E1,-4.652724044389E1));
#5469=CARTESIAN_POINT('',(8.513664663481E0,1.644457064856E1,-4.670594598201E1));
#5470=CARTESIAN_POINT('',(8.656795375576E0,1.619771547487E1,-4.668291923457E1));
#5471=CARTESIAN_POINT('',(8.799926087672E0,1.595086030118E1,-4.665989248712E1));
#5472=CARTESIAN_POINT('',(8.943056799767E0,1.570400512748E1,-4.663686573967E1));
#5473=CARTESIAN_POINT('',(8.498950209727E0,1.638312974551E1,-4.730145843962E1));
#5474=CARTESIAN_POINT('',(8.642080921822E0,1.613862802647E1,-4.725562096680E1));
#5475=CARTESIAN_POINT('',(8.785211633917E0,1.589412630744E1,-4.720978349399E1));
#5476=CARTESIAN_POINT('',(8.928342346012E0,1.564962458840E1,-4.716394602118E1));
#5477=CARTESIAN_POINT('',(8.460087314665E0,1.600549870981E1,-4.884579712712E1));
#5478=CARTESIAN_POINT('',(8.603218026760E0,1.577546190706E1,-4.874080474458E1));
#5479=CARTESIAN_POINT('',(8.746348738855E0,1.554542510431E1,-4.863581236204E1));
#5480=CARTESIAN_POINT('',(8.889479450950E0,1.531538830155E1,-4.853081997950E1));
#5481=CARTESIAN_POINT('',(8.400129985033E0,1.463682079772E1,-5.094038804326E1));
#5482=CARTESIAN_POINT('',(8.543260697128E0,1.445921033057E1,-5.075516368987E1));
#5483=CARTESIAN_POINT('',(8.686391409223E0,1.428159986343E1,-5.056993933648E1));
#5484=CARTESIAN_POINT('',(8.829522121319E0,1.410398939629E1,-5.038471498309E1));
#5485=CARTESIAN_POINT('',(8.327684661108E0,1.203881816385E1,-5.248650983628E1));
#5486=CARTESIAN_POINT('',(8.470815373204E0,1.196072253275E1,-5.224206227244E1));
#5487=CARTESIAN_POINT('',(8.613946085299E0,1.188262690165E1,-5.199761470861E1));
#5488=CARTESIAN_POINT('',(8.757076797395E0,1.180453127055E1,-5.175316714477E1));
#5489=CARTESIAN_POINT('',(8.255239337184E0,9.025625133421E0,-5.273304189106E1));
#5490=CARTESIAN_POINT('',(8.398370049279E0,9.062947942038E0,-5.247915107390E1));
#5491=CARTESIAN_POINT('',(8.541500761374E0,9.100270750654E0,-5.222526025674E1));
#5492=CARTESIAN_POINT('',(8.684631473470E0,9.137593559270E0,-5.197136943958E1));
#5493=CARTESIAN_POINT('',(8.182794013260E0,6.210856413078E0,-5.162977975320E1));
#5494=CARTESIAN_POINT('',(8.325924725355E0,6.355997144603E0,-5.141814868949E1));
#5495=CARTESIAN_POINT('',(8.469055437450E0,6.501137876128E0,-5.120651762577E1));
#5496=CARTESIAN_POINT('',(8.612186149546E0,6.646278607653E0,-5.099488656206E1));
#5497=CARTESIAN_POINT('',(8.114175802206E0,4.275653103074E0,-4.951911492757E1));
#5498=CARTESIAN_POINT('',(8.257306514301E0,4.494920564722E0,-4.938833153557E1));
#5499=CARTESIAN_POINT('',(8.400437226396E0,4.714188026369E0,-4.925754814357E1));
#5500=CARTESIAN_POINT('',(8.543567938492E0,4.933455488016E0,-4.912676475157E1));
#5501=CARTESIAN_POINT('',(8.068178705778E0,3.672762624393E0,-4.771180018963E1));
#5502=CARTESIAN_POINT('',(8.211309417874E0,3.915123421802E0,-4.765024483746E1));
#5503=CARTESIAN_POINT('',(8.354440129969E0,4.157484219212E0,-4.758868948529E1));
#5504=CARTESIAN_POINT('',(8.497570842064E0,4.399845016621E0,-4.752713413312E1));
#5505=CARTESIAN_POINT('',(8.046330050659E0,3.568431479465E0,-4.682952928883E1));
#5506=CARTESIAN_POINT('',(8.189460762754E0,3.814788614925E0,-4.680176876154E1));
#5507=CARTESIAN_POINT('',(8.332591474849E0,4.061145750385E0,-4.677400823424E1));
#5508=CARTESIAN_POINT('',(8.475722186945E0,4.307502885845E0,-4.674624770695E1));
#5509=CARTESIAN_POINT('',(8.044802723978E0,3.562035156984E0,-4.676776290621E1));
#5510=CARTESIAN_POINT('',(8.187933436073E0,3.808637299502E0,-4.674236830086E1));
#5511=CARTESIAN_POINT('',(8.331064148168E0,4.055239442020E0,-4.671697369551E1));
#5512=CARTESIAN_POINT('',(8.474194860263E0,4.301841584539E0,-4.669157909016E1));
#5513=B_SPLINE_SURFACE_WITH_KNOTS('',3,3,((#5465,#5466,#5467,#5468),(#5469,
#5470,#5471,#5472),(#5473,#5474,#5475,#5476),(#5477,#5478,#5479,#5480),(#5481,
#5482,#5483,#5484),(#5485,#5486,#5487,#5488),(#5489,#5490,#5491,#5492),(#5493,
#5494,#5495,#5496),(#5497,#5498,#5499,#5500),(#5501,#5502,#5503,#5504),(#5505,
#5506,#5507,#5508),(#5509,#5510,#5511,#5512)),.UNSPECIFIED.,.F.,.F.,.F.,(4,1,1,
1,1,1,1,1,1,4),(4,4),(-1.999690355633E-2,0.E0,7.634981005188E-2,
2.344680112196E-1,3.925862123872E-1,5.507044135549E-1,7.088226147221E-1,
8.669408158898E-1,1.E0,1.010000568747E0),(1.685000914438E-3,9.976844068550E-1),
.UNSPECIFIED.);
#5514=ORIENTED_EDGE('',*,*,#5137,.T.);
#5516=ORIENTED_EDGE('',*,*,#5515,.F.);
#5518=ORIENTED_EDGE('',*,*,#5517,.T.);
#5519=ORIENTED_EDGE('',*,*,#5457,.F.);
#5520=EDGE_LOOP('',(#5514,#5516,#5518,#5519));
#5521=FACE_OUTER_BOUND('',#5520,.F.);
#5522=ADVANCED_FACE('',(#5521),#5513,.F.);
#5523=CARTESIAN_POINT('',(6.3E0,1.E1,-4.610479390360E1));
#5524=DIRECTION('',(1.E0,0.E0,0.E0));
#5525=DIRECTION('',(0.E0,1.E0,0.E0));
#5526=AXIS2_PLACEMENT_3D('',#5523,#5524,#5525);
#5527=CYLINDRICAL_SURFACE('',#5526,5.8E0);
#5528=ORIENTED_EDGE('',*,*,#5135,.T.);
#5530=ORIENTED_EDGE('',*,*,#5529,.F.);
#5532=ORIENTED_EDGE('',*,*,#5531,.T.);
#5533=ORIENTED_EDGE('',*,*,#5515,.T.);
#5534=EDGE_LOOP('',(#5528,#5530,#5532,#5533));
#5535=FACE_OUTER_BOUND('',#5534,.F.);
#5536=ADVANCED_FACE('',(#5535),#5527,.T.);
#5537=CARTESIAN_POINT('',(8.925759499853E0,1.569504981190E1,-4.669126757723E1));
#5538=CARTESIAN_POINT('',(9.069692605592E0,1.594290482081E1,-4.671679157481E1));
#5539=CARTESIAN_POINT('',(9.213625711330E0,1.619075982971E1,-4.674231557239E1));
#5540=CARTESIAN_POINT('',(9.357558817068E0,1.643861483862E1,-4.676783956996E1));
#5541=CARTESIAN_POINT('',(8.924232384749E0,1.568960704745E1,-4.674594822751E1));
#5542=CARTESIAN_POINT('',(9.068165490487E0,1.593722518109E1,-4.677385198883E1));
#5543=CARTESIAN_POINT('',(9.212098596225E0,1.618484331473E1,-4.680175575015E1));
#5544=CARTESIAN_POINT('',(9.356031701963E0,1.643246144838E1,-4.682965951148E1));
#5545=CARTESIAN_POINT('',(8.913618573125E0,1.564636300591E1,-4.712540116708E1));
#5546=CARTESIAN_POINT('',(9.057551678863E0,1.589209910995E1,-4.716981914949E1));
#5547=CARTESIAN_POINT('',(9.201484784601E0,1.613783521400E1,-4.721423713190E1));
#5548=CARTESIAN_POINT('',(9.345417890339E0,1.638357131805E1,-4.725865511431E1));
#5549=CARTESIAN_POINT('',(8.864100241281E0,1.526866857894E1,-4.887133984142E1));
#5550=CARTESIAN_POINT('',(9.008033347019E0,1.549796699435E1,-4.899174304959E1));
#5551=CARTESIAN_POINT('',(9.151966452757E0,1.572726540977E1,-4.911214625777E1));
#5552=CARTESIAN_POINT('',(9.295899558496E0,1.595656382518E1,-4.923254946594E1));
#5553=CARTESIAN_POINT('',(8.777204504322E0,1.319398759524E1,-5.149446438829E1));
#5554=CARTESIAN_POINT('',(8.921137610060E0,1.333299354778E1,-5.172902894350E1));
#5555=CARTESIAN_POINT('',(9.065070715799E0,1.347199950033E1,-5.196359349871E1));
#5556=CARTESIAN_POINT('',(9.209003821537E0,1.361100545287E1,-5.219815805392E1));
#5557=CARTESIAN_POINT('',(8.660490943662E0,8.765305176129E0,-5.224728197770E1));
#5558=CARTESIAN_POINT('',(8.804424049400E0,8.711569860956E0,-5.251461000583E1));
#5559=CARTESIAN_POINT('',(8.948357155139E0,8.657834545783E0,-5.278193803396E1));
#5560=CARTESIAN_POINT('',(9.092290260877E0,8.604099230609E0,-5.304926606209E1));
#5561=CARTESIAN_POINT('',(8.555745900229E0,5.360574960762E0,-5.008738554385E1));
#5562=CARTESIAN_POINT('',(8.699679005967E0,5.158661935869E0,-5.026071243635E1));
#5563=CARTESIAN_POINT('',(8.843612111706E0,4.956748910977E0,-5.043403932884E1));
#5564=CARTESIAN_POINT('',(8.987545217444E0,4.754835886084E0,-5.060736622133E1));
#5565=CARTESIAN_POINT('',(8.488379258106E0,4.433168721294E0,-4.776317983971E1));
#5566=CARTESIAN_POINT('',(8.632312363844E0,4.190893927964E0,-4.783535467128E1));
#5567=CARTESIAN_POINT('',(8.776245469582E0,3.948619134634E0,-4.790752950286E1));
#5568=CARTESIAN_POINT('',(8.920178575320E0,3.706344341305E0,-4.797970433443E1));
#5569=CARTESIAN_POINT('',(8.459917136203E0,4.310459524836E0,-4.674586041980E1));
#5570=CARTESIAN_POINT('',(8.603850241941E0,4.062844288493E0,-4.677376035963E1));
#5571=CARTESIAN_POINT('',(8.747783347679E0,3.815229052149E0,-4.680166029946E1));
#5572=CARTESIAN_POINT('',(8.891716453418E0,3.567613815806E0,-4.682956023929E1));
#5573=CARTESIAN_POINT('',(8.458391017293E0,4.304659941910E0,-4.669123289101E1));
#5574=CARTESIAN_POINT('',(8.602324123031E0,4.056792301159E0,-4.671675537900E1));
#5575=CARTESIAN_POINT('',(8.746257228769E0,3.808924660407E0,-4.674227786699E1));
#5576=CARTESIAN_POINT('',(8.890190334508E0,3.561057019655E0,-4.676780035499E1));
#5577=B_SPLINE_SURFACE_WITH_KNOTS('',3,3,((#5537,#5538,#5539,#5540),(#5541,
#5542,#5543,#5544),(#5545,#5546,#5547,#5548),(#5549,#5550,#5551,#5552),(#5553,
#5554,#5555,#5556),(#5557,#5558,#5559,#5560),(#5561,#5562,#5563,#5564),(#5565,
#5566,#5567,#5568),(#5569,#5570,#5571,#5572),(#5573,#5574,#5575,#5576)),
.UNSPECIFIED.,.F.,.F.,.F.,(4,1,1,1,1,1,1,4),(4,4),(-9.998379580288E-3,0.E0,
5.949272627618E-2,3.142097147384E-1,5.689267032012E-1,8.236436916634E-1,1.E0,
1.009991857261E0),(2.139274357577E-3,1.003722272946E0),.UNSPECIFIED.);
#5578=ORIENTED_EDGE('',*,*,#5133,.T.);
#5580=ORIENTED_EDGE('',*,*,#5579,.T.);
#5582=ORIENTED_EDGE('',*,*,#5581,.T.);
#5583=ORIENTED_EDGE('',*,*,#5529,.T.);
#5584=EDGE_LOOP('',(#5578,#5580,#5582,#5583));
#5585=FACE_OUTER_BOUND('',#5584,.F.);
#5586=ADVANCED_FACE('',(#5585),#5577,.F.);
#5587=CARTESIAN_POINT('',(9.178233468062E0,1.580994101572E1,-4.878535341394E1));
#5588=CARTESIAN_POINT('',(9.313547217806E0,1.580994101572E1,-4.878535341394E1));
#5589=CARTESIAN_POINT('',(9.448860967551E0,1.580994101572E1,-4.878535341394E1));
#5590=CARTESIAN_POINT('',(9.584174717296E0,1.580994101572E1,-4.878535341394E1));
#5591=CARTESIAN_POINT('',(9.177049430215E0,1.579002899025E1,-4.882860953971E1));
#5592=CARTESIAN_POINT('',(9.312363179959E0,1.579002899025E1,-4.882860953971E1));
#5593=CARTESIAN_POINT('',(9.447676929704E0,1.579002899025E1,-4.882860953971E1));
#5594=CARTESIAN_POINT('',(9.582990679449E0,1.579002899025E1,-4.882860953971E1));
#5595=CARTESIAN_POINT('',(9.165854945222E0,1.559726293261E1,-4.923548595846E1));
#5596=CARTESIAN_POINT('',(9.301168694966E0,1.559726293261E1,-4.923548595846E1));
#5597=CARTESIAN_POINT('',(9.436482444711E0,1.559726293261E1,-4.923548595846E1));
#5598=CARTESIAN_POINT('',(9.571796194455E0,1.559726293261E1,-4.923548595846E1));
#5599=CARTESIAN_POINT('',(9.125295694587E0,1.474582141332E1,-5.063448244665E1));
#5600=CARTESIAN_POINT('',(9.260609444331E0,1.474582141332E1,-5.063448244665E1));
#5601=CARTESIAN_POINT('',(9.395923194076E0,1.474582141332E1,-5.063448244665E1));
#5602=CARTESIAN_POINT('',(9.531236943821E0,1.474582141332E1,-5.063448244665E1));
#5603=CARTESIAN_POINT('',(9.056555716157E0,1.246083436105E1,-5.237434728469E1));
#5604=CARTESIAN_POINT('',(9.191869465901E0,1.246083436105E1,-5.237434728469E1));
#5605=CARTESIAN_POINT('',(9.327183215646E0,1.246083436105E1,-5.237434728469E1));
#5606=CARTESIAN_POINT('',(9.462496965391E0,1.246083436105E1,-5.237434728469E1));
#5607=CARTESIAN_POINT('',(8.968461419232E0,8.797636083060E0,-5.273190252402E1));
#5608=CARTESIAN_POINT('',(9.103775168976E0,8.797636083060E0,-5.273190252402E1));
#5609=CARTESIAN_POINT('',(9.239088918721E0,8.797636083060E0,-5.273190252402E1));
#5610=CARTESIAN_POINT('',(9.374402668465E0,8.797636083060E0,-5.273190252402E1));
#5611=CARTESIAN_POINT('',(8.889401979261E0,5.832258402498E0,-5.127629167878E1));
#5612=CARTESIAN_POINT('',(9.024715729006E0,5.832258402498E0,-5.127629167878E1));
#5613=CARTESIAN_POINT('',(9.160029478750E0,5.832258402498E0,-5.127629167878E1));
#5614=CARTESIAN_POINT('',(9.295343228495E0,5.832258402498E0,-5.127629167878E1));
#5615=CARTESIAN_POINT('',(8.838523262960E0,4.581826433919E0,-4.960986371632E1));
#5616=CARTESIAN_POINT('',(8.973837012704E0,4.581826433919E0,-4.960986371632E1));
#5617=CARTESIAN_POINT('',(9.109150762449E0,4.581826433919E0,-4.960986371632E1));
#5618=CARTESIAN_POINT('',(9.244464512193E0,4.581826433919E0,-4.960986371632E1));
#5619=CARTESIAN_POINT('',(8.817009312300E0,4.209602273366E0,-4.882878605421E1));
#5620=CARTESIAN_POINT('',(8.952323062045E0,4.209602273366E0,-4.882878605421E1));
#5621=CARTESIAN_POINT('',(9.087636811790E0,4.209602273366E0,-4.882878605421E1));
#5622=CARTESIAN_POINT('',(9.222950561534E0,4.209602273366E0,-4.882878605421E1));
#5623=CARTESIAN_POINT('',(8.815825270328E0,4.189596993135E0,-4.878557722695E1));
#5624=CARTESIAN_POINT('',(8.951139020072E0,4.189596993135E0,-4.878557722695E1));
#5625=CARTESIAN_POINT('',(9.086452769817E0,4.189596993135E0,-4.878557722695E1));
#5626=CARTESIAN_POINT('',(9.221766519562E0,4.189596993135E0,-4.878557722695E1));
#5627=B_SPLINE_SURFACE_WITH_KNOTS('',3,3,((#5587,#5588,#5589,#5590),(#5591,
#5592,#5593,#5594),(#5595,#5596,#5597,#5598),(#5599,#5600,#5601,#5602),(#5603,
#5604,#5605,#5606),(#5607,#5608,#5609,#5610),(#5611,#5612,#5613,#5614),(#5615,
#5616,#5617,#5618),(#5619,#5620,#5621,#5622),(#5623,#5624,#5625,#5626)),
.UNSPECIFIED.,.F.,.F.,.F.,(4,1,1,1,1,1,1,4),(4,4),(-9.997393662854E-3,0.E0,
8.452295770690E-2,3.324636149204E-1,5.804042721338E-1,8.283449293479E-1,1.E0,
1.009997428497E0),(4.467926591869E-3,9.955214553979E-1),.UNSPECIFIED.);
#5628=ORIENTED_EDGE('',*,*,#5131,.T.);
#5630=ORIENTED_EDGE('',*,*,#5629,.T.);
#5632=ORIENTED_EDGE('',*,*,#5631,.T.);
#5633=ORIENTED_EDGE('',*,*,#5579,.F.);
#5634=EDGE_LOOP('',(#5628,#5630,#5632,#5633));
#5635=FACE_OUTER_BOUND('',#5634,.F.);
#5636=ADVANCED_FACE('',(#5635),#5627,.F.);
#5637=CARTESIAN_POINT('',(9.511874606707E0,1.643809684597E1,-4.676775902969E1));
#5638=CARTESIAN_POINT('',(9.655091161022E0,1.619135937404E1,-4.674235115791E1));
#5639=CARTESIAN_POINT('',(9.798307715338E0,1.594462190211E1,-4.671694328613E1));
#5640=CARTESIAN_POINT('',(9.941524269653E0,1.569788443018E1,-4.669153541435E1));
#5641=CARTESIAN_POINT('',(9.510347197730E0,1.643179795440E1,-4.682954654398E1));
#5642=CARTESIAN_POINT('',(9.653563752046E0,1.618530188496E1,-4.680177069056E1));
#5643=CARTESIAN_POINT('',(9.796780306361E0,1.593880581551E1,-4.677399483715E1));
#5644=CARTESIAN_POINT('',(9.939996860677E0,1.569230974607E1,-4.674621898374E1));
#5645=CARTESIAN_POINT('',(9.505202984025E0,1.640758534413E1,-4.703732828045E1));
#5646=CARTESIAN_POINT('',(9.648419538340E0,1.616201721324E1,-4.700158927557E1));
#5647=CARTESIAN_POINT('',(9.791636092655E0,1.591644908234E1,-4.696585027068E1));
#5648=CARTESIAN_POINT('',(9.934852646971E0,1.567088095145E1,-4.693011126580E1));
#5649=CARTESIAN_POINT('',(9.473863971807E0,1.619847540702E1,-4.829490378251E1));
#5650=CARTESIAN_POINT('',(9.617080526122E0,1.596092133035E1,-4.821096870236E1));
#5651=CARTESIAN_POINT('',(9.760297080437E0,1.572336725368E1,-4.812703362221E1));
#5652=CARTESIAN_POINT('',(9.903513634752E0,1.548581317702E1,-4.804309854206E1));
#5653=CARTESIAN_POINT('',(9.417857570054E0,1.518467137825E1,-5.041287557769E1));
#5654=CARTESIAN_POINT('',(9.561074124369E0,1.498597093319E1,-5.024777008044E1));
#5655=CARTESIAN_POINT('',(9.704290678684E0,1.478727048812E1,-5.008266458318E1));
#5656=CARTESIAN_POINT('',(9.847507232999E0,1.458857004306E1,-4.991755908592E1));
#5657=CARTESIAN_POINT('',(9.339273174519E0,1.252362379312E1,-5.235553428480E1));
#5658=CARTESIAN_POINT('',(9.482489728834E0,1.242690692636E1,-5.211597717402E1));
#5659=CARTESIAN_POINT('',(9.625706283149E0,1.233019005961E1,-5.187642006324E1));
#5660=CARTESIAN_POINT('',(9.768922837464E0,1.223347319285E1,-5.163686295246E1));
#5661=CARTESIAN_POINT('',(9.260688778983E0,9.259717798779E0,-5.280495901510E1));
#5662=CARTESIAN_POINT('',(9.403905333298E0,9.288088816366E0,-5.254817788231E1));
#5663=CARTESIAN_POINT('',(9.547121887614E0,9.316459833953E0,-5.229139674952E1));
#5664=CARTESIAN_POINT('',(9.690338441929E0,9.344830851540E0,-5.203461561673E1));
#5665=CARTESIAN_POINT('',(9.182104383448E0,6.172653548393E0,-5.165387654615E1));
#5666=CARTESIAN_POINT('',(9.325320937763E0,6.319335061620E0,-5.144121018597E1));
#5667=CARTESIAN_POINT('',(9.468537492078E0,6.466016574847E0,-5.122854382578E1));
#5668=CARTESIAN_POINT('',(9.611754046393E0,6.612698088074E0,-5.101587746560E1));
#5669=CARTESIAN_POINT('',(9.111579743097E0,4.222736717072E0,-4.943097511739E1));
#5670=CARTESIAN_POINT('',(9.254796297412E0,4.444148008515E0,-4.930350056031E1));
#5671=CARTESIAN_POINT('',(9.398012851727E0,4.665559299958E0,-4.917602600323E1));
#5672=CARTESIAN_POINT('',(9.541229406042E0,4.886970591401E0,-4.904855144615E1));
#5673=CARTESIAN_POINT('',(9.064195835320E0,3.643921584883E0,-4.756351563795E1));
#5674=CARTESIAN_POINT('',(9.207412389635E0,3.887515733441E0,-4.750761071425E1));
#5675=CARTESIAN_POINT('',(9.350628943950E0,4.131109882E0,-4.745170579054E1));
#5676=CARTESIAN_POINT('',(9.493845498265E0,4.374704030558E0,-4.739580086684E1));
#5677=CARTESIAN_POINT('',(9.043006726055E0,3.554741281452E0,-4.670604445598E1));
#5678=CARTESIAN_POINT('',(9.186223280370E0,3.801753229267E0,-4.668300177041E1));
#5679=CARTESIAN_POINT('',(9.329439834685E0,4.048765177083E0,-4.665995908484E1));
#5680=CARTESIAN_POINT('',(9.472656389E0,4.295777124898E0,-4.663691639927E1));
#5681=CARTESIAN_POINT('',(9.039952660117E0,3.545458554758E0,-4.658219027569E1));
#5682=CARTESIAN_POINT('',(9.183169214433E0,3.792826259340E0,-4.656389425176E1));
#5683=CARTESIAN_POINT('',(9.326385768748E0,4.040193963922E0,-4.654559822783E1));
#5684=CARTESIAN_POINT('',(9.469602323063E0,4.287561668504E0,-4.652730220390E1));
#5685=B_SPLINE_SURFACE_WITH_KNOTS('',3,3,((#5637,#5638,#5639,#5640),(#5641,
#5642,#5643,#5644),(#5645,#5646,#5647,#5648),(#5649,#5650,#5651,#5652),(#5653,
#5654,#5655,#5656),(#5657,#5658,#5659,#5660),(#5661,#5662,#5663,#5664),(#5665,
#5666,#5667,#5668),(#5669,#5670,#5671,#5672),(#5673,#5674,#5675,#5676),(#5677,
#5678,#5679,#5680),(#5681,#5682,#5683,#5684)),.UNSPECIFIED.,.F.,.F.,.F.,(4,1,1,
1,1,1,1,1,1,4),(4,4),(-1.000098588601E-2,0.E0,2.368168159911E-2,
1.951968515671E-1,3.667120215356E-1,5.382271915035E-1,7.097423614715E-1,
8.812575314395E-1,1.E0,1.019997047816E0),(1.065734455841E-3,9.976624880841E-1),
.UNSPECIFIED.);
#5686=ORIENTED_EDGE('',*,*,#5129,.T.);
#5688=ORIENTED_EDGE('',*,*,#5687,.F.);
#5690=ORIENTED_EDGE('',*,*,#5689,.T.);
#5691=ORIENTED_EDGE('',*,*,#5629,.F.);
#5692=EDGE_LOOP('',(#5686,#5688,#5690,#5691));
#5693=FACE_OUTER_BOUND('',#5692,.F.);
#5694=ADVANCED_FACE('',(#5693),#5685,.F.);
#5695=CARTESIAN_POINT('',(6.3E0,1.E1,-4.610479390360E1));
#5696=DIRECTION('',(1.E0,0.E0,0.E0));
#5697=DIRECTION('',(0.E0,1.E0,0.E0));
#5698=AXIS2_PLACEMENT_3D('',#5695,#5696,#5697);
#5699=CYLINDRICAL_SURFACE('',#5698,5.8E0);
#5700=ORIENTED_EDGE('',*,*,#5127,.T.);
#5702=ORIENTED_EDGE('',*,*,#5701,.F.);
#5704=ORIENTED_EDGE('',*,*,#5703,.T.);
#5705=ORIENTED_EDGE('',*,*,#5687,.T.);
#5706=EDGE_LOOP('',(#5700,#5702,#5704,#5705));
#5707=FACE_OUTER_BOUND('',#5706,.F.);
#5708=ADVANCED_FACE('',(#5707),#5699,.T.);
#5709=CARTESIAN_POINT('',(9.925711167270E0,1.569672007756E1,-4.669146122482E1));
#5710=CARTESIAN_POINT('',(1.006959368133E1,1.594456013203E1,-4.671698462406E1));
#5711=CARTESIAN_POINT('',(1.021347619538E1,1.619240018649E1,-4.674250802329E1));
#5712=CARTESIAN_POINT('',(1.035735870944E1,1.644024024095E1,-4.676803142252E1));
#5713=CARTESIAN_POINT('',(9.924183270128E0,1.569090615418E1,-4.674608815442E1));
#5714=CARTESIAN_POINT('',(1.006806578418E1,1.593849326957E1,-4.677398813896E1));
#5715=CARTESIAN_POINT('',(1.021194829824E1,1.618608038496E1,-4.680188812349E1));
#5716=CARTESIAN_POINT('',(1.035583081230E1,1.643366750035E1,-4.682978810802E1));
#5717=CARTESIAN_POINT('',(9.891490626690E0,1.554949204660E1,-4.791329735370E1));
#5718=CARTESIAN_POINT('',(1.003537314075E1,1.579092683580E1,-4.799197764473E1));
#5719=CARTESIAN_POINT('',(1.017925565480E1,1.603236162500E1,-4.807065793575E1));
#5720=CARTESIAN_POINT('',(1.032313816886E1,1.627379641420E1,-4.814933822677E1));
#5721=CARTESIAN_POINT('',(9.819893463033E0,1.445064174546E1,-5.037017472130E1));
#5722=CARTESIAN_POINT('',(9.963775977088E0,1.464427023300E1,-5.055574329405E1));
#5723=CARTESIAN_POINT('',(1.010765849114E1,1.483789872055E1,-5.074131186681E1));
#5724=CARTESIAN_POINT('',(1.025154100520E1,1.503152720809E1,-5.092688043956E1));
#5725=CARTESIAN_POINT('',(9.710919676297E0,1.074030030914E1,-5.232597260453E1));
#5726=CARTESIAN_POINT('',(9.854802190352E0,1.077250762606E1,-5.259662962245E1));
#5727=CARTESIAN_POINT('',(9.998684704408E0,1.080471494298E1,-5.286728664036E1));
#5728=CARTESIAN_POINT('',(1.014256721846E1,1.083692225990E1,-5.313794365827E1));
#5729=CARTESIAN_POINT('',(9.594206115637E0,6.385868205045E0,-5.122232319898E1));
#5730=CARTESIAN_POINT('',(9.738088629692E0,6.228632706600E0,-5.144496512662E1));
#5731=CARTESIAN_POINT('',(9.881971143748E0,6.071397208155E0,-5.166760705427E1));
#5732=CARTESIAN_POINT('',(1.002585365780E1,5.914161709711E0,-5.189024898191E1));
#5733=CARTESIAN_POINT('',(9.511553005316E0,4.617993555458E0,-4.857759615649E1));
#5734=CARTESIAN_POINT('',(9.655435519373E0,4.383845352251E0,-4.868517726223E1));
#5735=CARTESIAN_POINT('',(9.799318033429E0,4.149697149044E0,-4.879275836797E1));
#5736=CARTESIAN_POINT('',(9.943200547486E0,3.915548945837E0,-4.890033947371E1));
#5737=CARTESIAN_POINT('',(9.466275752737E0,4.334763890397E0,-4.697374131890E1));
#5738=CARTESIAN_POINT('',(9.610158266794E0,4.088293569435E0,-4.701154552409E1));
#5739=CARTESIAN_POINT('',(9.754040780851E0,3.841823248473E0,-4.704934972928E1));
#5740=CARTESIAN_POINT('',(9.897923294907E0,3.595352927512E0,-4.708715393448E1));
#5741=CARTESIAN_POINT('',(9.459903020378E0,4.308763435993E0,-4.674609331877E1));
#5742=CARTESIAN_POINT('',(9.603785534435E0,4.061161945876E0,-4.677399352798E1));
#5743=CARTESIAN_POINT('',(9.747668048492E0,3.813560455759E0,-4.680189373720E1));
#5744=CARTESIAN_POINT('',(9.891550562548E0,3.565958965643E0,-4.682979394641E1));
#5745=CARTESIAN_POINT('',(9.458374357900E0,4.303320940943E0,-4.669139952221E1));
#5746=CARTESIAN_POINT('',(9.602256871956E0,4.055482671021E0,-4.671692023703E1));
#5747=CARTESIAN_POINT('',(9.746139386013E0,3.807644401100E0,-4.674244095184E1));
#5748=CARTESIAN_POINT('',(9.890021900070E0,3.559806131178E0,-4.676796166665E1));
#5749=B_SPLINE_SURFACE_WITH_KNOTS('',3,3,((#5709,#5710,#5711,#5712),(#5713,
#5714,#5715,#5716),(#5717,#5718,#5719,#5720),(#5721,#5722,#5723,#5724),(#5725,
#5726,#5727,#5728),(#5729,#5730,#5731,#5732),(#5733,#5734,#5735,#5736),(#5737,
#5738,#5739,#5740),(#5741,#5742,#5743,#5744),(#5745,#5746,#5747,#5748)),
.UNSPECIFIED.,.F.,.F.,.F.,(4,1,1,1,1,1,1,4),(4,4),(-1.000440913378E-2,0.E0,
2.040614279435E-1,4.588015716335E-1,7.135417153240E-1,9.682818590141E-1,1.E0,
1.010009420429E0),(2.154784523822E-3,1.003385732292E0),.UNSPECIFIED.);
#5750=ORIENTED_EDGE('',*,*,#5125,.T.);
#5752=ORIENTED_EDGE('',*,*,#5751,.T.);
#5754=ORIENTED_EDGE('',*,*,#5753,.T.);
#5755=ORIENTED_EDGE('',*,*,#5701,.T.);
#5756=EDGE_LOOP('',(#5750,#5752,#5754,#5755));
#5757=FACE_OUTER_BOUND('',#5756,.F.);
#5758=ADVANCED_FACE('',(#5757),#5749,.F.);
#5759=CARTESIAN_POINT('',(1.017823360052E1,1.581040503570E1,-4.878557284492E1));
#5760=CARTESIAN_POINT('',(1.031354735026E1,1.581040503570E1,-4.878557284492E1));
#5761=CARTESIAN_POINT('',(1.044886110001E1,1.581040503570E1,-4.878557284492E1));
#5762=CARTESIAN_POINT('',(1.058417484975E1,1.581040503570E1,-4.878557284492E1));
#5763=CARTESIAN_POINT('',(1.017704951852E1,1.579039911168E1,-4.882878314783E1));
#5764=CARTESIAN_POINT('',(1.031236326827E1,1.579039911168E1,-4.882878314783E1));
#5765=CARTESIAN_POINT('',(1.044767701801E1,1.579039911168E1,-4.882878314783E1));
#5766=CARTESIAN_POINT('',(1.058299076775E1,1.579039911168E1,-4.882878314783E1));
#5767=CARTESIAN_POINT('',(1.015553552784E1,1.541817454980E1,-4.960986240534E1));
#5768=CARTESIAN_POINT('',(1.029084927758E1,1.541817454980E1,-4.960986240534E1));
#5769=CARTESIAN_POINT('',(1.042616302732E1,1.541817454980E1,-4.960986240534E1));
#5770=CARTESIAN_POINT('',(1.056147677706E1,1.541817454980E1,-4.960986240534E1));
#5771=CARTESIAN_POINT('',(1.010465677151E1,1.416774159750E1,-5.127629167878E1));
#5772=CARTESIAN_POINT('',(1.023997052125E1,1.416774159750E1,-5.127629167878E1));
#5773=CARTESIAN_POINT('',(1.037528427099E1,1.416774159750E1,-5.127629167878E1));
#5774=CARTESIAN_POINT('',(1.051059802074E1,1.416774159750E1,-5.127629167878E1));
#5775=CARTESIAN_POINT('',(1.002559733154E1,1.120236391694E1,-5.273190252402E1));
#5776=CARTESIAN_POINT('',(1.016091108128E1,1.120236391694E1,-5.273190252402E1));
#5777=CARTESIAN_POINT('',(1.029622483103E1,1.120236391694E1,-5.273190252402E1));
#5778=CARTESIAN_POINT('',(1.043153858077E1,1.120236391694E1,-5.273190252402E1));
#5779=CARTESIAN_POINT('',(9.937503034614E0,7.539165638952E0,-5.237434728469E1));
#5780=CARTESIAN_POINT('',(1.007281678436E1,7.539165638952E0,-5.237434728469E1));
#5781=CARTESIAN_POINT('',(1.020813053410E1,7.539165638952E0,-5.237434728469E1));
#5782=CARTESIAN_POINT('',(1.034344428384E1,7.539165638952E0,-5.237434728469E1));
#5783=CARTESIAN_POINT('',(9.868763056184E0,5.254178586682E0,-5.063448244665E1));
#5784=CARTESIAN_POINT('',(1.000407680593E1,5.254178586682E0,-5.063448244665E1));
#5785=CARTESIAN_POINT('',(1.013939055567E1,5.254178586682E0,-5.063448244665E1));
#5786=CARTESIAN_POINT('',(1.027470430541E1,5.254178586682E0,-5.063448244665E1));
#5787=CARTESIAN_POINT('',(9.828203723261E0,4.402735339962E0,-4.923548312013E1));
#5788=CARTESIAN_POINT('',(9.963517473003E0,4.402735339962E0,-4.923548312013E1));
#5789=CARTESIAN_POINT('',(1.009883122274E1,4.402735339962E0,-4.923548312013E1));
#5790=CARTESIAN_POINT('',(1.023414497249E1,4.402735339962E0,-4.923548312013E1));
#5791=CARTESIAN_POINT('',(9.817009155980E0,4.209968175802E0,-4.882860355801E1));
#5792=CARTESIAN_POINT('',(9.952322905722E0,4.209968175802E0,-4.882860355801E1));
#5793=CARTESIAN_POINT('',(1.008763665546E1,4.209968175802E0,-4.882860355801E1));
#5794=CARTESIAN_POINT('',(1.022295040520E1,4.209968175802E0,-4.882860355801E1));
#5795=CARTESIAN_POINT('',(9.815825035845E0,4.190054832768E0,-4.878534439533E1));
#5796=CARTESIAN_POINT('',(9.951138785587E0,4.190054832768E0,-4.878534439533E1));
#5797=CARTESIAN_POINT('',(1.008645253533E1,4.190054832768E0,-4.878534439533E1));
#5798=CARTESIAN_POINT('',(1.022176628507E1,4.190054832768E0,-4.878534439533E1));
#5799=B_SPLINE_SURFACE_WITH_KNOTS('',3,3,((#5759,#5760,#5761,#5762),(#5763,
#5764,#5765,#5766),(#5767,#5768,#5769,#5770),(#5771,#5772,#5773,#5774),(#5775,
#5776,#5777,#5778),(#5779,#5780,#5781,#5782),(#5783,#5784,#5785,#5786),(#5787,
#5788,#5789,#5790),(#5791,#5792,#5793,#5794),(#5795,#5796,#5797,#5798)),
.UNSPECIFIED.,.F.,.F.,.F.,(4,1,1,1,1,1,1,4),(4,4),(-9.997766460579E-3,0.E0,
1.716550706526E-1,4.195957278660E-1,6.675363850794E-1,9.154770422935E-1,1.E0,
1.009998088459E0),(4.478544613843E-3,9.955320734006E-1),.UNSPECIFIED.);
#5800=ORIENTED_EDGE('',*,*,#5123,.T.);
#5801=ORIENTED_EDGE('',*,*,#5075,.T.);
#5802=ORIENTED_EDGE('',*,*,#5034,.T.);
#5804=ORIENTED_EDGE('',*,*,#5803,.T.);
#5805=ORIENTED_EDGE('',*,*,#5751,.F.);
#5806=EDGE_LOOP('',(#5800,#5801,#5802,#5804,#5805));
#5807=FACE_OUTER_BOUND('',#5806,.F.);
#5808=ADVANCED_FACE('',(#5807),#5799,.F.);
#5809=CARTESIAN_POINT('',(1.03E1,1.575E1,-5.177196907743E1));
#5810=DIRECTION('',(0.E0,-1.E0,0.E0));
#5811=DIRECTION('',(0.E0,0.E0,1.E0));
#5812=AXIS2_PLACEMENT_3D('',#5809,#5810,#5811);
#5813=PLANE('',#5812);
#5814=ORIENTED_EDGE('',*,*,#5162,.F.);
#5815=ORIENTED_EDGE('',*,*,#5221,.F.);
#5816=ORIENTED_EDGE('',*,*,#5275,.F.);
#5817=ORIENTED_EDGE('',*,*,#5333,.F.);
#5818=ORIENTED_EDGE('',*,*,#5347,.F.);
#5819=ORIENTED_EDGE('',*,*,#5405,.F.);
#5820=ORIENTED_EDGE('',*,*,#5459,.F.);
#5821=ORIENTED_EDGE('',*,*,#5517,.F.);
#5822=ORIENTED_EDGE('',*,*,#5531,.F.);
#5823=ORIENTED_EDGE('',*,*,#5581,.F.);
#5824=ORIENTED_EDGE('',*,*,#5631,.F.);
#5825=ORIENTED_EDGE('',*,*,#5689,.F.);
#5826=ORIENTED_EDGE('',*,*,#5703,.F.);
#5827=ORIENTED_EDGE('',*,*,#5753,.F.);
#5828=ORIENTED_EDGE('',*,*,#5803,.F.);
#5829=ORIENTED_EDGE('',*,*,#5032,.F.);
#5831=ORIENTED_EDGE('',*,*,#5830,.F.);
#5833=ORIENTED_EDGE('',*,*,#5832,.F.);
#5835=ORIENTED_EDGE('',*,*,#5834,.F.);
#5837=ORIENTED_EDGE('',*,*,#5836,.F.);
#5839=ORIENTED_EDGE('',*,*,#5838,.F.);
#5841=ORIENTED_EDGE('',*,*,#5840,.F.);
#5843=ORIENTED_EDGE('',*,*,#5842,.F.);
#5845=ORIENTED_EDGE('',*,*,#5844,.F.);
#5847=ORIENTED_EDGE('',*,*,#5846,.F.);
#5849=ORIENTED_EDGE('',*,*,#5848,.F.);
#5851=ORIENTED_EDGE('',*,*,#5850,.F.);
#5853=ORIENTED_EDGE('',*,*,#5852,.F.);
#5855=ORIENTED_EDGE('',*,*,#5854,.F.);
#5857=ORIENTED_EDGE('',*,*,#5856,.F.);
#5859=ORIENTED_EDGE('',*,*,#5858,.F.);
#5860=EDGE_LOOP('',(#5814,#5815,#5816,#5817,#5818,#5819,#5820,#5821,#5822,#5823,
#5824,#5825,#5826,#5827,#5828,#5829,#5831,#5833,#5835,#5837,#5839,#5841,#5843,
#5845,#5847,#5849,#5851,#5853,#5855,#5857,#5859));
#5861=FACE_OUTER_BOUND('',#5860,.F.);
#5862=ADVANCED_FACE('',(#5861),#5813,.F.);
#5863=CARTESIAN_POINT('',(1.026161991541E1,7.579775605647E0,-4.091604877971E1));
#5864=CARTESIAN_POINT('',(1.037434515591E1,7.497285080004E0,-4.073919645407E1));
#5865=CARTESIAN_POINT('',(1.048707039641E1,7.414794554361E0,-4.056234412844E1));
#5866=CARTESIAN_POINT('',(1.059979563690E1,7.332304028717E0,-4.038549180280E1));
#5867=CARTESIAN_POINT('',(1.026063529662E1,7.611943922003E0,-4.090116428306E1));
#5868=CARTESIAN_POINT('',(1.037336053712E1,7.530549815903E0,-4.072380463671E1));
#5869=CARTESIAN_POINT('',(1.048608577762E1,7.449155709803E0,-4.054644499037E1));
#5870=CARTESIAN_POINT('',(1.059881101811E1,7.367761603703E0,-4.036908534403E1));
#5871=CARTESIAN_POINT('',(1.023271539625E1,8.528023110445E0,-4.048746751926E1));
#5872=CARTESIAN_POINT('',(1.034544063675E1,8.477852495011E0,-4.029600750124E1));
#5873=CARTESIAN_POINT('',(1.045816587725E1,8.427681879577E0,-4.010454748322E1));
#5874=CARTESIAN_POINT('',(1.057089111775E1,8.377511264142E0,-3.991308746520E1));
#5875=CARTESIAN_POINT('',(1.016589097567E1,1.097473167672E1,-4.006847034256E1));
#5876=CARTESIAN_POINT('',(1.027861621617E1,1.100795426904E1,-3.986272929447E1));
#5877=CARTESIAN_POINT('',(1.039134145667E1,1.104117686136E1,-3.965698824639E1));
#5878=CARTESIAN_POINT('',(1.050406669717E1,1.107439945368E1,-3.945124719830E1));
#5879=CARTESIAN_POINT('',(1.006736678903E1,1.437953544760E1,-4.173932098292E1));
#5880=CARTESIAN_POINT('',(1.018009202952E1,1.452880680524E1,-4.159052893010E1));
#5881=CARTESIAN_POINT('',(1.029281727002E1,1.467807816289E1,-4.144173687729E1));
#5882=CARTESIAN_POINT('',(1.040554251052E1,1.482734952053E1,-4.129294482447E1));
#5883=CARTESIAN_POINT('',(9.994792154298E0,1.553547330661E1,-4.422362572095E1));
#5884=CARTESIAN_POINT('',(1.010751739480E1,1.572414345794E1,-4.415950829755E1));
#5885=CARTESIAN_POINT('',(1.022024263530E1,1.591281360928E1,-4.409539087415E1));
#5886=CARTESIAN_POINT('',(1.033296787580E1,1.610148376062E1,-4.403127345075E1));
#5887=CARTESIAN_POINT('',(9.961122039792E0,1.568685568937E1,-4.542472351616E1));
#5888=CARTESIAN_POINT('',(1.007384728029E1,1.588068553265E1,-4.540154411021E1));
#5889=CARTESIAN_POINT('',(1.018657252079E1,1.607451537594E1,-4.537836470426E1));
#5890=CARTESIAN_POINT('',(1.029929776129E1,1.626834521923E1,-4.535518529830E1));
#5891=CARTESIAN_POINT('',(9.960136310140E0,1.569095535746E1,-4.545992275894E1));
#5892=CARTESIAN_POINT('',(1.007286155064E1,1.588492493315E1,-4.543794307813E1));
#5893=CARTESIAN_POINT('',(1.018558679114E1,1.607889450884E1,-4.541596339731E1));
#5894=CARTESIAN_POINT('',(1.029831203164E1,1.627286408453E1,-4.539398371649E1));
#5895=B_SPLINE_SURFACE_WITH_KNOTS('',3,3,((#5863,#5864,#5865,#5866),(#5867,
#5868,#5869,#5870),(#5871,#5872,#5873,#5874),(#5875,#5876,#5877,#5878),(#5879,
#5880,#5881,#5882),(#5883,#5884,#5885,#5886),(#5887,#5888,#5889,#5890),(#5891,
#5892,#5893,#5894)),.UNSPECIFIED.,.F.,.F.,.F.,(4,1,1,1,1,4),(4,4),(
-9.993675903862E-3,0.E0,2.733875050356E-1,6.682602925633E-1,1.E0,
1.010004950923E0),(2.354951553145E-3,7.867727115771E-1),.UNSPECIFIED.);
#5896=ORIENTED_EDGE('',*,*,#5830,.T.);
#5897=ORIENTED_EDGE('',*,*,#5030,.T.);
#5899=ORIENTED_EDGE('',*,*,#5898,.T.);
#5900=EDGE_LOOP('',(#5896,#5897,#5899));
#5901=FACE_OUTER_BOUND('',#5900,.F.);
#5902=ADVANCED_FACE('',(#5901),#5895,.F.);
#5903=CARTESIAN_POINT('',(6.3E0,1.E1,-4.610479390360E1));
#5904=DIRECTION('',(1.E0,0.E0,0.E0));
#5905=DIRECTION('',(0.E0,1.E0,0.E0));
#5906=AXIS2_PLACEMENT_3D('',#5903,#5904,#5905);
#5907=CYLINDRICAL_SURFACE('',#5906,5.8E0);
#5908=ORIENTED_EDGE('',*,*,#5832,.T.);
#5909=ORIENTED_EDGE('',*,*,#5898,.F.);
#5910=ORIENTED_EDGE('',*,*,#5028,.F.);
#5912=ORIENTED_EDGE('',*,*,#5911,.T.);
#5913=EDGE_LOOP('',(#5908,#5909,#5910,#5912));
#5914=FACE_OUTER_BOUND('',#5913,.F.);
#5915=ADVANCED_FACE('',(#5914),#5907,.T.);
#5916=CARTESIAN_POINT('',(9.993058754349E0,3.686507037110E0,-4.468311508619E1));
#5917=CARTESIAN_POINT('',(1.013620814216E1,3.928362347888E0,-4.473757631300E1));
#5918=CARTESIAN_POINT('',(1.027935752997E1,4.170217658666E0,-4.479203753981E1));
#5919=CARTESIAN_POINT('',(1.042250691777E1,4.412072969443E0,-4.484649876662E1));
#5920=CARTESIAN_POINT('',(9.991594092286E0,3.699542953468E0,-4.462499441011E1));
#5921=CARTESIAN_POINT('',(1.013474348009E1,3.940898888446E0,-4.468168210557E1));
#5922=CARTESIAN_POINT('',(1.027789286790E1,4.182254823423E0,-4.473836980103E1));
#5923=CARTESIAN_POINT('',(1.042104225571E1,4.423610758401E0,-4.479505749650E1));
#5924=CARTESIAN_POINT('',(9.983258509097E0,3.778266625324E0,-4.429525074196E1));
#5925=CARTESIAN_POINT('',(1.012640789691E1,4.016606838540E0,-4.436457015457E1));
#5926=CARTESIAN_POINT('',(1.026955728471E1,4.254947051755E0,-4.443388956718E1));
#5927=CARTESIAN_POINT('',(1.041270667252E1,4.493287264971E0,-4.450320897980E1));
#5928=CARTESIAN_POINT('',(9.948728127398E0,4.210883376112E0,-4.295658067479E1));
#5929=CARTESIAN_POINT('',(1.009187751521E1,4.432651042351E0,-4.307718144101E1));
#5930=CARTESIAN_POINT('',(1.023502690301E1,4.654418708591E0,-4.319778220723E1));
#5931=CARTESIAN_POINT('',(1.037817629082E1,4.876186374830E0,-4.331838297345E1));
#5932=CARTESIAN_POINT('',(9.889467609249E0,5.665483230117E0,-4.094244673369E1));
#5933=CARTESIAN_POINT('',(1.003261699706E1,5.831528540789E0,-4.114020431202E1));
#5934=CARTESIAN_POINT('',(1.017576638487E1,5.997573851462E0,-4.133796189034E1));
#5935=CARTESIAN_POINT('',(1.031891577267E1,6.163619162134E0,-4.153571946867E1));
#5936=CARTESIAN_POINT('',(9.810883213714E0,8.629855169253E0,-3.950475035145E1));
#5937=CARTESIAN_POINT('',(9.954032601521E0,8.682342248244E0,-3.975758275244E1));
#5938=CARTESIAN_POINT('',(1.009718198933E1,8.734829327235E0,-4.001041515343E1));
#5939=CARTESIAN_POINT('',(1.024033137713E1,8.787316406226E0,-4.026324755442E1));
#5940=CARTESIAN_POINT('',(9.732298818178E0,1.192153707982E1,-3.964371297434E1));
#5941=CARTESIAN_POINT('',(9.875448205987E0,1.184792743927E1,-3.989122203870E1));
#5942=CARTESIAN_POINT('',(1.001859759380E1,1.177431779872E1,-4.013873110306E1));
#5943=CARTESIAN_POINT('',(1.016174698160E1,1.170070815817E1,-4.038624016743E1));
#5944=CARTESIAN_POINT('',(9.653714422643E0,1.475419002134E1,-4.132613843140E1));
#5945=CARTESIAN_POINT('',(9.796863810450E0,1.457206799921E1,-4.150919766836E1));
#5946=CARTESIAN_POINT('',(9.940013198258E0,1.438994597708E1,-4.169225690532E1));
#5947=CARTESIAN_POINT('',(1.008316258606E1,1.420782395495E1,-4.187531614228E1));
#5948=CARTESIAN_POINT('',(9.592686806510E0,1.607201369636E1,-4.351920445301E1));
#5949=CARTESIAN_POINT('',(9.735836194319E0,1.583940889768E1,-4.361825240377E1));
#5950=CARTESIAN_POINT('',(9.878985582127E0,1.560680409900E1,-4.371730035454E1));
#5951=CARTESIAN_POINT('',(1.002213496994E1,1.537419930032E1,-4.381634830530E1));
#5952=CARTESIAN_POINT('',(9.556389303599E0,1.638254584437E1,-4.496697846717E1));
#5953=CARTESIAN_POINT('',(9.699538691408E0,1.613804527744E1,-4.501056554450E1));
#5954=CARTESIAN_POINT('',(9.842688079217E0,1.589354471050E1,-4.505415262183E1));
#5955=CARTESIAN_POINT('',(9.985837467025E0,1.564904414357E1,-4.509773969916E1));
#5956=CARTESIAN_POINT('',(9.546286599201E0,1.643046699628E1,-4.537508733860E1));
#5957=CARTESIAN_POINT('',(9.689435987009E0,1.618413068088E1,-4.540304070912E1));
#5958=CARTESIAN_POINT('',(9.832585374818E0,1.593779436547E1,-4.543099407964E1));
#5959=CARTESIAN_POINT('',(9.975734762626E0,1.569145805006E1,-4.545894745016E1));
#5960=CARTESIAN_POINT('',(9.544821913911E0,1.643660406510E1,-4.543434009284E1));
#5961=CARTESIAN_POINT('',(9.687971301720E0,1.619003265278E1,-4.546002362741E1));
#5962=CARTESIAN_POINT('',(9.831120689528E0,1.594346124046E1,-4.548570716198E1));
#5963=CARTESIAN_POINT('',(9.974270077337E0,1.569688982815E1,-4.551139069655E1));
#5964=B_SPLINE_SURFACE_WITH_KNOTS('',3,3,((#5916,#5917,#5918,#5919),(#5920,
#5921,#5922,#5923),(#5924,#5925,#5926,#5927),(#5928,#5929,#5930,#5931),(#5932,
#5933,#5934,#5935),(#5936,#5937,#5938,#5939),(#5940,#5941,#5942,#5943),(#5944,
#5945,#5946,#5947),(#5948,#5949,#5950,#5951),(#5952,#5953,#5954,#5955),(#5956,
#5957,#5958,#5959),(#5960,#5961,#5962,#5963)),.UNSPECIFIED.,.F.,.F.,.F.,(4,1,1,
1,1,1,1,1,1,4),(4,4),(-9.998858128555E-3,0.E0,4.690595002754E-2,
2.257308684813E-1,4.045557869351E-1,5.833807053890E-1,7.622056238428E-1,
9.410305422966E-1,1.E0,1.009999016686E0),(1.306193581717E-3,9.974355576456E-1),
.UNSPECIFIED.);
#5965=ORIENTED_EDGE('',*,*,#5119,.T.);
#5967=ORIENTED_EDGE('',*,*,#5966,.F.);
#5968=ORIENTED_EDGE('',*,*,#5834,.T.);
#5969=ORIENTED_EDGE('',*,*,#5911,.F.);
#5970=ORIENTED_EDGE('',*,*,#5026,.T.);
#5971=EDGE_LOOP('',(#5965,#5967,#5968,#5969,#5970));
#5972=FACE_OUTER_BOUND('',#5971,.F.);
#5973=ADVANCED_FACE('',(#5972),#5964,.F.);
#5974=CARTESIAN_POINT('',(9.681787323562E0,4.130543021119E0,-4.355394031182E1));
#5975=CARTESIAN_POINT('',(9.817099237890E0,4.130543021119E0,-4.355394031182E1));
#5976=CARTESIAN_POINT('',(9.952411152218E0,4.130543021119E0,-4.355394031182E1));
#5977=CARTESIAN_POINT('',(1.008772306655E1,4.130543021119E0,-4.355394031182E1));
#5978=CARTESIAN_POINT('',(9.679418667215E0,4.168397738366E0,-4.346658287698E1));
#5979=CARTESIAN_POINT('',(9.814730581543E0,4.168397738366E0,-4.346658287698E1));
#5980=CARTESIAN_POINT('',(9.950042495871E0,4.168397738366E0,-4.346658287698E1));
#5981=CARTESIAN_POINT('',(1.008535441020E1,4.168397738366E0,-4.346658287698E1));
#5982=CARTESIAN_POINT('',(9.676563133480E0,4.216411241896E0,-4.336230806361E1));
#5983=CARTESIAN_POINT('',(9.811875047808E0,4.216411241896E0,-4.336230806361E1));
#5984=CARTESIAN_POINT('',(9.947186962136E0,4.216411241896E0,-4.336230806361E1));
#5985=CARTESIAN_POINT('',(1.008249887646E1,4.216411241896E0,-4.336230806361E1));
#5986=CARTESIAN_POINT('',(9.644342834104E0,4.790220492298E0,-4.220140915006E1));
#5987=CARTESIAN_POINT('',(9.779654748432E0,4.790220492298E0,-4.220140915006E1));
#5988=CARTESIAN_POINT('',(9.914966662760E0,4.790220492298E0,-4.220140915006E1));
#5989=CARTESIAN_POINT('',(1.005027857709E1,4.790220492298E0,-4.220140915006E1));
#5990=CARTESIAN_POINT('',(9.585126425432E0,6.459434074115E0,-4.037524899455E1));
#5991=CARTESIAN_POINT('',(9.720438339761E0,6.459434074115E0,-4.037524899455E1));
#5992=CARTESIAN_POINT('',(9.855750254090E0,6.459434074115E0,-4.037524899455E1));
#5993=CARTESIAN_POINT('',(9.991062168419E0,6.459434074115E0,-4.037524899455E1));
#5994=CARTESIAN_POINT('',(9.497032128507E0,1.E1,-3.936956635813E1));
#5995=CARTESIAN_POINT('',(9.632344042836E0,1.E1,-3.936956635813E1));
#5996=CARTESIAN_POINT('',(9.767655957165E0,1.E1,-3.936956635813E1));
#5997=CARTESIAN_POINT('',(9.902967871494E0,1.E1,-3.936956635813E1));
#5998=CARTESIAN_POINT('',(9.408937831582E0,1.354056592588E1,-4.037524899455E1));
#5999=CARTESIAN_POINT('',(9.544249745910E0,1.354056592588E1,-4.037524899455E1));
#6000=CARTESIAN_POINT('',(9.679561660239E0,1.354056592588E1,-4.037524899455E1));
#6001=CARTESIAN_POINT('',(9.814873574568E0,1.354056592588E1,-4.037524899455E1));
#6002=CARTESIAN_POINT('',(9.349721422910E0,1.520977950770E1,-4.220140915006E1));
#6003=CARTESIAN_POINT('',(9.485033337239E0,1.520977950770E1,-4.220140915006E1));
#6004=CARTESIAN_POINT('',(9.620345251568E0,1.520977950770E1,-4.220140915006E1));
#6005=CARTESIAN_POINT('',(9.755657165897E0,1.520977950770E1,-4.220140915006E1));
#6006=CARTESIAN_POINT('',(9.317501123534E0,1.578358875811E1,-4.336230806361E1));
#6007=CARTESIAN_POINT('',(9.452813037863E0,1.578358875811E1,-4.336230806361E1));
#6008=CARTESIAN_POINT('',(9.588124952192E0,1.578358875811E1,-4.336230806361E1));
#6009=CARTESIAN_POINT('',(9.723436866521E0,1.578358875811E1,-4.336230806361E1));
#6010=CARTESIAN_POINT('',(9.314645589799E0,1.583160226164E1,-4.346658287698E1));
#6011=CARTESIAN_POINT('',(9.449957504128E0,1.583160226164E1,-4.346658287698E1));
#6012=CARTESIAN_POINT('',(9.585269418457E0,1.583160226164E1,-4.346658287698E1));
#6013=CARTESIAN_POINT('',(9.720581332786E0,1.583160226164E1,-4.346658287698E1));
#6014=CARTESIAN_POINT('',(9.312276933453E0,1.586945697888E1,-4.355394031181E1));
#6015=CARTESIAN_POINT('',(9.447588847782E0,1.586945697888E1,-4.355394031181E1));
#6016=CARTESIAN_POINT('',(9.582900762110E0,1.586945697888E1,-4.355394031181E1));
#6017=CARTESIAN_POINT('',(9.718212676439E0,1.586945697888E1,-4.355394031181E1));
#6018=B_SPLINE_SURFACE_WITH_KNOTS('',3,3,((#5974,#5975,#5976,#5977),(#5978,
#5979,#5980,#5981),(#5982,#5983,#5984,#5985),(#5986,#5987,#5988,#5989),(#5990,
#5991,#5992,#5993),(#5994,#5995,#5996,#5997),(#5998,#5999,#6000,#6001),(#6002,
#6003,#6004,#6005),(#6006,#6007,#6008,#6009),(#6010,#6011,#6012,#6013),(#6014,
#6015,#6016,#6017)),.UNSPECIFIED.,.F.,.F.,.F.,(4,1,1,1,1,1,1,1,4),(4,4),(-2.E-2,
0.E0,4.111000638789E-3,2.520555003192E-1,5.000000000003E-1,7.479444996808E-1,
9.958889993612E-1,1.E0,1.02E0),(4.479956995774E-3,9.955200430051E-1),
.UNSPECIFIED.);
#6019=ORIENTED_EDGE('',*,*,#5117,.T.);
#6021=ORIENTED_EDGE('',*,*,#6020,.F.);
#6022=ORIENTED_EDGE('',*,*,#5836,.T.);
#6023=ORIENTED_EDGE('',*,*,#5966,.T.);
#6024=EDGE_LOOP('',(#6019,#6021,#6022,#6023));
#6025=FACE_OUTER_BOUND('',#6024,.F.);
#6026=ADVANCED_FACE('',(#6025),#6018,.F.);
#6027=CARTESIAN_POINT('',(9.430264374806E0,4.291965515537E0,-4.568267966849E1));
#6028=CARTESIAN_POINT('',(9.574166062302E0,4.043597075549E0,-4.566431260109E1));
#6029=CARTESIAN_POINT('',(9.718067749798E0,3.795228635561E0,-4.564594553370E1));
#6030=CARTESIAN_POINT('',(9.861969437294E0,3.546860195573E0,-4.562757846630E1));
#6031=CARTESIAN_POINT('',(9.427213207187E0,4.300260967712E0,-4.557312532569E1));
#6032=CARTESIAN_POINT('',(9.571114894683E0,4.052253480083E0,-4.554999132122E1));
#6033=CARTESIAN_POINT('',(9.715016582179E0,3.804245992455E0,-4.552685731674E1));
#6034=CARTESIAN_POINT('',(9.858918269675E0,3.556238504826E0,-4.550372331227E1));
#6035=CARTESIAN_POINT('',(9.404037868707E0,4.386686160715E0,-4.474265721580E1));
#6036=CARTESIAN_POINT('',(9.547939556203E0,4.142439212800E0,-4.468338781841E1));
#6037=CARTESIAN_POINT('',(9.691841243699E0,3.898192264885E0,-4.462411842102E1));
#6038=CARTESIAN_POINT('',(9.835742931195E0,3.653945316969E0,-4.456484902362E1));
#6039=CARTESIAN_POINT('',(9.341958010007E0,5.090512642638E0,-4.258022829317E1));
#6040=CARTESIAN_POINT('',(9.485859697503E0,4.876890647290E0,-4.242686712048E1));
#6041=CARTESIAN_POINT('',(9.629761384999E0,4.663268651941E0,-4.227350594779E1));
#6042=CARTESIAN_POINT('',(9.773663072495E0,4.449646656593E0,-4.212014477510E1));
#6043=CARTESIAN_POINT('',(9.244024798707E0,7.989434081333E0,-4.017118305403E1));
#6044=CARTESIAN_POINT('',(9.387926486203E0,7.901950180864E0,-3.991299931771E1));
#6045=CARTESIAN_POINT('',(9.531828173699E0,7.814466280394E0,-3.965481558140E1));
#6046=CARTESIAN_POINT('',(9.675729861195E0,7.726982379925E0,-3.939663184509E1));
#6047=CARTESIAN_POINT('',(9.127311238047E0,1.247791408121E1,-4.035066217120E1));
#6048=CARTESIAN_POINT('',(9.271212925543E0,1.258573327123E1,-4.010028794418E1));
#6049=CARTESIAN_POINT('',(9.415114613039E0,1.269355246126E1,-3.984991371715E1));
#6050=CARTESIAN_POINT('',(9.559016300535E0,1.280137165129E1,-3.959953949013E1));
#6051=CARTESIAN_POINT('',(9.033611325916E0,1.505863602749E1,-4.286966627291E1));
#6052=CARTESIAN_POINT('',(9.177513013412E0,1.527874779136E1,-4.272889914808E1));
#6053=CARTESIAN_POINT('',(9.321414700908E0,1.549885955523E1,-4.258813202325E1));
#6054=CARTESIAN_POINT('',(9.465316388404E0,1.571897131910E1,-4.244736489842E1));
#6055=CARTESIAN_POINT('',(8.977290025728E0,1.561532712283E1,-4.484092054656E1));
#6056=CARTESIAN_POINT('',(9.121191713224E0,1.585966167289E1,-4.478592679085E1));
#6057=CARTESIAN_POINT('',(9.265093400720E0,1.610399622296E1,-4.473093303514E1));
#6058=CARTESIAN_POINT('',(9.408995088216E0,1.634833077302E1,-4.467593927942E1));
#6059=CARTESIAN_POINT('',(8.959873245761E0,1.568770303018E1,-4.546399655478E1));
#6060=CARTESIAN_POINT('',(9.103774933257E0,1.593518680634E1,-4.543611413075E1));
#6061=CARTESIAN_POINT('',(9.247676620753E0,1.618267058251E1,-4.540823170672E1));
#6062=CARTESIAN_POINT('',(9.391578308249E0,1.643015435868E1,-4.538034928269E1));
#6063=CARTESIAN_POINT('',(8.958347337485E0,1.569327664597E1,-4.551866544666E1));
#6064=CARTESIAN_POINT('',(9.102249024981E0,1.594100294174E1,-4.549316177970E1));
#6065=CARTESIAN_POINT('',(9.246150712477E0,1.618872923751E1,-4.546765811274E1));
#6066=CARTESIAN_POINT('',(9.390052399973E0,1.643645553328E1,-4.544215444578E1));
#6067=B_SPLINE_SURFACE_WITH_KNOTS('',3,3,((#6027,#6028,#6029,#6030),(#6031,
#6032,#6033,#6034),(#6035,#6036,#6037,#6038),(#6039,#6040,#6041,#6042),(#6043,
#6044,#6045,#6046),(#6047,#6048,#6049,#6050),(#6051,#6052,#6053,#6054),(#6055,
#6056,#6057,#6058),(#6059,#6060,#6061,#6062),(#6063,#6064,#6065,#6066)),
.UNSPECIFIED.,.F.,.F.,.F.,(4,1,1,1,1,1,1,4),(4,4),(-1.997770918734E-2,0.E0,
1.317642565762E-1,3.864940151279E-1,6.412237736791E-1,8.959535322302E-1,1.E0,
1.009990979055E0),(2.060529454845E-3,1.003424898861E0),.UNSPECIFIED.);
#6068=ORIENTED_EDGE('',*,*,#5115,.T.);
#6070=ORIENTED_EDGE('',*,*,#6069,.T.);
#6071=ORIENTED_EDGE('',*,*,#5838,.T.);
#6072=ORIENTED_EDGE('',*,*,#6020,.T.);
#6073=EDGE_LOOP('',(#6068,#6070,#6071,#6072));
#6074=FACE_OUTER_BOUND('',#6073,.F.);
#6075=ADVANCED_FACE('',(#6074),#6067,.F.);
#6076=CARTESIAN_POINT('',(1.03E1,1.E1,-4.610479390360E1));
#6077=DIRECTION('',(-1.E0,0.E0,0.E0));
#6078=DIRECTION('',(0.E0,-1.E0,0.E0));
#6079=AXIS2_PLACEMENT_3D('',#6076,#6077,#6078);
#6080=CYLINDRICAL_SURFACE('',#6079,5.8E0);
#6081=ORIENTED_EDGE('',*,*,#5113,.T.);
#6083=ORIENTED_EDGE('',*,*,#6082,.T.);
#6084=ORIENTED_EDGE('',*,*,#5840,.T.);
#6085=ORIENTED_EDGE('',*,*,#6069,.F.);
#6086=EDGE_LOOP('',(#6081,#6083,#6084,#6085));
#6087=FACE_OUTER_BOUND('',#6086,.F.);
#6088=ADVANCED_FACE('',(#6087),#6080,.T.);
#6089=CARTESIAN_POINT('',(9.012071777257E0,3.562537003224E0,-4.544191363963E1));
#6090=CARTESIAN_POINT('',(9.155248542440E0,3.809194652734E0,-4.546731254101E1));
#6091=CARTESIAN_POINT('',(9.298425307623E0,4.055852302244E0,-4.549271144240E1));
#6092=CARTESIAN_POINT('',(9.441602072806E0,4.302509951755E0,-4.551811034378E1));
#6093=CARTESIAN_POINT('',(9.010544648673E0,3.568885059492E0,-4.538013448977E1));
#6094=CARTESIAN_POINT('',(9.153721413856E0,3.815299477059E0,-4.540790051931E1));
#6095=CARTESIAN_POINT('',(9.296898179039E0,4.061713894625E0,-4.543566654885E1));
#6096=CARTESIAN_POINT('',(9.440074944222E0,4.308128312192E0,-4.546343257838E1));
#6097=CARTESIAN_POINT('',(8.999728304930E0,3.620090923238E0,-4.494321409331E1));
#6098=CARTESIAN_POINT('',(9.142905070113E0,3.864543338382E0,-4.498772115236E1));
#6099=CARTESIAN_POINT('',(9.286081835296E0,4.108995753526E0,-4.503222821141E1));
#6100=CARTESIAN_POINT('',(9.429258600479E0,4.353448168670E0,-4.507673527046E1));
#6101=CARTESIAN_POINT('',(8.964763519879E0,3.928241594797E0,-4.354986052889E1));
#6102=CARTESIAN_POINT('',(9.107940285062E0,4.160886917554E0,-4.364775528357E1));
#6103=CARTESIAN_POINT('',(9.251117050245E0,4.393532240311E0,-4.374565003826E1));
#6104=CARTESIAN_POINT('',(9.394293815428E0,4.626177563068E0,-4.384354479294E1));
#6105=CARTESIAN_POINT('',(8.907177422104E0,5.151548354557E0,-4.148120353952E1));
#6106=CARTESIAN_POINT('',(9.050354187287E0,5.337321490221E0,-4.165836089671E1));
#6107=CARTESIAN_POINT('',(9.193530952470E0,5.523094625884E0,-4.183551825390E1));
#6108=CARTESIAN_POINT('',(9.336707717652E0,5.708867761548E0,-4.201267561108E1));
#6109=CARTESIAN_POINT('',(8.834732098180E0,7.677888349888E0,-3.982049220264E1));
#6110=CARTESIAN_POINT('',(8.977908863363E0,7.766862313980E0,-4.006128132828E1));
#6111=CARTESIAN_POINT('',(9.121085628546E0,7.855836278071E0,-4.030207045393E1));
#6112=CARTESIAN_POINT('',(9.264262393728E0,7.944810242163E0,-4.054285957958E1));
#6113=CARTESIAN_POINT('',(8.762286774256E0,1.067710251777E1,-3.943948705977E1));
#6114=CARTESIAN_POINT('',(8.905463539439E0,1.065115867691E1,-3.969487476765E1));
#6115=CARTESIAN_POINT('',(9.048640304622E0,1.062521483605E1,-3.995026247554E1));
#6116=CARTESIAN_POINT('',(9.191817069804E0,1.059927099519E1,-4.020565018343E1));
#6117=CARTESIAN_POINT('',(8.689841450331E0,1.353843155427E1,-4.041583515957E1));
#6118=CARTESIAN_POINT('',(8.833018215514E0,1.340285311125E1,-4.063381314138E1));
#6119=CARTESIAN_POINT('',(8.976194980697E0,1.326727466822E1,-4.085179112318E1));
#6120=CARTESIAN_POINT('',(9.119371745880E0,1.313169622519E1,-4.106976910498E1));
#6121=CARTESIAN_POINT('',(8.618850390284E0,1.563621104110E1,-4.250783971158E1));
#6122=CARTESIAN_POINT('',(8.762027155466E0,1.542025413878E1,-4.264566050633E1));
#6123=CARTESIAN_POINT('',(8.905203920649E0,1.520429723647E1,-4.278348130108E1));
#6124=CARTESIAN_POINT('',(9.048380685832E0,1.498834033415E1,-4.292130209583E1));
#6125=CARTESIAN_POINT('',(8.568953259561E0,1.633808938393E1,-4.446172497498E1));
#6126=CARTESIAN_POINT('',(8.712130024744E0,1.609523933095E1,-4.452468075742E1));
#6127=CARTESIAN_POINT('',(8.855306789927E0,1.585238927797E1,-4.458763653987E1));
#6128=CARTESIAN_POINT('',(8.998483555109E0,1.560953922499E1,-4.465059232231E1));
#6129=CARTESIAN_POINT('',(8.543204570147E0,1.644544447233E1,-4.550347872279E1));
#6130=CARTESIAN_POINT('',(8.686381335330E0,1.619848100483E1,-4.552651869820E1));
#6131=CARTESIAN_POINT('',(8.829558100512E0,1.595151753733E1,-4.554955867360E1));
#6132=CARTESIAN_POINT('',(8.972734865695E0,1.570455406983E1,-4.557259864901E1));
#6133=CARTESIAN_POINT('',(8.540150058164E0,1.645452593296E1,-4.562733453615E1));
#6134=CARTESIAN_POINT('',(8.683326823347E0,1.620721450047E1,-4.564562885573E1));
#6135=CARTESIAN_POINT('',(8.826503588530E0,1.595990306798E1,-4.566392317530E1));
#6136=CARTESIAN_POINT('',(8.969680353712E0,1.571259163549E1,-4.568221749487E1));
#6137=B_SPLINE_SURFACE_WITH_KNOTS('',3,3,((#6089,#6090,#6091,#6092),(#6093,
#6094,#6095,#6096),(#6097,#6098,#6099,#6100),(#6101,#6102,#6103,#6104),(#6105,
#6106,#6107,#6108),(#6109,#6110,#6111,#6112),(#6113,#6114,#6115,#6116),(#6117,
#6118,#6119,#6120),(#6121,#6122,#6123,#6124),(#6125,#6126,#6127,#6128),(#6129,
#6130,#6131,#6132),(#6133,#6134,#6135,#6136)),.UNSPECIFIED.,.F.,.F.,.F.,(4,1,1,
1,1,1,1,1,1,4),(4,4),(-9.999165775273E-3,0.E0,6.082290861485E-2,
2.189394355458E-1,3.770559624766E-1,5.351724894076E-1,6.932890163385E-1,
8.514055432694E-1,1.E0,1.02E0),(1.523025347430E-3,9.978428995308E-1),
.UNSPECIFIED.);
#6138=ORIENTED_EDGE('',*,*,#5111,.T.);
#6140=ORIENTED_EDGE('',*,*,#6139,.F.);
#6141=ORIENTED_EDGE('',*,*,#5842,.T.);
#6142=ORIENTED_EDGE('',*,*,#6082,.F.);
#6143=EDGE_LOOP('',(#6138,#6140,#6141,#6142));
#6144=FACE_OUTER_BOUND('',#6143,.F.);
#6145=ADVANCED_FACE('',(#6144),#6137,.F.);
#6146=CARTESIAN_POINT('',(8.678234088071E0,4.189279698520E0,-4.342386936146E1));
#6147=CARTESIAN_POINT('',(8.813546764557E0,4.189279698520E0,-4.342386936146E1));
#6148=CARTESIAN_POINT('',(8.948859441043E0,4.189279698520E0,-4.342386936146E1));
#6149=CARTESIAN_POINT('',(9.084172117529E0,4.189279698520E0,-4.342386936146E1));
#6150=CARTESIAN_POINT('',(8.677049843554E0,4.209219715261E0,-4.338062256154E1));
#6151=CARTESIAN_POINT('',(8.812362520040E0,4.209219715261E0,-4.338062256154E1));
#6152=CARTESIAN_POINT('',(8.947675196526E0,4.209219715261E0,-4.338062256154E1));
#6153=CARTESIAN_POINT('',(9.082987873012E0,4.209219715261E0,-4.338062256154E1));
#6154=CARTESIAN_POINT('',(8.666790917688E0,4.386103081526E0,-4.300789990068E1));
#6155=CARTESIAN_POINT('',(8.802103594174E0,4.386103081526E0,-4.300789990068E1));
#6156=CARTESIAN_POINT('',(8.937416270660E0,4.386103081526E0,-4.300789990068E1));
#6157=CARTESIAN_POINT('',(9.072728947146E0,4.386103081526E0,-4.300789990068E1));
#6158=CARTESIAN_POINT('',(8.632940800412E0,5.087094696898E0,-4.183559599192E1));
#6159=CARTESIAN_POINT('',(8.768253476898E0,5.087094696898E0,-4.183559599192E1));
#6160=CARTESIAN_POINT('',(8.903566153384E0,5.087094696898E0,-4.183559599192E1));
#6161=CARTESIAN_POINT('',(9.038878829870E0,5.087094696898E0,-4.183559599192E1));
#6162=CARTESIAN_POINT('',(8.576683736242E0,6.826080498218E0,-4.030159512710E1));
#6163=CARTESIAN_POINT('',(8.711996412728E0,6.826080498218E0,-4.030159512710E1));
#6164=CARTESIAN_POINT('',(8.847309089214E0,6.826080498218E0,-4.030159512710E1));
#6165=CARTESIAN_POINT('',(8.982621765699E0,6.826080498218E0,-4.030159512710E1));
#6166=CARTESIAN_POINT('',(8.505910162011E0,9.631112067737E0,-3.950067074101E1));
#6167=CARTESIAN_POINT('',(8.641222838497E0,9.631112067737E0,-3.950067074101E1));
#6168=CARTESIAN_POINT('',(8.776535514983E0,9.631112067737E0,-3.950067074101E1));
#6169=CARTESIAN_POINT('',(8.911848191468E0,9.631112067737E0,-3.950067074101E1));
#6170=CARTESIAN_POINT('',(8.435136587779E0,1.250790199592E1,-3.998424953032E1));
#6171=CARTESIAN_POINT('',(8.570449264265E0,1.250790199592E1,-3.998424953032E1));
#6172=CARTESIAN_POINT('',(8.705761940751E0,1.250790199592E1,-3.998424953032E1));
#6173=CARTESIAN_POINT('',(8.841074617237E0,1.250790199592E1,-3.998424953032E1));
#6174=CARTESIAN_POINT('',(8.372960771904E0,1.460666714254E1,-4.145495245084E1));
#6175=CARTESIAN_POINT('',(8.508273448389E0,1.460666714254E1,-4.145495245084E1));
#6176=CARTESIAN_POINT('',(8.643586124875E0,1.460666714254E1,-4.145495245084E1));
#6177=CARTESIAN_POINT('',(8.778898801361E0,1.460666714254E1,-4.145495245084E1));
#6178=CARTESIAN_POINT('',(8.333191962723E0,1.551139375103E1,-4.279306481615E1));
#6179=CARTESIAN_POINT('',(8.468504639209E0,1.551139375103E1,-4.279306481615E1));
#6180=CARTESIAN_POINT('',(8.603817315694E0,1.551139375103E1,-4.279306481615E1));
#6181=CARTESIAN_POINT('',(8.739129992180E0,1.551139375103E1,-4.279306481615E1));
#6182=CARTESIAN_POINT('',(8.317014344953E0,1.579086076242E1,-4.338058278927E1));
#6183=CARTESIAN_POINT('',(8.452327021439E0,1.579086076242E1,-4.338058278927E1));
#6184=CARTESIAN_POINT('',(8.587639697924E0,1.579086076242E1,-4.338058278927E1));
#6185=CARTESIAN_POINT('',(8.722952374410E0,1.579086076242E1,-4.338058278927E1));
#6186=CARTESIAN_POINT('',(8.315830160238E0,1.581083700980E1,-4.342380947071E1));
#6187=CARTESIAN_POINT('',(8.451142836723E0,1.581083700980E1,-4.342380947071E1));
#6188=CARTESIAN_POINT('',(8.586455513209E0,1.581083700980E1,-4.342380947071E1));
#6189=CARTESIAN_POINT('',(8.721768189694E0,1.581083700980E1,-4.342380947071E1));
#6190=B_SPLINE_SURFACE_WITH_KNOTS('',3,3,((#6146,#6147,#6148,#6149),(#6150,
#6151,#6152,#6153),(#6154,#6155,#6156,#6157),(#6158,#6159,#6160,#6161),(#6162,
#6163,#6164,#6165),(#6166,#6167,#6168,#6169),(#6170,#6171,#6172,#6173),(#6174,
#6175,#6176,#6177),(#6178,#6179,#6180,#6181),(#6182,#6183,#6184,#6185),(#6186,
#6187,#6188,#6189)),.UNSPECIFIED.,.F.,.F.,.F.,(4,1,1,1,1,1,1,1,4),(4,4),(
-9.999288343205E-3,0.E0,7.662298970935E-2,2.758176002037E-1,4.750122106981E-1,
6.742068211925E-1,8.734014316868E-1,1.E0,1.009998783403E0),(4.473486269064E-3,
9.955191544029E-1),.UNSPECIFIED.);
#6191=ORIENTED_EDGE('',*,*,#5109,.T.);
#6193=ORIENTED_EDGE('',*,*,#6192,.F.);
#6194=ORIENTED_EDGE('',*,*,#5844,.T.);
#6195=ORIENTED_EDGE('',*,*,#6139,.T.);
#6196=EDGE_LOOP('',(#6191,#6193,#6194,#6195));
#6197=FACE_OUTER_BOUND('',#6196,.F.);
#6198=ADVANCED_FACE('',(#6197),#6190,.F.);
#6199=CARTESIAN_POINT('',(8.425741695017E0,4.302512263154E0,-4.551809658264E1));
#6200=CARTESIAN_POINT('',(8.568961671155E0,4.055780233649E0,-4.549268941594E1));
#6201=CARTESIAN_POINT('',(8.712181647294E0,3.809048204144E0,-4.546728224924E1));
#6202=CARTESIAN_POINT('',(8.855401623432E0,3.562316174638E0,-4.544187508254E1));
#6203=CARTESIAN_POINT('',(8.424214567630E0,4.308130750089E0,-4.546341888233E1));
#6204=CARTESIAN_POINT('',(8.567434543769E0,4.061642031452E0,-4.543564387552E1));
#6205=CARTESIAN_POINT('',(8.710654519907E0,3.815153312814E0,-4.540786886872E1));
#6206=CARTESIAN_POINT('',(8.853874496046E0,3.568664594176E0,-4.538009386191E1));
#6207=CARTESIAN_POINT('',(8.413398352853E0,4.353450987072E0,-4.507672635552E1));
#6208=CARTESIAN_POINT('',(8.556618328991E0,4.108924879776E0,-4.503220547118E1));
#6209=CARTESIAN_POINT('',(8.699838305130E0,3.864398772479E0,-4.498768458683E1));
#6210=CARTESIAN_POINT('',(8.843058281268E0,3.619872665183E0,-4.494316370248E1));
#6211=CARTESIAN_POINT('',(8.378433696768E0,4.626180802802E0,-4.384354108315E1));
#6212=CARTESIAN_POINT('',(8.521653672906E0,4.393465371377E0,-4.374561660777E1));
#6213=CARTESIAN_POINT('',(8.664873649045E0,4.160749939952E0,-4.364769213239E1));
#6214=CARTESIAN_POINT('',(8.808093625183E0,3.928034508527E0,-4.354976765701E1));
#6215=CARTESIAN_POINT('',(8.320847726761E0,5.708868430336E0,-4.201267624885E1));
#6216=CARTESIAN_POINT('',(8.464067702900E0,5.523039228071E0,-4.183546542532E1));
#6217=CARTESIAN_POINT('',(8.607287679038E0,5.337210025805E0,-4.165825460178E1));
#6218=CARTESIAN_POINT('',(8.750507655176E0,5.151380823539E0,-4.148104377825E1));
#6219=CARTESIAN_POINT('',(8.248402402836E0,7.944810562472E0,-4.054286044643E1));
#6220=CARTESIAN_POINT('',(8.391622378975E0,7.855809745909E0,-4.030199865027E1));
#6221=CARTESIAN_POINT('',(8.534842355114E0,7.766808929345E0,-4.006113685412E1));
#6222=CARTESIAN_POINT('',(8.678062331252E0,7.677808112782E0,-3.982027505796E1));
#6223=CARTESIAN_POINT('',(8.175957078912E0,1.059927090180E1,-4.020565110283E1));
#6224=CARTESIAN_POINT('',(8.319177055051E0,1.062522257254E1,-3.995018631856E1));
#6225=CARTESIAN_POINT('',(8.462397031189E0,1.065117424329E1,-3.969472153430E1));
#6226=CARTESIAN_POINT('',(8.605617007327E0,1.067712591404E1,-3.943925675003E1));
#6227=CARTESIAN_POINT('',(8.103511754988E0,1.313169573711E1,-4.106976988971E1));
#6228=CARTESIAN_POINT('',(8.246731731127E0,1.326731509790E1,-4.085172612184E1));
#6229=CARTESIAN_POINT('',(8.389951707265E0,1.340293445870E1,-4.063368235396E1));
#6230=CARTESIAN_POINT('',(8.533171683403E0,1.353855381950E1,-4.041563858609E1));
#6231=CARTESIAN_POINT('',(8.032520687433E0,1.498833975305E1,-4.292130278780E1));
#6232=CARTESIAN_POINT('',(8.175740663571E0,1.520436183998E1,-4.278344040701E1));
#6233=CARTESIAN_POINT('',(8.318960639710E0,1.542038392690E1,-4.264557802622E1));
#6234=CARTESIAN_POINT('',(8.462180615848E0,1.563640601383E1,-4.250771564544E1));
#6235=CARTESIAN_POINT('',(7.982623551608E0,1.560953850101E1,-4.465059299018E1));
#6236=CARTESIAN_POINT('',(8.125843527746E0,1.585246185299E1,-4.458761822670E1));
#6237=CARTESIAN_POINT('',(8.269063503885E0,1.609538520498E1,-4.452464346322E1));
#6238=CARTESIAN_POINT('',(8.412283480023E0,1.633830855697E1,-4.446166869973E1));
#6239=CARTESIAN_POINT('',(7.956874857091E0,1.570455323817E1,-4.557259936680E1));
#6240=CARTESIAN_POINT('',(8.100094833230E0,1.595159124209E1,-4.554955246539E1));
#6241=CARTESIAN_POINT('',(8.243314809368E0,1.619862924601E1,-4.552650556398E1));
#6242=CARTESIAN_POINT('',(8.386534785507E0,1.644566724993E1,-4.550345866257E1));
#6243=CARTESIAN_POINT('',(7.953820347514E0,1.571259078544E1,-4.568221811008E1));
#6244=CARTESIAN_POINT('',(8.097040323652E0,1.595997685863E1,-4.566391829304E1));
#6245=CARTESIAN_POINT('',(8.240260299791E0,1.620736293181E1,-4.564561847600E1));
#6246=CARTESIAN_POINT('',(8.383480275929E0,1.645474900499E1,-4.562731865897E1));
#6247=B_SPLINE_SURFACE_WITH_KNOTS('',3,3,((#6199,#6200,#6201,#6202),(#6203,
#6204,#6205,#6206),(#6207,#6208,#6209,#6210),(#6211,#6212,#6213,#6214),(#6215,
#6216,#6217,#6218),(#6219,#6220,#6221,#6222),(#6223,#6224,#6225,#6226),(#6227,
#6228,#6229,#6230),(#6231,#6232,#6233,#6234),(#6235,#6236,#6237,#6238),(#6239,
#6240,#6241,#6242),(#6243,#6244,#6245,#6246)),.UNSPECIFIED.,.F.,.F.,.F.,(4,1,1,
1,1,1,1,1,1,4),(4,4),(-9.999165809437E-3,0.E0,6.082211991992E-2,
2.189387713566E-1,3.770554227933E-1,5.351720742301E-1,6.932887256669E-1,
8.514053771036E-1,1.E0,1.02E0),(2.155904875740E-3,9.987764698445E-1),
.UNSPECIFIED.);
#6248=ORIENTED_EDGE('',*,*,#5107,.T.);
#6250=ORIENTED_EDGE('',*,*,#6249,.F.);
#6251=ORIENTED_EDGE('',*,*,#5846,.T.);
#6252=ORIENTED_EDGE('',*,*,#6192,.T.);
#6253=EDGE_LOOP('',(#6248,#6250,#6251,#6252));
#6254=FACE_OUTER_BOUND('',#6253,.F.);
#6255=ADVANCED_FACE('',(#6254),#6247,.F.);
#6256=CARTESIAN_POINT('',(1.03E1,1.E1,-4.610479390360E1));
#6257=DIRECTION('',(-1.E0,0.E0,0.E0));
#6258=DIRECTION('',(0.E0,-1.E0,0.E0));
#6259=AXIS2_PLACEMENT_3D('',#6256,#6257,#6258);
#6260=CYLINDRICAL_SURFACE('',#6259,5.8E0);
#6261=ORIENTED_EDGE('',*,*,#5105,.T.);
#6263=ORIENTED_EDGE('',*,*,#6262,.T.);
#6264=ORIENTED_EDGE('',*,*,#5848,.T.);
#6265=ORIENTED_EDGE('',*,*,#6249,.T.);
#6266=EDGE_LOOP('',(#6261,#6263,#6264,#6265));
#6267=FACE_OUTER_BOUND('',#6266,.F.);
#6268=ADVANCED_FACE('',(#6267),#6260,.T.);
#6269=CARTESIAN_POINT('',(8.016703359879E0,3.546023312436E0,-4.562746695983E1));
#6270=CARTESIAN_POINT('',(8.159819988919E0,3.793213530682E0,-4.564574879708E1));
#6271=CARTESIAN_POINT('',(8.302936617960E0,4.040403748928E0,-4.566403063433E1));
#6272=CARTESIAN_POINT('',(8.446053247E0,4.287593967174E0,-4.568231247158E1));
#6273=CARTESIAN_POINT('',(8.013649307316E0,3.555271837214E0,-4.550361838560E1));
#6274=CARTESIAN_POINT('',(8.156765936357E0,3.802107832789E0,-4.552664367911E1));
#6275=CARTESIAN_POINT('',(8.299882565397E0,4.048943828364E0,-4.554966897261E1));
#6276=CARTESIAN_POINT('',(8.442999194438E0,4.295779823940E0,-4.557269426612E1));
#6277=CARTESIAN_POINT('',(7.996562881050E0,3.626876184173E0,-4.481216796155E1));
#6278=CARTESIAN_POINT('',(8.139679510090E0,3.870969700963E0,-4.486167611818E1));
#6279=CARTESIAN_POINT('',(8.282796139131E0,4.115063217752E0,-4.491118427481E1));
#6280=CARTESIAN_POINT('',(8.425912768171E0,4.359156734541E0,-4.496069243144E1));
#6281=CARTESIAN_POINT('',(7.955328013475E0,4.065221978799E0,-4.317840812222E1));
#6282=CARTESIAN_POINT('',(8.098444642516E0,4.292526653935E0,-4.329049001762E1));
#6283=CARTESIAN_POINT('',(8.241561271556E0,4.519831329071E0,-4.340257191301E1));
#6284=CARTESIAN_POINT('',(8.384677900597E0,4.747136004207E0,-4.351465380840E1));
#6285=CARTESIAN_POINT('',(7.892998757156E0,5.583969687373E0,-4.106672984970E1));
#6286=CARTESIAN_POINT('',(8.036115386196E0,5.753105640229E0,-4.125968997542E1));
#6287=CARTESIAN_POINT('',(8.179232015236E0,5.922241593085E0,-4.145265010114E1));
#6288=CARTESIAN_POINT('',(8.322348644277E0,6.091377545940E0,-4.164561022686E1));
#6289=CARTESIAN_POINT('',(7.820553433232E0,8.248503115928E0,-3.963829007244E1));
#6290=CARTESIAN_POINT('',(7.963670062272E0,8.315586236613E0,-3.988596008594E1));
#6291=CARTESIAN_POINT('',(8.106786691313E0,8.382669357298E0,-4.013363009944E1));
#6292=CARTESIAN_POINT('',(8.249903320353E0,8.449752477984E0,-4.038130011294E1));
#6293=CARTESIAN_POINT('',(7.748108109308E0,1.126971606596E1,-3.952670647296E1));
#6294=CARTESIAN_POINT('',(7.891224738348E0,1.122108536792E1,-3.977865018865E1));
#6295=CARTESIAN_POINT('',(8.034341367388E0,1.117245466988E1,-4.003059390434E1));
#6296=CARTESIAN_POINT('',(8.177457996429E0,1.112382397184E1,-4.028253762003E1));
#6297=CARTESIAN_POINT('',(7.675662785383E0,1.403236063205E1,-4.075470223463E1));
#6298=CARTESIAN_POINT('',(7.818779414423E0,1.387791940102E1,-4.095961315875E1));
#6299=CARTESIAN_POINT('',(7.961896043464E0,1.372347816998E1,-4.116452408287E1));
#6300=CARTESIAN_POINT('',(8.105012672505E0,1.356903693895E1,-4.136943500698E1));
#6301=CARTESIAN_POINT('',(7.609417128187E0,1.580769775054E1,-4.287387964959E1));
#6302=CARTESIAN_POINT('',(7.752533757227E0,1.558526030709E1,-4.299762512284E1));
#6303=CARTESIAN_POINT('',(7.895650386268E0,1.536282286364E1,-4.312137059610E1));
#6304=CARTESIAN_POINT('',(8.038767015308E0,1.514038542019E1,-4.324511606936E1));
#6305=CARTESIAN_POINT('',(7.565792744625E0,1.633827850680E1,-4.459355193941E1));
#6306=CARTESIAN_POINT('',(7.708909373665E0,1.609551958106E1,-4.465143318829E1));
#6307=CARTESIAN_POINT('',(7.852026002706E0,1.585276065533E1,-4.470931443718E1));
#6308=CARTESIAN_POINT('',(7.995142631746E0,1.561000172959E1,-4.476719568607E1));
#6309=CARTESIAN_POINT('',(7.546316802371E0,1.643137509941E1,-4.538008155604E1));
#6310=CARTESIAN_POINT('',(7.689433431411E0,1.618505053218E1,-4.540783836584E1));
#6311=CARTESIAN_POINT('',(7.832550060452E0,1.593872596496E1,-4.543559517564E1));
#6312=CARTESIAN_POINT('',(7.975666689492E0,1.569240139773E1,-4.546335198544E1));
#6313=CARTESIAN_POINT('',(7.544789634696E0,1.643778482090E1,-4.544184605417E1));
#6314=CARTESIAN_POINT('',(7.687906263737E0,1.619121475845E1,-4.546723725583E1));
#6315=CARTESIAN_POINT('',(7.831022892777E0,1.594464469600E1,-4.549262845749E1));
#6316=CARTESIAN_POINT('',(7.974139521817E0,1.569807463355E1,-4.551801965915E1));
#6317=B_SPLINE_SURFACE_WITH_KNOTS('',3,3,((#6269,#6270,#6271,#6272),(#6273,
#6274,#6275,#6276),(#6277,#6278,#6279,#6280),(#6281,#6282,#6283,#6284),(#6285,
#6286,#6287,#6288),(#6289,#6290,#6291,#6292),(#6293,#6294,#6295,#6296),(#6297,
#6298,#6299,#6300),(#6301,#6302,#6303,#6304),(#6305,#6306,#6307,#6308),(#6309,
#6310,#6311,#6312),(#6313,#6314,#6315,#6316)),.UNSPECIFIED.,.F.,.F.,.F.,(4,1,1,
1,1,1,1,1,1,4),(4,4),(-1.999728571877E-2,0.E0,9.188099436419E-2,
2.499998448564E-1,4.081186953487E-1,5.662375458409E-1,7.243563963332E-1,
8.824752468254E-1,1.E0,1.009999568673E0),(1.652618957976E-3,9.975540255663E-1),
.UNSPECIFIED.);
#6318=ORIENTED_EDGE('',*,*,#5103,.T.);
#6320=ORIENTED_EDGE('',*,*,#6319,.F.);
#6321=ORIENTED_EDGE('',*,*,#5850,.T.);
#6322=ORIENTED_EDGE('',*,*,#6262,.F.);
#6323=EDGE_LOOP('',(#6318,#6320,#6321,#6322));
#6324=FACE_OUTER_BOUND('',#6323,.F.);
#6325=ADVANCED_FACE('',(#6324),#6317,.F.);
#6326=CARTESIAN_POINT('',(7.678234191956E0,4.189147654089E0,-4.342380425668E1));
#6327=CARTESIAN_POINT('',(7.813546452260E0,4.189147654089E0,-4.342380425668E1));
#6328=CARTESIAN_POINT('',(7.948858712565E0,4.189147654089E0,-4.342380425668E1));
#6329=CARTESIAN_POINT('',(8.084170972869E0,4.189147654089E0,-4.342380425668E1));
#6330=CARTESIAN_POINT('',(7.677049912811E0,4.209070962606E0,-4.338054934498E1));
#6331=CARTESIAN_POINT('',(7.812362173115E0,4.209070962606E0,-4.338054934498E1));
#6332=CARTESIAN_POINT('',(7.947674433419E0,4.209070962606E0,-4.338054934498E1));
#6333=CARTESIAN_POINT('',(8.082986693723E0,4.209070962606E0,-4.338054934498E1));
#6334=CARTESIAN_POINT('',(7.669847986406E0,4.333150041524E0,-4.311885587432E1));
#6335=CARTESIAN_POINT('',(7.805160246710E0,4.333150041524E0,-4.311885587432E1));
#6336=CARTESIAN_POINT('',(7.940472507014E0,4.333150041524E0,-4.311885587432E1));
#6337=CARTESIAN_POINT('',(8.075784767318E0,4.333150041524E0,-4.311885587432E1));
#6338=CARTESIAN_POINT('',(7.639054868590E0,4.938955164387E0,-4.203686017166E1));
#6339=CARTESIAN_POINT('',(7.774367128894E0,4.938955164387E0,-4.203686017166E1));
#6340=CARTESIAN_POINT('',(7.909679389199E0,4.938955164387E0,-4.203686017166E1));
#6341=CARTESIAN_POINT('',(8.044991649503E0,4.938955164387E0,-4.203686017166E1));
#6342=CARTESIAN_POINT('',(7.585854838510E0,6.497168590511E0,-4.049402001940E1));
#6343=CARTESIAN_POINT('',(7.721167098814E0,6.497168590511E0,-4.049402001940E1));
#6344=CARTESIAN_POINT('',(7.856479359118E0,6.497168590511E0,-4.049402001940E1));
#6345=CARTESIAN_POINT('',(7.991791619422E0,6.497168590511E0,-4.049402001940E1));
#6346=CARTESIAN_POINT('',(7.515081264279E0,9.251428670765E0,-3.953286477830E1));
#6347=CARTESIAN_POINT('',(7.650393524583E0,9.251428670765E0,-3.953286477830E1));
#6348=CARTESIAN_POINT('',(7.785705784886E0,9.251428670765E0,-3.953286477830E1));
#6349=CARTESIAN_POINT('',(7.921018045190E0,9.251428670765E0,-3.953286477830E1));
#6350=CARTESIAN_POINT('',(7.444307690047E0,1.215129056367E1,-3.984999091920E1));
#6351=CARTESIAN_POINT('',(7.579619950351E0,1.215129056367E1,-3.984999091920E1));
#6352=CARTESIAN_POINT('',(7.714932210655E0,1.215129056367E1,-3.984999091920E1));
#6353=CARTESIAN_POINT('',(7.850244470959E0,1.215129056367E1,-3.984999091920E1));
#6354=CARTESIAN_POINT('',(7.379075431078E0,1.443842655367E1,-4.126363033178E1));
#6355=CARTESIAN_POINT('',(7.514387691382E0,1.443842655367E1,-4.126363033178E1));
#6356=CARTESIAN_POINT('',(7.649699951686E0,1.443842655367E1,-4.126363033178E1));
#6357=CARTESIAN_POINT('',(7.785012211990E0,1.443842655367E1,-4.126363033178E1));
#6358=CARTESIAN_POINT('',(7.336250062636E0,1.545872803323E1,-4.268208890605E1));
#6359=CARTESIAN_POINT('',(7.471562322940E0,1.545872803323E1,-4.268208890605E1));
#6360=CARTESIAN_POINT('',(7.606874583244E0,1.545872803323E1,-4.268208890605E1));
#6361=CARTESIAN_POINT('',(7.742186843548E0,1.545872803323E1,-4.268208890605E1));
#6362=CARTESIAN_POINT('',(7.317015885605E0,1.579108988269E1,-4.338046964202E1));
#6363=CARTESIAN_POINT('',(7.452328145909E0,1.579108988269E1,-4.338046964202E1));
#6364=CARTESIAN_POINT('',(7.587640406213E0,1.579108988269E1,-4.338046964202E1));
#6365=CARTESIAN_POINT('',(7.722952666517E0,1.579108988269E1,-4.338046964202E1));
#6366=CARTESIAN_POINT('',(7.315831584722E0,1.581107056782E1,-4.342369322782E1));
#6367=CARTESIAN_POINT('',(7.451143845026E0,1.581107056782E1,-4.342369322782E1));
#6368=CARTESIAN_POINT('',(7.586456105330E0,1.581107056782E1,-4.342369322782E1));
#6369=CARTESIAN_POINT('',(7.721768365634E0,1.581107056782E1,-4.342369322782E1));
#6370=B_SPLINE_SURFACE_WITH_KNOTS('',3,3,((#6326,#6327,#6328,#6329),(#6330,
#6331,#6332,#6333),(#6334,#6335,#6336,#6337),(#6338,#6339,#6340,#6341),(#6342,
#6343,#6344,#6345),(#6346,#6347,#6348,#6349),(#6350,#6351,#6352,#6353),(#6354,
#6355,#6356,#6357),(#6358,#6359,#6360,#6361),(#6362,#6363,#6364,#6365),(#6366,
#6367,#6368,#6369)),.UNSPECIFIED.,.F.,.F.,.F.,(4,1,1,1,1,1,1,1,4),(4,4),(
-9.999630630614E-3,0.E0,5.081086676771E-2,2.500064712749E-1,4.492020757820E-1,
6.483976802891E-1,8.475932847963E-1,1.E0,1.009999814178E0),(4.476273110148E-3,
9.955188930810E-1),.UNSPECIFIED.);
#6371=ORIENTED_EDGE('',*,*,#5101,.T.);
#6373=ORIENTED_EDGE('',*,*,#6372,.F.);
#6374=ORIENTED_EDGE('',*,*,#5852,.T.);
#6375=ORIENTED_EDGE('',*,*,#6319,.T.);
#6376=EDGE_LOOP('',(#6371,#6373,#6374,#6375));
#6377=FACE_OUTER_BOUND('',#6376,.F.);
#6378=ADVANCED_FACE('',(#6377),#6370,.F.);
#6379=CARTESIAN_POINT('',(7.430442306528E0,4.287595308005E0,-4.568229724068E1));
#6380=CARTESIAN_POINT('',(7.573612441679E0,4.040312723596E0,-4.566400790854E1));
#6381=CARTESIAN_POINT('',(7.716782576831E0,3.793030139188E0,-4.564571857641E1));
#6382=CARTESIAN_POINT('',(7.859952711982E0,3.545747554780E0,-4.562742924427E1));
#6383=CARTESIAN_POINT('',(7.427388255062E0,4.295781452892E0,-4.557267909960E1));
#6384=CARTESIAN_POINT('',(7.570558390213E0,4.048853236070E0,-4.554964454042E1));
#6385=CARTESIAN_POINT('',(7.713728525365E0,3.801925019249E0,-4.552660998124E1));
#6386=CARTESIAN_POINT('',(7.856898660516E0,3.554996802427E0,-4.550357542206E1));
#6387=CARTESIAN_POINT('',(7.410301970383E0,4.359159451775E0,-4.496068252283E1));
#6388=CARTESIAN_POINT('',(7.553472105534E0,4.114974786260E0,-4.491115542621E1));
#6389=CARTESIAN_POINT('',(7.696642240686E0,3.870790120745E0,-4.486162832959E1));
#6390=CARTESIAN_POINT('',(7.839812375837E0,3.626605455230E0,-4.481210123298E1));
#6391=CARTESIAN_POINT('',(7.369067244396E0,4.747139220181E0,-4.351464968729E1));
#6392=CARTESIAN_POINT('',(7.512237379548E0,4.519749695242E0,-4.340252570617E1));
#6393=CARTESIAN_POINT('',(7.655407514699E0,4.292360170304E0,-4.329040172506E1));
#6394=CARTESIAN_POINT('',(7.798577649851E0,4.064970645365E0,-4.317827774394E1));
#6395=CARTESIAN_POINT('',(7.306738128567E0,6.091377684367E0,-4.164561038478E1));
#6396=CARTESIAN_POINT('',(7.449908263719E0,5.922178497720E0,-4.145257811828E1));
#6397=CARTESIAN_POINT('',(7.593078398870E0,5.752979311073E0,-4.125954585177E1));
#6398=CARTESIAN_POINT('',(7.736248534022E0,5.583780124425E0,-4.106651358527E1));
#6399=CARTESIAN_POINT('',(7.234292804642E0,8.449752532887E0,-4.038130031564E1));
#6400=CARTESIAN_POINT('',(7.377462939794E0,8.382644332259E0,-4.013353770732E1));
#6401=CARTESIAN_POINT('',(7.520633074946E0,8.315536131630E0,-3.988577509899E1));
#6402=CARTESIAN_POINT('',(7.663803210098E0,8.248427931002E0,-3.963801249067E1));
#6403=CARTESIAN_POINT('',(7.161847480718E0,1.112382393204E1,-4.028253782623E1));
#6404=CARTESIAN_POINT('',(7.305017615870E0,1.117247281133E1,-4.003049991793E1));
#6405=CARTESIAN_POINT('',(7.448187751021E0,1.122112169062E1,-3.977846200963E1));
#6406=CARTESIAN_POINT('',(7.591357886173E0,1.126977056991E1,-3.952642410134E1));
#6407=CARTESIAN_POINT('',(7.089402156794E0,1.356903681255E1,-4.136943517469E1));
#6408=CARTESIAN_POINT('',(7.232572291946E0,1.372353578355E1,-4.116444764182E1));
#6409=CARTESIAN_POINT('',(7.375742427097E0,1.387803475456E1,-4.095946010894E1));
#6410=CARTESIAN_POINT('',(7.518912562249E0,1.403253372556E1,-4.075447257607E1));
#6411=CARTESIAN_POINT('',(7.023156413534E0,1.514038727960E1,-4.324511860749E1));
#6412=CARTESIAN_POINT('',(7.166326548685E0,1.536290797271E1,-4.312132697578E1));
#6413=CARTESIAN_POINT('',(7.309496683837E0,1.558542866581E1,-4.299753534407E1));
#6414=CARTESIAN_POINT('',(7.452666818988E0,1.580794935892E1,-4.287374371236E1));
#6415=CARTESIAN_POINT('',(6.979531944445E0,1.561000333763E1,-4.476720174089E1));
#6416=CARTESIAN_POINT('',(7.122702079597E0,1.585285310033E1,-4.470929911236E1));
#6417=CARTESIAN_POINT('',(7.265872214748E0,1.609570286303E1,-4.465139648383E1));
#6418=CARTESIAN_POINT('',(7.409042349900E0,1.633855262572E1,-4.459349385530E1));
#6419=CARTESIAN_POINT('',(6.960055916665E0,1.569240223954E1,-4.546336120317E1));
#6420=CARTESIAN_POINT('',(7.103226051817E0,1.593881894374E1,-4.543559441414E1));
#6421=CARTESIAN_POINT('',(7.246396186968E0,1.618523564795E1,-4.540782762512E1));
#6422=CARTESIAN_POINT('',(7.389566322120E0,1.643165235215E1,-4.538006083610E1));
#6423=CARTESIAN_POINT('',(6.958528749530E0,1.569807538490E1,-4.551802886460E1));
#6424=CARTESIAN_POINT('',(7.101698884681E0,1.594473767220E1,-4.549262856768E1));
#6425=CARTESIAN_POINT('',(7.244869019833E0,1.619139995950E1,-4.546722827076E1));
#6426=CARTESIAN_POINT('',(7.388039154984E0,1.643806224681E1,-4.544182797384E1));
#6427=B_SPLINE_SURFACE_WITH_KNOTS('',3,3,((#6379,#6380,#6381,#6382),(#6383,
#6384,#6385,#6386),(#6387,#6388,#6389,#6390),(#6391,#6392,#6393,#6394),(#6395,
#6396,#6397,#6398),(#6399,#6400,#6401,#6402),(#6403,#6404,#6405,#6406),(#6407,
#6408,#6409,#6410),(#6411,#6412,#6413,#6414),(#6415,#6416,#6417,#6418),(#6419,
#6420,#6421,#6422),(#6423,#6424,#6425,#6426)),.UNSPECIFIED.,.F.,.F.,.F.,(4,1,1,
1,1,1,1,1,1,4),(4,4),(-1.999728566637E-2,0.E0,9.188010720205E-2,
2.499990140430E-1,4.081179208839E-1,5.662368277248E-1,7.243557345657E-1,
8.824746414067E-1,1.E0,1.009999568706E0),(2.445702739885E-3,9.987194407236E-1),
.UNSPECIFIED.);
#6428=ORIENTED_EDGE('',*,*,#5099,.T.);
#6430=ORIENTED_EDGE('',*,*,#6429,.F.);
#6431=ORIENTED_EDGE('',*,*,#5854,.T.);
#6432=ORIENTED_EDGE('',*,*,#6372,.T.);
#6433=EDGE_LOOP('',(#6428,#6430,#6431,#6432));
#6434=FACE_OUTER_BOUND('',#6433,.F.);
#6435=ADVANCED_FACE('',(#6434),#6427,.F.);
#6436=CARTESIAN_POINT('',(1.03E1,1.E1,-4.610479390360E1));
#6437=DIRECTION('',(-1.E0,0.E0,0.E0));
#6438=DIRECTION('',(0.E0,-1.E0,0.E0));
#6439=AXIS2_PLACEMENT_3D('',#6436,#6437,#6438);
#6440=CYLINDRICAL_SURFACE('',#6439,5.8E0);
#6442=ORIENTED_EDGE('',*,*,#6441,.F.);
#6443=ORIENTED_EDGE('',*,*,#5856,.T.);
#6444=ORIENTED_EDGE('',*,*,#6429,.T.);
#6445=ORIENTED_EDGE('',*,*,#5097,.T.);
#6447=ORIENTED_EDGE('',*,*,#6446,.T.);
#6449=ORIENTED_EDGE('',*,*,#6448,.F.);
#6451=ORIENTED_EDGE('',*,*,#6450,.F.);
#6453=ORIENTED_EDGE('',*,*,#6452,.F.);
#6455=ORIENTED_EDGE('',*,*,#6454,.T.);
#6456=ORIENTED_EDGE('',*,*,#5089,.T.);
#6457=EDGE_LOOP('',(#6442,#6443,#6444,#6445,#6447,#6449,#6451,#6453,#6455,
#6456));
#6458=FACE_OUTER_BOUND('',#6457,.F.);
#6459=ADVANCED_FACE('',(#6458),#6440,.T.);
#6460=CARTESIAN_POINT('',(6.2E0,0.E0,0.E0));
#6461=DIRECTION('',(-1.E0,0.E0,0.E0));
#6462=DIRECTION('',(0.E0,-1.E0,0.E0));
#6463=AXIS2_PLACEMENT_3D('',#6460,#6461,#6462);
#6464=PLANE('',#6463);
#6465=ORIENTED_EDGE('',*,*,#5087,.F.);
#6466=ORIENTED_EDGE('',*,*,#5164,.T.);
#6467=ORIENTED_EDGE('',*,*,#5858,.T.);
#6468=ORIENTED_EDGE('',*,*,#6441,.T.);
#6469=EDGE_LOOP('',(#6465,#6466,#6467,#6468));
#6470=FACE_OUTER_BOUND('',#6469,.F.);
#6472=ORIENTED_EDGE('',*,*,#6471,.F.);
#6474=ORIENTED_EDGE('',*,*,#6473,.T.);
#6476=ORIENTED_EDGE('',*,*,#6475,.T.);
#6478=ORIENTED_EDGE('',*,*,#6477,.T.);
#6480=ORIENTED_EDGE('',*,*,#6479,.F.);
#6481=EDGE_LOOP('',(#6472,#6474,#6476,#6478,#6480));
#6482=FACE_BOUND('',#6481,.F.);
#6483=ADVANCED_FACE('',(#6470,#6482),#6464,.T.);
#6484=CARTESIAN_POINT('',(6.201906211365E0,9.918620879369E0,-4.034796727859E1));
#6485=CARTESIAN_POINT('',(6.207936209036E0,9.918471579119E0,-4.033752381638E1));
#6486=CARTESIAN_POINT('',(6.213966206707E0,9.918322278869E0,-4.032708035417E1));
#6487=CARTESIAN_POINT('',(6.219996204378E0,9.918172978620E0,-4.031663689196E1));
#6488=CARTESIAN_POINT('',(6.201158711330E0,9.945785189680E0,-4.035291244754E1));
#6489=CARTESIAN_POINT('',(6.207188692952E0,9.945685657267E0,-4.034246840657E1));
#6490=CARTESIAN_POINT('',(6.213218674574E0,9.945586124853E0,-4.033202436559E1));
#6491=CARTESIAN_POINT('',(6.219248656197E0,9.945486592440E0,-4.032158032462E1));
#6492=CARTESIAN_POINT('',(6.194785728644E0,1.017660696871E1,-4.039672271753E1));
#6493=CARTESIAN_POINT('',(6.200815588501E0,1.017693097732E1,-4.038627670892E1));
#6494=CARTESIAN_POINT('',(6.206845448358E0,1.017725498593E1,-4.037583070031E1));
#6495=CARTESIAN_POINT('',(6.212875308215E0,1.017757899455E1,-4.036538469170E1));
#6496=CARTESIAN_POINT('',(6.187550589935E0,1.043130124822E1,-4.046213263481E1));
#6497=CARTESIAN_POINT('',(6.193580453192E0,1.043209887822E1,-4.045171259258E1));
#6498=CARTESIAN_POINT('',(6.199610316448E0,1.043289650821E1,-4.044129255034E1));
#6499=CARTESIAN_POINT('',(6.205640179705E0,1.043369413821E1,-4.043087250810E1));
#6500=CARTESIAN_POINT('',(6.181021476097E0,1.065466462E1,-4.053496493815E1));
#6501=CARTESIAN_POINT('',(6.187051456861E0,1.065588370258E1,-4.052459326386E1));
#6502=CARTESIAN_POINT('',(6.193081437626E0,1.065710278515E1,-4.051422158957E1));
#6503=CARTESIAN_POINT('',(6.199111418390E0,1.065832186772E1,-4.050384991528E1));
#6504=CARTESIAN_POINT('',(6.180253475560E0,1.068084961841E1,-4.054372078984E1));
#6505=CARTESIAN_POINT('',(6.186283471692E0,1.068211819455E1,-4.053335514625E1));
#6506=CARTESIAN_POINT('',(6.192313467824E0,1.068338677068E1,-4.052298950265E1));
#6507=CARTESIAN_POINT('',(6.198343463956E0,1.068465534681E1,-4.051262385905E1));
#6508=B_SPLINE_SURFACE_WITH_KNOTS('',3,3,((#6484,#6485,#6486,#6487),(#6488,
#6489,#6490,#6491),(#6492,#6493,#6494,#6495),(#6496,#6497,#6498,#6499),(#6500,
#6501,#6502,#6503),(#6504,#6505,#6506,#6507)),.UNSPECIFIED.,.F.,.F.,.F.,(4,1,1,
4),(4,4),(-1.331758864725E-1,0.E0,1.E0,1.133175886472E0),(9.042665603836E-2,
1.293622027598E-1),.UNSPECIFIED.);
#6510=ORIENTED_EDGE('',*,*,#6509,.T.);
#6511=ORIENTED_EDGE('',*,*,#6471,.T.);
#6513=ORIENTED_EDGE('',*,*,#6512,.F.);
#6514=EDGE_LOOP('',(#6510,#6511,#6513));
#6515=FACE_OUTER_BOUND('',#6514,.F.);
#6516=ADVANCED_FACE('',(#6515),#6508,.F.);
#6517=CARTESIAN_POINT('',(3.56E0,1.E1,-4.610479390360E1));
#6518=DIRECTION('',(1.E0,0.E0,0.E0));
#6519=DIRECTION('',(0.E0,-1.E0,0.E0));
#6520=AXIS2_PLACEMENT_3D('',#6517,#6518,#6519);
#6521=CYLINDRICAL_SURFACE('',#6520,5.65E0);
#6522=ORIENTED_EDGE('',*,*,#6509,.F.);
#6524=ORIENTED_EDGE('',*,*,#6523,.F.);
#6525=ORIENTED_EDGE('',*,*,#6477,.F.);
#6527=ORIENTED_EDGE('',*,*,#6526,.F.);
#6529=ORIENTED_EDGE('',*,*,#6528,.F.);
#6531=ORIENTED_EDGE('',*,*,#6530,.F.);
#6533=ORIENTED_EDGE('',*,*,#6532,.T.);
#6534=ORIENTED_EDGE('',*,*,#6473,.F.);
#6535=EDGE_LOOP('',(#6522,#6524,#6525,#6527,#6529,#6531,#6533,#6534));
#6536=FACE_OUTER_BOUND('',#6535,.F.);
#6537=ADVANCED_FACE('',(#6536),#6521,.T.);
#6538=CARTESIAN_POINT('',(6.206722545262E0,8.917558868013E0,-4.585413972119E1));
#6539=DIRECTION('',(-1.E0,0.E0,0.E0));
#6540=DIRECTION('',(0.E0,1.933966362561E-1,9.811206557222E-1));
#6541=AXIS2_PLACEMENT_3D('',#6538,#6539,#6540);
#6542=CYLINDRICAL_SURFACE('',#6541,5.597000294592E0);
#6543=ORIENTED_EDGE('',*,*,#6523,.T.);
#6544=ORIENTED_EDGE('',*,*,#6512,.T.);
#6545=ORIENTED_EDGE('',*,*,#6479,.T.);
#6546=EDGE_LOOP('',(#6543,#6544,#6545));
#6547=FACE_OUTER_BOUND('',#6546,.F.);
#6548=ADVANCED_FACE('',(#6547),#6542,.F.);
#6549=CARTESIAN_POINT('',(3.56E0,1.E1,-4.610479390360E1));
#6550=DIRECTION('',(1.E0,0.E0,0.E0));
#6551=DIRECTION('',(0.E0,-1.E0,0.E0));
#6552=AXIS2_PLACEMENT_3D('',#6549,#6550,#6551);
#6553=CYLINDRICAL_SURFACE('',#6552,5.65E0);
#6554=ORIENTED_EDGE('',*,*,#6475,.F.);
#6555=ORIENTED_EDGE('',*,*,#6532,.F.);
#6557=ORIENTED_EDGE('',*,*,#6556,.F.);
#6559=ORIENTED_EDGE('',*,*,#6558,.F.);
#6560=ORIENTED_EDGE('',*,*,#6526,.T.);
#6561=EDGE_LOOP('',(#6554,#6555,#6557,#6559,#6560));
#6562=FACE_OUTER_BOUND('',#6561,.F.);
#6563=ADVANCED_FACE('',(#6562),#6553,.T.);
#6564=CARTESIAN_POINT('',(5.5E0,1.E1,-4.610479390360E1));
#6565=DIRECTION('',(1.E0,0.E0,0.E0));
#6566=DIRECTION('',(0.E0,9.999167147741E-1,1.290594883887E-2));
#6567=AXIS2_PLACEMENT_3D('',#6564,#6565,#6566);
#6568=TOROIDAL_SURFACE('',#6567,4.65E0,1.E0);
#6570=ORIENTED_EDGE('',*,*,#6569,.F.);
#6572=ORIENTED_EDGE('',*,*,#6571,.F.);
#6574=ORIENTED_EDGE('',*,*,#6573,.F.);
#6575=ORIENTED_EDGE('',*,*,#6558,.T.);
#6576=ORIENTED_EDGE('',*,*,#6556,.T.);
#6578=ORIENTED_EDGE('',*,*,#6577,.T.);
#6579=EDGE_LOOP('',(#6570,#6572,#6574,#6575,#6576,#6578));
#6580=FACE_OUTER_BOUND('',#6579,.F.);
#6581=ADVANCED_FACE('',(#6580),#6568,.T.);
#6582=CARTESIAN_POINT('',(4.5E0,1.E1,-4.610479390360E1));
#6583=DIRECTION('',(1.E0,0.E0,0.E0));
#6584=DIRECTION('',(0.E0,-1.E0,0.E0));
#6585=AXIS2_PLACEMENT_3D('',#6582,#6583,#6584);
#6586=PLANE('',#6585);
#6588=ORIENTED_EDGE('',*,*,#6587,.T.);
#6590=ORIENTED_EDGE('',*,*,#6589,.T.);
#6591=ORIENTED_EDGE('',*,*,#6571,.T.);
#6592=ORIENTED_EDGE('',*,*,#6569,.T.);
#6593=EDGE_LOOP('',(#6588,#6590,#6591,#6592));
#6594=FACE_OUTER_BOUND('',#6593,.F.);
#6596=ORIENTED_EDGE('',*,*,#6595,.T.);
#6598=ORIENTED_EDGE('',*,*,#6597,.T.);
#6599=EDGE_LOOP('',(#6596,#6598));
#6600=FACE_BOUND('',#6599,.F.);
#6601=ADVANCED_FACE('',(#6594,#6600),#6586,.F.);
#6602=CARTESIAN_POINT('',(5.5E0,1.E1,-4.610479390360E1));
#6603=DIRECTION('',(1.E0,0.E0,0.E0));
#6604=DIRECTION('',(0.E0,-9.999167147741E-1,-1.290594883886E-2));
#6605=AXIS2_PLACEMENT_3D('',#6602,#6603,#6604);
#6606=TOROIDAL_SURFACE('',#6605,4.65E0,1.E0);
#6607=ORIENTED_EDGE('',*,*,#6589,.F.);
#6608=ORIENTED_EDGE('',*,*,#6587,.F.);
#6609=ORIENTED_EDGE('',*,*,#6577,.F.);
#6610=ORIENTED_EDGE('',*,*,#6530,.T.);
#6611=ORIENTED_EDGE('',*,*,#6528,.T.);
#6612=ORIENTED_EDGE('',*,*,#6573,.T.);
#6613=EDGE_LOOP('',(#6607,#6608,#6609,#6610,#6611,#6612));
#6614=FACE_OUTER_BOUND('',#6613,.F.);
#6615=ADVANCED_FACE('',(#6614),#6606,.T.);
#6616=CARTESIAN_POINT('',(4.46E0,1.E1,-4.610479390360E1));
#6617=DIRECTION('',(1.E0,0.E0,0.E0));
#6618=DIRECTION('',(0.E0,-1.E0,0.E0));
#6619=AXIS2_PLACEMENT_3D('',#6616,#6617,#6618);
#6620=CYLINDRICAL_SURFACE('',#6619,3.85E0);
#6622=ORIENTED_EDGE('',*,*,#6621,.F.);
#6624=ORIENTED_EDGE('',*,*,#6623,.F.);
#6625=ORIENTED_EDGE('',*,*,#6595,.F.);
#6627=ORIENTED_EDGE('',*,*,#6626,.T.);
#6628=EDGE_LOOP('',(#6622,#6624,#6625,#6627));
#6629=FACE_OUTER_BOUND('',#6628,.F.);
#6630=ADVANCED_FACE('',(#6629),#6620,.F.);
#6631=CARTESIAN_POINT('',(5.3E0,1.E1,-4.610479390360E1));
#6632=DIRECTION('',(1.E0,0.E0,0.E0));
#6633=DIRECTION('',(0.E0,0.E0,-1.E0));
#6634=AXIS2_PLACEMENT_3D('',#6631,#6632,#6633);
#6635=PLANE('',#6634);
#6636=ORIENTED_EDGE('',*,*,#6621,.T.);
#6638=ORIENTED_EDGE('',*,*,#6637,.T.);
#6639=EDGE_LOOP('',(#6636,#6638));
#6640=FACE_OUTER_BOUND('',#6639,.F.);
#6641=ADVANCED_FACE('',(#6640),#6635,.F.);
#6642=CARTESIAN_POINT('',(4.46E0,1.E1,-4.610479390360E1));
#6643=DIRECTION('',(1.E0,0.E0,0.E0));
#6644=DIRECTION('',(0.E0,-1.E0,0.E0));
#6645=AXIS2_PLACEMENT_3D('',#6642,#6643,#6644);
#6646=CYLINDRICAL_SURFACE('',#6645,3.85E0);
#6647=ORIENTED_EDGE('',*,*,#6637,.F.);
#6648=ORIENTED_EDGE('',*,*,#6626,.F.);
#6649=ORIENTED_EDGE('',*,*,#6597,.F.);
#6650=ORIENTED_EDGE('',*,*,#6623,.T.);
#6651=EDGE_LOOP('',(#6647,#6648,#6649,#6650));
#6652=FACE_OUTER_BOUND('',#6651,.F.);
#6653=ADVANCED_FACE('',(#6652),#6646,.F.);
#6654=CARTESIAN_POINT('',(7.009752844416E0,3.572282453392E0,-4.534925813166E1));
#6655=CARTESIAN_POINT('',(7.152895593445E0,3.818506737293E0,-4.537820017104E1));
#6656=CARTESIAN_POINT('',(7.296038342473E0,4.064731021194E0,-4.540714221043E1));
#6657=CARTESIAN_POINT('',(7.439181091502E0,4.310955305094E0,-4.543608424982E1));
#6658=CARTESIAN_POINT('',(7.008989195291E0,3.575931759308E0,-4.531842201462E1));
#6659=CARTESIAN_POINT('',(7.152131944320E0,3.822016250548E0,-4.534854528214E1));
#6660=CARTESIAN_POINT('',(7.295274693348E0,4.068100741788E0,-4.537866854967E1));
#6661=CARTESIAN_POINT('',(7.438417442377E0,4.314185233029E0,-4.540879181720E1));
#6662=CARTESIAN_POINT('',(6.989448821101E0,3.674999003510E0,-4.453004256560E1));
#6663=CARTESIAN_POINT('',(7.132591570130E0,3.917288561155E0,-4.459036600354E1));
#6664=CARTESIAN_POINT('',(7.275734319158E0,4.159578118800E0,-4.465068944149E1));
#6665=CARTESIAN_POINT('',(7.418877068187E0,4.401867676444E0,-4.471101287943E1));
#6666=CARTESIAN_POINT('',(6.945760005603E0,4.220711360131E0,-4.280971666579E1));
#6667=CARTESIAN_POINT('',(7.088902754632E0,4.442096509134E0,-4.293594001450E1));
#6668=CARTESIAN_POINT('',(7.232045503660E0,4.663481658137E0,-4.306216336321E1));
#6669=CARTESIAN_POINT('',(7.375188252688E0,4.884866807141E0,-4.318838671192E1));
#6670=CARTESIAN_POINT('',(6.878686397922E0,6.051504330361E0,-4.069231013142E1));
#6671=CARTESIAN_POINT('',(7.021829146951E0,6.202757945924E0,-4.089964421716E1));
#6672=CARTESIAN_POINT('',(7.164971895979E0,6.354011561486E0,-4.110697830290E1));
#6673=CARTESIAN_POINT('',(7.308114645008E0,6.505265177049E0,-4.131431238864E1));
#6674=CARTESIAN_POINT('',(6.821100421803E0,8.262617881403E0,-3.975058750900E1));
#6675=CARTESIAN_POINT('',(6.964243170831E0,8.329171158660E0,-3.999399582742E1));
#6676=CARTESIAN_POINT('',(7.107385919859E0,8.395724435918E0,-4.023740414583E1));
#6677=CARTESIAN_POINT('',(7.250528668888E0,8.462277713175E0,-4.048081246424E1));
#6678=CARTESIAN_POINT('',(6.786899296459E0,9.653291068957E0,-3.963033751314E1));
#6679=CARTESIAN_POINT('',(6.930042045487E0,9.666572324339E0,-3.987835220526E1));
#6680=CARTESIAN_POINT('',(7.073184794516E0,9.679853579721E0,-4.012636689739E1));
#6681=CARTESIAN_POINT('',(7.216327543544E0,9.693134835103E0,-4.037438158951E1));
#6682=CARTESIAN_POINT('',(6.776846612424E0,1.006209745644E1,-3.963344091587E1));
#6683=CARTESIAN_POINT('',(6.919989361452E0,1.005971871132E1,-3.988133672705E1));
#6684=CARTESIAN_POINT('',(7.063132110480E0,1.005733996620E1,-4.012923253823E1));
#6685=CARTESIAN_POINT('',(7.206274859509E0,1.005496122108E1,-4.037712834942E1));
#6686=CARTESIAN_POINT('',(6.776083021892E0,1.009314698111E1,-3.963389831820E1));
#6687=CARTESIAN_POINT('',(6.919225770920E0,1.008957883292E1,-3.988177660784E1));
#6688=CARTESIAN_POINT('',(7.062368519949E0,1.008601068473E1,-4.012965489747E1));
#6689=CARTESIAN_POINT('',(7.205511268977E0,1.008244253654E1,-4.037753318711E1));
#6690=B_SPLINE_SURFACE_WITH_KNOTS('',3,3,((#6654,#6655,#6656,#6657),(#6658,
#6659,#6660,#6661),(#6662,#6663,#6664,#6665),(#6666,#6667,#6668,#6669),(#6670,
#6671,#6672,#6673),(#6674,#6675,#6676,#6677),(#6678,#6679,#6680,#6681),(#6682,
#6683,#6684,#6685),(#6686,#6687,#6688,#6689)),.UNSPECIFIED.,.F.,.F.,.F.,(4,1,1,
1,1,1,4),(4,4),(-1.000028958290E-2,0.E0,2.458886966203E-1,5.621221578958E-1,
8.783556191714E-1,1.E0,1.009999522277E0),(1.472101095013E-3,9.975552680826E-1),
.UNSPECIFIED.);
#6691=ORIENTED_EDGE('',*,*,#5095,.T.);
#6693=ORIENTED_EDGE('',*,*,#6692,.F.);
#6695=ORIENTED_EDGE('',*,*,#6694,.F.);
#6696=ORIENTED_EDGE('',*,*,#6446,.F.);
#6697=EDGE_LOOP('',(#6691,#6693,#6695,#6696));
#6698=FACE_OUTER_BOUND('',#6697,.F.);
#6699=ADVANCED_FACE('',(#6698),#6690,.F.);
#6700=CARTESIAN_POINT('',(6.676458016726E0,4.219153649913E0,-4.335897489948E1));
#6701=CARTESIAN_POINT('',(6.811771126654E0,4.219153649913E0,-4.335897489948E1));
#6702=CARTESIAN_POINT('',(6.947084236583E0,4.219153649913E0,-4.335897489948E1));
#6703=CARTESIAN_POINT('',(7.082397346511E0,4.219153649913E0,-4.335897489948E1));
#6704=CARTESIAN_POINT('',(6.675865795991E0,4.229354977807E0,-4.333745960135E1));
#6705=CARTESIAN_POINT('',(6.811178905919E0,4.229354977807E0,-4.333745960135E1));
#6706=CARTESIAN_POINT('',(6.946492015848E0,4.229354977807E0,-4.333745960135E1));
#6707=CARTESIAN_POINT('',(7.081805125776E0,4.229354977807E0,-4.333745960135E1));
#6708=CARTESIAN_POINT('',(6.672312772446E0,4.291280410016E0,-4.320872315049E1));
#6709=CARTESIAN_POINT('',(6.807625882375E0,4.291280410016E0,-4.320872315049E1));
#6710=CARTESIAN_POINT('',(6.942938992303E0,4.291280410016E0,-4.320872315049E1));
#6711=CARTESIAN_POINT('',(7.078252102231E0,4.291280410016E0,-4.320872315049E1));
#6712=CARTESIAN_POINT('',(6.645168557491E0,4.797380654334E0,-4.224138894279E1));
#6713=CARTESIAN_POINT('',(6.780481667419E0,4.797380654334E0,-4.224138894279E1));
#6714=CARTESIAN_POINT('',(6.915794777348E0,4.797380654334E0,-4.224138894279E1));
#6715=CARTESIAN_POINT('',(7.051107887276E0,4.797380654334E0,-4.224138894279E1));
#6716=CARTESIAN_POINT('',(6.595025371860E0,6.179861165026E0,-4.070503276769E1));
#6717=CARTESIAN_POINT('',(6.730338481788E0,6.179861165026E0,-4.070503276769E1));
#6718=CARTESIAN_POINT('',(6.865651591717E0,6.179861165026E0,-4.070503276769E1));
#6719=CARTESIAN_POINT('',(7.000964701646E0,6.179861165026E0,-4.070503276769E1));
#6720=CARTESIAN_POINT('',(6.538768307690E0,8.321656204807E0,-3.981624467255E1));
#6721=CARTESIAN_POINT('',(6.674081417618E0,8.321656204807E0,-3.981624467255E1));
#6722=CARTESIAN_POINT('',(6.809394527547E0,8.321656204807E0,-3.981624467255E1));
#6723=CARTESIAN_POINT('',(6.944707637475E0,8.321656204807E0,-3.981624467255E1));
#6724=CARTESIAN_POINT('',(6.505510294501E0,9.658897044547E0,-3.970322004826E1));
#6725=CARTESIAN_POINT('',(6.640823404429E0,9.658897044547E0,-3.970322004826E1));
#6726=CARTESIAN_POINT('',(6.776136514358E0,9.658897044547E0,-3.970322004826E1));
#6727=CARTESIAN_POINT('',(6.911449624286E0,9.658897044547E0,-3.970322004826E1));
#6728=CARTESIAN_POINT('',(6.495843472722E0,1.004762226774E1,-3.970553651785E1));
#6729=CARTESIAN_POINT('',(6.631156582651E0,1.004762226774E1,-3.970553651785E1));
#6730=CARTESIAN_POINT('',(6.766469692579E0,1.004762226774E1,-3.970553651785E1));
#6731=CARTESIAN_POINT('',(6.901782802508E0,1.004762226774E1,-3.970553651785E1));
#6732=CARTESIAN_POINT('',(6.495251332293E0,1.007143226859E1,-3.970581029584E1));
#6733=CARTESIAN_POINT('',(6.630564442221E0,1.007143226859E1,-3.970581029584E1));
#6734=CARTESIAN_POINT('',(6.765877552150E0,1.007143226859E1,-3.970581029584E1));
#6735=CARTESIAN_POINT('',(6.901190662078E0,1.007143226859E1,-3.970581029584E1));
#6736=B_SPLINE_SURFACE_WITH_KNOTS('',3,3,((#6700,#6701,#6702,#6703),(#6704,
#6705,#6706,#6707),(#6708,#6709,#6710,#6711),(#6712,#6713,#6714,#6715),(#6716,
#6717,#6718,#6719),(#6720,#6721,#6722,#6723),(#6724,#6725,#6726,#6727),(#6728,
#6729,#6730,#6731),(#6732,#6733,#6734,#6735)),.UNSPECIFIED.,.F.,.F.,.F.,(4,1,1,
1,1,1,4),(4,4),(-1.000071034712E-2,0.E0,4.999847108210E-2,4.483780921961E-1,
8.467577133101E-1,1.E0,1.009999354246E0),(4.477671012770E-3,9.955265137319E-1),
.UNSPECIFIED.);
#6737=ORIENTED_EDGE('',*,*,#5093,.T.);
#6739=ORIENTED_EDGE('',*,*,#6738,.F.);
#6741=ORIENTED_EDGE('',*,*,#6740,.F.);
#6742=ORIENTED_EDGE('',*,*,#6692,.T.);
#6743=EDGE_LOOP('',(#6737,#6739,#6741,#6742));
#6744=FACE_OUTER_BOUND('',#6743,.F.);
#6745=ADVANCED_FACE('',(#6744),#6736,.F.);
#6746=CARTESIAN_POINT('',(6.423568978350E0,4.310956941015E0,-4.543607679658E1));
#6747=CARTESIAN_POINT('',(6.566747196252E0,4.064671684638E0,-4.540712725930E1));
#6748=CARTESIAN_POINT('',(6.709925414153E0,3.818386428261E0,-4.537817772202E1));
#6749=CARTESIAN_POINT('',(6.853103632055E0,3.572101171884E0,-4.534922818473E1));
#6750=CARTESIAN_POINT('',(6.422805328719E0,4.314186906907E0,-4.540878435365E1));
#6751=CARTESIAN_POINT('',(6.565983546621E0,4.068041479491E0,-4.537865329494E1));
#6752=CARTESIAN_POINT('',(6.709161764522E0,3.821896052075E0,-4.534852223622E1));
#6753=CARTESIAN_POINT('',(6.852339982424E0,3.575750624659E0,-4.531839117751E1));
#6754=CARTESIAN_POINT('',(6.403265024859E0,4.401869952212E0,-4.471100813304E1));
#6755=CARTESIAN_POINT('',(6.546443242760E0,4.159520425279E0,-4.465066953439E1));
#6756=CARTESIAN_POINT('',(6.689621460662E0,3.917170898345E0,-4.459033093574E1));
#6757=CARTESIAN_POINT('',(6.832799678563E0,3.674821371412E0,-4.452999233709E1));
#6758=CARTESIAN_POINT('',(6.359576279691E0,4.884869186933E0,-4.318838511389E1));
#6759=CARTESIAN_POINT('',(6.502754497592E0,4.663429255712E0,-4.306213040303E1));
#6760=CARTESIAN_POINT('',(6.645932715494E0,4.441989324491E0,-4.293587569217E1));
#6761=CARTESIAN_POINT('',(6.789110933395E0,4.220549393269E0,-4.280962098131E1));
#6762=CARTESIAN_POINT('',(6.292502742845E0,6.505265633786E0,-4.131431301472E1));
#6763=CARTESIAN_POINT('',(6.435680960747E0,6.353974539585E0,-4.110692755435E1));
#6764=CARTESIAN_POINT('',(6.578859178648E0,6.202683445384E0,-4.089954209397E1));
#6765=CARTESIAN_POINT('',(6.722037396550E0,6.051392351183E0,-4.069215663359E1));
#6766=CARTESIAN_POINT('',(6.234916645070E0,8.462282048498E0,-4.048081143842E1));
#6767=CARTESIAN_POINT('',(6.378094862971E0,8.395712459203E0,-4.023734273043E1));
#6768=CARTESIAN_POINT('',(6.521273080873E0,8.329142869908E0,-3.999387402243E1));
#6769=CARTESIAN_POINT('',(6.664451298775E0,8.262573280613E0,-3.975040531444E1));
#6770=CARTESIAN_POINT('',(6.200715397566E0,9.693143655404E0,-4.037438161127E1));
#6771=CARTESIAN_POINT('',(6.343893615467E0,9.679859489208E0,-4.012630543292E1));
#6772=CARTESIAN_POINT('',(6.487071833369E0,9.666575323013E0,-3.987822925457E1));
#6773=CARTESIAN_POINT('',(6.630250051271E0,9.653291156817E0,-3.963015307622E1));
#6774=CARTESIAN_POINT('',(6.190662591370E0,1.005497438606E1,-4.037712922925E1));
#6775=CARTESIAN_POINT('',(6.333840809271E0,1.005735429084E1,-4.012917199846E1));
#6776=CARTESIAN_POINT('',(6.477019027173E0,1.005973419562E1,-3.988121476767E1));
#6777=CARTESIAN_POINT('',(6.620197245075E0,1.006211410040E1,-3.963325753688E1));
#6778=CARTESIAN_POINT('',(6.189899000333E0,1.008245571527E1,-4.037753412993E1));
#6779=CARTESIAN_POINT('',(6.333077218235E0,1.008602531858E1,-4.012959442776E1));
#6780=CARTESIAN_POINT('',(6.476255436136E0,1.008959492190E1,-3.988165472559E1));
#6781=CARTESIAN_POINT('',(6.619433654038E0,1.009316452522E1,-3.963371502341E1));
#6782=B_SPLINE_SURFACE_WITH_KNOTS('',3,3,((#6746,#6747,#6748,#6749),(#6750,
#6751,#6752,#6753),(#6754,#6755,#6756,#6757),(#6758,#6759,#6760,#6761),(#6762,
#6763,#6764,#6765),(#6766,#6767,#6768,#6769),(#6770,#6771,#6772,#6773),(#6774,
#6775,#6776,#6777),(#6778,#6779,#6780,#6781)),.UNSPECIFIED.,.F.,.F.,.F.,(4,1,1,
1,1,1,4),(4,4),(-1.000028955310E-2,0.E0,2.458876053615E-1,5.621208561824E-1,
8.783541070034E-1,1.E0,1.009999522237E0),(2.443729300886E-3,9.987737124751E-1),
.UNSPECIFIED.);
#6783=ORIENTED_EDGE('',*,*,#5091,.T.);
#6784=ORIENTED_EDGE('',*,*,#6454,.F.);
#6786=ORIENTED_EDGE('',*,*,#6785,.F.);
#6787=ORIENTED_EDGE('',*,*,#6738,.T.);
#6788=EDGE_LOOP('',(#6783,#6784,#6786,#6787));
#6789=FACE_OUTER_BOUND('',#6788,.F.);
#6790=ADVANCED_FACE('',(#6789),#6782,.F.);
#6791=CARTESIAN_POINT('',(6.193240250046E0,9.957665855542E0,-4.036835323727E1));
#6792=CARTESIAN_POINT('',(6.336573695553E0,9.955833957381E0,-4.012009941871E1));
#6793=CARTESIAN_POINT('',(6.479907141060E0,9.954002059221E0,-3.987184560014E1));
#6794=CARTESIAN_POINT('',(6.623240586568E0,9.952170161060E0,-3.962359178158E1));
#6795=CARTESIAN_POINT('',(6.192848647007E0,9.971798047276E0,-4.037103777276E1));
#6796=CARTESIAN_POINT('',(6.336182092515E0,9.970576953984E0,-4.012277957660E1));
#6797=CARTESIAN_POINT('',(6.479515538022E0,9.969355860691E0,-3.987452138044E1));
#6798=CARTESIAN_POINT('',(6.622848983530E0,9.968134767398E0,-3.962626318427E1));
#6799=CARTESIAN_POINT('',(6.164348939012E0,1.099874058488E1,-4.057028171761E1));
#6800=CARTESIAN_POINT('',(6.307682384520E0,1.104197244114E1,-4.032187281502E1));
#6801=CARTESIAN_POINT('',(6.451015830027E0,1.108520429741E1,-4.007346391243E1));
#6802=CARTESIAN_POINT('',(6.594349275534E0,1.112843615367E1,-3.982505500984E1));
#6803=CARTESIAN_POINT('',(6.135416538186E0,1.192472221758E1,-4.105690361256E1));
#6804=CARTESIAN_POINT('',(6.278749983694E0,1.201302449523E1,-4.082072193747E1));
#6805=CARTESIAN_POINT('',(6.422083429201E0,1.210132677287E1,-4.058454026238E1));
#6806=CARTESIAN_POINT('',(6.565416874708E0,1.218962905052E1,-4.034835858729E1));
#6807=CARTESIAN_POINT('',(6.106875740399E0,1.261262783482E1,-4.169911053407E1));
#6808=CARTESIAN_POINT('',(6.250209185907E0,1.273925843216E1,-4.148557267770E1));
#6809=CARTESIAN_POINT('',(6.393542631414E0,1.286588902950E1,-4.127203482133E1));
#6810=CARTESIAN_POINT('',(6.536876076921E0,1.299251962684E1,-4.105849696495E1));
#6811=CARTESIAN_POINT('',(6.106443047569E0,1.262300459995E1,-4.170888356710E1));
#6812=CARTESIAN_POINT('',(6.249776493076E0,1.275021484298E1,-4.149569142876E1));
#6813=CARTESIAN_POINT('',(6.393109938584E0,1.287742508600E1,-4.128249929041E1));
#6814=CARTESIAN_POINT('',(6.536443384091E0,1.300463532902E1,-4.106930715207E1));
#6815=B_SPLINE_SURFACE_WITH_KNOTS('',3,3,((#6791,#6792,#6793,#6794),(#6795,
#6796,#6797,#6798),(#6799,#6800,#6801,#6802),(#6803,#6804,#6805,#6806),(#6807,
#6808,#6809,#6810),(#6811,#6812,#6813,#6814)),.UNSPECIFIED.,.F.,.F.,.F.,(4,1,1,
4),(4,4),(-1.393203273456E-2,0.E0,1.E0,1.015393881259E0),(7.408189706542E-2,
9.995890224883E-1),.UNSPECIFIED.);
#6816=ORIENTED_EDGE('',*,*,#6452,.T.);
#6818=ORIENTED_EDGE('',*,*,#6817,.T.);
#6819=ORIENTED_EDGE('',*,*,#6785,.T.);
#6820=EDGE_LOOP('',(#6816,#6818,#6819));
#6821=FACE_OUTER_BOUND('',#6820,.F.);
#6822=ADVANCED_FACE('',(#6821),#6815,.F.);
#6823=CARTESIAN_POINT('',(6.453034861836E0,9.957147518149E0,-3.969736802394E1));
#6824=CARTESIAN_POINT('',(6.453034861836E0,9.971448466030E0,-3.969979955824E1));
#6825=CARTESIAN_POINT('',(6.453034861836E0,1.111709198554E1,-3.989874199901E1));
#6826=CARTESIAN_POINT('',(6.453034861836E0,1.216215874715E1,-4.041702936159E1));
#6827=CARTESIAN_POINT('',(6.453034861836E0,1.295290717847E1,-4.111920663994E1));
#6828=CARTESIAN_POINT('',(6.453034861836E0,1.296368620781E1,-4.112885412445E1));
#6830=DIRECTION('',(1.E0,0.E0,0.E0));
#6831=VECTOR('',#6830,1.E0);
#6832=SURFACE_OF_LINEAR_EXTRUSION('',#6829,#6831);
#6833=ORIENTED_EDGE('',*,*,#6450,.T.);
#6835=ORIENTED_EDGE('',*,*,#6834,.T.);
#6836=ORIENTED_EDGE('',*,*,#6740,.T.);
#6837=ORIENTED_EDGE('',*,*,#6817,.F.);
#6838=EDGE_LOOP('',(#6833,#6835,#6836,#6837));
#6839=FACE_OUTER_BOUND('',#6838,.F.);
#6840=ADVANCED_FACE('',(#6839),#6832,.F.);
#6841=CARTESIAN_POINT('',(6.779124705405E0,9.952146328742E0,-3.962361516095E1));
#6842=CARTESIAN_POINT('',(6.922452977957E0,9.953979086713E0,-3.987186002250E1));
#6843=CARTESIAN_POINT('',(7.065781250509E0,9.955811844683E0,-4.012010488404E1));
#6844=CARTESIAN_POINT('',(7.209109523060E0,9.957644602653E0,-4.036834974559E1));
#6845=CARTESIAN_POINT('',(6.778732911112E0,9.968118746776E0,-3.962628775305E1));
#6846=CARTESIAN_POINT('',(6.922061183663E0,9.969340423069E0,-3.987453699910E1));
#6847=CARTESIAN_POINT('',(7.065389456215E0,9.970562099362E0,-4.012278624515E1));
#6848=CARTESIAN_POINT('',(7.208717728766E0,9.971783775656E0,-4.037103549120E1));
#6849=CARTESIAN_POINT('',(6.750233011969E0,1.112842818376E1,-3.982507471791E1));
#6850=CARTESIAN_POINT('',(6.893561284521E0,1.108519817601E1,-4.007347493954E1));
#6851=CARTESIAN_POINT('',(7.036889557072E0,1.104196816826E1,-4.032187516117E1));
#6852=CARTESIAN_POINT('',(7.180217829624E0,1.099873816051E1,-4.057027538279E1));
#6853=CARTESIAN_POINT('',(6.721300418608E0,1.218962359144E1,-4.034838087994E1));
#6854=CARTESIAN_POINT('',(6.864628691159E0,1.210132446736E1,-4.058455423430E1));
#6855=CARTESIAN_POINT('',(7.007956963711E0,1.201302534329E1,-4.082072758866E1));
#6856=CARTESIAN_POINT('',(7.151285236262E0,1.192472621921E1,-4.105690094302E1));
#6857=CARTESIAN_POINT('',(6.692759619540E0,1.299250529431E1,-4.105852006456E1));
#6858=CARTESIAN_POINT('',(6.836087892091E0,1.286587928859E1,-4.127205024007E1));
#6859=CARTESIAN_POINT('',(6.979416164643E0,1.273925328286E1,-4.148558041559E1));
#6860=CARTESIAN_POINT('',(7.122744437194E0,1.261262727714E1,-4.169911059110E1));
#6861=CARTESIAN_POINT('',(6.692326925320E0,1.300462089912E1,-4.106933029865E1));
#6862=CARTESIAN_POINT('',(6.835655197872E0,1.287741526765E1,-4.128251476478E1));
#6863=CARTESIAN_POINT('',(6.978983470423E0,1.275020963618E1,-4.149569923091E1));
#6864=CARTESIAN_POINT('',(7.122311742975E0,1.262300400471E1,-4.170888369704E1));
#6865=B_SPLINE_SURFACE_WITH_KNOTS('',3,3,((#6841,#6842,#6843,#6844),(#6845,
#6846,#6847,#6848),(#6849,#6850,#6851,#6852),(#6853,#6854,#6855,#6856),(#6857,
#6858,#6859,#6860),(#6861,#6862,#6863,#6864)),.UNSPECIFIED.,.F.,.F.,.F.,(4,1,1,
4),(4,4),(-1.393883707140E-2,0.E0,1.E0,1.015393930744E0),(4.799137458159E-4,
9.978540777235E-1),.UNSPECIFIED.);
#6866=ORIENTED_EDGE('',*,*,#6448,.T.);
#6867=ORIENTED_EDGE('',*,*,#6694,.T.);
#6868=ORIENTED_EDGE('',*,*,#6834,.F.);
#6869=EDGE_LOOP('',(#6866,#6867,#6868));
#6870=FACE_OUTER_BOUND('',#6869,.F.);
#6871=ADVANCED_FACE('',(#6870),#6865,.F.);
#6872=CARTESIAN_POINT('',(3.56E0,1.E1,-4.610479390360E1));
#6873=DIRECTION('',(1.E0,0.E0,0.E0));
#6874=DIRECTION('',(0.E0,-1.E0,0.E0));
#6875=AXIS2_PLACEMENT_3D('',#6872,#6873,#6874);
#6876=CYLINDRICAL_SURFACE('',#6875,6.35E0);
#6877=ORIENTED_EDGE('',*,*,#4735,.F.);
#6879=ORIENTED_EDGE('',*,*,#6878,.T.);
#6881=ORIENTED_EDGE('',*,*,#6880,.T.);
#6882=EDGE_LOOP('',(#6877,#6879,#6881));
#6883=FACE_OUTER_BOUND('',#6882,.F.);
#6884=ADVANCED_FACE('',(#6883),#6876,.T.);
#6885=CARTESIAN_POINT('',(1.270296104014E1,3.762934241876E0,-4.764308698310E1));
#6886=CARTESIAN_POINT('',(1.284647579979E1,4.004277019751E0,-4.758356285118E1));
#6887=CARTESIAN_POINT('',(1.298999055944E1,4.245619797627E0,-4.752403871927E1));
#6888=CARTESIAN_POINT('',(1.313350531910E1,4.486962575502E0,-4.746451458736E1));
#6889=CARTESIAN_POINT('',(1.270560284488E1,3.788468327624E0,-4.774661570208E1));
#6890=CARTESIAN_POINT('',(1.284911760453E1,4.028823066024E0,-4.768308553438E1));
#6891=CARTESIAN_POINT('',(1.299263236419E1,4.269177804423E0,-4.761955536668E1));
#6892=CARTESIAN_POINT('',(1.313614712384E1,4.509532542822E0,-4.755602519898E1));
#6893=CARTESIAN_POINT('',(1.273995003776E1,4.155102677406E0,-4.908389113903E1));
#6894=CARTESIAN_POINT('',(1.288346479741E1,4.381270527954E0,-4.896861520157E1));
#6895=CARTESIAN_POINT('',(1.302697955706E1,4.607438378502E0,-4.885333926410E1));
#6896=CARTESIAN_POINT('',(1.317049431671E1,4.833606229049E0,-4.873806332663E1));
#6897=CARTESIAN_POINT('',(1.280864499181E1,5.765261037328E0,-5.149317343915E1));
#6898=CARTESIAN_POINT('',(1.295215975146E1,5.929123934480E0,-5.128467050913E1));
#6899=CARTESIAN_POINT('',(1.309567451111E1,6.092986831632E0,-5.107616757911E1));
#6900=CARTESIAN_POINT('',(1.323918927076E1,6.256849728784E0,-5.086766464909E1));
#6901=CARTESIAN_POINT('',(1.290904590229E1,9.765022986778E0,-5.298977752170E1));
#6902=CARTESIAN_POINT('',(1.305256066194E1,9.774115404165E0,-5.272336361227E1));
#6903=CARTESIAN_POINT('',(1.319607542159E1,9.783207821552E0,-5.245694970284E1));
#6904=CARTESIAN_POINT('',(1.333959018124E1,9.792300238938E0,-5.219053579341E1));
#6905=CARTESIAN_POINT('',(1.300944687014E1,1.385751650124E1,-5.176935255221E1));
#6906=CARTESIAN_POINT('',(1.315296162979E1,1.370825019811E1,-5.155016289273E1));
#6907=CARTESIAN_POINT('',(1.329647638944E1,1.355898389498E1,-5.133097323325E1));
#6908=CARTESIAN_POINT('',(1.343999114908E1,1.340971759185E1,-5.111178357376E1));
#6909=CARTESIAN_POINT('',(1.307814187086E1,1.562818961297E1,-4.947545152209E1));
#6910=CARTESIAN_POINT('',(1.322165663051E1,1.541040725051E1,-4.934502418583E1));
#6911=CARTESIAN_POINT('',(1.336517139017E1,1.519262488806E1,-4.921459684957E1));
#6912=CARTESIAN_POINT('',(1.350868614982E1,1.497484252561E1,-4.908416951331E1));
#6913=CARTESIAN_POINT('',(1.311248911042E1,1.608514347817E1,-4.816628203983E1));
#6914=CARTESIAN_POINT('',(1.325600387007E1,1.584967932119E1,-4.808651291559E1));
#6915=CARTESIAN_POINT('',(1.339951862972E1,1.561421516421E1,-4.800674379135E1));
#6916=CARTESIAN_POINT('',(1.354303338937E1,1.537875100723E1,-4.792697466711E1));
#6917=CARTESIAN_POINT('',(1.311513090448E1,1.611767634984E1,-4.806473547114E1));
#6918=CARTESIAN_POINT('',(1.325864566413E1,1.588095333590E1,-4.798889568354E1));
#6919=CARTESIAN_POINT('',(1.340216042378E1,1.564423032196E1,-4.791305589593E1));
#6920=CARTESIAN_POINT('',(1.354567518343E1,1.540750730803E1,-4.783721610833E1));
#6921=B_SPLINE_SURFACE_WITH_KNOTS('',3,3,((#6885,#6886,#6887,#6888),(#6889,
#6890,#6891,#6892),(#6893,#6894,#6895,#6896),(#6897,#6898,#6899,#6900),(#6901,
#6902,#6903,#6904),(#6905,#6906,#6907,#6908),(#6909,#6910,#6911,#6912),(#6913,
#6914,#6915,#6916),(#6917,#6918,#6919,#6920)),.UNSPECIFIED.,.F.,.F.,.F.,(4,1,1,
1,1,1,4),(4,4),(-1.999755971473E-2,0.E0,2.399989606881E-1,4.999997828929E-1,
7.600006050984E-1,1.E0,1.019997478856E0),(-8.135790572575E-4,9.978582871238E-1),
.UNSPECIFIED.);
#6922=ORIENTED_EDGE('',*,*,#4746,.F.);
#6924=ORIENTED_EDGE('',*,*,#6923,.T.);
#6925=ORIENTED_EDGE('',*,*,#4616,.F.);
#6927=ORIENTED_EDGE('',*,*,#6926,.T.);
#6928=ORIENTED_EDGE('',*,*,#6878,.F.);
#6929=EDGE_LOOP('',(#6922,#6924,#6925,#6927,#6928));
#6930=FACE_OUTER_BOUND('',#6929,.F.);
#6931=ADVANCED_FACE('',(#6930),#6921,.T.);
#6932=CARTESIAN_POINT('',(1.301529330168E1,4.291722800517E0,-4.678041065183E1));
#6933=CARTESIAN_POINT('',(1.301529330168E1,4.294846873485E0,-4.680736946918E1));
#6934=CARTESIAN_POINT('',(1.301529330168E1,4.335535178267E0,-4.713811384223E1));
#6935=CARTESIAN_POINT('',(1.301529330168E1,4.665181949154E0,-4.869309540882E1));
#6936=CARTESIAN_POINT('',(1.301529330168E1,6.325645075992E0,-5.102612588930E1));
#6937=CARTESIAN_POINT('',(1.301529330168E1,8.768580255165E0,-5.184338883847E1));
#6938=CARTESIAN_POINT('',(1.301529330168E1,9.978861627680E0,-5.185492534268E1));
#6939=CARTESIAN_POINT('',(1.301529330168E1,1.003313991191E1,-5.185465151847E1));
#6941=DIRECTION('',(1.E0,0.E0,0.E0));
#6942=VECTOR('',#6941,1.E0);
#6943=SURFACE_OF_LINEAR_EXTRUSION('',#6940,#6942);
#6944=ORIENTED_EDGE('',*,*,#4744,.F.);
#6946=ORIENTED_EDGE('',*,*,#6945,.T.);
#6948=ORIENTED_EDGE('',*,*,#6947,.F.);
#6949=ORIENTED_EDGE('',*,*,#4618,.F.);
#6950=ORIENTED_EDGE('',*,*,#6923,.F.);
#6951=EDGE_LOOP('',(#6944,#6946,#6948,#6949,#6950));
#6952=FACE_OUTER_BOUND('',#6951,.F.);
#6953=ADVANCED_FACE('',(#6952),#6943,.T.);
#6954=CARTESIAN_POINT('',(1.41E1,4.3E0,-4.110479390360E1));
#6955=DIRECTION('',(0.E0,1.E0,0.E0));
#6956=DIRECTION('',(-1.E0,0.E0,0.E0));
#6957=AXIS2_PLACEMENT_3D('',#6954,#6955,#6956);
#6958=PLANE('',#6957);
#6959=ORIENTED_EDGE('',*,*,#4742,.F.);
#6961=ORIENTED_EDGE('',*,*,#6960,.F.);
#6962=ORIENTED_EDGE('',*,*,#4697,.F.);
#6963=ORIENTED_EDGE('',*,*,#4622,.F.);
#6965=ORIENTED_EDGE('',*,*,#6964,.F.);
#6966=ORIENTED_EDGE('',*,*,#6945,.F.);
#6967=EDGE_LOOP('',(#6959,#6961,#6962,#6963,#6965,#6966));
#6968=FACE_OUTER_BOUND('',#6967,.F.);
#6969=ADVANCED_FACE('',(#6968),#6958,.F.);
#6970=CARTESIAN_POINT('',(1.301529330168E1,6.805259229662E0,-4.132411291463E1));
#6971=CARTESIAN_POINT('',(1.301529330168E1,6.778732758892E0,-4.134187953441E1));
#6972=CARTESIAN_POINT('',(1.301529330168E1,5.797443732780E0,-4.201133483900E1));
#6973=CARTESIAN_POINT('',(1.301529330168E1,4.746513612655E0,-4.335223989343E1));
#6974=CARTESIAN_POINT('',(1.301529330168E1,4.355973614218E0,-4.492695989879E1));
#6975=CARTESIAN_POINT('',(1.301529330168E1,4.298520903705E0,-4.538016233473E1));
#6976=CARTESIAN_POINT('',(1.301529330168E1,4.296578157946E0,-4.539600762542E1));
#6978=DIRECTION('',(1.E0,0.E0,0.E0));
#6979=VECTOR('',#6978,1.E0);
#6980=SURFACE_OF_LINEAR_EXTRUSION('',#6977,#6979);
#6981=ORIENTED_EDGE('',*,*,#4740,.F.);
#6982=ORIENTED_EDGE('',*,*,#4699,.F.);
#6983=ORIENTED_EDGE('',*,*,#6960,.T.);
#6984=EDGE_LOOP('',(#6981,#6982,#6983));
#6985=FACE_OUTER_BOUND('',#6984,.F.);
#6986=ADVANCED_FACE('',(#6985),#6980,.T.);
#6987=CARTESIAN_POINT('',(1.327196187052E1,4.290622367088E0,-4.677911838205E1));
#6988=CARTESIAN_POINT('',(1.327870258962E1,4.279028370845E0,-4.678048772908E1));
#6989=CARTESIAN_POINT('',(1.328544330871E1,4.267434374603E0,-4.678185707611E1));
#6990=CARTESIAN_POINT('',(1.329218402781E1,4.255840378360E0,-4.678322642315E1));
#6991=CARTESIAN_POINT('',(1.327272357283E1,4.293864748325E0,-4.680653722878E1));
#6992=CARTESIAN_POINT('',(1.327946429191E1,4.282277336314E0,-4.680796225482E1));
#6993=CARTESIAN_POINT('',(1.328620501100E1,4.270689924303E0,-4.680938728086E1));
#6994=CARTESIAN_POINT('',(1.329294573009E1,4.259102512292E0,-4.681081230689E1));
#6995=CARTESIAN_POINT('',(1.328193111888E1,4.335405676737E0,-4.713747481007E1));
#6996=CARTESIAN_POINT('',(1.328867183790E1,4.323902621112E0,-4.713957186630E1));
#6997=CARTESIAN_POINT('',(1.329541255692E1,4.312399565488E0,-4.714166892253E1));
#6998=CARTESIAN_POINT('',(1.330215327594E1,4.300896509863E0,-4.714376597875E1));
#6999=CARTESIAN_POINT('',(1.329196993835E1,4.411461902368E0,-4.749167427793E1));
#7000=CARTESIAN_POINT('',(1.329871065748E1,4.400113294577E0,-4.749449060914E1));
#7001=CARTESIAN_POINT('',(1.330545137662E1,4.388764686787E0,-4.749730694036E1));
#7002=CARTESIAN_POINT('',(1.331219209575E1,4.377416078996E0,-4.750012327157E1));
#7003=CARTESIAN_POINT('',(1.330117796534E1,4.509441259496E0,-4.781049298528E1));
#7004=CARTESIAN_POINT('',(1.330791868441E1,4.498291617153E0,-4.781395673703E1));
#7005=CARTESIAN_POINT('',(1.331465940348E1,4.487141974810E0,-4.781742048879E1));
#7006=CARTESIAN_POINT('',(1.332140012254E1,4.475992332466E0,-4.782088424055E1));
#7007=CARTESIAN_POINT('',(1.330193971074E1,4.517740841032E0,-4.783682591282E1));
#7008=CARTESIAN_POINT('',(1.330868042980E1,4.506608052532E0,-4.784034313842E1));
#7009=CARTESIAN_POINT('',(1.331542114886E1,4.495475264031E0,-4.784386036402E1));
#7010=CARTESIAN_POINT('',(1.332216186792E1,4.484342475530E0,-4.784737758962E1));
#7011=B_SPLINE_SURFACE_WITH_KNOTS('',3,3,((#6987,#6988,#6989,#6990),(#6991,
#6992,#6993,#6994),(#6995,#6996,#6997,#6998),(#6999,#7000,#7001,#7002),(#7003,
#7004,#7005,#7006),(#7007,#7008,#7009,#7010)),.UNSPECIFIED.,.F.,.F.,.F.,(4,1,1,
4),(4,4),(-9.025314512914E-2,0.E0,1.E0,1.090253145137E0),(9.743641722427E-2,
1.443428574999E-1),.UNSPECIFIED.);
#7012=ORIENTED_EDGE('',*,*,#4620,.F.);
#7013=ORIENTED_EDGE('',*,*,#6947,.T.);
#7014=ORIENTED_EDGE('',*,*,#6964,.T.);
#7015=EDGE_LOOP('',(#7012,#7013,#7014));
#7016=FACE_OUTER_BOUND('',#7015,.F.);
#7017=ADVANCED_FACE('',(#7016),#7011,.T.);
#7018=CARTESIAN_POINT('',(4.1E0,1.57E1,-4.110479390360E1));
#7019=DIRECTION('',(0.E0,-1.E0,0.E0));
#7020=DIRECTION('',(1.E0,0.E0,0.E0));
#7021=AXIS2_PLACEMENT_3D('',#7018,#7019,#7020);
#7022=PLANE('',#7021);
#7023=ORIENTED_EDGE('',*,*,#4737,.T.);
#7024=ORIENTED_EDGE('',*,*,#6880,.F.);
#7025=ORIENTED_EDGE('',*,*,#6926,.F.);
#7026=ORIENTED_EDGE('',*,*,#4614,.F.);
#7027=ORIENTED_EDGE('',*,*,#4637,.F.);
#7028=ORIENTED_EDGE('',*,*,#4693,.F.);
#7029=EDGE_LOOP('',(#7023,#7024,#7025,#7026,#7027,#7028));
#7030=FACE_OUTER_BOUND('',#7029,.F.);
#7031=ADVANCED_FACE('',(#7030),#7022,.F.);
#7032=CARTESIAN_POINT('',(1.933956093874E1,6.281127640431E0,-5.258466857656E1));
#7033=CARTESIAN_POINT('',(1.921453836721E1,6.388878369994E0,-5.239692047553E1));
#7034=CARTESIAN_POINT('',(1.908951579568E1,6.496629099557E0,-5.220917237449E1));
#7035=CARTESIAN_POINT('',(1.896449322414E1,6.604379829119E0,-5.202142427346E1));
#7036=CARTESIAN_POINT('',(1.934053451887E1,6.320762213376E0,-5.260745998109E1));
#7037=CARTESIAN_POINT('',(1.921551194733E1,6.427364569524E0,-5.241905152115E1));
#7038=CARTESIAN_POINT('',(1.909048937580E1,6.533966925672E0,-5.223064306122E1));
#7039=CARTESIAN_POINT('',(1.896546680427E1,6.640569281820E0,-5.204223460129E1));
#7040=CARTESIAN_POINT('',(1.935393044260E1,6.868931023855E0,-5.291611517950E1));
#7041=CARTESIAN_POINT('',(1.922890787106E1,6.959650718932E0,-5.271876373373E1));
#7042=CARTESIAN_POINT('',(1.910388529953E1,7.050370414009E0,-5.252141228797E1));
#7043=CARTESIAN_POINT('',(1.897886272800E1,7.141090109086E0,-5.232406084221E1));
#7044=CARTESIAN_POINT('',(1.939960969966E1,8.866206570777E0,-5.373404168765E1));
#7045=CARTESIAN_POINT('',(1.927458712813E1,8.899057138734E0,-5.351299161245E1));
#7046=CARTESIAN_POINT('',(1.914956455659E1,8.931907706691E0,-5.329194153725E1));
#7047=CARTESIAN_POINT('',(1.902454198506E1,8.964758274648E0,-5.307089146204E1));
#7048=CARTESIAN_POINT('',(1.947659870993E1,1.265053489581E1,-5.359949336465E1));
#7049=CARTESIAN_POINT('',(1.935157613840E1,1.257373821092E1,-5.338234169696E1));
#7050=CARTESIAN_POINT('',(1.922655356686E1,1.249694152602E1,-5.316519002928E1));
#7051=CARTESIAN_POINT('',(1.910153099533E1,1.242014484113E1,-5.294803836160E1));
#7052=CARTESIAN_POINT('',(1.956155831061E1,1.599141518782E1,-5.109006024538E1));
#7053=CARTESIAN_POINT('',(1.943653573907E1,1.581781972791E1,-5.094561697509E1));
#7054=CARTESIAN_POINT('',(1.931151316754E1,1.564422426800E1,-5.080117370481E1));
#7055=CARTESIAN_POINT('',(1.918649059600E1,1.547062880809E1,-5.065673043452E1));
#7056=CARTESIAN_POINT('',(1.961520798125E1,1.705317347295E1,-4.875361529325E1));
#7057=CARTESIAN_POINT('',(1.949018540972E1,1.684881459371E1,-4.867686825555E1));
#7058=CARTESIAN_POINT('',(1.936516283818E1,1.664445571447E1,-4.860012121784E1));
#7059=CARTESIAN_POINT('',(1.924014026665E1,1.644009683523E1,-4.852337418013E1));
#7060=CARTESIAN_POINT('',(1.963657431856E1,1.728207326928E1,-4.777655869867E1));
#7061=CARTESIAN_POINT('',(1.951155174703E1,1.707108223985E1,-4.772812093073E1));
#7062=CARTESIAN_POINT('',(1.938652917549E1,1.686009121041E1,-4.767968316280E1));
#7063=CARTESIAN_POINT('',(1.926150660396E1,1.664910018097E1,-4.763124539487E1));
#7064=CARTESIAN_POINT('',(1.963754772186E1,1.729209644497E1,-4.773195695137E1));
#7065=CARTESIAN_POINT('',(1.951252515033E1,1.708081500371E1,-4.768481147593E1));
#7066=CARTESIAN_POINT('',(1.938750257879E1,1.686953356245E1,-4.763766600048E1));
#7067=CARTESIAN_POINT('',(1.926248000726E1,1.665825212119E1,-4.759052052504E1));
#7068=B_SPLINE_SURFACE_WITH_KNOTS('',3,3,((#7032,#7033,#7034,#7035),(#7036,
#7037,#7038,#7039),(#7040,#7041,#7042,#7043),(#7044,#7045,#7046,#7047),(#7048,
#7049,#7050,#7051),(#7052,#7053,#7054,#7055),(#7056,#7057,#7058,#7059),(#7060,
#7061,#7062,#7063),(#7064,#7065,#7066,#7067)),.UNSPECIFIED.,.F.,.F.,.F.,(4,1,1,
1,1,1,4),(4,4),(-9.997542468318E-3,0.E0,1.275631093421E-1,4.590756250529E-1,
7.905881407623E-1,1.E0,1.009995726702E0),(-3.612834273823E-4,9.318417142991E-1),
.UNSPECIFIED.);
#7069=ORIENTED_EDGE('',*,*,#3744,.T.);
#7070=ORIENTED_EDGE('',*,*,#4271,.T.);
#7072=ORIENTED_EDGE('',*,*,#7071,.F.);
#7073=EDGE_LOOP('',(#7069,#7070,#7072));
#7074=FACE_OUTER_BOUND('',#7073,.F.);
#7075=ADVANCED_FACE('',(#7074),#7068,.F.);
#7076=CARTESIAN_POINT('',(1.951905872726E1,3.233254691286E0,-4.909311167139E1));
#7077=CARTESIAN_POINT('',(1.938380055231E1,3.233254691286E0,-4.909311167139E1));
#7078=CARTESIAN_POINT('',(1.924854237736E1,3.233254691286E0,-4.909311167139E1));
#7079=CARTESIAN_POINT('',(1.911328420242E1,3.233254691286E0,-4.909311167139E1));
#7080=CARTESIAN_POINT('',(1.952025983005E1,3.255772005481E0,-4.914422190760E1));
#7081=CARTESIAN_POINT('',(1.938500165510E1,3.255772005481E0,-4.914422190760E1));
#7082=CARTESIAN_POINT('',(1.924974348016E1,3.255772005481E0,-4.914422190760E1));
#7083=CARTESIAN_POINT('',(1.911448530521E1,3.255772005481E0,-4.914422190760E1));
#7084=CARTESIAN_POINT('',(1.953430162912E1,3.525664133385E0,-4.973878103780E1));
#7085=CARTESIAN_POINT('',(1.939904345418E1,3.525664133385E0,-4.973878103780E1));
#7086=CARTESIAN_POINT('',(1.926378527923E1,3.525664133385E0,-4.973878103780E1));
#7087=CARTESIAN_POINT('',(1.912852710429E1,3.525664133385E0,-4.973878103780E1));
#7088=CARTESIAN_POINT('',(1.958171235750E1,4.696932011098E0,-5.162328225244E1));
#7089=CARTESIAN_POINT('',(1.944645418255E1,4.696932011098E0,-5.162328225244E1));
#7090=CARTESIAN_POINT('',(1.931119600761E1,4.696932011098E0,-5.162328225244E1));
#7091=CARTESIAN_POINT('',(1.917593783266E1,4.696932011098E0,-5.162328225244E1));
#7092=CARTESIAN_POINT('',(1.966129091239E1,7.957421780664E0,-5.374090533973E1));
#7093=CARTESIAN_POINT('',(1.952603273744E1,7.957421780664E0,-5.374090533973E1));
#7094=CARTESIAN_POINT('',(1.939077456249E1,7.957421780664E0,-5.374090533973E1));
#7095=CARTESIAN_POINT('',(1.925551638754E1,7.957421780664E0,-5.374090533973E1));
#7096=CARTESIAN_POINT('',(1.976139770028E1,1.284075012731E1,-5.348104695682E1));
#7097=CARTESIAN_POINT('',(1.962613952533E1,1.284075012731E1,-5.348104695682E1));
#7098=CARTESIAN_POINT('',(1.949088135038E1,1.284075012731E1,-5.348104695682E1));
#7099=CARTESIAN_POINT('',(1.935562317544E1,1.284075012731E1,-5.348104695682E1));
#7100=CARTESIAN_POINT('',(1.983533822588E1,1.564456069948E1,-5.120397141874E1));
#7101=CARTESIAN_POINT('',(1.970008005093E1,1.564456069948E1,-5.120397141874E1));
#7102=CARTESIAN_POINT('',(1.956482187599E1,1.564456069948E1,-5.120397141874E1));
#7103=CARTESIAN_POINT('',(1.942956370104E1,1.564456069948E1,-5.120397141874E1));
#7104=CARTESIAN_POINT('',(1.987711143213E1,1.658418127603E1,-4.950063227280E1));
#7105=CARTESIAN_POINT('',(1.974185325719E1,1.658418127603E1,-4.950063227280E1));
#7106=CARTESIAN_POINT('',(1.960659508224E1,1.658418127603E1,-4.950063227280E1));
#7107=CARTESIAN_POINT('',(1.947133690729E1,1.658418127603E1,-4.950063227280E1));
#7108=CARTESIAN_POINT('',(1.988551570908E1,1.674526886478E1,-4.914469477213E1));
#7109=CARTESIAN_POINT('',(1.975025753414E1,1.674526886478E1,-4.914469477213E1));
#7110=CARTESIAN_POINT('',(1.961499935919E1,1.674526886478E1,-4.914469477213E1));
#7111=CARTESIAN_POINT('',(1.947974118425E1,1.674526886478E1,-4.914469477213E1));
#7112=CARTESIAN_POINT('',(1.988671731903E1,1.676772536494E1,-4.909354755834E1));
#7113=CARTESIAN_POINT('',(1.975145914408E1,1.676772536494E1,-4.909354755834E1));
#7114=CARTESIAN_POINT('',(1.961620096913E1,1.676772536494E1,-4.909354755834E1));
#7115=CARTESIAN_POINT('',(1.948094279419E1,1.676772536494E1,-4.909354755834E1));
#7116=B_SPLINE_SURFACE_WITH_KNOTS('',3,3,((#7076,#7077,#7078,#7079),(#7080,
#7081,#7082,#7083),(#7084,#7085,#7086,#7087),(#7088,#7089,#7090,#7091),(#7092,
#7093,#7094,#7095),(#7096,#7097,#7098,#7099),(#7100,#7101,#7102,#7103),(#7104,
#7105,#7106,#7107),(#7108,#7109,#7110,#7111),(#7112,#7113,#7114,#7115)),
.UNSPECIFIED.,.F.,.F.,.F.,(4,1,1,1,1,1,1,4),(4,4),(-9.996681494773E-3,0.E0,
1.068720776125E-1,3.845989798912E-1,6.623258821699E-1,9.400527844486E-1,1.E0,
1.010000902445E0),(4.436411411525E-3,9.955483978956E-1),.UNSPECIFIED.);
#7117=ORIENTED_EDGE('',*,*,#3604,.T.);
#7119=ORIENTED_EDGE('',*,*,#7118,.F.);
#7120=ORIENTED_EDGE('',*,*,#3746,.T.);
#7121=ORIENTED_EDGE('',*,*,#7071,.T.);
#7122=ORIENTED_EDGE('',*,*,#4277,.T.);
#7123=EDGE_LOOP('',(#7117,#7119,#7120,#7121,#7122));
#7124=FACE_OUTER_BOUND('',#7123,.F.);
#7125=ADVANCED_FACE('',(#7124),#7116,.F.);
#7126=CARTESIAN_POINT('',(1.975812914386E1,3.337067300486E0,-4.733404182677E1));
#7127=CARTESIAN_POINT('',(1.962376252434E1,3.108296772208E0,-4.737624782066E1));
#7128=CARTESIAN_POINT('',(1.948939590481E1,2.879526243930E0,-4.741845381454E1));
#7129=CARTESIAN_POINT('',(1.935502928528E1,2.650755715652E0,-4.746065980842E1));
#7130=CARTESIAN_POINT('',(1.975957316177E1,3.348425783794E0,-4.739445610208E1));
#7131=CARTESIAN_POINT('',(1.962520654224E1,3.120045246882E0,-4.743873640863E1));
#7132=CARTESIAN_POINT('',(1.949083992272E1,2.891664709970E0,-4.748301671518E1));
#7133=CARTESIAN_POINT('',(1.935647330319E1,2.663284173058E0,-4.752729702173E1));
#7134=CARTESIAN_POINT('',(1.978871022493E1,3.594166541441E0,-4.861053053703E1));
#7135=CARTESIAN_POINT('',(1.965434360541E1,3.374223466753E0,-4.869656452825E1));
#7136=CARTESIAN_POINT('',(1.951997698588E1,3.154280392064E0,-4.878259851946E1));
#7137=CARTESIAN_POINT('',(1.938561036636E1,2.934337317375E0,-4.886863251068E1));
#7138=CARTESIAN_POINT('',(1.985617170884E1,4.928455549278E0,-5.126780963092E1));
#7139=CARTESIAN_POINT('',(1.972180508931E1,4.754325034158E0,-5.144508079494E1));
#7140=CARTESIAN_POINT('',(1.958743846979E1,4.580194519038E0,-5.162235195896E1));
#7141=CARTESIAN_POINT('',(1.945307185026E1,4.406064003918E0,-5.179962312298E1));
#7142=CARTESIAN_POINT('',(1.996051359558E1,9.140078752681E0,-5.344847033475E1));
#7143=CARTESIAN_POINT('',(1.982614697605E1,9.110553520040E0,-5.370061406971E1));
#7144=CARTESIAN_POINT('',(1.969178035652E1,9.081028287399E0,-5.395275780468E1));
#7145=CARTESIAN_POINT('',(1.955741373699E1,9.051503054757E0,-5.420490153964E1));
#7146=CARTESIAN_POINT('',(2.007548685780E1,1.421040440368E1,-5.218275180618E1));
#7147=CARTESIAN_POINT('',(1.994112023827E1,1.435496783890E1,-5.239143733595E1));
#7148=CARTESIAN_POINT('',(1.980675361874E1,1.449953127412E1,-5.260012286572E1));
#7149=CARTESIAN_POINT('',(1.967238699921E1,1.464409470935E1,-5.280880839549E1));
#7150=CARTESIAN_POINT('',(2.015388428457E1,1.623352400517E1,-4.924932474960E1));
#7151=CARTESIAN_POINT('',(2.001951766504E1,1.644755086751E1,-4.935729161873E1));
#7152=CARTESIAN_POINT('',(1.988515104552E1,1.666157772986E1,-4.946525848787E1));
#7153=CARTESIAN_POINT('',(1.975078442599E1,1.687560459221E1,-4.957322535700E1));
#7154=CARTESIAN_POINT('',(2.019540317762E1,1.662802451030E1,-4.752829737200E1));
#7155=CARTESIAN_POINT('',(2.006103655809E1,1.685559647253E1,-4.757717309312E1));
#7156=CARTESIAN_POINT('',(1.992666993856E1,1.708316843477E1,-4.762604881424E1));
#7157=CARTESIAN_POINT('',(1.979230331903E1,1.731074039700E1,-4.767492453536E1));
#7158=CARTESIAN_POINT('',(2.019859764992E1,1.665424188775E1,-4.739499078969E1));
#7159=CARTESIAN_POINT('',(2.006423103039E1,1.688271401866E1,-4.743928945463E1));
#7160=CARTESIAN_POINT('',(1.992986441086E1,1.711118614957E1,-4.748358811958E1));
#7161=CARTESIAN_POINT('',(1.979549779133E1,1.733965828047E1,-4.752788678452E1));
#7162=CARTESIAN_POINT('',(2.020004353693E1,1.666526396361E1,-4.733449415073E1));
#7163=CARTESIAN_POINT('',(2.006567691740E1,1.689411453540E1,-4.737671567507E1));
#7164=CARTESIAN_POINT('',(1.993131029787E1,1.712296510719E1,-4.741893719941E1));
#7165=CARTESIAN_POINT('',(1.979694367834E1,1.735181567898E1,-4.746115872376E1));
#7166=B_SPLINE_SURFACE_WITH_KNOTS('',3,3,((#7126,#7127,#7128,#7129),(#7130,
#7131,#7132,#7133),(#7134,#7135,#7136,#7137),(#7138,#7139,#7140,#7141),(#7142,
#7143,#7144,#7145),(#7146,#7147,#7148,#7149),(#7150,#7151,#7152,#7153),(#7154,
#7155,#7156,#7157),(#7158,#7159,#7160,#7161),(#7162,#7163,#7164,#7165)),
.UNSPECIFIED.,.F.,.F.,.F.,(4,1,1,1,1,1,1,4),(4,4),(-9.999092745083E-3,0.E0,
1.917603145084E-1,4.571375204435E-1,7.225147263778E-1,9.878919323120E-1,1.E0,
1.010012035309E0),(2.301774386170E-3,1.003699202501E0),.UNSPECIFIED.);
#7167=ORIENTED_EDGE('',*,*,#3602,.T.);
#7169=ORIENTED_EDGE('',*,*,#7168,.T.);
#7170=ORIENTED_EDGE('',*,*,#3748,.T.);
#7171=ORIENTED_EDGE('',*,*,#7118,.T.);
#7172=EDGE_LOOP('',(#7167,#7169,#7170,#7171));
#7173=FACE_OUTER_BOUND('',#7172,.F.);
#7174=ADVANCED_FACE('',(#7173),#7166,.F.);
#7175=CARTESIAN_POINT('',(1.93E1,1.E1,-4.610479390360E1));
#7176=DIRECTION('',(1.E0,0.E0,0.E0));
#7177=DIRECTION('',(0.E0,1.E0,0.E0));
#7178=AXIS2_PLACEMENT_3D('',#7175,#7176,#7177);
#7179=CYLINDRICAL_SURFACE('',#7178,6.85E0);
#7180=ORIENTED_EDGE('',*,*,#3600,.T.);
#7182=ORIENTED_EDGE('',*,*,#7181,.T.);
#7183=ORIENTED_EDGE('',*,*,#3750,.T.);
#7184=ORIENTED_EDGE('',*,*,#7168,.F.);
#7185=EDGE_LOOP('',(#7180,#7182,#7183,#7184));
#7186=FACE_OUTER_BOUND('',#7185,.F.);
#7187=ADVANCED_FACE('',(#7186),#7179,.T.);
#7188=CARTESIAN_POINT('',(2.019724858279E1,2.618779922896E0,-4.725963401793E1));
#7189=CARTESIAN_POINT('',(2.006337183207E1,2.847787195494E0,-4.722380433366E1));
#7190=CARTESIAN_POINT('',(1.992949508134E1,3.076794468092E0,-4.718797464940E1));
#7191=CARTESIAN_POINT('',(1.979561833061E1,3.305801740689E0,-4.715214496513E1));
#7192=CARTESIAN_POINT('',(2.020013555144E1,2.639823814239E0,-4.739359982541E1));
#7193=CARTESIAN_POINT('',(2.006625880072E1,2.868178186082E0,-4.735361376267E1));
#7194=CARTESIAN_POINT('',(1.993238204999E1,3.096532557925E0,-4.731362769994E1));
#7195=CARTESIAN_POINT('',(1.979850529926E1,3.324886929767E0,-4.727364163720E1));
#7196=CARTESIAN_POINT('',(2.021820070401E1,2.793961963876E0,-4.822840067475E1));
#7197=CARTESIAN_POINT('',(2.008432395328E1,3.017534096890E0,-4.816251435925E1));
#7198=CARTESIAN_POINT('',(1.995044720255E1,3.241106229905E0,-4.809662804376E1));
#7199=CARTESIAN_POINT('',(1.981657045183E1,3.464678362919E0,-4.803074172826E1));
#7200=CARTESIAN_POINT('',(2.026854918990E1,3.610957094366E0,-5.047237063458E1));
#7201=CARTESIAN_POINT('',(2.013467243918E1,3.809181408917E0,-5.033686365544E1));
#7202=CARTESIAN_POINT('',(2.000079568845E1,4.007405723467E0,-5.020135667629E1));
#7203=CARTESIAN_POINT('',(1.986691893773E1,4.205630038017E0,-5.006584969715E1));
#7204=CARTESIAN_POINT('',(2.034829404049E1,6.424409432391E0,-5.320480070737E1));
#7205=CARTESIAN_POINT('',(2.021441728976E1,6.535344512941E0,-5.298451826401E1));
#7206=CARTESIAN_POINT('',(2.008054053903E1,6.646279593492E0,-5.276423582066E1));
#7207=CARTESIAN_POINT('',(1.994666378831E1,6.757214674043E0,-5.254395337730E1));
#7208=CARTESIAN_POINT('',(2.044514404049E1,1.112504261981E1,-5.397430619058E1));
#7209=CARTESIAN_POINT('',(2.031126728976E1,1.109013742267E1,-5.373014932672E1));
#7210=CARTESIAN_POINT('',(2.017739053903E1,1.105523222553E1,-5.348599246286E1));
#7211=CARTESIAN_POINT('',(2.004351378831E1,1.102032702839E1,-5.324183559900E1));
#7212=CARTESIAN_POINT('',(2.054199404049E1,1.542176581663E1,-5.191851903951E1));
#7213=CARTESIAN_POINT('',(2.040811728976E1,1.525355191847E1,-5.173814434222E1));
#7214=CARTESIAN_POINT('',(2.027424053904E1,1.508533802032E1,-5.155776964493E1));
#7215=CARTESIAN_POINT('',(2.014036378831E1,1.491712412217E1,-5.137739494765E1));
#7216=CARTESIAN_POINT('',(2.060667143613E1,1.699126241539E1,-4.915177150035E1));
#7217=CARTESIAN_POINT('',(2.047279468540E1,1.677435383915E1,-4.905723698955E1));
#7218=CARTESIAN_POINT('',(2.033891793468E1,1.655744526291E1,-4.896270247875E1));
#7219=CARTESIAN_POINT('',(2.020504118395E1,1.634053668667E1,-4.886816796796E1));
#7220=CARTESIAN_POINT('',(2.064195394338E1,1.733745384047E1,-4.753283748334E1));
#7221=CARTESIAN_POINT('',(2.050807719265E1,1.710980444454E1,-4.748853147947E1));
#7222=CARTESIAN_POINT('',(2.037420044193E1,1.688215504860E1,-4.744422547559E1));
#7223=CARTESIAN_POINT('',(2.024032369120E1,1.665450565267E1,-4.739991947171E1));
#7224=CARTESIAN_POINT('',(2.064495311724E1,1.736286879010E1,-4.739436631188E1));
#7225=CARTESIAN_POINT('',(2.051107636652E1,1.713443087836E1,-4.735435646842E1));
#7226=CARTESIAN_POINT('',(2.037719961579E1,1.690599296661E1,-4.731434662496E1));
#7227=CARTESIAN_POINT('',(2.024332286506E1,1.667755505486E1,-4.727433678149E1));
#7228=CARTESIAN_POINT('',(2.064784156211E1,1.738364222572E1,-4.726041825781E1));
#7229=CARTESIAN_POINT('',(2.051396481139E1,1.715455980428E1,-4.722456424188E1));
#7230=CARTESIAN_POINT('',(2.038008806066E1,1.692547738283E1,-4.718871022595E1));
#7231=CARTESIAN_POINT('',(2.024621130993E1,1.669639496139E1,-4.715285621002E1));
#7232=B_SPLINE_SURFACE_WITH_KNOTS('',3,3,((#7188,#7189,#7190,#7191),(#7192,
#7193,#7194,#7195),(#7196,#7197,#7198,#7199),(#7200,#7201,#7202,#7203),(#7204,
#7205,#7206,#7207),(#7208,#7209,#7210,#7211),(#7212,#7213,#7214,#7215),(#7216,
#7217,#7218,#7219),(#7220,#7221,#7222,#7223),(#7224,#7225,#7226,#7227),(#7228,
#7229,#7230,#7231)),.UNSPECIFIED.,.F.,.F.,.F.,(4,1,1,1,1,1,1,1,4),(4,4),(
-1.998977805597E-2,0.E0,1.050958859299E-1,3.286302386747E-1,5.521645914186E-1,
7.756989441625E-1,9.992332969072E-1,1.E0,1.02E0),(-4.739491566385E-4,
9.977482664104E-1),.UNSPECIFIED.);
#7233=ORIENTED_EDGE('',*,*,#3598,.T.);
#7235=ORIENTED_EDGE('',*,*,#7234,.F.);
#7236=ORIENTED_EDGE('',*,*,#3752,.T.);
#7237=ORIENTED_EDGE('',*,*,#7181,.F.);
#7238=EDGE_LOOP('',(#7233,#7235,#7236,#7237));
#7239=FACE_OUTER_BOUND('',#7238,.F.);
#7240=ADVANCED_FACE('',(#7239),#7232,.F.);
#7241=CARTESIAN_POINT('',(2.051905966902E1,3.233484175230E0,-4.909300408130E1));
#7242=CARTESIAN_POINT('',(2.038380546051E1,3.233484175230E0,-4.909300408130E1));
#7243=CARTESIAN_POINT('',(2.024855125201E1,3.233484175230E0,-4.909300408130E1));
#7244=CARTESIAN_POINT('',(2.011329704350E1,3.233484175230E0,-4.909300408130E1));
#7245=CARTESIAN_POINT('',(2.052026045789E1,3.256006285281E0,-4.914411120834E1));
#7246=CARTESIAN_POINT('',(2.038500624938E1,3.256006285281E0,-4.914411120834E1));
#7247=CARTESIAN_POINT('',(2.024975204088E1,3.256006285281E0,-4.914411120834E1));
#7248=CARTESIAN_POINT('',(2.011449783237E1,3.256006285281E0,-4.914411120834E1));
#7249=CARTESIAN_POINT('',(2.053465401077E1,3.532784267718E0,-4.975369995668E1));
#7250=CARTESIAN_POINT('',(2.039939980226E1,3.532784267718E0,-4.975369995668E1));
#7251=CARTESIAN_POINT('',(2.026414559376E1,3.532784267718E0,-4.975369995668E1));
#7252=CARTESIAN_POINT('',(2.012889138525E1,3.532784267718E0,-4.975369995668E1));
#7253=CARTESIAN_POINT('',(2.058241649294E1,4.719619356110E0,-5.164995573763E1));
#7254=CARTESIAN_POINT('',(2.044716228444E1,4.719619356110E0,-5.164995573763E1));
#7255=CARTESIAN_POINT('',(2.031190807593E1,4.719619356110E0,-5.164995573763E1));
#7256=CARTESIAN_POINT('',(2.017665386742E1,4.719619356110E0,-5.164995573763E1));
#7257=CARTESIAN_POINT('',(2.066234711554E1,8.008693028037E0,-5.375426283601E1));
#7258=CARTESIAN_POINT('',(2.052709290704E1,8.008693028037E0,-5.375426283601E1));
#7259=CARTESIAN_POINT('',(2.039183869853E1,8.008693028037E0,-5.375426283601E1));
#7260=CARTESIAN_POINT('',(2.025658449002E1,8.008693028037E0,-5.375426283601E1));
#7261=CARTESIAN_POINT('',(2.076245390344E1,1.289018085696E1,-5.346186757539E1));
#7262=CARTESIAN_POINT('',(2.062719969494E1,1.289018085696E1,-5.346186757539E1));
#7263=CARTESIAN_POINT('',(2.049194548643E1,1.289018085696E1,-5.346186757539E1));
#7264=CARTESIAN_POINT('',(2.035669127792E1,1.289018085696E1,-5.346186757539E1));
#7265=CARTESIAN_POINT('',(2.083603839489E1,1.566522055096E1,-5.117704169708E1));
#7266=CARTESIAN_POINT('',(2.070078418638E1,1.566522055096E1,-5.117704169708E1));
#7267=CARTESIAN_POINT('',(2.056552997787E1,1.566522055096E1,-5.117704169708E1));
#7268=CARTESIAN_POINT('',(2.043027576937E1,1.566522055096E1,-5.117704169708E1));
#7269=CARTESIAN_POINT('',(2.087745561521E1,1.659111213145E1,-4.948558911981E1));
#7270=CARTESIAN_POINT('',(2.074220140671E1,1.659111213145E1,-4.948558911981E1));
#7271=CARTESIAN_POINT('',(2.060694719820E1,1.659111213145E1,-4.948558911981E1));
#7272=CARTESIAN_POINT('',(2.047169298969E1,1.659111213145E1,-4.948558911981E1));
#7273=CARTESIAN_POINT('',(2.088550390624E1,1.674536601229E1,-4.914474006516E1));
#7274=CARTESIAN_POINT('',(2.075024969774E1,1.674536601229E1,-4.914474006516E1));
#7275=CARTESIAN_POINT('',(2.061499548923E1,1.674536601229E1,-4.914474006516E1));
#7276=CARTESIAN_POINT('',(2.047974128072E1,1.674536601229E1,-4.914474006516E1));
#7277=CARTESIAN_POINT('',(2.088670556442E1,1.676782120851E1,-4.909359223978E1));
#7278=CARTESIAN_POINT('',(2.075145135592E1,1.676782120851E1,-4.909359223978E1));
#7279=CARTESIAN_POINT('',(2.061619714741E1,1.676782120851E1,-4.909359223978E1));
#7280=CARTESIAN_POINT('',(2.048094293890E1,1.676782120851E1,-4.909359223978E1));
#7281=B_SPLINE_SURFACE_WITH_KNOTS('',3,3,((#7241,#7242,#7243,#7244),(#7245,
#7246,#7247,#7248),(#7249,#7250,#7251,#7252),(#7253,#7254,#7255,#7256),(#7257,
#7258,#7259,#7260),(#7261,#7262,#7263,#7264),(#7265,#7266,#7267,#7268),(#7269,
#7270,#7271,#7272),(#7273,#7274,#7275,#7276),(#7277,#7278,#7279,#7280)),
.UNSPECIFIED.,.F.,.F.,.F.,(4,1,1,1,1,1,1,4),(4,4),(-9.994398689411E-3,0.E0,
1.098059337679E-1,3.875420047682E-1,6.652780757675E-1,9.430141467678E-1,1.E0,
1.010001634105E0),(4.464929733341E-3,9.955478519095E-1),.UNSPECIFIED.);
#7282=ORIENTED_EDGE('',*,*,#3596,.T.);
#7284=ORIENTED_EDGE('',*,*,#7283,.F.);
#7285=ORIENTED_EDGE('',*,*,#3754,.T.);
#7286=ORIENTED_EDGE('',*,*,#7234,.T.);
#7287=EDGE_LOOP('',(#7282,#7284,#7285,#7286));
#7288=FACE_OUTER_BOUND('',#7287,.F.);
#7289=ADVANCED_FACE('',(#7288),#7281,.F.);
#7290=CARTESIAN_POINT('',(2.075811003567E1,3.334574010085E0,-4.733454977912E1));
#7291=CARTESIAN_POINT('',(2.062373880046E1,3.105708935152E0,-4.737677486286E1));
#7292=CARTESIAN_POINT('',(2.048936756526E1,2.876843860220E0,-4.741899994660E1));
#7293=CARTESIAN_POINT('',(2.035499633005E1,2.647978785287E0,-4.746122503034E1));
#7294=CARTESIAN_POINT('',(2.075955586813E1,3.345621012235E0,-4.739503395880E1));
#7295=CARTESIAN_POINT('',(2.062518463292E1,3.117135248840E0,-4.743933583649E1));
#7296=CARTESIAN_POINT('',(2.049081339772E1,2.888649485444E0,-4.748363771417E1));
#7297=CARTESIAN_POINT('',(2.035644216252E1,2.660163722048E0,-4.752793959185E1));
#7298=CARTESIAN_POINT('',(2.076196748038E1,3.365462147956E0,-4.749565438549E1));
#7299=CARTESIAN_POINT('',(2.062759624518E1,3.137657652797E0,-4.754341118136E1));
#7300=CARTESIAN_POINT('',(2.049322500997E1,2.909853157638E0,-4.759116797723E1));
#7301=CARTESIAN_POINT('',(2.035885377477E1,2.682048662479E0,-4.763892477310E1));
#7302=CARTESIAN_POINT('',(2.080270351337E1,3.740624738011E0,-4.918672291934E1));
#7303=CARTESIAN_POINT('',(2.066833227817E1,3.525701882288E0,-4.929254450016E1));
#7304=CARTESIAN_POINT('',(2.053396104297E1,3.310779026564E0,-4.939836608098E1));
#7305=CARTESIAN_POINT('',(2.039958980776E1,3.095856170840E0,-4.950418766181E1));
#7306=CARTESIAN_POINT('',(2.088031813465E1,5.700533692936E0,-5.212003666382E1));
#7307=CARTESIAN_POINT('',(2.074594689944E1,5.552906567524E0,-5.232657694904E1));
#7308=CARTESIAN_POINT('',(2.061157566424E1,5.405279442113E0,-5.253311723426E1));
#7309=CARTESIAN_POINT('',(2.047720442904E1,5.257652316701E0,-5.273965751947E1));
#7310=CARTESIAN_POINT('',(2.099529139687E1,1.075163843539E1,-5.346030854590E1));
#7311=CARTESIAN_POINT('',(2.086092016166E1,1.077744680640E1,-5.371286860917E1));
#7312=CARTESIAN_POINT('',(2.072654892646E1,1.080325517740E1,-5.396542867244E1));
#7313=CARTESIAN_POINT('',(2.059217769126E1,1.082906354840E1,-5.421798873572E1));
#7314=CARTESIAN_POINT('',(2.110041524405E1,1.502671160742E1,-5.132605668729E1));
#7315=CARTESIAN_POINT('',(2.096604400885E1,1.519930953746E1,-5.150533475594E1));
#7316=CARTESIAN_POINT('',(2.083167277365E1,1.537190746750E1,-5.168461282460E1));
#7317=CARTESIAN_POINT('',(2.069730153844E1,1.554450539754E1,-5.186389089325E1));
#7318=CARTESIAN_POINT('',(2.116865852533E1,1.639948908308E1,-4.864299601332E1));
#7319=CARTESIAN_POINT('',(2.103428729013E1,1.661922290816E1,-4.873014810486E1));
#7320=CARTESIAN_POINT('',(2.089991605493E1,1.683895673324E1,-4.881730019641E1));
#7321=CARTESIAN_POINT('',(2.076554481973E1,1.705869055831E1,-4.890445228795E1));
#7322=CARTESIAN_POINT('',(2.119857738587E1,1.665188142939E1,-4.739448473931E1));
#7323=CARTESIAN_POINT('',(2.106420615067E1,1.688028143624E1,-4.743876775891E1));
#7324=CARTESIAN_POINT('',(2.092983491547E1,1.710868144310E1,-4.748305077851E1));
#7325=CARTESIAN_POINT('',(2.079546368027E1,1.733708144995E1,-4.752733379811E1));
#7326=CARTESIAN_POINT('',(2.120002124070E1,1.666323903644E1,-4.733408618090E1));
#7327=CARTESIAN_POINT('',(2.106565000550E1,1.689202901981E1,-4.737629534647E1));
#7328=CARTESIAN_POINT('',(2.093127877030E1,1.712081900318E1,-4.741850451203E1));
#7329=CARTESIAN_POINT('',(2.079690753510E1,1.734960898654E1,-4.746071367760E1));
#7330=B_SPLINE_SURFACE_WITH_KNOTS('',3,3,((#7290,#7291,#7292,#7293),(#7294,
#7295,#7296,#7297),(#7298,#7299,#7300,#7301),(#7302,#7303,#7304,#7305),(#7306,
#7307,#7308,#7309),(#7310,#7311,#7312,#7313),(#7314,#7315,#7316,#7317),(#7318,
#7319,#7320,#7321),(#7322,#7323,#7324,#7325),(#7326,#7327,#7328,#7329)),
.UNSPECIFIED.,.F.,.F.,.F.,(4,1,1,1,1,1,1,4),(4,4),(-1.001171620405E-2,0.E0,
6.687575116626E-3,2.720663339330E-1,5.374450927502E-1,8.028238515666E-1,1.E0,
1.009998022046E0),(2.255961695992E-3,1.003687789160E0),.UNSPECIFIED.);
#7331=ORIENTED_EDGE('',*,*,#3594,.T.);
#7333=ORIENTED_EDGE('',*,*,#7332,.T.);
#7334=ORIENTED_EDGE('',*,*,#3756,.T.);
#7335=ORIENTED_EDGE('',*,*,#7283,.T.);
#7336=EDGE_LOOP('',(#7331,#7333,#7334,#7335));
#7337=FACE_OUTER_BOUND('',#7336,.F.);
#7338=ADVANCED_FACE('',(#7337),#7330,.F.);
#7339=CARTESIAN_POINT('',(1.93E1,1.E1,-4.610479390360E1));
#7340=DIRECTION('',(1.E0,0.E0,0.E0));
#7341=DIRECTION('',(0.E0,1.E0,0.E0));
#7342=AXIS2_PLACEMENT_3D('',#7339,#7340,#7341);
#7343=CYLINDRICAL_SURFACE('',#7342,6.85E0);
#7344=ORIENTED_EDGE('',*,*,#3592,.T.);
#7346=ORIENTED_EDGE('',*,*,#7345,.T.);
#7347=ORIENTED_EDGE('',*,*,#3758,.T.);
#7348=ORIENTED_EDGE('',*,*,#7332,.F.);
#7349=EDGE_LOOP('',(#7344,#7346,#7347,#7348));
#7350=FACE_OUTER_BOUND('',#7349,.F.);
#7351=ADVANCED_FACE('',(#7350),#7343,.T.);
#7352=CARTESIAN_POINT('',(2.120125361600E1,2.651788240244E0,-4.746044733074E1));
#7353=CARTESIAN_POINT('',(2.106757726489E1,2.879446774443E0,-4.741844717040E1));
#7354=CARTESIAN_POINT('',(2.093390091378E1,3.107105308643E0,-4.737644701006E1));
#7355=CARTESIAN_POINT('',(2.080022456267E1,3.334763842842E0,-4.733444684973E1));
#7356=CARTESIAN_POINT('',(2.120269820227E1,2.663959487360E0,-4.752715262651E1));
#7357=CARTESIAN_POINT('',(2.106902185117E1,2.891240938213E0,-4.748308583686E1));
#7358=CARTESIAN_POINT('',(2.093534550006E1,3.118522389066E0,-4.743901904720E1));
#7359=CARTESIAN_POINT('',(2.080166914895E1,3.345803839920E0,-4.739495225755E1));
#7360=CARTESIAN_POINT('',(2.120882325149E1,2.719422918774E0,-4.780925735710E1));
#7361=CARTESIAN_POINT('',(2.107514690039E1,2.944986029995E0,-4.775645054312E1));
#7362=CARTESIAN_POINT('',(2.094147054928E1,3.170549141215E0,-4.770364372915E1));
#7363=CARTESIAN_POINT('',(2.080779419817E1,3.396112252436E0,-4.765083691518E1));
#7364=CARTESIAN_POINT('',(2.124723163405E1,3.169793877270E0,-4.955607509650E1));
#7365=CARTESIAN_POINT('',(2.111355528294E1,3.381403826060E0,-4.944914926976E1));
#7366=CARTESIAN_POINT('',(2.097987893183E1,3.593013774850E0,-4.934222344302E1));
#7367=CARTESIAN_POINT('',(2.084620258072E1,3.804623723640E0,-4.923529761628E1));
#7368=CARTESIAN_POINT('',(2.131647876365E1,5.098492343755E0,-5.236266358151E1));
#7369=CARTESIAN_POINT('',(2.118280241255E1,5.250348344217E0,-5.216878546740E1));
#7370=CARTESIAN_POINT('',(2.104912606144E1,5.402204344680E0,-5.197490735329E1));
#7371=CARTESIAN_POINT('',(2.091544971033E1,5.554060345142E0,-5.178102923918E1));
#7372=CARTESIAN_POINT('',(2.141332876365E1,9.555723906092E0,-5.404131259612E1));
#7373=CARTESIAN_POINT('',(2.127965241255E1,9.569488240548E0,-5.379542743777E1));
#7374=CARTESIAN_POINT('',(2.114597606144E1,9.583252575005E0,-5.354954227941E1));
#7375=CARTESIAN_POINT('',(2.101229971033E1,9.597016909461E0,-5.330365712105E1));
#7376=CARTESIAN_POINT('',(2.151017876365E1,1.417245838307E1,-5.287061251107E1));
#7377=CARTESIAN_POINT('',(2.137650241255E1,1.404318941388E1,-5.266099738331E1));
#7378=CARTESIAN_POINT('',(2.124282606144E1,1.391392044470E1,-5.245138225555E1));
#7379=CARTESIAN_POINT('',(2.110914971033E1,1.378465147552E1,-5.224176712779E1));
#7380=CARTESIAN_POINT('',(2.158535914316E1,1.659340540968E1,-5.007628752257E1));
#7381=CARTESIAN_POINT('',(2.145168279206E1,1.638913189933E1,-4.995324474081E1));
#7382=CARTESIAN_POINT('',(2.131800644095E1,1.618485838899E1,-4.983020195905E1));
#7383=CARTESIAN_POINT('',(2.118433008984E1,1.598058487864E1,-4.970715917729E1));
#7384=CARTESIAN_POINT('',(2.162970011169E1,1.722503454825E1,-4.808246130254E1));
#7385=CARTESIAN_POINT('',(2.149602376058E1,1.700119222735E1,-4.802119022382E1));
#7386=CARTESIAN_POINT('',(2.136234740947E1,1.677734990644E1,-4.795991914510E1));
#7387=CARTESIAN_POINT('',(2.122867105837E1,1.655350758554E1,-4.789864806638E1));
#7388=CARTESIAN_POINT('',(2.164175774688E1,1.733455840286E1,-4.752685089007E1));
#7389=CARTESIAN_POINT('',(2.150808139577E1,1.710732286998E1,-4.748279344866E1));
#7390=CARTESIAN_POINT('',(2.137440504467E1,1.688008733709E1,-4.743873600725E1));
#7391=CARTESIAN_POINT('',(2.124072869356E1,1.665285180420E1,-4.739467856583E1));
#7392=CARTESIAN_POINT('',(2.164320166923E1,1.734677890918E1,-4.746014837023E1));
#7393=CARTESIAN_POINT('',(2.150952531812E1,1.711916476682E1,-4.741815747213E1));
#7394=CARTESIAN_POINT('',(2.137584896701E1,1.689155062447E1,-4.737616657404E1));
#7395=CARTESIAN_POINT('',(2.124217261591E1,1.666393648211E1,-4.733417567594E1));
#7396=B_SPLINE_SURFACE_WITH_KNOTS('',3,3,((#7352,#7353,#7354,#7355),(#7356,
#7357,#7358,#7359),(#7360,#7361,#7362,#7363),(#7364,#7365,#7366,#7367),(#7368,
#7369,#7370,#7371),(#7372,#7373,#7374,#7375),(#7376,#7377,#7378,#7379),(#7380,
#7381,#7382,#7383),(#7384,#7385,#7386,#7387),(#7388,#7389,#7390,#7391),(#7392,
#7393,#7394,#7395)),.UNSPECIFIED.,.F.,.F.,.F.,(4,1,1,1,1,1,1,1,4),(4,4),(
-1.000215462667E-2,0.E0,3.240700451921E-2,2.559332117518E-1,4.794594189843E-1,
7.029856262178E-1,9.265118334503E-1,1.E0,1.009997557641E0),(3.096480397746E-4,
9.970376284216E-1),.UNSPECIFIED.);
#7397=ORIENTED_EDGE('',*,*,#3590,.T.);
#7399=ORIENTED_EDGE('',*,*,#7398,.F.);
#7400=ORIENTED_EDGE('',*,*,#3760,.T.);
#7401=ORIENTED_EDGE('',*,*,#7345,.F.);
#7402=EDGE_LOOP('',(#7397,#7399,#7400,#7401));
#7403=FACE_OUTER_BOUND('',#7402,.F.);
#7404=ADVANCED_FACE('',(#7403),#7396,.F.);
#7405=CARTESIAN_POINT('',(2.151905973289E1,3.233516488869E0,-4.909298849879E1));
#7406=CARTESIAN_POINT('',(2.138380583485E1,3.233516488869E0,-4.909298849879E1));
#7407=CARTESIAN_POINT('',(2.124855193680E1,3.233516488869E0,-4.909298849879E1));
#7408=CARTESIAN_POINT('',(2.111329803875E1,3.233516488869E0,-4.909298849879E1));
#7409=CARTESIAN_POINT('',(2.152026050047E1,3.256044496635E0,-4.914409276305E1));
#7410=CARTESIAN_POINT('',(2.138500660243E1,3.256044496635E0,-4.914409276305E1));
#7411=CARTESIAN_POINT('',(2.124975270438E1,3.256044496635E0,-4.914409276305E1));
#7412=CARTESIAN_POINT('',(2.111449880633E1,3.256044496635E0,-4.914409276305E1));
#7413=CARTESIAN_POINT('',(2.153500975598E1,3.539738286690E0,-4.976872445009E1));
#7414=CARTESIAN_POINT('',(2.139975585794E1,3.539738286690E0,-4.976872445009E1));
#7415=CARTESIAN_POINT('',(2.126450195989E1,3.539738286690E0,-4.976872445009E1));
#7416=CARTESIAN_POINT('',(2.112924806185E1,3.539738286690E0,-4.976872445009E1));
#7417=CARTESIAN_POINT('',(2.158312794080E1,4.742243978253E0,-5.167599372162E1));
#7418=CARTESIAN_POINT('',(2.144787404275E1,4.742243978253E0,-5.167599372162E1));
#7419=CARTESIAN_POINT('',(2.131262014470E1,4.742243978253E0,-5.167599372162E1));
#7420=CARTESIAN_POINT('',(2.117736624666E1,4.742243978253E0,-5.167599372162E1));
#7421=CARTESIAN_POINT('',(2.166341428733E1,8.060062961067E0,-5.376745158125E1));
#7422=CARTESIAN_POINT('',(2.152816038928E1,8.060062961067E0,-5.376745158125E1));
#7423=CARTESIAN_POINT('',(2.139290649124E1,8.060062961067E0,-5.376745158125E1));
#7424=CARTESIAN_POINT('',(2.125765259319E1,8.060062961067E0,-5.376745158125E1));
#7425=CARTESIAN_POINT('',(2.176352107522E1,1.293947906575E1,-5.344230992621E1));
#7426=CARTESIAN_POINT('',(2.162826717717E1,1.293947906575E1,-5.344230992621E1));
#7427=CARTESIAN_POINT('',(2.149301327913E1,1.293947906575E1,-5.344230992621E1));
#7428=CARTESIAN_POINT('',(2.135775938108E1,1.293947906575E1,-5.344230992621E1));
#7429=CARTESIAN_POINT('',(2.183674953228E1,1.568577350205E1,-5.115006081311E1));
#7430=CARTESIAN_POINT('',(2.170149563423E1,1.568577350205E1,-5.115006081311E1));
#7431=CARTESIAN_POINT('',(2.156624173619E1,1.568577350205E1,-5.115006081311E1));
#7432=CARTESIAN_POINT('',(2.143098783814E1,1.568577350205E1,-5.115006081311E1));
#7433=CARTESIAN_POINT('',(2.187781076687E1,1.659804122725E1,-4.947054619694E1));
#7434=CARTESIAN_POINT('',(2.174255686882E1,1.659804122725E1,-4.947054619694E1));
#7435=CARTESIAN_POINT('',(2.160730297078E1,1.659804122725E1,-4.947054619694E1));
#7436=CARTESIAN_POINT('',(2.147204907273E1,1.659804122725E1,-4.947054619694E1));
#7437=CARTESIAN_POINT('',(2.188550307216E1,1.674546506866E1,-4.914478636210E1));
#7438=CARTESIAN_POINT('',(2.175024917412E1,1.674546506866E1,-4.914478636210E1));
#7439=CARTESIAN_POINT('',(2.161499527607E1,1.674546506866E1,-4.914478636210E1));
#7440=CARTESIAN_POINT('',(2.147974137802E1,1.674546506866E1,-4.914478636210E1));
#7441=CARTESIAN_POINT('',(2.188670477899E1,1.676791936621E1,-4.909363817801E1));
#7442=CARTESIAN_POINT('',(2.175145088094E1,1.676791936621E1,-4.909363817801E1));
#7443=CARTESIAN_POINT('',(2.161619698290E1,1.676791936621E1,-4.909363817801E1));
#7444=CARTESIAN_POINT('',(2.148094308485E1,1.676791936621E1,-4.909363817801E1));
#7445=B_SPLINE_SURFACE_WITH_KNOTS('',3,3,((#7405,#7406,#7407,#7408),(#7409,
#7410,#7411,#7412),(#7413,#7414,#7415,#7416),(#7417,#7418,#7419,#7420),(#7421,
#7422,#7423,#7424),(#7425,#7426,#7427,#7428),(#7429,#7430,#7431,#7432),(#7433,
#7434,#7435,#7436),(#7437,#7438,#7439,#7440),(#7441,#7442,#7443,#7444)),
.UNSPECIFIED.,.F.,.F.,.F.,(4,1,1,1,1,1,1,4),(4,4),(-9.994247309759E-3,0.E0,
1.127669844016E-1,3.905037730821E-1,6.682405617626E-1,9.459773504430E-1,1.E0,
1.010002064874E0),(4.466656995873E-3,9.955473042524E-1),.UNSPECIFIED.);
#7446=ORIENTED_EDGE('',*,*,#3588,.T.);
#7448=ORIENTED_EDGE('',*,*,#7447,.F.);
#7449=ORIENTED_EDGE('',*,*,#3762,.T.);
#7450=ORIENTED_EDGE('',*,*,#7398,.T.);
#7451=EDGE_LOOP('',(#7446,#7448,#7449,#7450));
#7452=FACE_OUTER_BOUND('',#7451,.F.);
#7453=ADVANCED_FACE('',(#7452),#7445,.F.);
#7454=CARTESIAN_POINT('',(2.175802947466E1,3.338757959006E0,-4.733370237318E1));
#7455=CARTESIAN_POINT('',(2.162368088792E1,3.110079205605E0,-4.737589048993E1));
#7456=CARTESIAN_POINT('',(2.148933230118E1,2.881400452205E0,-4.741807860667E1));
#7457=CARTESIAN_POINT('',(2.135498371444E1,2.652721698805E0,-4.746026672341E1));
#7458=CARTESIAN_POINT('',(2.175947279073E1,3.349776619845E0,-4.739419577523E1));
#7459=CARTESIAN_POINT('',(2.162512420399E1,3.121476134282E0,-4.743846061516E1));
#7460=CARTESIAN_POINT('',(2.149077561725E1,2.893175648720E0,-4.748272545508E1));
#7461=CARTESIAN_POINT('',(2.135642703051E1,2.664875163158E0,-4.752699029501E1));
#7462=CARTESIAN_POINT('',(2.177347426780E1,3.464494185936E0,-4.797956051705E1));
#7463=CARTESIAN_POINT('',(2.163912568106E1,3.240131925385E0,-4.804392078041E1));
#7464=CARTESIAN_POINT('',(2.150477709433E1,3.015769664833E0,-4.810828104378E1));
#7465=CARTESIAN_POINT('',(2.137042850759E1,2.791407404282E0,-4.817264130714E1));
#7466=CARTESIAN_POINT('',(2.182580016561E1,4.176262160596E0,-5.010550517519E1));
#7467=CARTESIAN_POINT('',(2.169145157887E1,3.976334714476E0,-5.024284858063E1));
#7468=CARTESIAN_POINT('',(2.155710299214E1,3.776407268356E0,-5.038019198606E1));
#7469=CARTESIAN_POINT('',(2.142275440540E1,3.576479822236E0,-5.051753539149E1));
#7470=CARTESIAN_POINT('',(2.191500716809E1,7.105920624307E0,-5.290882398387E1));
#7471=CARTESIAN_POINT('',(2.178065858135E1,7.006567611791E0,-5.314240461452E1));
#7472=CARTESIAN_POINT('',(2.164630999461E1,6.907214599274E0,-5.337598524518E1));
#7473=CARTESIAN_POINT('',(2.151196140787E1,6.807861586757E0,-5.360956587583E1));
#7474=CARTESIAN_POINT('',(2.202998043031E1,1.232752571130E1,-5.312285232951E1));
#7475=CARTESIAN_POINT('',(2.189563184357E1,1.240742907990E1,-5.336378049910E1));
#7476=CARTESIAN_POINT('',(2.176128325682E1,1.248733244851E1,-5.360470866869E1));
#7477=CARTESIAN_POINT('',(2.162693467008E1,1.256723581712E1,-5.384563683827E1));
#7478=CARTESIAN_POINT('',(2.212353014898E1,1.563009187566E1,-5.044436277241E1));
#7479=CARTESIAN_POINT('',(2.198918156224E1,1.582337150486E1,-5.059333907339E1));
#7480=CARTESIAN_POINT('',(2.185483297550E1,1.601665113405E1,-5.074231537437E1));
#7481=CARTESIAN_POINT('',(2.172048438876E1,1.620993076324E1,-5.089129167535E1));
#7482=CARTESIAN_POINT('',(2.218019833885E1,1.649767473318E1,-4.816082314618E1));
#7483=CARTESIAN_POINT('',(2.204584975211E1,1.672073826230E1,-4.823140610973E1));
#7484=CARTESIAN_POINT('',(2.191150116537E1,1.694380179141E1,-4.830198907327E1));
#7485=CARTESIAN_POINT('',(2.177715257862E1,1.716686532053E1,-4.837257203681E1));
#7486=CARTESIAN_POINT('',(2.219854210797E1,1.664939087064E1,-4.739390341858E1));
#7487=CARTESIAN_POINT('',(2.206419352123E1,1.687766277636E1,-4.743815822197E1));
#7488=CARTESIAN_POINT('',(2.192984493449E1,1.710593468208E1,-4.748241302536E1));
#7489=CARTESIAN_POINT('',(2.179549634775E1,1.733420658780E1,-4.752666782876E1));
#7490=CARTESIAN_POINT('',(2.219998499990E1,1.666052185032E1,-4.733343007100E1));
#7491=CARTESIAN_POINT('',(2.206563641316E1,1.688917587975E1,-4.737560883968E1));
#7492=CARTESIAN_POINT('',(2.193128782642E1,1.711782990919E1,-4.741778760835E1));
#7493=CARTESIAN_POINT('',(2.179693923968E1,1.734648393862E1,-4.745996637703E1));
#7494=B_SPLINE_SURFACE_WITH_KNOTS('',3,3,((#7454,#7455,#7456,#7457),(#7458,
#7459,#7460,#7461),(#7462,#7463,#7464,#7465),(#7466,#7467,#7468,#7469),(#7470,
#7471,#7472,#7473),(#7474,#7475,#7476,#7477),(#7478,#7479,#7480,#7481),(#7482,
#7483,#7484,#7485),(#7486,#7487,#7488,#7489),(#7490,#7491,#7492,#7493)),
.UNSPECIFIED.,.F.,.F.,.F.,(4,1,1,1,1,1,1,4),(4,4),(-9.993028369710E-3,0.E0,
8.694842469592E-2,3.522936461653E-1,6.176388676357E-1,8.829840891051E-1,1.E0,
1.009990091730E0),(2.430669754958E-3,1.003693704467E0),.UNSPECIFIED.);
#7495=ORIENTED_EDGE('',*,*,#3586,.T.);
#7497=ORIENTED_EDGE('',*,*,#7496,.T.);
#7498=ORIENTED_EDGE('',*,*,#3764,.T.);
#7499=ORIENTED_EDGE('',*,*,#7447,.T.);
#7500=EDGE_LOOP('',(#7495,#7497,#7498,#7499));
#7501=FACE_OUTER_BOUND('',#7500,.F.);
#7502=ADVANCED_FACE('',(#7501),#7494,.F.);
#7503=CARTESIAN_POINT('',(1.93E1,1.E1,-4.610479390360E1));
#7504=DIRECTION('',(1.E0,0.E0,0.E0));
#7505=DIRECTION('',(0.E0,1.E0,0.E0));
#7506=AXIS2_PLACEMENT_3D('',#7503,#7504,#7505);
#7507=CYLINDRICAL_SURFACE('',#7506,6.85E0);
#7509=ORIENTED_EDGE('',*,*,#7508,.F.);
#7510=ORIENTED_EDGE('',*,*,#3766,.T.);
#7511=ORIENTED_EDGE('',*,*,#7496,.F.);
#7512=ORIENTED_EDGE('',*,*,#3584,.T.);
#7514=ORIENTED_EDGE('',*,*,#7513,.T.);
#7516=ORIENTED_EDGE('',*,*,#7515,.F.);
#7518=ORIENTED_EDGE('',*,*,#7517,.F.);
#7520=ORIENTED_EDGE('',*,*,#7519,.F.);
#7522=ORIENTED_EDGE('',*,*,#7521,.F.);
#7523=ORIENTED_EDGE('',*,*,#3576,.T.);
#7524=EDGE_LOOP('',(#7509,#7510,#7511,#7512,#7514,#7516,#7518,#7520,#7522,
#7523));
#7525=FACE_OUTER_BOUND('',#7524,.F.);
#7526=ADVANCED_FACE('',(#7525),#7507,.T.);
#7527=CARTESIAN_POINT('',(2.32E1,1.E1,-4.610479390360E1));
#7528=DIRECTION('',(1.E0,0.E0,0.E0));
#7529=DIRECTION('',(0.E0,-1.485959642860E-3,9.999988959614E-1));
#7530=AXIS2_PLACEMENT_3D('',#7527,#7528,#7529);
#7531=TOROIDAL_SURFACE('',#7530,6.75E0,1.E-1);
#7532=ORIENTED_EDGE('',*,*,#3679,.F.);
#7533=ORIENTED_EDGE('',*,*,#3677,.F.);
#7534=ORIENTED_EDGE('',*,*,#3706,.T.);
#7535=ORIENTED_EDGE('',*,*,#7508,.T.);
#7536=ORIENTED_EDGE('',*,*,#3648,.F.);
#7537=EDGE_LOOP('',(#7532,#7533,#7534,#7535,#7536));
#7538=FACE_OUTER_BOUND('',#7537,.F.);
#7539=ADVANCED_FACE('',(#7538),#7531,.T.);
#7540=CARTESIAN_POINT('',(2.220493354787E1,2.679233747285E0,-4.760654369290E1));
#7541=CARTESIAN_POINT('',(2.207113770807E1,2.906218754536E0,-4.755998098689E1));
#7542=CARTESIAN_POINT('',(2.193734186826E1,3.133203761786E0,-4.751341828088E1));
#7543=CARTESIAN_POINT('',(2.180354602845E1,3.360188769037E0,-4.746685557486E1));
#7544=CARTESIAN_POINT('',(2.220532238883E1,2.682936899388E0,-4.762441709590E1));
#7545=CARTESIAN_POINT('',(2.207152654903E1,2.909807088056E0,-4.757730021367E1));
#7546=CARTESIAN_POINT('',(2.193773070922E1,3.136677276724E0,-4.753018333145E1));
#7547=CARTESIAN_POINT('',(2.180393486941E1,3.363547465392E0,-4.748306644922E1));
#7548=CARTESIAN_POINT('',(2.223216861954E1,2.943160732085E0,-4.885750956516E1));
#7549=CARTESIAN_POINT('',(2.209837277974E1,3.161962515546E0,-4.877215986776E1));
#7550=CARTESIAN_POINT('',(2.196457693993E1,3.380764299007E0,-4.868681017036E1));
#7551=CARTESIAN_POINT('',(2.183078110012E1,3.599566082468E0,-4.860146047296E1));
#7552=CARTESIAN_POINT('',(2.227143687297E1,3.782117316571E0,-5.056534633244E1));
#7553=CARTESIAN_POINT('',(2.213764103316E1,3.974906718290E0,-5.042704407139E1));
#7554=CARTESIAN_POINT('',(2.200384519335E1,4.167696120008E0,-5.028874181033E1));
#7555=CARTESIAN_POINT('',(2.187004935355E1,4.360485521727E0,-5.015043954927E1));
#7556=CARTESIAN_POINT('',(2.231070498942E1,5.149438449989E0,-5.181958479097E1));
#7557=CARTESIAN_POINT('',(2.217690914961E1,5.299833191549E0,-5.164239406991E1));
#7558=CARTESIAN_POINT('',(2.204311330980E1,5.450227933109E0,-5.146520334885E1));
#7559=CARTESIAN_POINT('',(2.190931747E1,5.600622674669E0,-5.128801262779E1));
#7560=CARTESIAN_POINT('',(2.232351571611E1,5.637812695592E0,-5.217090002137E1));
#7561=CARTESIAN_POINT('',(2.218971987631E1,5.773065083490E0,-5.198281654847E1));
#7562=CARTESIAN_POINT('',(2.205592403650E1,5.908317471388E0,-5.179473307556E1));
#7563=CARTESIAN_POINT('',(2.192212819670E1,6.043569859285E0,-5.160664960266E1));
#7564=CARTESIAN_POINT('',(2.232390442010E1,5.652669510209E0,-5.218150611870E1));
#7565=CARTESIAN_POINT('',(2.219010858029E1,5.787461253133E0,-5.199309379701E1));
#7566=CARTESIAN_POINT('',(2.205631274049E1,5.922252996058E0,-5.180468147533E1));
#7567=CARTESIAN_POINT('',(2.192251690068E1,6.057044738982E0,-5.161626915364E1));
#7568=B_SPLINE_SURFACE_WITH_KNOTS('',3,3,((#7540,#7541,#7542,#7543),(#7544,
#7545,#7546,#7547),(#7548,#7549,#7550,#7551),(#7552,#7553,#7554,#7555),(#7556,
#7557,#7558,#7559),(#7560,#7561,#7562,#7563),(#7564,#7565,#7566,#7567)),
.UNSPECIFIED.,.F.,.F.,.F.,(4,1,1,1,4),(4,4),(-1.000120462642E-2,0.E0,
6.804987028894E-1,1.E0,1.009997681559E0),(-9.168508412769E-4,9.967020704431E-1),
.UNSPECIFIED.);
#7569=ORIENTED_EDGE('',*,*,#3582,.T.);
#7571=ORIENTED_EDGE('',*,*,#7570,.T.);
#7573=ORIENTED_EDGE('',*,*,#7572,.F.);
#7574=ORIENTED_EDGE('',*,*,#7513,.F.);
#7575=EDGE_LOOP('',(#7569,#7571,#7573,#7574));
#7576=FACE_OUTER_BOUND('',#7575,.F.);
#7577=ADVANCED_FACE('',(#7576),#7568,.F.);
#7578=CARTESIAN_POINT('',(2.252177135995E1,3.285528979268E0,-4.920787711819E1));
#7579=CARTESIAN_POINT('',(2.238650722846E1,3.285528979268E0,-4.920787711819E1));
#7580=CARTESIAN_POINT('',(2.225124309697E1,3.285528979268E0,-4.920787711819E1));
#7581=CARTESIAN_POINT('',(2.211597896547E1,3.285528979268E0,-4.920787711819E1));
#7582=CARTESIAN_POINT('',(2.252206825184E1,3.291311352E0,-4.922041686154E1));
#7583=CARTESIAN_POINT('',(2.238680412035E1,3.291311352E0,-4.922041686154E1));
#7584=CARTESIAN_POINT('',(2.225153998886E1,3.291311352E0,-4.922041686154E1));
#7585=CARTESIAN_POINT('',(2.211627585737E1,3.291311352E0,-4.922041686154E1));
#7586=CARTESIAN_POINT('',(2.253627021028E1,3.569561693954E0,-4.981949576314E1));
#7587=CARTESIAN_POINT('',(2.240100607879E1,3.569561693954E0,-4.981949576314E1));
#7588=CARTESIAN_POINT('',(2.226574194730E1,3.569561693954E0,-4.981949576314E1));
#7589=CARTESIAN_POINT('',(2.213047781581E1,3.569561693954E0,-4.981949576314E1));
#7590=CARTESIAN_POINT('',(2.256331287582E1,4.249131559462E0,-5.088962683498E1));
#7591=CARTESIAN_POINT('',(2.242804874432E1,4.249131559462E0,-5.088962683498E1));
#7592=CARTESIAN_POINT('',(2.229278461283E1,4.249131559462E0,-5.088962683498E1));
#7593=CARTESIAN_POINT('',(2.215752048134E1,4.249131559462E0,-5.088962683498E1));
#7594=CARTESIAN_POINT('',(2.259035564372E1,5.178686530603E0,-5.174851475134E1));
#7595=CARTESIAN_POINT('',(2.245509151223E1,5.178686530603E0,-5.174851475134E1));
#7596=CARTESIAN_POINT('',(2.231982738074E1,5.178686530603E0,-5.174851475134E1));
#7597=CARTESIAN_POINT('',(2.218456324925E1,5.178686530603E0,-5.174851475134E1));
#7598=CARTESIAN_POINT('',(2.260349334508E1,5.674302044574E0,-5.210558916493E1));
#7599=CARTESIAN_POINT('',(2.246822921359E1,5.674302044574E0,-5.210558916493E1));
#7600=CARTESIAN_POINT('',(2.233296508210E1,5.674302044574E0,-5.210558916493E1));
#7601=CARTESIAN_POINT('',(2.219770095061E1,5.674302044574E0,-5.210558916493E1));
#7602=CARTESIAN_POINT('',(2.260379033935E1,5.685528371416E0,-5.211363040926E1));
#7603=CARTESIAN_POINT('',(2.246852620786E1,5.685528371416E0,-5.211363040926E1));
#7604=CARTESIAN_POINT('',(2.233326207636E1,5.685528371416E0,-5.211363040926E1));
#7605=CARTESIAN_POINT('',(2.219799794487E1,5.685528371416E0,-5.211363040926E1));
#7606=B_SPLINE_SURFACE_WITH_KNOTS('',3,3,((#7578,#7579,#7580,#7581),(#7582,
#7583,#7584,#7585),(#7586,#7587,#7588,#7589),(#7590,#7591,#7592,#7593),(#7594,
#7595,#7596,#7597),(#7598,#7599,#7600,#7601),(#7602,#7603,#7604,#7605)),
.UNSPECIFIED.,.F.,.F.,.F.,(4,1,1,1,4),(4,4),(-1.110051627152E-2,0.E0,
5.198977128157E-1,1.E0,1.011104343761E0),(4.462121526561E-3,9.956177549382E-1),
.UNSPECIFIED.);
#7607=ORIENTED_EDGE('',*,*,#3580,.T.);
#7609=ORIENTED_EDGE('',*,*,#7608,.F.);
#7611=ORIENTED_EDGE('',*,*,#7610,.F.);
#7612=ORIENTED_EDGE('',*,*,#7570,.F.);
#7613=EDGE_LOOP('',(#7607,#7609,#7611,#7612));
#7614=FACE_OUTER_BOUND('',#7613,.F.);
#7615=ADVANCED_FACE('',(#7614),#7606,.F.);
#7616=CARTESIAN_POINT('',(2.276124524594E1,3.364726436208E0,-4.746596430270E1));
#7617=CARTESIAN_POINT('',(2.262704653249E1,3.137192646357E0,-4.751264094030E1));
#7618=CARTESIAN_POINT('',(2.249284781903E1,2.909658856505E0,-4.755931757790E1));
#7619=CARTESIAN_POINT('',(2.235864910558E1,2.682125066653E0,-4.760599421551E1));
#7620=CARTESIAN_POINT('',(2.276163369201E1,3.368091766398E0,-4.748216767517E1));
#7621=CARTESIAN_POINT('',(2.262743497855E1,3.140673378922E0,-4.752939995147E1));
#7622=CARTESIAN_POINT('',(2.249323626510E1,2.913254991446E0,-4.757663222777E1));
#7623=CARTESIAN_POINT('',(2.235903755165E1,2.685836603970E0,-4.762386450407E1));
#7624=CARTESIAN_POINT('',(2.278615335072E1,3.584199869308E0,-4.850422415582E1));
#7625=CARTESIAN_POINT('',(2.265195463726E1,3.364192162824E0,-4.858650432913E1));
#7626=CARTESIAN_POINT('',(2.251775592381E1,3.144184456340E0,-4.866878450243E1));
#7627=CARTESIAN_POINT('',(2.238355721036E1,2.924176749855E0,-4.875106467574E1));
#7628=CARTESIAN_POINT('',(2.282542654159E1,4.301556453095E0,-5.006370474285E1));
#7629=CARTESIAN_POINT('',(2.269122782814E1,4.106148013033E0,-5.019946191673E1));
#7630=CARTESIAN_POINT('',(2.255702911469E1,3.910739572972E0,-5.033521909061E1));
#7631=CARTESIAN_POINT('',(2.242283040123E1,3.715331132910E0,-5.047097626449E1));
#7632=CARTESIAN_POINT('',(2.286469991916E1,5.521504868395E0,-5.122817899323E1));
#7633=CARTESIAN_POINT('',(2.273050120571E1,5.367930345758E0,-5.140386778964E1));
#7634=CARTESIAN_POINT('',(2.259630249226E1,5.214355823121E0,-5.157955658606E1));
#7635=CARTESIAN_POINT('',(2.246210377881E1,5.060781300484E0,-5.175524538247E1));
#7636=CARTESIAN_POINT('',(2.287984208409E1,6.045304978468E0,-5.160435206602E1));
#7637=CARTESIAN_POINT('',(2.274564337064E1,5.909692371496E0,-5.179294041873E1));
#7638=CARTESIAN_POINT('',(2.261144465719E1,5.774079764524E0,-5.198152877145E1));
#7639=CARTESIAN_POINT('',(2.247724594373E1,5.638467157553E0,-5.217011712416E1));
#7640=CARTESIAN_POINT('',(2.288023071686E1,6.058783442598E0,-5.161395858528E1));
#7641=CARTESIAN_POINT('',(2.274603200340E1,5.923633033001E0,-5.180287636039E1));
#7642=CARTESIAN_POINT('',(2.261183328995E1,5.788482623405E0,-5.199179413551E1));
#7643=CARTESIAN_POINT('',(2.247763457650E1,5.653332213808E0,-5.218071191062E1));
#7644=B_SPLINE_SURFACE_WITH_KNOTS('',3,3,((#7616,#7617,#7618,#7619),(#7620,
#7621,#7622,#7623),(#7624,#7625,#7626,#7627),(#7628,#7629,#7630,#7631),(#7632,
#7633,#7634,#7635),(#7636,#7637,#7638,#7639),(#7640,#7641,#7642,#7643)),
.UNSPECIFIED.,.F.,.F.,.F.,(4,1,1,1,4),(4,4),(-9.989677697637E-3,0.E0,
6.205830270862E-1,1.E0,1.009994478892E0),(2.403451836837E-3,1.002549522184E0),
.UNSPECIFIED.);
#7645=ORIENTED_EDGE('',*,*,#3578,.T.);
#7646=ORIENTED_EDGE('',*,*,#7521,.T.);
#7648=ORIENTED_EDGE('',*,*,#7647,.F.);
#7649=ORIENTED_EDGE('',*,*,#7608,.T.);
#7650=EDGE_LOOP('',(#7645,#7646,#7648,#7649));
#7651=FACE_OUTER_BOUND('',#7650,.F.);
#7652=ADVANCED_FACE('',(#7651),#7644,.F.);
#7653=CARTESIAN_POINT('',(2.287808057318E1,5.977694765903E0,-5.156931352510E1));
#7654=CARTESIAN_POINT('',(2.274439029352E1,5.840427238639E0,-5.175579903069E1));
#7655=CARTESIAN_POINT('',(2.261070001386E1,5.703159711376E0,-5.194228453628E1));
#7656=CARTESIAN_POINT('',(2.247700973420E1,5.565892184112E0,-5.212877004188E1));
#7657=CARTESIAN_POINT('',(2.287841017488E1,5.990401363119E0,-5.157575239107E1));
#7658=CARTESIAN_POINT('',(2.274471989522E1,5.853520067552E0,-5.176252210706E1));
#7659=CARTESIAN_POINT('',(2.261102961557E1,5.716638771985E0,-5.194929182304E1));
#7660=CARTESIAN_POINT('',(2.247733933591E1,5.579757476419E0,-5.213606153902E1));
#7661=CARTESIAN_POINT('',(2.290451336775E1,6.997821385549E0,-5.208213782629E1));
#7662=CARTESIAN_POINT('',(2.277082308810E1,6.891599085688E0,-5.229131876256E1));
#7663=CARTESIAN_POINT('',(2.263713280844E1,6.785376785827E0,-5.250049969883E1));
#7664=CARTESIAN_POINT('',(2.250344252879E1,6.679154485965E0,-5.270968063510E1));
#7665=CARTESIAN_POINT('',(2.293097288487E1,8.105952752724E0,-5.231077891959E1));
#7666=CARTESIAN_POINT('',(2.279728260521E1,8.036447423126E0,-5.253485577391E1));
#7667=CARTESIAN_POINT('',(2.266359232555E1,7.966942093527E0,-5.275893262823E1));
#7668=CARTESIAN_POINT('',(2.252990204589E1,7.897436763929E0,-5.298300948255E1));
#7669=CARTESIAN_POINT('',(2.295710280028E1,9.143835402867E0,-5.226862931305E1));
#7670=CARTESIAN_POINT('',(2.282341252062E1,9.111977366360E0,-5.249798608213E1));
#7671=CARTESIAN_POINT('',(2.268972224096E1,9.080119329853E0,-5.272734285120E1));
#7672=CARTESIAN_POINT('',(2.255603196130E1,9.048261293346E0,-5.295669962028E1));
#7673=CARTESIAN_POINT('',(2.295745912452E1,9.157977772021E0,-5.226800474261E1));
#7674=CARTESIAN_POINT('',(2.282376884486E1,9.126633365371E0,-5.249743175394E1));
#7675=CARTESIAN_POINT('',(2.269007856520E1,9.095288958721E0,-5.272685876528E1));
#7676=CARTESIAN_POINT('',(2.255638828554E1,9.063944552071E0,-5.295628577661E1));
#7677=B_SPLINE_SURFACE_WITH_KNOTS('',3,3,((#7653,#7654,#7655,#7656),(#7657,
#7658,#7659,#7660),(#7661,#7662,#7663,#7664),(#7665,#7666,#7667,#7668),(#7669,
#7670,#7671,#7672),(#7673,#7674,#7675,#7676)),.UNSPECIFIED.,.F.,.F.,.F.,(4,1,1,
4),(4,4),(-1.278835010393E-2,0.E0,1.E0,1.013825168445E0),(2.294114793158E-3,
9.991259503205E-1),.UNSPECIFIED.);
#7678=ORIENTED_EDGE('',*,*,#7519,.T.);
#7680=ORIENTED_EDGE('',*,*,#7679,.T.);
#7681=ORIENTED_EDGE('',*,*,#7647,.T.);
#7682=EDGE_LOOP('',(#7678,#7680,#7681));
#7683=FACE_OUTER_BOUND('',#7682,.F.);
#7684=ADVANCED_FACE('',(#7683),#7677,.F.);
#7685=CARTESIAN_POINT('',(2.264336713526E1,5.612096553213E0,-5.207179525244E1));
#7686=CARTESIAN_POINT('',(2.264336713526E1,5.624815821186E0,-5.207845299525E1));
#7687=CARTESIAN_POINT('',(2.264336713526E1,6.713651149263E0,-5.264424245823E1));
#7688=CARTESIAN_POINT('',(2.264336713526E1,7.918020316884E0,-5.291236098243E1));
#7689=CARTESIAN_POINT('',(2.264336713526E1,9.055864176511E0,-5.288470256021E1));
#7690=CARTESIAN_POINT('',(2.264336713526E1,9.070186301193E0,-5.288430780241E1));
#7692=DIRECTION('',(-1.E0,0.E0,0.E0));
#7693=VECTOR('',#7692,1.E0);
#7694=SURFACE_OF_LINEAR_EXTRUSION('',#7691,#7693);
#7695=ORIENTED_EDGE('',*,*,#7517,.T.);
#7697=ORIENTED_EDGE('',*,*,#7696,.T.);
#7698=ORIENTED_EDGE('',*,*,#7610,.T.);
#7699=ORIENTED_EDGE('',*,*,#7679,.F.);
#7700=EDGE_LOOP('',(#7695,#7697,#7698,#7699));
#7701=FACE_OUTER_BOUND('',#7700,.F.);
#7702=ADVANCED_FACE('',(#7701),#7694,.F.);
#7703=CARTESIAN_POINT('',(2.232100560994E1,5.565899882101E0,-5.212875961163E1));
#7704=CARTESIAN_POINT('',(2.218731778011E1,5.703164893572E0,-5.194227752301E1));
#7705=CARTESIAN_POINT('',(2.205362995028E1,5.840429905042E0,-5.175579543440E1));
#7706=CARTESIAN_POINT('',(2.191994212044E1,5.977694916513E0,-5.156931334579E1));
#7707=CARTESIAN_POINT('',(2.232133520964E1,5.579765068413E0,-5.213605104845E1));
#7708=CARTESIAN_POINT('',(2.218764737981E1,5.716643857614E0,-5.194928475638E1));
#7709=CARTESIAN_POINT('',(2.205395954998E1,5.853522646816E0,-5.176251846432E1));
#7710=CARTESIAN_POINT('',(2.192027172015E1,5.990401436018E0,-5.157575217226E1));
#7711=CARTESIAN_POINT('',(2.234743839997E1,6.679160247347E0,-5.270966885469E1));
#7712=CARTESIAN_POINT('',(2.221375057013E1,6.785380606037E0,-5.250049175468E1));
#7713=CARTESIAN_POINT('',(2.208006274030E1,6.891600964727E0,-5.229131465468E1));
#7714=CARTESIAN_POINT('',(2.194637491047E1,6.997821323417E0,-5.208213755467E1));
#7715=CARTESIAN_POINT('',(2.237389791453E1,7.897440347266E0,-5.298299689253E1));
#7716=CARTESIAN_POINT('',(2.224021008470E1,7.966944412674E0,-5.275892414745E1));
#7717=CARTESIAN_POINT('',(2.210652225488E1,8.036448478082E0,-5.253485140237E1));
#7718=CARTESIAN_POINT('',(2.197283442505E1,8.105952543490E0,-5.231077865729E1));
#7719=CARTESIAN_POINT('',(2.240002782941E1,9.048262755785E0,-5.295668679035E1));
#7720=CARTESIAN_POINT('',(2.226633999958E1,9.080120219001E0,-5.272733422561E1));
#7721=CARTESIAN_POINT('',(2.213265216975E1,9.111977682216E0,-5.249798166088E1));
#7722=CARTESIAN_POINT('',(2.199896433992E1,9.143835145431E0,-5.226862909615E1));
#7723=CARTESIAN_POINT('',(2.240038415366E1,9.063945986306E0,-5.295627294349E1));
#7724=CARTESIAN_POINT('',(2.226669632382E1,9.095289829066E0,-5.272685013776E1));
#7725=CARTESIAN_POINT('',(2.213300849399E1,9.126633671827E0,-5.249742733203E1));
#7726=CARTESIAN_POINT('',(2.199932066416E1,9.157977514587E0,-5.226800452630E1));
#7727=B_SPLINE_SURFACE_WITH_KNOTS('',3,3,((#7703,#7704,#7705,#7706),(#7707,
#7708,#7709,#7710),(#7711,#7712,#7713,#7714),(#7715,#7716,#7717,#7718),(#7719,
#7720,#7721,#7722),(#7723,#7724,#7725,#7726)),.UNSPECIFIED.,.F.,.F.,.F.,(4,1,1,
4),(4,4),(-1.278827254120E-2,0.E0,1.E0,1.013825169097E0),(8.926480243104E-4,
9.977062169499E-1),.UNSPECIFIED.);
#7728=ORIENTED_EDGE('',*,*,#7515,.T.);
#7729=ORIENTED_EDGE('',*,*,#7572,.T.);
#7730=ORIENTED_EDGE('',*,*,#7696,.F.);
#7731=EDGE_LOOP('',(#7728,#7729,#7730));
#7732=FACE_OUTER_BOUND('',#7731,.F.);
#7733=ADVANCED_FACE('',(#7732),#7727,.F.);
#7734=CARTESIAN_POINT('',(2.319999828693E1,1.E1,-4.610479390360E1));
#7735=DIRECTION('',(1.E0,0.E0,0.E0));
#7736=DIRECTION('',(0.E0,0.E0,-1.E0));
#7737=AXIS2_PLACEMENT_3D('',#7734,#7735,#7736);
#7738=CONICAL_SURFACE('',#7737,5.800001680152E0,4.500001676011E1);
#7739=ORIENTED_EDGE('',*,*,#3688,.F.);
#7740=ORIENTED_EDGE('',*,*,#3686,.F.);
#7742=ORIENTED_EDGE('',*,*,#7741,.F.);
#7744=ORIENTED_EDGE('',*,*,#7743,.T.);
#7746=ORIENTED_EDGE('',*,*,#7745,.T.);
#7748=ORIENTED_EDGE('',*,*,#7747,.T.);
#7749=EDGE_LOOP('',(#7739,#7740,#7742,#7744,#7746,#7748));
#7750=FACE_OUTER_BOUND('',#7749,.F.);
#7751=ADVANCED_FACE('',(#7750),#7738,.F.);
#7752=CARTESIAN_POINT('',(2.319999828693E1,1.E1,-4.610479390360E1));
#7753=DIRECTION('',(1.E0,0.E0,0.E0));
#7754=DIRECTION('',(0.E0,0.E0,-1.E0));
#7755=AXIS2_PLACEMENT_3D('',#7752,#7753,#7754);
#7756=CONICAL_SURFACE('',#7755,5.800001680152E0,4.500001676011E1);
#7757=ORIENTED_EDGE('',*,*,#3692,.F.);
#7758=ORIENTED_EDGE('',*,*,#3690,.F.);
#7759=ORIENTED_EDGE('',*,*,#7747,.F.);
#7761=ORIENTED_EDGE('',*,*,#7760,.T.);
#7763=ORIENTED_EDGE('',*,*,#7762,.T.);
#7764=ORIENTED_EDGE('',*,*,#7741,.T.);
#7765=EDGE_LOOP('',(#7757,#7758,#7759,#7761,#7763,#7764));
#7766=FACE_OUTER_BOUND('',#7765,.F.);
#7767=ADVANCED_FACE('',(#7766),#7756,.F.);
#7768=CARTESIAN_POINT('',(3.56E0,1.E1,-4.610479390360E1));
#7769=DIRECTION('',(1.E0,0.E0,0.E0));
#7770=DIRECTION('',(0.E0,-1.E0,0.E0));
#7771=AXIS2_PLACEMENT_3D('',#7768,#7769,#7770);
#7772=CYLINDRICAL_SURFACE('',#7771,5.7E0);
#7774=ORIENTED_EDGE('',*,*,#7773,.F.);
#7776=ORIENTED_EDGE('',*,*,#7775,.T.);
#7778=ORIENTED_EDGE('',*,*,#7777,.T.);
#7780=ORIENTED_EDGE('',*,*,#7779,.F.);
#7782=ORIENTED_EDGE('',*,*,#7781,.T.);
#7783=ORIENTED_EDGE('',*,*,#7762,.F.);
#7784=ORIENTED_EDGE('',*,*,#7760,.F.);
#7786=ORIENTED_EDGE('',*,*,#7785,.F.);
#7787=EDGE_LOOP('',(#7774,#7776,#7778,#7780,#7782,#7783,#7784,#7786));
#7788=FACE_OUTER_BOUND('',#7787,.F.);
#7789=ADVANCED_FACE('',(#7788),#7772,.F.);
#7790=CARTESIAN_POINT('',(2.23E1,1.E1,-4.610479390360E1));
#7791=DIRECTION('',(1.E0,0.E0,0.E0));
#7792=DIRECTION('',(0.E0,-1.E0,0.E0));
#7793=AXIS2_PLACEMENT_3D('',#7790,#7791,#7792);
#7794=PLANE('',#7793);
#7796=ORIENTED_EDGE('',*,*,#7795,.F.);
#7798=ORIENTED_EDGE('',*,*,#7797,.F.);
#7800=ORIENTED_EDGE('',*,*,#7799,.F.);
#7801=ORIENTED_EDGE('',*,*,#7773,.T.);
#7803=ORIENTED_EDGE('',*,*,#7802,.T.);
#7804=EDGE_LOOP('',(#7796,#7798,#7800,#7801,#7803));
#7805=FACE_OUTER_BOUND('',#7804,.F.);
#7806=ADVANCED_FACE('',(#7805),#7794,.T.);
#7807=CARTESIAN_POINT('',(2.19E1,1.525064246837E1,-4.615479390360E1));
#7808=DIRECTION('',(0.E0,1.E0,0.E0));
#7809=DIRECTION('',(1.E0,0.E0,0.E0));
#7810=AXIS2_PLACEMENT_3D('',#7807,#7808,#7809);
#7811=CYLINDRICAL_SURFACE('',#7810,4.E-1);
#7813=ORIENTED_EDGE('',*,*,#7812,.T.);
#7815=ORIENTED_EDGE('',*,*,#7814,.F.);
#7816=ORIENTED_EDGE('',*,*,#7795,.T.);
#7818=ORIENTED_EDGE('',*,*,#7817,.F.);
#7819=EDGE_LOOP('',(#7813,#7815,#7816,#7818));
#7820=FACE_OUTER_BOUND('',#7819,.F.);
#7821=ADVANCED_FACE('',(#7820),#7811,.T.);
#7822=CARTESIAN_POINT('',(2.23E1,1.53E1,-4.655479390360E1));
#7823=DIRECTION('',(0.E0,0.E0,-1.E0));
#7824=DIRECTION('',(0.E0,1.E0,0.E0));
#7825=AXIS2_PLACEMENT_3D('',#7822,#7823,#7824);
#7826=PLANE('',#7825);
#7827=ORIENTED_EDGE('',*,*,#7812,.F.);
#7829=ORIENTED_EDGE('',*,*,#7828,.F.);
#7831=ORIENTED_EDGE('',*,*,#7830,.F.);
#7833=ORIENTED_EDGE('',*,*,#7832,.T.);
#7834=EDGE_LOOP('',(#7827,#7829,#7831,#7833));
#7835=FACE_OUTER_BOUND('',#7834,.F.);
#7836=ADVANCED_FACE('',(#7835),#7826,.T.);
#7837=CARTESIAN_POINT('',(3.56E0,1.E1,-4.610479390360E1));
#7838=DIRECTION('',(1.E0,0.E0,0.E0));
#7839=DIRECTION('',(0.E0,-1.E0,0.E0));
#7840=AXIS2_PLACEMENT_3D('',#7837,#7838,#7839);
#7841=CYLINDRICAL_SURFACE('',#7840,5.7E0);
#7842=ORIENTED_EDGE('',*,*,#7828,.T.);
#7843=ORIENTED_EDGE('',*,*,#7817,.T.);
#7844=ORIENTED_EDGE('',*,*,#7802,.F.);
#7845=ORIENTED_EDGE('',*,*,#7785,.T.);
#7846=ORIENTED_EDGE('',*,*,#7745,.F.);
#7847=ORIENTED_EDGE('',*,*,#7743,.F.);
#7848=ORIENTED_EDGE('',*,*,#7781,.F.);
#7850=ORIENTED_EDGE('',*,*,#7849,.F.);
#7851=EDGE_LOOP('',(#7842,#7843,#7844,#7845,#7846,#7847,#7848,#7850));
#7852=FACE_OUTER_BOUND('',#7851,.F.);
#7853=ADVANCED_FACE('',(#7852),#7841,.F.);
#7854=CARTESIAN_POINT('',(1.45E1,1.E1,-4.610479390360E1));
#7855=DIRECTION('',(1.E0,0.E0,0.E0));
#7856=DIRECTION('',(0.E0,-1.E0,0.E0));
#7857=AXIS2_PLACEMENT_3D('',#7854,#7855,#7856);
#7858=PLANE('',#7857);
#7859=ORIENTED_EDGE('',*,*,#7779,.T.);
#7861=ORIENTED_EDGE('',*,*,#7860,.F.);
#7863=ORIENTED_EDGE('',*,*,#7862,.F.);
#7864=ORIENTED_EDGE('',*,*,#7830,.T.);
#7865=ORIENTED_EDGE('',*,*,#7849,.T.);
#7866=EDGE_LOOP('',(#7859,#7861,#7863,#7864,#7865));
#7867=FACE_OUTER_BOUND('',#7866,.F.);
#7869=ORIENTED_EDGE('',*,*,#7868,.T.);
#7871=ORIENTED_EDGE('',*,*,#7870,.T.);
#7873=ORIENTED_EDGE('',*,*,#7872,.T.);
#7875=ORIENTED_EDGE('',*,*,#7874,.T.);
#7877=ORIENTED_EDGE('',*,*,#7876,.T.);
#7879=ORIENTED_EDGE('',*,*,#7878,.T.);
#7880=EDGE_LOOP('',(#7869,#7871,#7873,#7875,#7877,#7879));
#7881=FACE_BOUND('',#7880,.F.);
#7882=ADVANCED_FACE('',(#7867,#7881),#7858,.T.);
#7883=CARTESIAN_POINT('',(2.23E1,1.58E1,-4.565479390360E1));
#7884=DIRECTION('',(0.E0,0.E0,1.E0));
#7885=DIRECTION('',(0.E0,-1.E0,0.E0));
#7886=AXIS2_PLACEMENT_3D('',#7883,#7884,#7885);
#7887=PLANE('',#7886);
#7889=ORIENTED_EDGE('',*,*,#7888,.F.);
#7891=ORIENTED_EDGE('',*,*,#7890,.F.);
#7892=ORIENTED_EDGE('',*,*,#7860,.T.);
#7893=ORIENTED_EDGE('',*,*,#7777,.F.);
#7894=EDGE_LOOP('',(#7889,#7891,#7892,#7893));
#7895=FACE_OUTER_BOUND('',#7894,.F.);
#7896=ADVANCED_FACE('',(#7895),#7887,.T.);
#7897=CARTESIAN_POINT('',(2.19E1,1.573354155131E1,-4.605479390360E1));
#7898=DIRECTION('',(0.E0,-1.E0,0.E0));
#7899=DIRECTION('',(1.E0,0.E0,0.E0));
#7900=AXIS2_PLACEMENT_3D('',#7897,#7898,#7899);
#7901=CYLINDRICAL_SURFACE('',#7900,4.E-1);
#7903=ORIENTED_EDGE('',*,*,#7902,.F.);
#7904=ORIENTED_EDGE('',*,*,#7888,.T.);
#7905=ORIENTED_EDGE('',*,*,#7775,.F.);
#7906=ORIENTED_EDGE('',*,*,#7799,.T.);
#7907=EDGE_LOOP('',(#7903,#7904,#7905,#7906));
#7908=FACE_OUTER_BOUND('',#7907,.F.);
#7909=ADVANCED_FACE('',(#7908),#7901,.T.);
#7910=CARTESIAN_POINT('',(2.23E1,1.53E1,-4.565479390360E1));
#7911=DIRECTION('',(0.E0,-1.E0,0.E0));
#7912=DIRECTION('',(0.E0,0.E0,-1.E0));
#7913=AXIS2_PLACEMENT_3D('',#7910,#7911,#7912);
#7914=PLANE('',#7913);
#7915=ORIENTED_EDGE('',*,*,#7814,.T.);
#7916=ORIENTED_EDGE('',*,*,#7832,.F.);
#7917=ORIENTED_EDGE('',*,*,#7862,.T.);
#7918=ORIENTED_EDGE('',*,*,#7890,.T.);
#7919=ORIENTED_EDGE('',*,*,#7902,.T.);
#7920=ORIENTED_EDGE('',*,*,#7797,.T.);
#7921=EDGE_LOOP('',(#7915,#7916,#7917,#7918,#7919,#7920));
#7922=FACE_OUTER_BOUND('',#7921,.F.);
#7923=ADVANCED_FACE('',(#7922),#7914,.T.);
#7924=CARTESIAN_POINT('',(8.66E0,1.E1,-4.610479390360E1));
#7925=DIRECTION('',(1.E0,0.E0,0.E0));
#7926=DIRECTION('',(0.E0,-1.E0,0.E0));
#7927=AXIS2_PLACEMENT_3D('',#7924,#7925,#7926);
#7928=CYLINDRICAL_SURFACE('',#7927,4.2E0);
#7929=ORIENTED_EDGE('',*,*,#7872,.F.);
#7930=ORIENTED_EDGE('',*,*,#7870,.F.);
#7931=ORIENTED_EDGE('',*,*,#7868,.F.);
#7933=ORIENTED_EDGE('',*,*,#7932,.T.);
#7935=ORIENTED_EDGE('',*,*,#7934,.F.);
#7937=ORIENTED_EDGE('',*,*,#7936,.F.);
#7939=ORIENTED_EDGE('',*,*,#7938,.T.);
#7940=EDGE_LOOP('',(#7929,#7930,#7931,#7933,#7935,#7937,#7939));
#7941=FACE_OUTER_BOUND('',#7940,.F.);
#7942=ADVANCED_FACE('',(#7941),#7928,.T.);
#7943=CARTESIAN_POINT('',(9.3E0,1.6E1,-4.550479390360E1));
#7944=DIRECTION('',(0.E0,0.E0,1.E0));
#7945=DIRECTION('',(0.E0,-1.E0,0.E0));
#7946=AXIS2_PLACEMENT_3D('',#7943,#7944,#7945);
#7947=PLANE('',#7946);
#7948=ORIENTED_EDGE('',*,*,#7878,.F.);
#7950=ORIENTED_EDGE('',*,*,#7949,.T.);
#7952=ORIENTED_EDGE('',*,*,#7951,.T.);
#7953=ORIENTED_EDGE('',*,*,#7932,.F.);
#7954=EDGE_LOOP('',(#7948,#7950,#7952,#7953));
#7955=FACE_OUTER_BOUND('',#7954,.F.);
#7956=ADVANCED_FACE('',(#7955),#7947,.F.);
#7957=CARTESIAN_POINT('',(9.3E0,1.4E1,-4.550479390360E1));
#7958=DIRECTION('',(0.E0,-1.E0,0.E0));
#7959=DIRECTION('',(0.E0,0.E0,-1.E0));
#7960=AXIS2_PLACEMENT_3D('',#7957,#7958,#7959);
#7961=PLANE('',#7960);
#7962=ORIENTED_EDGE('',*,*,#7876,.F.);
#7964=ORIENTED_EDGE('',*,*,#7963,.T.);
#7966=ORIENTED_EDGE('',*,*,#7965,.T.);
#7968=ORIENTED_EDGE('',*,*,#7967,.T.);
#7969=ORIENTED_EDGE('',*,*,#7949,.F.);
#7970=EDGE_LOOP('',(#7962,#7964,#7966,#7968,#7969));
#7971=FACE_OUTER_BOUND('',#7970,.F.);
#7972=ADVANCED_FACE('',(#7971),#7961,.F.);
#7973=CARTESIAN_POINT('',(9.3E0,1.4E1,-4.670479390360E1));
#7974=DIRECTION('',(0.E0,0.E0,-1.E0));
#7975=DIRECTION('',(0.E0,1.E0,0.E0));
#7976=AXIS2_PLACEMENT_3D('',#7973,#7974,#7975);
#7977=PLANE('',#7976);
#7978=ORIENTED_EDGE('',*,*,#7874,.F.);
#7979=ORIENTED_EDGE('',*,*,#7938,.F.);
#7981=ORIENTED_EDGE('',*,*,#7980,.F.);
#7982=ORIENTED_EDGE('',*,*,#7963,.F.);
#7983=EDGE_LOOP('',(#7978,#7979,#7981,#7982));
#7984=FACE_OUTER_BOUND('',#7983,.F.);
#7985=ADVANCED_FACE('',(#7984),#7977,.F.);
#7986=CARTESIAN_POINT('',(1.48E1,1.E1,-4.610479390360E1));
#7987=DIRECTION('',(1.E0,0.E0,0.E0));
#7988=DIRECTION('',(0.E0,-1.E0,0.E0));
#7989=AXIS2_PLACEMENT_3D('',#7986,#7987,#7988);
#7990=PLANE('',#7989);
#7991=ORIENTED_EDGE('',*,*,#7951,.F.);
#7992=ORIENTED_EDGE('',*,*,#7967,.F.);
#7994=ORIENTED_EDGE('',*,*,#7993,.T.);
#7996=ORIENTED_EDGE('',*,*,#7995,.T.);
#7997=ORIENTED_EDGE('',*,*,#7965,.F.);
#7998=ORIENTED_EDGE('',*,*,#7980,.T.);
#7999=ORIENTED_EDGE('',*,*,#7936,.T.);
#8000=ORIENTED_EDGE('',*,*,#7934,.T.);
#8001=EDGE_LOOP('',(#7991,#7992,#7994,#7996,#7997,#7998,#7999,#8000));
#8002=FACE_OUTER_BOUND('',#8001,.F.);
#8003=ADVANCED_FACE('',(#8002),#7990,.T.);
#8004=CARTESIAN_POINT('',(1.4735E1,1.E1,-4.610479390360E1));
#8005=DIRECTION('',(1.E0,0.E0,0.E0));
#8006=DIRECTION('',(0.E0,-1.E0,0.E0));
#8007=AXIS2_PLACEMENT_3D('',#8004,#8005,#8006);
#8008=CYLINDRICAL_SURFACE('',#8007,4.E0);
#8009=ORIENTED_EDGE('',*,*,#7993,.F.);
#8011=ORIENTED_EDGE('',*,*,#8010,.F.);
#8013=ORIENTED_EDGE('',*,*,#8012,.F.);
#8015=ORIENTED_EDGE('',*,*,#8014,.T.);
#8016=EDGE_LOOP('',(#8009,#8011,#8013,#8015));
#8017=FACE_OUTER_BOUND('',#8016,.F.);
#8018=ADVANCED_FACE('',(#8017),#8008,.T.);
#8019=CARTESIAN_POINT('',(1.4735E1,1.E1,-4.610479390360E1));
#8020=DIRECTION('',(1.E0,0.E0,0.E0));
#8021=DIRECTION('',(0.E0,-1.E0,0.E0));
#8022=AXIS2_PLACEMENT_3D('',#8019,#8020,#8021);
#8023=CYLINDRICAL_SURFACE('',#8022,4.E0);
#8024=ORIENTED_EDGE('',*,*,#7995,.F.);
#8025=ORIENTED_EDGE('',*,*,#8014,.F.);
#8027=ORIENTED_EDGE('',*,*,#8026,.F.);
#8028=ORIENTED_EDGE('',*,*,#8010,.T.);
#8029=EDGE_LOOP('',(#8024,#8025,#8027,#8028));
#8030=FACE_OUTER_BOUND('',#8029,.F.);
#8031=ADVANCED_FACE('',(#8030),#8023,.T.);
#8032=CARTESIAN_POINT('',(1.61E1,1.E1,-4.610479390360E1));
#8033=DIRECTION('',(1.E0,0.E0,0.E0));
#8034=DIRECTION('',(0.E0,-1.E0,0.E0));
#8035=AXIS2_PLACEMENT_3D('',#8032,#8033,#8034);
#8036=PLANE('',#8035);
#8038=ORIENTED_EDGE('',*,*,#8037,.T.);
#8040=ORIENTED_EDGE('',*,*,#8039,.T.);
#8042=ORIENTED_EDGE('',*,*,#8041,.T.);
#8044=ORIENTED_EDGE('',*,*,#8043,.F.);
#8046=ORIENTED_EDGE('',*,*,#8045,.T.);
#8047=ORIENTED_EDGE('',*,*,#8026,.T.);
#8048=ORIENTED_EDGE('',*,*,#8012,.T.);
#8050=ORIENTED_EDGE('',*,*,#8049,.T.);
#8051=EDGE_LOOP('',(#8038,#8040,#8042,#8044,#8046,#8047,#8048,#8050));
#8052=FACE_OUTER_BOUND('',#8051,.F.);
#8053=ADVANCED_FACE('',(#8052),#8036,.F.);
#8054=CARTESIAN_POINT('',(9.3E0,1.6E1,-4.550479390360E1));
#8055=DIRECTION('',(0.E0,0.E0,1.E0));
#8056=DIRECTION('',(0.E0,-1.E0,0.E0));
#8057=AXIS2_PLACEMENT_3D('',#8054,#8055,#8056);
#8058=PLANE('',#8057);
#8060=ORIENTED_EDGE('',*,*,#8059,.T.);
#8062=ORIENTED_EDGE('',*,*,#8061,.F.);
#8063=ORIENTED_EDGE('',*,*,#8037,.F.);
#8065=ORIENTED_EDGE('',*,*,#8064,.F.);
#8066=EDGE_LOOP('',(#8060,#8062,#8063,#8065));
#8067=FACE_OUTER_BOUND('',#8066,.F.);
#8068=ADVANCED_FACE('',(#8067),#8058,.F.);
#8069=CARTESIAN_POINT('',(2.21E1,1.E1,-4.610479390360E1));
#8070=DIRECTION('',(1.E0,0.E0,0.E0));
#8071=DIRECTION('',(0.E0,-1.E0,0.E0));
#8072=AXIS2_PLACEMENT_3D('',#8069,#8070,#8071);
#8073=PLANE('',#8072);
#8074=ORIENTED_EDGE('',*,*,#8059,.F.);
#8076=ORIENTED_EDGE('',*,*,#8075,.F.);
#8078=ORIENTED_EDGE('',*,*,#8077,.T.);
#8080=ORIENTED_EDGE('',*,*,#8079,.T.);
#8082=ORIENTED_EDGE('',*,*,#8081,.T.);
#8083=EDGE_LOOP('',(#8074,#8076,#8078,#8080,#8082));
#8084=FACE_OUTER_BOUND('',#8083,.F.);
#8085=ADVANCED_FACE('',(#8084),#8073,.T.);
#8086=CARTESIAN_POINT('',(9.3E0,1.4E1,-4.550479390360E1));
#8087=DIRECTION('',(0.E0,-1.E0,0.E0));
#8088=DIRECTION('',(0.E0,0.E0,-1.E0));
#8089=AXIS2_PLACEMENT_3D('',#8086,#8087,#8088);
#8090=PLANE('',#8089);
#8091=ORIENTED_EDGE('',*,*,#8075,.T.);
#8092=ORIENTED_EDGE('',*,*,#8064,.T.);
#8093=ORIENTED_EDGE('',*,*,#8049,.F.);
#8094=ORIENTED_EDGE('',*,*,#8045,.F.);
#8096=ORIENTED_EDGE('',*,*,#8095,.F.);
#8097=EDGE_LOOP('',(#8091,#8092,#8093,#8094,#8096));
#8098=FACE_OUTER_BOUND('',#8097,.F.);
#8099=ADVANCED_FACE('',(#8098),#8090,.F.);
#8100=CARTESIAN_POINT('',(9.3E0,1.4E1,-4.670479390360E1));
#8101=DIRECTION('',(0.E0,0.E0,-1.E0));
#8102=DIRECTION('',(0.E0,1.E0,0.E0));
#8103=AXIS2_PLACEMENT_3D('',#8100,#8101,#8102);
#8104=PLANE('',#8103);
#8105=ORIENTED_EDGE('',*,*,#8077,.F.);
#8106=ORIENTED_EDGE('',*,*,#8095,.T.);
#8107=ORIENTED_EDGE('',*,*,#8043,.T.);
#8109=ORIENTED_EDGE('',*,*,#8108,.F.);
#8110=EDGE_LOOP('',(#8105,#8106,#8107,#8109));
#8111=FACE_OUTER_BOUND('',#8110,.F.);
#8112=ADVANCED_FACE('',(#8111),#8104,.F.);
#8113=CARTESIAN_POINT('',(8.66E0,1.E1,-4.610479390360E1));
#8114=DIRECTION('',(1.E0,0.E0,0.E0));
#8115=DIRECTION('',(0.E0,-1.E0,0.E0));
#8116=AXIS2_PLACEMENT_3D('',#8113,#8114,#8115);
#8117=CYLINDRICAL_SURFACE('',#8116,4.2E0);
#8118=ORIENTED_EDGE('',*,*,#8081,.F.);
#8119=ORIENTED_EDGE('',*,*,#8079,.F.);
#8120=ORIENTED_EDGE('',*,*,#8108,.T.);
#8121=ORIENTED_EDGE('',*,*,#8041,.F.);
#8122=ORIENTED_EDGE('',*,*,#8039,.F.);
#8123=ORIENTED_EDGE('',*,*,#8061,.T.);
#8124=EDGE_LOOP('',(#8118,#8119,#8120,#8121,#8122,#8123));
#8125=FACE_OUTER_BOUND('',#8124,.F.);
#8126=ADVANCED_FACE('',(#8125),#8117,.T.);
#8127=CLOSED_SHELL('',(#3568,#3637,#3652,#3669,#3696,#3710,#3770,#3783,#3828,
#3876,#3889,#3938,#3987,#4040,#4053,#4102,#4151,#4200,#4215,#4259,#4281,#4302,
#4319,#4333,#4363,#4378,#4403,#4426,#4443,#4458,#4475,#4487,#4502,#4519,#4532,
#4546,#4561,#4574,#4589,#4602,#4628,#4641,#4703,#4750,#4767,#4782,#4795,#4810,
#4825,#4838,#4853,#4868,#4881,#4896,#4911,#4924,#4939,#4954,#4967,#4982,#4995,
#5008,#5038,#5079,#5153,#5168,#5226,#5280,#5338,#5352,#5410,#5464,#5522,#5536,
#5586,#5636,#5694,#5708,#5758,#5808,#5862,#5902,#5915,#5973,#6026,#6075,#6088,
#6145,#6198,#6255,#6268,#6325,#6378,#6435,#6459,#6483,#6516,#6537,#6548,#6563,
#6581,#6601,#6615,#6630,#6641,#6653,#6699,#6745,#6790,#6822,#6840,#6871,#6884,
#6931,#6953,#6969,#6986,#7017,#7031,#7075,#7125,#7174,#7187,#7240,#7289,#7338,
#7351,#7404,#7453,#7502,#7526,#7539,#7577,#7615,#7652,#7684,#7702,#7733,#7751,
#7767,#7789,#7806,#7821,#7836,#7853,#7882,#7896,#7909,#7923,#7942,#7956,#7972,
#7985,#8003,#8018,#8031,#8053,#8068,#8085,#8099,#8112,#8126));
#8128=DIRECTION('',(0.E0,0.E0,1.E0));
#8129=VECTOR('',#8128,1.2E0);
#8130=CARTESIAN_POINT('',(5.3E0,1.4E1,-4.670479390360E1));
#8131=LINE('',#8130,#8129);
#8132=DIRECTION('',(1.E0,0.E0,0.E0));
#8133=VECTOR('',#8132,8.984509563930E-1);
#8134=CARTESIAN_POINT('',(5.3E0,1.4E1,-4.550479390360E1));
#8135=LINE('',#8134,#8133);
#8136=CARTESIAN_POINT('',(6.198450956393E0,1.E1,-4.610479390360E1));
#8137=DIRECTION('',(-1.E0,0.E0,0.E0));
#8138=DIRECTION('',(0.E0,9.907877888709E-1,1.354236221060E-1));
#8139=AXIS2_PLACEMENT_3D('',#8136,#8137,#8138);
#8141=DIRECTION('',(0.E0,-1.E0,2.552455708209E-13));
#8142=VECTOR('',#8141,3.897265785513E-1);
#8143=CARTESIAN_POINT('',(6.198450956393E0,1.438972657855E1,-4.670479390360E1));
#8144=LINE('',#8143,#8142);
#8145=DIRECTION('',(0.E0,0.E0,1.E0));
#8146=VECTOR('',#8145,1.2E0);
#8147=CARTESIAN_POINT('',(6.198450956393E0,1.4E1,-4.670479390360E1));
#8148=LINE('',#8147,#8146);
#8149=DIRECTION('',(0.E0,-1.E0,-2.187819178465E-13));
#8150=VECTOR('',#8149,3.897265785513E-1);
#8151=CARTESIAN_POINT('',(6.198450956393E0,1.438972657855E1,-4.550479390360E1));
#8152=LINE('',#8151,#8150);
#8153=DIRECTION('',(0.E0,1.E0,2.370137443337E-13));
#8154=VECTOR('',#8153,3.897265785513E-1);
#8155=CARTESIAN_POINT('',(5.3E0,1.4E1,-4.550479390360E1));
#8156=LINE('',#8155,#8154);
#8157=CARTESIAN_POINT('',(5.3E0,1.E1,-4.610479390360E1));
#8158=DIRECTION('',(1.E0,0.E0,0.E0));
#8159=DIRECTION('',(0.E0,9.907877888709E-1,-1.354236221060E-1));
#8160=AXIS2_PLACEMENT_3D('',#8157,#8158,#8159);
#8162=DIRECTION('',(1.E0,0.E0,0.E0));
#8163=VECTOR('',#8162,8.984509563930E-1);
#8164=CARTESIAN_POINT('',(5.3E0,1.438972657855E1,-4.670479390360E1));
#8165=LINE('',#8164,#8163);
#8166=DIRECTION('',(-1.E0,0.E0,0.E0));
#8167=VECTOR('',#8166,8.984509563930E-1);
#8168=CARTESIAN_POINT('',(6.198450956393E0,1.438972657855E1,-4.550479390360E1));
#8169=LINE('',#8168,#8167);
#8170=DIRECTION('',(0.E0,-1.E0,2.187819178465E-13));
#8171=VECTOR('',#8170,3.897265785513E-1);
#8172=CARTESIAN_POINT('',(5.3E0,1.438972657855E1,-4.670479390360E1));
#8173=LINE('',#8172,#8171);
#8174=DIRECTION('',(1.E0,0.E0,0.E0));
#8175=VECTOR('',#8174,8.984509563930E-1);
#8176=CARTESIAN_POINT('',(5.3E0,1.4E1,-4.670479390360E1));
#8177=LINE('',#8176,#8175);
#8178=CARTESIAN_POINT('',(5.3E0,1.438972657855E1,-4.670479390360E1));
#8179=CARTESIAN_POINT('',(5.3E0,1.438972657855E1,-4.550479390360E1));
#8180=VERTEX_POINT('',#8178);
#8181=VERTEX_POINT('',#8179);
#8182=CARTESIAN_POINT('',(5.3E0,1.4E1,-4.550479390360E1));
#8183=VERTEX_POINT('',#8182);
#8184=CARTESIAN_POINT('',(5.3E0,1.4E1,-4.670479390360E1));
#8185=VERTEX_POINT('',#8184);
#8186=CARTESIAN_POINT('',(6.198450956393E0,1.438972657855E1,-4.670479390360E1));
#8187=VERTEX_POINT('',#8186);
#8188=CARTESIAN_POINT('',(6.198450956393E0,1.438972657855E1,-4.550479390360E1));
#8189=VERTEX_POINT('',#8188);
#8190=CARTESIAN_POINT('',(6.198450956393E0,1.4E1,-4.670479390360E1));
#8191=VERTEX_POINT('',#8190);
#8192=CARTESIAN_POINT('',(6.198450956393E0,1.4E1,-4.550479390360E1));
#8193=VERTEX_POINT('',#8192);
#8194=CARTESIAN_POINT('',(9.3E0,1.4E1,-4.550479390360E1));
#8195=DIRECTION('',(0.E0,-1.E0,0.E0));
#8196=DIRECTION('',(0.E0,0.E0,-1.E0));
#8197=AXIS2_PLACEMENT_3D('',#8194,#8195,#8196);
#8198=PLANE('',#8197);
#8200=ORIENTED_EDGE('',*,*,#8199,.F.);
#8202=ORIENTED_EDGE('',*,*,#8201,.F.);
#8204=ORIENTED_EDGE('',*,*,#8203,.T.);
#8206=ORIENTED_EDGE('',*,*,#8205,.T.);
#8207=EDGE_LOOP('',(#8200,#8202,#8204,#8206));
#8208=FACE_OUTER_BOUND('',#8207,.F.);
#8209=ADVANCED_FACE('',(#8208),#8198,.T.);
#8210=CARTESIAN_POINT('',(6.198450956393E0,1.E1,-4.610479390360E1));
#8211=DIRECTION('',(-1.E0,0.E0,0.E0));
#8212=DIRECTION('',(0.E0,0.E0,-1.E0));
#8213=AXIS2_PLACEMENT_3D('',#8210,#8211,#8212);
#8214=PLANE('',#8213);
#8216=ORIENTED_EDGE('',*,*,#8215,.F.);
#8218=ORIENTED_EDGE('',*,*,#8217,.T.);
#8220=ORIENTED_EDGE('',*,*,#8219,.T.);
#8221=ORIENTED_EDGE('',*,*,#8199,.T.);
#8222=EDGE_LOOP('',(#8216,#8218,#8220,#8221));
#8223=FACE_OUTER_BOUND('',#8222,.F.);
#8224=ADVANCED_FACE('',(#8223),#8214,.F.);
#8225=CARTESIAN_POINT('',(9.3E0,1.6E1,-4.550479390360E1));
#8226=DIRECTION('',(0.E0,0.E0,1.E0));
#8227=DIRECTION('',(0.E0,-1.E0,0.E0));
#8228=AXIS2_PLACEMENT_3D('',#8225,#8226,#8227);
#8229=PLANE('',#8228);
#8230=ORIENTED_EDGE('',*,*,#8215,.T.);
#8231=ORIENTED_EDGE('',*,*,#8205,.F.);
#8233=ORIENTED_EDGE('',*,*,#8232,.T.);
#8235=ORIENTED_EDGE('',*,*,#8234,.F.);
#8236=EDGE_LOOP('',(#8230,#8231,#8233,#8235));
#8237=FACE_OUTER_BOUND('',#8236,.F.);
#8238=ADVANCED_FACE('',(#8237),#8229,.T.);
#8239=CARTESIAN_POINT('',(5.3E0,1.E1,-4.610479390360E1));
#8240=DIRECTION('',(1.E0,0.E0,0.E0));
#8241=DIRECTION('',(0.E0,-1.E0,0.E0));
#8242=AXIS2_PLACEMENT_3D('',#8239,#8240,#8241);
#8243=PLANE('',#8242);
#8245=ORIENTED_EDGE('',*,*,#8244,.T.);
#8246=ORIENTED_EDGE('',*,*,#8232,.F.);
#8247=ORIENTED_EDGE('',*,*,#8203,.F.);
#8249=ORIENTED_EDGE('',*,*,#8248,.F.);
#8250=EDGE_LOOP('',(#8245,#8246,#8247,#8249));
#8251=FACE_OUTER_BOUND('',#8250,.F.);
#8252=ADVANCED_FACE('',(#8251),#8243,.F.);
#8253=CARTESIAN_POINT('',(1.497257001780E1,1.E1,-4.610479390360E1));
#8254=DIRECTION('',(-1.E0,0.E0,0.E0));
#8255=DIRECTION('',(0.E0,0.E0,-1.E0));
#8256=AXIS2_PLACEMENT_3D('',#8253,#8254,#8255);
#8257=CYLINDRICAL_SURFACE('',#8256,4.430541663775E0);
#8258=ORIENTED_EDGE('',*,*,#8244,.F.);
#8260=ORIENTED_EDGE('',*,*,#8259,.T.);
#8261=ORIENTED_EDGE('',*,*,#8217,.F.);
#8262=ORIENTED_EDGE('',*,*,#8234,.T.);
#8263=EDGE_LOOP('',(#8258,#8260,#8261,#8262));
#8264=FACE_OUTER_BOUND('',#8263,.F.);
#8265=ADVANCED_FACE('',(#8264),#8257,.T.);
#8266=CARTESIAN_POINT('',(9.3E0,1.4E1,-4.670479390360E1));
#8267=DIRECTION('',(0.E0,0.E0,-1.E0));
#8268=DIRECTION('',(0.E0,1.E0,0.E0));
#8269=AXIS2_PLACEMENT_3D('',#8266,#8267,#8268);
#8270=PLANE('',#8269);
#8271=ORIENTED_EDGE('',*,*,#8219,.F.);
#8272=ORIENTED_EDGE('',*,*,#8259,.F.);
#8273=ORIENTED_EDGE('',*,*,#8248,.T.);
#8274=ORIENTED_EDGE('',*,*,#8201,.T.);
#8275=EDGE_LOOP('',(#8271,#8272,#8273,#8274));
#8276=FACE_OUTER_BOUND('',#8275,.F.);
#8277=ADVANCED_FACE('',(#8276),#8270,.T.);
#8278=CLOSED_SHELL('',(#8209,#8224,#8238,#8252,#8265,#8277));
#8279=ORIENTED_CLOSED_SHELL('',*,#8278,.F.);
#8280=BREP_WITH_VOIDS('',#8127,(#8279));
#8282=DIMENSIONAL_EXPONENTS(0.E0,0.E0,0.E0,0.E0,0.E0,0.E0,0.E0);
#8284=PLANE_ANGLE_MEASURE_WITH_UNIT(PLANE_ANGLE_MEASURE(1.745329251994E-2),
#8283);
#8285=(CONVERSION_BASED_UNIT('DEGREE',#8284)NAMED_UNIT(*)PLANE_ANGLE_UNIT());
#8287=UNCERTAINTY_MEASURE_WITH_UNIT(LENGTH_MEASURE(6.905631591543E-3),#8281,
'closure',
'Maximum model space distance between geometric entities at asserted connectivities');
#8288=(GEOMETRIC_REPRESENTATION_CONTEXT(3)GLOBAL_UNCERTAINTY_ASSIGNED_CONTEXT((
#8287))GLOBAL_UNIT_ASSIGNED_CONTEXT((#8281,#8285,#8286))REPRESENTATION_CONTEXT(
'ID1','3'));
#8290=APPLICATION_CONTEXT(
'CONFIGURATION CONTROLLED 3D DESIGNS OF MECHANICAL PARTS AND ASSEMBLIES');
#8291=APPLICATION_PROTOCOL_DEFINITION('international standard',
'config_control_design',1994,#8290);
#8292=DESIGN_CONTEXT('',#8290,'design');
#8293=MECHANICAL_CONTEXT('',#8290,'mechanical');
#8294=PRODUCT('SP1312','SP1312','NOT SPECIFIED',(#8293));
#8295=PRODUCT_DEFINITION_FORMATION_WITH_SPECIFIED_SOURCE('1','LAST_VERSION',
#8294,.MADE.);
#8299=PRODUCT_CATEGORY('part','');
#8300=PRODUCT_RELATED_PRODUCT_CATEGORY('detail','',(#8294));
#8301=PRODUCT_CATEGORY_RELATIONSHIP('','',#8299,#8300);
#8302=SECURITY_CLASSIFICATION_LEVEL('unclassified');
#8303=SECURITY_CLASSIFICATION('','',#8302);
#8304=CC_DESIGN_SECURITY_CLASSIFICATION(#8303,(#8295));
#8305=APPROVAL_STATUS('approved');
#8306=APPROVAL(#8305,'');
#8307=CC_DESIGN_APPROVAL(#8306,(#8303,#8295,#8296));
#8308=CALENDAR_DATE(122,4,3);
#8309=COORDINATED_UNIVERSAL_TIME_OFFSET(8,0,.AHEAD.);
#8310=LOCAL_TIME(14,1,3.7E1,#8309);
#8311=DATE_AND_TIME(#8308,#8310);
#8312=APPROVAL_DATE_TIME(#8311,#8306);
#8313=DATE_TIME_ROLE('creation_date');
#8314=CC_DESIGN_DATE_AND_TIME_ASSIGNMENT(#8311,#8313,(#8296));
#8315=DATE_TIME_ROLE('classification_date');
#8316=CC_DESIGN_DATE_AND_TIME_ASSIGNMENT(#8311,#8315,(#8303));
#8317=PERSON('UNSPECIFIED','UNSPECIFIED',$,$,$,$);
#8318=ORGANIZATION('UNSPECIFIED','UNSPECIFIED','UNSPECIFIED');
#8319=PERSON_AND_ORGANIZATION(#8317,#8318);
#8320=APPROVAL_ROLE('approver');
#8321=APPROVAL_PERSON_ORGANIZATION(#8319,#8306,#8320);
#8322=PERSON_AND_ORGANIZATION_ROLE('creator');
#8323=CC_DESIGN_PERSON_AND_ORGANIZATION_ASSIGNMENT(#8319,#8322,(#8295,#8296));
#8324=PERSON_AND_ORGANIZATION_ROLE('design_supplier');
#8325=CC_DESIGN_PERSON_AND_ORGANIZATION_ASSIGNMENT(#8319,#8324,(#8295));
#8326=PERSON_AND_ORGANIZATION_ROLE('classification_officer');
#8327=CC_DESIGN_PERSON_AND_ORGANIZATION_ASSIGNMENT(#8319,#8326,(#8303));
#8328=PERSON_AND_ORGANIZATION_ROLE('design_owner');
#8329=CC_DESIGN_PERSON_AND_ORGANIZATION_ASSIGNMENT(#8319,#8328,(#8294));
#7=B_SPLINE_CURVE_WITH_KNOTS('',3,(#1,#2,#3,#4,#5,#6),.UNSPECIFIED.,.F.,.F.,(4,
1,1,4),(0.E0,3.333333333333E-1,6.666666666667E-1,1.E0),.UNSPECIFIED.);
#14=B_SPLINE_CURVE_WITH_KNOTS('',3,(#8,#9,#10,#11,#12,#13),.UNSPECIFIED.,.F.,
.F.,(4,1,1,4),(0.E0,3.333333333333E-1,6.666666666667E-1,1.E0),.UNSPECIFIED.);
#29=B_SPLINE_CURVE_WITH_KNOTS('',3,(#23,#24,#25,#26,#27,#28),.UNSPECIFIED.,.F.,
.F.,(4,1,1,4),(0.E0,3.333333333333E-1,6.666666666667E-1,1.E0),.UNSPECIFIED.);
#36=B_SPLINE_CURVE_WITH_KNOTS('',3,(#30,#31,#32,#33,#34,#35),.UNSPECIFIED.,.F.,
.F.,(4,1,1,4),(0.E0,3.333333333333E-1,6.666666666667E-1,1.E0),.UNSPECIFIED.);
#41=CIRCLE('',#40,6.85E0);
#46=CIRCLE('',#45,6.75E0);
#51=CIRCLE('',#50,6.75E0);
#56=CIRCLE('',#55,6.75E0);
#61=CIRCLE('',#60,6.75E0);
#66=CIRCLE('',#65,5.900000648176E0);
#71=CIRCLE('',#70,5.900000648176E0);
#76=CIRCLE('',#75,5.900000648176E0);
#81=CIRCLE('',#80,5.900000648176E0);
#92=B_SPLINE_CURVE_WITH_KNOTS('',3,(#86,#87,#88,#89,#90,#91),.UNSPECIFIED.,.F.,
.F.,(4,1,1,4),(0.E0,3.333333333333E-1,6.666666666667E-1,1.E0),.UNSPECIFIED.);
#111=B_SPLINE_CURVE_WITH_KNOTS('',3,(#105,#106,#107,#108,#109,#110),
.UNSPECIFIED.,.F.,.F.,(4,1,1,4),(0.E0,3.333333333333E-1,6.666666666667E-1,1.E0),
.UNSPECIFIED.);
#130=B_SPLINE_CURVE_WITH_KNOTS('',3,(#112,#113,#114,#115,#116,#117,#118,#119,
#120,#121,#122,#123,#124,#125,#126,#127,#128,#129),.UNSPECIFIED.,.F.,.F.,(4,1,1,
1,1,1,1,1,1,1,1,1,1,1,1,4),(0.E0,6.666666666667E-2,1.333333333333E-1,2.E-1,
2.666666666667E-1,3.333333333333E-1,4.E-1,4.666666666667E-1,5.333333333333E-1,
6.E-1,6.666666666667E-1,7.333333333333E-1,8.E-1,8.666666666667E-1,
9.333333333333E-1,1.E0),.UNSPECIFIED.);
#137=B_SPLINE_CURVE_WITH_KNOTS('',3,(#131,#132,#133,#134,#135,#136),
.UNSPECIFIED.,.F.,.F.,(4,1,1,4),(0.E0,3.333333333333E-1,6.666666666667E-1,1.E0),
.UNSPECIFIED.);
#154=B_SPLINE_CURVE_WITH_KNOTS('',3,(#138,#139,#140,#141,#142,#143,#144,#145,
#146,#147,#148,#149,#150,#151,#152,#153),.UNSPECIFIED.,.F.,.F.,(4,1,1,1,1,1,1,1,
1,1,1,1,1,4),(0.E0,7.692307692308E-2,1.538461538462E-1,2.307692307692E-1,
3.076923076923E-1,3.846153846154E-1,4.615384615385E-1,5.384615384615E-1,
6.153846153846E-1,6.923076923077E-1,7.692307692308E-1,8.461538461538E-1,
9.230769230769E-1,1.E0),.UNSPECIFIED.);
#175=B_SPLINE_CURVE_WITH_KNOTS('',3,(#159,#160,#161,#162,#163,#164,#165,#166,
#167,#168,#169,#170,#171,#172,#173,#174),.UNSPECIFIED.,.F.,.F.,(4,1,1,1,1,1,1,1,
1,1,1,1,1,4),(0.E0,7.692307692308E-2,1.538461538462E-1,2.307692307692E-1,
3.076923076923E-1,3.846153846154E-1,4.615384615385E-1,5.384615384615E-1,
6.153846153846E-1,6.923076923077E-1,7.692307692308E-1,8.461538461538E-1,
9.230769230769E-1,1.E0),.UNSPECIFIED.);
#206=B_SPLINE_CURVE_WITH_KNOTS('',3,(#188,#189,#190,#191,#192,#193,#194,#195,
#196,#197,#198,#199,#200,#201,#202,#203,#204,#205),.UNSPECIFIED.,.F.,.F.,(4,1,1,
1,1,1,1,1,1,1,1,1,1,1,1,4),(0.E0,6.666666666667E-2,1.333333333333E-1,2.E-1,
2.666666666667E-1,3.333333333333E-1,4.E-1,4.666666666667E-1,5.333333333333E-1,
6.E-1,6.666666666667E-1,7.333333333333E-1,8.E-1,8.666666666667E-1,
9.333333333333E-1,1.E0),.UNSPECIFIED.);
#213=B_SPLINE_CURVE_WITH_KNOTS('',3,(#207,#208,#209,#210,#211,#212),
.UNSPECIFIED.,.F.,.F.,(4,1,1,4),(0.E0,3.333333333333E-1,6.666666666667E-1,1.E0),
.UNSPECIFIED.);
#230=B_SPLINE_CURVE_WITH_KNOTS('',3,(#214,#215,#216,#217,#218,#219,#220,#221,
#222,#223,#224,#225,#226,#227,#228,#229),.UNSPECIFIED.,.F.,.F.,(4,1,1,1,1,1,1,1,
1,1,1,1,1,4),(0.E0,7.692307692308E-2,1.538461538462E-1,2.307692307692E-1,
3.076923076923E-1,3.846153846154E-1,4.615384615385E-1,5.384615384615E-1,
6.153846153846E-1,6.923076923077E-1,7.692307692308E-1,8.461538461538E-1,
9.230769230769E-1,1.E0),.UNSPECIFIED.);
#237=B_SPLINE_CURVE_WITH_KNOTS('',3,(#231,#232,#233,#234,#235,#236),
.UNSPECIFIED.,.F.,.F.,(4,1,1,4),(0.E0,3.333333333333E-1,6.666666666667E-1,1.E0),
.UNSPECIFIED.);
#256=B_SPLINE_CURVE_WITH_KNOTS('',3,(#238,#239,#240,#241,#242,#243,#244,#245,
#246,#247,#248,#249,#250,#251,#252,#253,#254,#255),.UNSPECIFIED.,.F.,.F.,(4,1,1,
1,1,1,1,1,1,1,1,1,1,1,1,4),(0.E0,6.666666666667E-2,1.333333333333E-1,2.E-1,
2.666666666667E-1,3.333333333333E-1,4.E-1,4.666666666667E-1,5.333333333333E-1,
6.E-1,6.666666666667E-1,7.333333333333E-1,8.E-1,8.666666666667E-1,
9.333333333333E-1,1.E0),.UNSPECIFIED.);
#277=B_SPLINE_CURVE_WITH_KNOTS('',3,(#261,#262,#263,#264,#265,#266,#267,#268,
#269,#270,#271,#272,#273,#274,#275,#276),.UNSPECIFIED.,.F.,.F.,(4,1,1,1,1,1,1,1,
1,1,1,1,1,4),(0.E0,7.692307692308E-2,1.538461538462E-1,2.307692307692E-1,
3.076923076923E-1,3.846153846154E-1,4.615384615385E-1,5.384615384615E-1,
6.153846153846E-1,6.923076923077E-1,7.692307692308E-1,8.461538461538E-1,
9.230769230769E-1,1.E0),.UNSPECIFIED.);
#288=B_SPLINE_CURVE_WITH_KNOTS('',3,(#282,#283,#284,#285,#286,#287),
.UNSPECIFIED.,.F.,.F.,(4,1,1,4),(0.E0,3.333333333333E-1,6.666666666667E-1,1.E0),
.UNSPECIFIED.);
#295=B_SPLINE_CURVE_WITH_KNOTS('',3,(#289,#290,#291,#292,#293,#294),
.UNSPECIFIED.,.F.,.F.,(4,1,1,4),(0.E0,3.333333333333E-1,6.666666666667E-1,1.E0),
.UNSPECIFIED.);
#322=B_SPLINE_CURVE_WITH_KNOTS('',3,(#304,#305,#306,#307,#308,#309,#310,#311,
#312,#313,#314,#315,#316,#317,#318,#319,#320,#321),.UNSPECIFIED.,.F.,.F.,(4,1,1,
1,1,1,1,1,1,1,1,1,1,1,1,4),(0.E0,6.666666666667E-2,1.333333333333E-1,2.E-1,
2.666666666667E-1,3.333333333333E-1,4.E-1,4.666666666667E-1,5.333333333333E-1,
6.E-1,6.666666666667E-1,7.333333333333E-1,8.E-1,8.666666666667E-1,
9.333333333333E-1,1.E0),.UNSPECIFIED.);
#329=B_SPLINE_CURVE_WITH_KNOTS('',3,(#323,#324,#325,#326,#327,#328),
.UNSPECIFIED.,.F.,.F.,(4,1,1,4),(0.E0,3.333333333333E-1,6.666666666667E-1,1.E0),
.UNSPECIFIED.);
#346=B_SPLINE_CURVE_WITH_KNOTS('',3,(#330,#331,#332,#333,#334,#335,#336,#337,
#338,#339,#340,#341,#342,#343,#344,#345),.UNSPECIFIED.,.F.,.F.,(4,1,1,1,1,1,1,1,
1,1,1,1,1,4),(0.E0,7.692307692308E-2,1.538461538462E-1,2.307692307692E-1,
3.076923076923E-1,3.846153846154E-1,4.615384615385E-1,5.384615384615E-1,
6.153846153846E-1,6.923076923077E-1,7.692307692308E-1,8.461538461538E-1,
9.230769230769E-1,1.E0),.UNSPECIFIED.);
#353=B_SPLINE_CURVE_WITH_KNOTS('',3,(#347,#348,#349,#350,#351,#352),
.UNSPECIFIED.,.F.,.F.,(4,1,1,4),(0.E0,3.333333333333E-1,6.666666666667E-1,1.E0),
.UNSPECIFIED.);
#372=B_SPLINE_CURVE_WITH_KNOTS('',3,(#354,#355,#356,#357,#358,#359,#360,#361,
#362,#363,#364,#365,#366,#367,#368,#369,#370,#371),.UNSPECIFIED.,.F.,.F.,(4,1,1,
1,1,1,1,1,1,1,1,1,1,1,1,4),(0.E0,6.666666666667E-2,1.333333333333E-1,2.E-1,
2.666666666667E-1,3.333333333333E-1,4.E-1,4.666666666667E-1,5.333333333333E-1,
6.E-1,6.666666666667E-1,7.333333333333E-1,8.E-1,8.666666666667E-1,
9.333333333333E-1,1.E0),.UNSPECIFIED.);
#393=B_SPLINE_CURVE_WITH_KNOTS('',3,(#377,#378,#379,#380,#381,#382,#383,#384,
#385,#386,#387,#388,#389,#390,#391,#392),.UNSPECIFIED.,.F.,.F.,(4,1,1,1,1,1,1,1,
1,1,1,1,1,4),(0.E0,7.692307692308E-2,1.538461538462E-1,2.307692307692E-1,
3.076923076923E-1,3.846153846154E-1,4.615384615385E-1,5.384615384615E-1,
6.153846153846E-1,6.923076923077E-1,7.692307692308E-1,8.461538461538E-1,
9.230769230769E-1,1.E0),.UNSPECIFIED.);
#404=B_SPLINE_CURVE_WITH_KNOTS('',3,(#398,#399,#400,#401,#402,#403),
.UNSPECIFIED.,.F.,.F.,(4,1,1,4),(0.E0,3.333333333333E-1,6.666666666667E-1,1.E0),
.UNSPECIFIED.);
#411=B_SPLINE_CURVE_WITH_KNOTS('',3,(#405,#406,#407,#408,#409,#410),
.UNSPECIFIED.,.F.,.F.,(4,1,1,4),(0.E0,3.333333333333E-1,6.666666666667E-1,1.E0),
.UNSPECIFIED.);
#438=B_SPLINE_CURVE_WITH_KNOTS('',3,(#420,#421,#422,#423,#424,#425,#426,#427,
#428,#429,#430,#431,#432,#433,#434,#435,#436,#437),.UNSPECIFIED.,.F.,.F.,(4,1,1,
1,1,1,1,1,1,1,1,1,1,1,1,4),(0.E0,6.666666666667E-2,1.333333333333E-1,2.E-1,
2.666666666667E-1,3.333333333333E-1,4.E-1,4.666666666667E-1,5.333333333333E-1,
6.E-1,6.666666666667E-1,7.333333333333E-1,8.E-1,8.666666666667E-1,
9.333333333333E-1,1.E0),.UNSPECIFIED.);
#445=B_SPLINE_CURVE_WITH_KNOTS('',3,(#439,#440,#441,#442,#443,#444),
.UNSPECIFIED.,.F.,.F.,(4,1,1,4),(0.E0,3.333333333333E-1,6.666666666667E-1,1.E0),
.UNSPECIFIED.);
#460=B_SPLINE_CURVE_WITH_KNOTS('',3,(#446,#447,#448,#449,#450,#451,#452,#453,
#454,#455,#456,#457,#458,#459),.UNSPECIFIED.,.F.,.F.,(4,1,1,1,1,1,1,1,1,1,1,4),(
0.E0,9.090909090909E-2,1.818181818182E-1,2.727272727273E-1,3.636363636364E-1,
4.545454545455E-1,5.454545454545E-1,6.363636363636E-1,7.272727272727E-1,
8.181818181818E-1,9.090909090909E-1,1.E0),.UNSPECIFIED.);
#476=B_SPLINE_CURVE_WITH_KNOTS('',3,(#461,#462,#463,#464,#465,#466,#467,#468,
#469,#470,#471,#472,#473,#474,#475),.UNSPECIFIED.,.F.,.F.,(4,1,1,1,1,1,1,1,1,1,
1,1,4),(0.E0,8.333333333333E-2,1.666666666667E-1,2.5E-1,3.333333333333E-1,
4.166666666667E-1,5.E-1,5.833333333333E-1,6.666666666667E-1,7.5E-1,
8.333333333333E-1,9.166666666667E-1,1.E0),.UNSPECIFIED.);
#481=CIRCLE('',#480,8.E0);
#486=CIRCLE('',#485,8.E0);
#495=CIRCLE('',#494,6.85E0);
#516=CIRCLE('',#515,4.E-1);
#521=CIRCLE('',#520,8.E0);
#526=CIRCLE('',#525,8.E0);
#531=CIRCLE('',#530,4.E-1);
#536=CIRCLE('',#535,8.4E0);
#541=CIRCLE('',#540,8.4E0);
#546=CIRCLE('',#545,8.E0);
#551=CIRCLE('',#550,9.75E0);
#556=CIRCLE('',#555,9.75E0);
#561=CIRCLE('',#560,9.75E0);
#570=CIRCLE('',#569,9.75E0);
#583=CIRCLE('',#582,9.75E0);
#588=CIRCLE('',#587,9.75E0);
#597=CIRCLE('',#596,9.75E0);
#602=CIRCLE('',#601,9.75E0);
#607=CIRCLE('',#606,8.498331477355E0);
#612=CIRCLE('',#611,8.498331477355E0);
#661=CIRCLE('',#660,8.E0);
#670=CIRCLE('',#669,9.75E0);
#675=CIRCLE('',#674,9.75E0);
#684=CIRCLE('',#683,8.E0);
#689=CIRCLE('',#688,8.E0);
#714=CIRCLE('',#713,7.5E-1);
#719=CIRCLE('',#718,7.249999999998E0);
#724=CIRCLE('',#723,7.5E-1);
#729=CIRCLE('',#728,7.249999999998E0);
#742=CIRCLE('',#741,7.25E0);
#747=CIRCLE('',#746,7.25E0);
#752=CIRCLE('',#751,6.35E0);
#767=B_SPLINE_CURVE_WITH_KNOTS('',3,(#757,#758,#759,#760,#761,#762,#763,#764,
#765,#766),.UNSPECIFIED.,.F.,.F.,(4,1,1,1,1,1,1,4),(0.E0,1.428571428571E-1,
2.857142857143E-1,4.285714285714E-1,5.714285714286E-1,7.142857142857E-1,
8.571428571429E-1,1.E0),.UNSPECIFIED.);
#773=B_SPLINE_CURVE_WITH_KNOTS('',3,(#768,#769,#770,#771,#772),.UNSPECIFIED.,
.F.,.F.,(4,1,4),(0.E0,4.799982694827E-1,1.E0),.UNSPECIFIED.);
#780=B_SPLINE_CURVE_WITH_KNOTS('',3,(#774,#775,#776,#777,#778,#779),
.UNSPECIFIED.,.F.,.F.,(4,1,1,4),(0.E0,3.333333333333E-1,6.666666666667E-1,1.E0),
.UNSPECIFIED.);
#797=B_SPLINE_CURVE_WITH_KNOTS('',3,(#785,#786,#787,#788,#789,#790,#791,#792,
#793,#794,#795,#796),.UNSPECIFIED.,.F.,.F.,(4,1,1,1,1,1,1,1,1,4),(0.E0,
1.111111111111E-1,2.222222222222E-1,3.333333333333E-1,4.444444444444E-1,
5.555555555556E-1,6.666666666667E-1,7.777777777778E-1,8.888888888889E-1,1.E0),
.UNSPECIFIED.);
#806=B_SPLINE_CURVE_WITH_KNOTS('',3,(#798,#799,#800,#801,#802,#803,#804,#805),
.UNSPECIFIED.,.F.,.F.,(4,1,1,1,1,4),(0.E0,2.E-1,4.E-1,6.E-1,8.E-1,1.E0),
.UNSPECIFIED.);
#824=B_SPLINE_CURVE_WITH_KNOTS('',3,(#811,#812,#813,#814,#815,#816,#817,#818,
#819,#820,#821,#822,#823),.UNSPECIFIED.,.F.,.F.,(4,1,1,1,1,1,1,1,1,1,4),(0.E0,
1.E-1,2.E-1,3.E-1,4.E-1,5.E-1,6.E-1,7.E-1,8.E-1,9.E-1,1.E0),.UNSPECIFIED.);
#831=B_SPLINE_CURVE_WITH_KNOTS('',3,(#825,#826,#827,#828,#829,#830),
.UNSPECIFIED.,.F.,.F.,(4,1,1,4),(0.E0,3.333333333333E-1,6.666666666667E-1,1.E0),
.UNSPECIFIED.);
#838=B_SPLINE_CURVE_WITH_KNOTS('',3,(#832,#833,#834,#835,#836,#837),
.UNSPECIFIED.,.F.,.F.,(4,1,1,4),(0.E0,3.333333333333E-1,6.666666666667E-1,1.E0),
.UNSPECIFIED.);
#847=B_SPLINE_CURVE_WITH_KNOTS('',3,(#839,#840,#841,#842,#843,#844,#845,#846),
.UNSPECIFIED.,.F.,.F.,(4,1,1,1,1,4),(0.E0,2.E-1,4.E-1,6.E-1,8.E-1,1.E0),
.UNSPECIFIED.);
#856=CIRCLE('',#855,1.E1);
#865=CIRCLE('',#864,1.E1);
#874=CIRCLE('',#873,1.E1);
#883=CIRCLE('',#882,1.E1);
#892=CIRCLE('',#891,1.E1);
#901=CIRCLE('',#900,1.E1);
#906=CIRCLE('',#905,6.35E0);
#912=B_SPLINE_CURVE_WITH_KNOTS('',3,(#907,#908,#909,#910,#911),.UNSPECIFIED.,
.F.,.F.,(4,1,4),(0.E0,7.239725892598E-1,1.E0),.UNSPECIFIED.);
#921=B_SPLINE_CURVE_WITH_KNOTS('',3,(#917,#918,#919,#920),.UNSPECIFIED.,.F.,.F.,
(4,4),(0.E0,1.E0),.UNSPECIFIED.);
#937=B_SPLINE_CURVE_WITH_KNOTS('',3,(#922,#923,#924,#925,#926,#927,#928,#929,
#930,#931,#932,#933,#934,#935,#936),.UNSPECIFIED.,.F.,.F.,(4,1,1,1,1,1,1,1,1,1,
1,1,4),(0.E0,8.333333333333E-2,1.666666666667E-1,2.5E-1,3.333333333333E-1,
4.166666666667E-1,5.E-1,5.833333333333E-1,6.666666666667E-1,7.5E-1,
8.333333333333E-1,9.166666666667E-1,1.E0),.UNSPECIFIED.);
#942=CIRCLE('',#941,1.E1);
#949=B_SPLINE_CURVE_WITH_KNOTS('',3,(#943,#944,#945,#946,#947,#948),
.UNSPECIFIED.,.F.,.F.,(4,1,1,4),(0.E0,3.333333333333E-1,6.666666666667E-1,1.E0),
.UNSPECIFIED.);
#957=B_SPLINE_CURVE_WITH_KNOTS('',3,(#950,#951,#952,#953,#954,#955,#956),
.UNSPECIFIED.,.F.,.F.,(4,1,1,1,4),(0.E0,2.5E-1,5.E-1,7.5E-1,1.E0),
.UNSPECIFIED.);
#970=CIRCLE('',#969,1.E1);
#977=B_SPLINE_CURVE_WITH_KNOTS('',3,(#971,#972,#973,#974,#975,#976),
.UNSPECIFIED.,.F.,.F.,(4,1,1,4),(0.E0,3.333333333333E-1,6.666666666667E-1,1.E0),
.UNSPECIFIED.);
#985=B_SPLINE_CURVE_WITH_KNOTS('',3,(#978,#979,#980,#981,#982,#983,#984),
.UNSPECIFIED.,.F.,.F.,(4,1,1,1,4),(0.E0,2.5E-1,5.E-1,7.5E-1,1.E0),
.UNSPECIFIED.);
#998=CIRCLE('',#997,1.E1);
#1005=B_SPLINE_CURVE_WITH_KNOTS('',3,(#999,#1000,#1001,#1002,#1003,#1004),
.UNSPECIFIED.,.F.,.F.,(4,1,1,4),(0.E0,3.333333333333E-1,6.666666666667E-1,1.E0),
.UNSPECIFIED.);
#1013=B_SPLINE_CURVE_WITH_KNOTS('',3,(#1006,#1007,#1008,#1009,#1010,#1011,
#1012),.UNSPECIFIED.,.F.,.F.,(4,1,1,1,4),(0.E0,2.5E-1,5.E-1,7.5E-1,1.E0),
.UNSPECIFIED.);
#1026=CIRCLE('',#1025,1.E1);
#1033=B_SPLINE_CURVE_WITH_KNOTS('',3,(#1027,#1028,#1029,#1030,#1031,#1032),
.UNSPECIFIED.,.F.,.F.,(4,1,1,4),(0.E0,3.333333333333E-1,6.666666666667E-1,1.E0),
.UNSPECIFIED.);
#1041=B_SPLINE_CURVE_WITH_KNOTS('',3,(#1034,#1035,#1036,#1037,#1038,#1039,
#1040),.UNSPECIFIED.,.F.,.F.,(4,1,1,1,4),(0.E0,2.5E-1,5.E-1,7.5E-1,1.E0),
.UNSPECIFIED.);
#1054=CIRCLE('',#1053,1.E1);
#1061=B_SPLINE_CURVE_WITH_KNOTS('',3,(#1055,#1056,#1057,#1058,#1059,#1060),
.UNSPECIFIED.,.F.,.F.,(4,1,1,4),(0.E0,3.333333333333E-1,6.666666666667E-1,1.E0),
.UNSPECIFIED.);
#1069=B_SPLINE_CURVE_WITH_KNOTS('',3,(#1062,#1063,#1064,#1065,#1066,#1067,
#1068),.UNSPECIFIED.,.F.,.F.,(4,1,1,1,4),(0.E0,2.5E-1,5.E-1,7.5E-1,1.E0),
.UNSPECIFIED.);
#1090=CIRCLE('',#1089,1.E1);
#1097=B_SPLINE_CURVE_WITH_KNOTS('',3,(#1091,#1092,#1093,#1094,#1095,#1096),
.UNSPECIFIED.,.F.,.F.,(4,1,1,4),(0.E0,3.333333333333E-1,6.666666666667E-1,1.E0),
.UNSPECIFIED.);
#1105=B_SPLINE_CURVE_WITH_KNOTS('',3,(#1098,#1099,#1100,#1101,#1102,#1103,
#1104),.UNSPECIFIED.,.F.,.F.,(4,1,1,1,4),(0.E0,2.5E-1,5.E-1,7.5E-1,1.E0),
.UNSPECIFIED.);
#1110=CIRCLE('',#1109,9.000000000002E0);
#1115=CIRCLE('',#1114,9.000000000002E0);
#1120=CIRCLE('',#1119,9.000000000002E0);
#1125=CIRCLE('',#1124,9.000000000002E0);
#1130=CIRCLE('',#1129,9.000000000002E0);
#1135=CIRCLE('',#1134,9.000000000002E0);
#1144=CIRCLE('',#1143,5.8E0);
#1155=B_SPLINE_CURVE_WITH_KNOTS('',3,(#1149,#1150,#1151,#1152,#1153,#1154),
.UNSPECIFIED.,.F.,.F.,(4,1,1,4),(0.E0,3.333333333333E-1,6.666666666667E-1,1.E0),
.UNSPECIFIED.);
#1165=B_SPLINE_CURVE_WITH_KNOTS('',3,(#1156,#1157,#1158,#1159,#1160,#1161,#1162,
#1163,#1164),.UNSPECIFIED.,.F.,.F.,(4,1,1,1,1,1,4),(0.E0,1.666666666667E-1,
3.333333333333E-1,5.E-1,6.666666666667E-1,8.333333333333E-1,1.E0),
.UNSPECIFIED.);
#1192=B_SPLINE_CURVE_WITH_KNOTS('',3,(#1174,#1175,#1176,#1177,#1178,#1179,#1180,
#1181,#1182,#1183,#1184,#1185,#1186,#1187,#1188,#1189,#1190,#1191),
.UNSPECIFIED.,.F.,.F.,(4,1,1,1,1,1,1,1,1,1,1,1,1,1,1,4),(0.E0,6.666666666667E-2,
1.333333333333E-1,2.E-1,2.666666666667E-1,3.333333333333E-1,4.E-1,
4.666666666667E-1,5.333333333333E-1,6.E-1,6.666666666667E-1,7.333333333333E-1,
8.E-1,8.666666666667E-1,9.333333333333E-1,1.E0),.UNSPECIFIED.);
#1203=B_SPLINE_CURVE_WITH_KNOTS('',3,(#1197,#1198,#1199,#1200,#1201,#1202),
.UNSPECIFIED.,.F.,.F.,(4,1,1,4),(0.E0,3.333333333333E-1,6.666666666667E-1,1.E0),
.UNSPECIFIED.);
#1219=B_SPLINE_CURVE_WITH_KNOTS('',3,(#1204,#1205,#1206,#1207,#1208,#1209,#1210,
#1211,#1212,#1213,#1214,#1215,#1216,#1217,#1218),.UNSPECIFIED.,.F.,.F.,(4,1,1,1,
1,1,1,1,1,1,1,1,4),(0.E0,8.333333333333E-2,1.666666666667E-1,2.5E-1,
3.333333333333E-1,4.166666666667E-1,5.E-1,5.833333333333E-1,6.666666666667E-1,
7.5E-1,8.333333333333E-1,9.166666666667E-1,1.E0),.UNSPECIFIED.);
#1226=B_SPLINE_CURVE_WITH_KNOTS('',3,(#1220,#1221,#1222,#1223,#1224,#1225),
.UNSPECIFIED.,.F.,.F.,(4,1,1,4),(0.E0,3.333333333333E-1,6.666666666667E-1,1.E0),
.UNSPECIFIED.);
#1246=B_SPLINE_CURVE_WITH_KNOTS('',3,(#1231,#1232,#1233,#1234,#1235,#1236,#1237,
#1238,#1239,#1240,#1241,#1242,#1243,#1244,#1245),.UNSPECIFIED.,.F.,.F.,(4,1,1,1,
1,1,1,1,1,1,1,1,4),(0.E0,8.333333333333E-2,1.666666666667E-1,2.5E-1,
3.333333333333E-1,4.166666666667E-1,5.E-1,5.833333333333E-1,6.666666666667E-1,
7.5E-1,8.333333333333E-1,9.166666666667E-1,1.E0),.UNSPECIFIED.);
#1257=B_SPLINE_CURVE_WITH_KNOTS('',3,(#1251,#1252,#1253,#1254,#1255,#1256),
.UNSPECIFIED.,.F.,.F.,(4,1,1,4),(0.E0,3.333333333333E-1,6.666666666667E-1,1.E0),
.UNSPECIFIED.);
#1264=B_SPLINE_CURVE_WITH_KNOTS('',3,(#1258,#1259,#1260,#1261,#1262,#1263),
.UNSPECIFIED.,.F.,.F.,(4,1,1,4),(0.E0,3.333333333333E-1,6.666666666667E-1,1.E0),
.UNSPECIFIED.);
#1287=B_SPLINE_CURVE_WITH_KNOTS('',3,(#1269,#1270,#1271,#1272,#1273,#1274,#1275,
#1276,#1277,#1278,#1279,#1280,#1281,#1282,#1283,#1284,#1285,#1286),
.UNSPECIFIED.,.F.,.F.,(4,1,1,1,1,1,1,1,1,1,1,1,1,1,1,4),(0.E0,6.666666666667E-2,
1.333333333333E-1,2.E-1,2.666666666667E-1,3.333333333333E-1,4.E-1,
4.666666666667E-1,5.333333333333E-1,6.E-1,6.666666666667E-1,7.333333333333E-1,
8.E-1,8.666666666667E-1,9.333333333333E-1,1.E0),.UNSPECIFIED.);
#1310=B_SPLINE_CURVE_WITH_KNOTS('',3,(#1292,#1293,#1294,#1295,#1296,#1297,#1298,
#1299,#1300,#1301,#1302,#1303,#1304,#1305,#1306,#1307,#1308,#1309),
.UNSPECIFIED.,.F.,.F.,(4,1,1,1,1,1,1,1,1,1,1,1,1,1,1,4),(0.E0,6.666666666667E-2,
1.333333333333E-1,2.E-1,2.666666666667E-1,3.333333333333E-1,4.E-1,
4.666666666667E-1,5.333333333333E-1,6.E-1,6.666666666667E-1,7.333333333333E-1,
8.E-1,8.666666666667E-1,9.333333333333E-1,1.E0),.UNSPECIFIED.);
#1317=B_SPLINE_CURVE_WITH_KNOTS('',3,(#1311,#1312,#1313,#1314,#1315,#1316),
.UNSPECIFIED.,.F.,.F.,(4,1,1,4),(0.E0,3.333333333333E-1,6.666666666667E-1,1.E0),
.UNSPECIFIED.);
#1333=B_SPLINE_CURVE_WITH_KNOTS('',3,(#1318,#1319,#1320,#1321,#1322,#1323,#1324,
#1325,#1326,#1327,#1328,#1329,#1330,#1331,#1332),.UNSPECIFIED.,.F.,.F.,(4,1,1,1,
1,1,1,1,1,1,1,1,4),(0.E0,8.333333333333E-2,1.666666666667E-1,2.5E-1,
3.333333333333E-1,4.166666666667E-1,5.E-1,5.833333333333E-1,6.666666666667E-1,
7.5E-1,8.333333333333E-1,9.166666666667E-1,1.E0),.UNSPECIFIED.);
#1340=B_SPLINE_CURVE_WITH_KNOTS('',3,(#1334,#1335,#1336,#1337,#1338,#1339),
.UNSPECIFIED.,.F.,.F.,(4,1,1,4),(0.E0,3.333333333333E-1,6.666666666667E-1,1.E0),
.UNSPECIFIED.);
#1360=B_SPLINE_CURVE_WITH_KNOTS('',3,(#1345,#1346,#1347,#1348,#1349,#1350,#1351,
#1352,#1353,#1354,#1355,#1356,#1357,#1358,#1359),.UNSPECIFIED.,.F.,.F.,(4,1,1,1,
1,1,1,1,1,1,1,1,4),(0.E0,8.333333333333E-2,1.666666666667E-1,2.5E-1,
3.333333333333E-1,4.166666666667E-1,5.E-1,5.833333333333E-1,6.666666666667E-1,
7.5E-1,8.333333333333E-1,9.166666666667E-1,1.E0),.UNSPECIFIED.);
#1371=B_SPLINE_CURVE_WITH_KNOTS('',3,(#1365,#1366,#1367,#1368,#1369,#1370),
.UNSPECIFIED.,.F.,.F.,(4,1,1,4),(0.E0,3.333333333333E-1,6.666666666667E-1,1.E0),
.UNSPECIFIED.);
#1378=B_SPLINE_CURVE_WITH_KNOTS('',3,(#1372,#1373,#1374,#1375,#1376,#1377),
.UNSPECIFIED.,.F.,.F.,(4,1,1,4),(0.E0,3.333333333333E-1,6.666666666667E-1,1.E0),
.UNSPECIFIED.);
#1405=B_SPLINE_CURVE_WITH_KNOTS('',3,(#1387,#1388,#1389,#1390,#1391,#1392,#1393,
#1394,#1395,#1396,#1397,#1398,#1399,#1400,#1401,#1402,#1403,#1404),
.UNSPECIFIED.,.F.,.F.,(4,1,1,1,1,1,1,1,1,1,1,1,1,1,1,4),(0.E0,6.666666666667E-2,
1.333333333333E-1,2.E-1,2.666666666667E-1,3.333333333333E-1,4.E-1,
4.666666666667E-1,5.333333333333E-1,6.E-1,6.666666666667E-1,7.333333333333E-1,
8.E-1,8.666666666667E-1,9.333333333333E-1,1.E0),.UNSPECIFIED.);
#1412=B_SPLINE_CURVE_WITH_KNOTS('',3,(#1406,#1407,#1408,#1409,#1410,#1411),
.UNSPECIFIED.,.F.,.F.,(4,1,1,4),(0.E0,3.333333333333E-1,6.666666666667E-1,1.E0),
.UNSPECIFIED.);
#1428=B_SPLINE_CURVE_WITH_KNOTS('',3,(#1413,#1414,#1415,#1416,#1417,#1418,#1419,
#1420,#1421,#1422,#1423,#1424,#1425,#1426,#1427),.UNSPECIFIED.,.F.,.F.,(4,1,1,1,
1,1,1,1,1,1,1,1,4),(0.E0,8.333333333333E-2,1.666666666667E-1,2.5E-1,
3.333333333333E-1,4.166666666667E-1,5.E-1,5.833333333333E-1,6.666666666667E-1,
7.5E-1,8.333333333333E-1,9.166666666667E-1,1.E0),.UNSPECIFIED.);
#1435=B_SPLINE_CURVE_WITH_KNOTS('',3,(#1429,#1430,#1431,#1432,#1433,#1434),
.UNSPECIFIED.,.F.,.F.,(4,1,1,4),(0.E0,3.333333333333E-1,6.666666666667E-1,1.E0),
.UNSPECIFIED.);
#1454=B_SPLINE_CURVE_WITH_KNOTS('',3,(#1436,#1437,#1438,#1439,#1440,#1441,#1442,
#1443,#1444,#1445,#1446,#1447,#1448,#1449,#1450,#1451,#1452,#1453),
.UNSPECIFIED.,.F.,.F.,(4,1,1,1,1,1,1,1,1,1,1,1,1,1,1,4),(0.E0,6.666666666667E-2,
1.333333333333E-1,2.E-1,2.666666666667E-1,3.333333333333E-1,4.E-1,
4.666666666667E-1,5.333333333333E-1,6.E-1,6.666666666667E-1,7.333333333333E-1,
8.E-1,8.666666666667E-1,9.333333333333E-1,1.E0),.UNSPECIFIED.);
#1474=B_SPLINE_CURVE_WITH_KNOTS('',3,(#1459,#1460,#1461,#1462,#1463,#1464,#1465,
#1466,#1467,#1468,#1469,#1470,#1471,#1472,#1473),.UNSPECIFIED.,.F.,.F.,(4,1,1,1,
1,1,1,1,1,1,1,1,4),(0.E0,8.333333333333E-2,1.666666666667E-1,2.5E-1,
3.333333333333E-1,4.166666666667E-1,5.E-1,5.833333333333E-1,6.666666666667E-1,
7.5E-1,8.333333333333E-1,9.166666666667E-1,1.E0),.UNSPECIFIED.);
#1485=B_SPLINE_CURVE_WITH_KNOTS('',3,(#1479,#1480,#1481,#1482,#1483,#1484),
.UNSPECIFIED.,.F.,.F.,(4,1,1,4),(0.E0,3.333333333333E-1,6.666666666667E-1,1.E0),
.UNSPECIFIED.);
#1492=B_SPLINE_CURVE_WITH_KNOTS('',3,(#1486,#1487,#1488,#1489,#1490,#1491),
.UNSPECIFIED.,.F.,.F.,(4,1,1,4),(0.E0,3.333333333333E-1,6.666666666667E-1,1.E0),
.UNSPECIFIED.);
#1519=B_SPLINE_CURVE_WITH_KNOTS('',3,(#1501,#1502,#1503,#1504,#1505,#1506,#1507,
#1508,#1509,#1510,#1511,#1512,#1513,#1514,#1515,#1516,#1517,#1518),
.UNSPECIFIED.,.F.,.F.,(4,1,1,1,1,1,1,1,1,1,1,1,1,1,1,4),(0.E0,6.666666666667E-2,
1.333333333333E-1,2.E-1,2.666666666667E-1,3.333333333333E-1,4.E-1,
4.666666666667E-1,5.333333333333E-1,6.E-1,6.666666666667E-1,7.333333333333E-1,
8.E-1,8.666666666667E-1,9.333333333333E-1,1.E0),.UNSPECIFIED.);
#1526=B_SPLINE_CURVE_WITH_KNOTS('',3,(#1520,#1521,#1522,#1523,#1524,#1525),
.UNSPECIFIED.,.F.,.F.,(4,1,1,4),(0.E0,3.333333333333E-1,6.666666666667E-1,1.E0),
.UNSPECIFIED.);
#1542=B_SPLINE_CURVE_WITH_KNOTS('',3,(#1527,#1528,#1529,#1530,#1531,#1532,#1533,
#1534,#1535,#1536,#1537,#1538,#1539,#1540,#1541),.UNSPECIFIED.,.F.,.F.,(4,1,1,1,
1,1,1,1,1,1,1,1,4),(0.E0,8.333333333333E-2,1.666666666667E-1,2.5E-1,
3.333333333333E-1,4.166666666667E-1,5.E-1,5.833333333333E-1,6.666666666667E-1,
7.5E-1,8.333333333333E-1,9.166666666667E-1,1.E0),.UNSPECIFIED.);
#1549=B_SPLINE_CURVE_WITH_KNOTS('',3,(#1543,#1544,#1545,#1546,#1547,#1548),
.UNSPECIFIED.,.F.,.F.,(4,1,1,4),(0.E0,3.333333333333E-1,6.666666666667E-1,1.E0),
.UNSPECIFIED.);
#1568=B_SPLINE_CURVE_WITH_KNOTS('',3,(#1550,#1551,#1552,#1553,#1554,#1555,#1556,
#1557,#1558,#1559,#1560,#1561,#1562,#1563,#1564,#1565,#1566,#1567),
.UNSPECIFIED.,.F.,.F.,(4,1,1,1,1,1,1,1,1,1,1,1,1,1,1,4),(0.E0,6.666666666667E-2,
1.333333333333E-1,2.E-1,2.666666666667E-1,3.333333333333E-1,4.E-1,
4.666666666667E-1,5.333333333333E-1,6.E-1,6.666666666667E-1,7.333333333333E-1,
8.E-1,8.666666666667E-1,9.333333333333E-1,1.E0),.UNSPECIFIED.);
#1582=B_SPLINE_CURVE_WITH_KNOTS('',3,(#1573,#1574,#1575,#1576,#1577,#1578,#1579,
#1580,#1581),.UNSPECIFIED.,.F.,.F.,(4,1,1,1,1,1,4),(0.E0,1.666666666667E-1,
3.333333333333E-1,5.E-1,6.666666666667E-1,8.333333333333E-1,1.E0),
.UNSPECIFIED.);
#1593=B_SPLINE_CURVE_WITH_KNOTS('',3,(#1583,#1584,#1585,#1586,#1587,#1588,#1589,
#1590,#1591,#1592),.UNSPECIFIED.,.F.,.F.,(4,1,1,1,1,1,1,4),(0.E0,
1.428571428571E-1,2.857142857143E-1,4.285714285714E-1,5.714285714286E-1,
7.142857142857E-1,8.571428571429E-1,1.E0),.UNSPECIFIED.);
#1604=B_SPLINE_CURVE_WITH_KNOTS('',3,(#1598,#1599,#1600,#1601,#1602,#1603),
.UNSPECIFIED.,.F.,.F.,(4,1,1,4),(0.E0,3.333333333333E-1,6.666666666667E-1,1.E0),
.UNSPECIFIED.);
#1617=B_SPLINE_CURVE_WITH_KNOTS('',3,(#1605,#1606,#1607,#1608,#1609,#1610,#1611,
#1612,#1613,#1614,#1615,#1616),.UNSPECIFIED.,.F.,.F.,(4,1,1,1,1,1,1,1,1,4),
(0.E0,1.111111111111E-1,2.222222222222E-1,3.333333333333E-1,4.444444444444E-1,
5.555555555556E-1,6.666666666667E-1,7.777777777778E-1,8.888888888889E-1,1.E0),
.UNSPECIFIED.);
#1631=B_SPLINE_CURVE_WITH_KNOTS('',3,(#1618,#1619,#1620,#1621,#1622,#1623,#1624,
#1625,#1626,#1627,#1628,#1629,#1630),.UNSPECIFIED.,.F.,.F.,(4,1,1,1,1,1,1,1,1,1,
4),(0.E0,1.E-1,2.E-1,3.E-1,4.E-1,5.E-1,6.E-1,7.E-1,8.E-1,9.E-1,1.E0),
.UNSPECIFIED.);
#1651=B_SPLINE_CURVE_WITH_KNOTS('',3,(#1636,#1637,#1638,#1639,#1640,#1641,#1642,
#1643,#1644,#1645,#1646,#1647,#1648,#1649,#1650),.UNSPECIFIED.,.F.,.F.,(4,1,1,1,
1,1,1,1,1,1,1,1,4),(0.E0,8.333333333333E-2,1.666666666667E-1,2.5E-1,
3.333333333333E-1,4.166666666667E-1,5.E-1,5.833333333333E-1,6.666666666667E-1,
7.5E-1,8.333333333333E-1,9.166666666667E-1,1.E0),.UNSPECIFIED.);
#1658=B_SPLINE_CURVE_WITH_KNOTS('',3,(#1652,#1653,#1654,#1655,#1656,#1657),
.UNSPECIFIED.,.F.,.F.,(4,1,1,4),(0.E0,3.333333333333E-1,6.666666666667E-1,1.E0),
.UNSPECIFIED.);
#1665=B_SPLINE_CURVE_WITH_KNOTS('',3,(#1659,#1660,#1661,#1662,#1663,#1664),
.UNSPECIFIED.,.F.,.F.,(4,1,1,4),(0.E0,3.333333333333E-1,6.666666666667E-1,1.E0),
.UNSPECIFIED.);
#1672=B_SPLINE_CURVE_WITH_KNOTS('',3,(#1666,#1667,#1668,#1669,#1670,#1671),
.UNSPECIFIED.,.F.,.F.,(4,1,1,4),(0.E0,3.333333333333E-1,6.666666666667E-1,1.E0),
.UNSPECIFIED.);
#1696=B_SPLINE_CURVE_WITH_KNOTS('',3,(#1681,#1682,#1683,#1684,#1685,#1686,#1687,
#1688,#1689,#1690,#1691,#1692,#1693,#1694,#1695),.UNSPECIFIED.,.F.,.F.,(4,1,1,1,
1,1,1,1,1,1,1,1,4),(0.E0,8.333333333333E-2,1.666666666667E-1,2.5E-1,
3.333333333333E-1,4.166666666667E-1,5.E-1,5.833333333333E-1,6.666666666667E-1,
7.5E-1,8.333333333333E-1,9.166666666667E-1,1.E0),.UNSPECIFIED.);
#1703=B_SPLINE_CURVE_WITH_KNOTS('',3,(#1697,#1698,#1699,#1700,#1701,#1702),
.UNSPECIFIED.,.F.,.F.,(4,1,1,4),(0.E0,3.333333333333E-1,6.666666666667E-1,1.E0),
.UNSPECIFIED.);
#1722=B_SPLINE_CURVE_WITH_KNOTS('',3,(#1704,#1705,#1706,#1707,#1708,#1709,#1710,
#1711,#1712,#1713,#1714,#1715,#1716,#1717,#1718,#1719,#1720,#1721),
.UNSPECIFIED.,.F.,.F.,(4,1,1,1,1,1,1,1,1,1,1,1,1,1,1,4),(0.E0,6.666666666667E-2,
1.333333333333E-1,2.E-1,2.666666666667E-1,3.333333333333E-1,4.E-1,
4.666666666667E-1,5.333333333333E-1,6.E-1,6.666666666667E-1,7.333333333333E-1,
8.E-1,8.666666666667E-1,9.333333333333E-1,1.E0),.UNSPECIFIED.);
#1729=B_SPLINE_CURVE_WITH_KNOTS('',3,(#1723,#1724,#1725,#1726,#1727,#1728),
.UNSPECIFIED.,.F.,.F.,(4,1,1,4),(0.E0,3.333333333333E-1,6.666666666667E-1,1.E0),
.UNSPECIFIED.);
#1745=B_SPLINE_CURVE_WITH_KNOTS('',3,(#1730,#1731,#1732,#1733,#1734,#1735,#1736,
#1737,#1738,#1739,#1740,#1741,#1742,#1743,#1744),.UNSPECIFIED.,.F.,.F.,(4,1,1,1,
1,1,1,1,1,1,1,1,4),(0.E0,8.333333333333E-2,1.666666666667E-1,2.5E-1,
3.333333333333E-1,4.166666666667E-1,5.E-1,5.833333333333E-1,6.666666666667E-1,
7.5E-1,8.333333333333E-1,9.166666666667E-1,1.E0),.UNSPECIFIED.);
#1768=B_SPLINE_CURVE_WITH_KNOTS('',3,(#1750,#1751,#1752,#1753,#1754,#1755,#1756,
#1757,#1758,#1759,#1760,#1761,#1762,#1763,#1764,#1765,#1766,#1767),
.UNSPECIFIED.,.F.,.F.,(4,1,1,1,1,1,1,1,1,1,1,1,1,1,1,4),(0.E0,6.666666666667E-2,
1.333333333333E-1,2.E-1,2.666666666667E-1,3.333333333333E-1,4.E-1,
4.666666666667E-1,5.333333333333E-1,6.E-1,6.666666666667E-1,7.333333333333E-1,
8.E-1,8.666666666667E-1,9.333333333333E-1,1.E0),.UNSPECIFIED.);
#1779=B_SPLINE_CURVE_WITH_KNOTS('',3,(#1773,#1774,#1775,#1776,#1777,#1778),
.UNSPECIFIED.,.F.,.F.,(4,1,1,4),(0.E0,3.333333333333E-1,6.666666666667E-1,1.E0),
.UNSPECIFIED.);
#1786=B_SPLINE_CURVE_WITH_KNOTS('',3,(#1780,#1781,#1782,#1783,#1784,#1785),
.UNSPECIFIED.,.F.,.F.,(4,1,1,4),(0.E0,3.333333333333E-1,6.666666666667E-1,1.E0),
.UNSPECIFIED.);
#1810=B_SPLINE_CURVE_WITH_KNOTS('',3,(#1795,#1796,#1797,#1798,#1799,#1800,#1801,
#1802,#1803,#1804,#1805,#1806,#1807,#1808,#1809),.UNSPECIFIED.,.F.,.F.,(4,1,1,1,
1,1,1,1,1,1,1,1,4),(0.E0,8.333333333333E-2,1.666666666667E-1,2.5E-1,
3.333333333333E-1,4.166666666667E-1,5.E-1,5.833333333333E-1,6.666666666667E-1,
7.5E-1,8.333333333333E-1,9.166666666667E-1,1.E0),.UNSPECIFIED.);
#1817=B_SPLINE_CURVE_WITH_KNOTS('',3,(#1811,#1812,#1813,#1814,#1815,#1816),
.UNSPECIFIED.,.F.,.F.,(4,1,1,4),(0.E0,3.333333333333E-1,6.666666666667E-1,1.E0),
.UNSPECIFIED.);
#1824=B_SPLINE_CURVE_WITH_KNOTS('',3,(#1818,#1819,#1820,#1821,#1822,#1823),
.UNSPECIFIED.,.F.,.F.,(4,1,1,4),(0.E0,3.333333333333E-1,6.666666666667E-1,1.E0),
.UNSPECIFIED.);
#1840=B_SPLINE_CURVE_WITH_KNOTS('',3,(#1825,#1826,#1827,#1828,#1829,#1830,#1831,
#1832,#1833,#1834,#1835,#1836,#1837,#1838,#1839),.UNSPECIFIED.,.F.,.F.,(4,1,1,1,
1,1,1,1,1,1,1,1,4),(0.E0,8.333333333333E-2,1.666666666667E-1,2.5E-1,
3.333333333333E-1,4.166666666667E-1,5.E-1,5.833333333333E-1,6.666666666667E-1,
7.5E-1,8.333333333333E-1,9.166666666667E-1,1.E0),.UNSPECIFIED.);
#1863=B_SPLINE_CURVE_WITH_KNOTS('',3,(#1845,#1846,#1847,#1848,#1849,#1850,#1851,
#1852,#1853,#1854,#1855,#1856,#1857,#1858,#1859,#1860,#1861,#1862),
.UNSPECIFIED.,.F.,.F.,(4,1,1,1,1,1,1,1,1,1,1,1,1,1,1,4),(0.E0,6.666666666667E-2,
1.333333333333E-1,2.E-1,2.666666666667E-1,3.333333333333E-1,4.E-1,
4.666666666667E-1,5.333333333333E-1,6.E-1,6.666666666667E-1,7.333333333333E-1,
8.E-1,8.666666666667E-1,9.333333333333E-1,1.E0),.UNSPECIFIED.);
#1886=B_SPLINE_CURVE_WITH_KNOTS('',3,(#1868,#1869,#1870,#1871,#1872,#1873,#1874,
#1875,#1876,#1877,#1878,#1879,#1880,#1881,#1882,#1883,#1884,#1885),
.UNSPECIFIED.,.F.,.F.,(4,1,1,1,1,1,1,1,1,1,1,1,1,1,1,4),(0.E0,6.666666666667E-2,
1.333333333333E-1,2.E-1,2.666666666667E-1,3.333333333333E-1,4.E-1,
4.666666666667E-1,5.333333333333E-1,6.E-1,6.666666666667E-1,7.333333333333E-1,
8.E-1,8.666666666667E-1,9.333333333333E-1,1.E0),.UNSPECIFIED.);
#1893=B_SPLINE_CURVE_WITH_KNOTS('',3,(#1887,#1888,#1889,#1890,#1891,#1892),
.UNSPECIFIED.,.F.,.F.,(4,1,1,4),(0.E0,3.333333333333E-1,6.666666666667E-1,1.E0),
.UNSPECIFIED.);
#1900=B_SPLINE_CURVE_WITH_KNOTS('',3,(#1894,#1895,#1896,#1897,#1898,#1899),
.UNSPECIFIED.,.F.,.F.,(4,1,1,4),(0.E0,3.333333333333E-1,6.666666666667E-1,1.E0),
.UNSPECIFIED.);
#1924=B_SPLINE_CURVE_WITH_KNOTS('',3,(#1909,#1910,#1911,#1912,#1913,#1914,#1915,
#1916,#1917,#1918,#1919,#1920,#1921,#1922,#1923),.UNSPECIFIED.,.F.,.F.,(4,1,1,1,
1,1,1,1,1,1,1,1,4),(0.E0,8.333333333333E-2,1.666666666667E-1,2.5E-1,
3.333333333333E-1,4.166666666667E-1,5.E-1,5.833333333333E-1,6.666666666667E-1,
7.5E-1,8.333333333333E-1,9.166666666667E-1,1.E0),.UNSPECIFIED.);
#1931=B_SPLINE_CURVE_WITH_KNOTS('',3,(#1925,#1926,#1927,#1928,#1929,#1930),
.UNSPECIFIED.,.F.,.F.,(4,1,1,4),(0.E0,3.333333333333E-1,6.666666666667E-1,1.E0),
.UNSPECIFIED.);
#1938=B_SPLINE_CURVE_WITH_KNOTS('',3,(#1932,#1933,#1934,#1935,#1936,#1937),
.UNSPECIFIED.,.F.,.F.,(4,1,1,4),(0.E0,3.333333333333E-1,6.666666666667E-1,1.E0),
.UNSPECIFIED.);
#1954=B_SPLINE_CURVE_WITH_KNOTS('',3,(#1939,#1940,#1941,#1942,#1943,#1944,#1945,
#1946,#1947,#1948,#1949,#1950,#1951,#1952,#1953),.UNSPECIFIED.,.F.,.F.,(4,1,1,1,
1,1,1,1,1,1,1,1,4),(0.E0,8.333333333333E-2,1.666666666667E-1,2.5E-1,
3.333333333333E-1,4.166666666667E-1,5.E-1,5.833333333333E-1,6.666666666667E-1,
7.5E-1,8.333333333333E-1,9.166666666667E-1,1.E0),.UNSPECIFIED.);
#1977=B_SPLINE_CURVE_WITH_KNOTS('',3,(#1959,#1960,#1961,#1962,#1963,#1964,#1965,
#1966,#1967,#1968,#1969,#1970,#1971,#1972,#1973,#1974,#1975,#1976),
.UNSPECIFIED.,.F.,.F.,(4,1,1,1,1,1,1,1,1,1,1,1,1,1,1,4),(0.E0,6.666666666667E-2,
1.333333333333E-1,2.E-1,2.666666666667E-1,3.333333333333E-1,4.E-1,
4.666666666667E-1,5.333333333333E-1,6.E-1,6.666666666667E-1,7.333333333333E-1,
8.E-1,8.666666666667E-1,9.333333333333E-1,1.E0),.UNSPECIFIED.);
#1993=B_SPLINE_CURVE_WITH_KNOTS('',3,(#1982,#1983,#1984,#1985,#1986,#1987,#1988,
#1989,#1990,#1991,#1992),.UNSPECIFIED.,.F.,.F.,(4,1,1,1,1,1,1,1,4),(0.E0,
1.25E-1,2.5E-1,3.75E-1,5.E-1,6.25E-1,7.5E-1,8.75E-1,1.E0),.UNSPECIFIED.);
#2005=B_SPLINE_CURVE_WITH_KNOTS('',3,(#1994,#1995,#1996,#1997,#1998,#1999,#2000,
#2001,#2002,#2003,#2004),.UNSPECIFIED.,.F.,.F.,(4,1,1,1,1,1,1,1,4),(0.E0,
1.25E-1,2.5E-1,3.75E-1,5.E-1,6.25E-1,7.5E-1,8.75E-1,1.E0),.UNSPECIFIED.);
#2014=CIRCLE('',#2013,5.8E0);
#2023=CIRCLE('',#2022,5.8E0);
#2028=CIRCLE('',#2027,5.65E0);
#2033=CIRCLE('',#2032,5.65E0);
#2038=CIRCLE('',#2037,5.65E0);
#2045=B_SPLINE_CURVE_WITH_KNOTS('',3,(#2039,#2040,#2041,#2042,#2043,#2044),
.UNSPECIFIED.,.F.,.F.,(4,1,1,4),(0.E0,3.333333333333E-1,6.666666666667E-1,1.E0),
.UNSPECIFIED.);
#2052=B_SPLINE_CURVE_WITH_KNOTS('',3,(#2046,#2047,#2048,#2049,#2050,#2051),
.UNSPECIFIED.,.F.,.F.,(4,1,1,4),(0.E0,3.333333333333E-1,6.666666666667E-1,1.E0),
.UNSPECIFIED.);
#2067=B_SPLINE_CURVE_WITH_KNOTS('',3,(#2061,#2062,#2063,#2064,#2065,#2066),
.UNSPECIFIED.,.F.,.F.,(4,1,1,4),(0.E0,3.333333333333E-1,6.666666666667E-1,1.E0),
.UNSPECIFIED.);
#2072=CIRCLE('',#2071,5.597000294592E0);
#2081=CIRCLE('',#2080,5.65E0);
#2086=CIRCLE('',#2085,5.65E0);
#2091=CIRCLE('',#2090,1.E0);
#2096=CIRCLE('',#2095,4.649999948063E0);
#2101=CIRCLE('',#2100,4.649999948063E0);
#2106=CIRCLE('',#2105,4.649999948063E0);
#2111=CIRCLE('',#2110,4.649999948063E0);
#2116=CIRCLE('',#2115,3.85E0);
#2121=CIRCLE('',#2120,3.85E0);
#2126=CIRCLE('',#2125,5.65E0);
#2131=CIRCLE('',#2130,5.65E0);
#2136=CIRCLE('',#2135,1.E0);
#2145=CIRCLE('',#2144,3.85E0);
#2150=CIRCLE('',#2149,3.85E0);
#2161=B_SPLINE_CURVE_WITH_KNOTS('',3,(#2155,#2156,#2157,#2158,#2159,#2160),
.UNSPECIFIED.,.F.,.F.,(4,1,1,4),(0.E0,3.333333333333E-1,6.666666666667E-1,1.E0),
.UNSPECIFIED.);
#2175=B_SPLINE_CURVE_WITH_KNOTS('',3,(#2166,#2167,#2168,#2169,#2170,#2171,#2172,
#2173,#2174),.UNSPECIFIED.,.F.,.F.,(4,1,1,1,1,1,4),(0.E0,1.666666666667E-1,
3.333333333333E-1,5.E-1,6.666666666667E-1,8.333333333333E-1,1.E0),
.UNSPECIFIED.);
#2182=B_SPLINE_CURVE_WITH_KNOTS('',3,(#2176,#2177,#2178,#2179,#2180,#2181),
.UNSPECIFIED.,.F.,.F.,(4,1,1,4),(0.E0,3.333333333333E-1,6.666666666667E-1,1.E0),
.UNSPECIFIED.);
#2192=B_SPLINE_CURVE_WITH_KNOTS('',3,(#2183,#2184,#2185,#2186,#2187,#2188,#2189,
#2190,#2191),.UNSPECIFIED.,.F.,.F.,(4,1,1,1,1,1,4),(0.E0,1.666666666667E-1,
3.333333333333E-1,5.E-1,6.666666666667E-1,8.333333333333E-1,1.E0),
.UNSPECIFIED.);
#2199=B_SPLINE_CURVE_WITH_KNOTS('',3,(#2193,#2194,#2195,#2196,#2197,#2198),
.UNSPECIFIED.,.F.,.F.,(4,1,1,4),(0.E0,3.333333333333E-1,6.666666666667E-1,1.E0),
.UNSPECIFIED.);
#2206=B_SPLINE_CURVE_WITH_KNOTS('',3,(#2200,#2201,#2202,#2203,#2204,#2205),
.UNSPECIFIED.,.F.,.F.,(4,1,1,4),(0.E0,3.333333333333E-1,6.666666666667E-1,1.E0),
.UNSPECIFIED.);
#2221=B_SPLINE_CURVE_WITH_KNOTS('',3,(#2215,#2216,#2217,#2218,#2219,#2220),
.UNSPECIFIED.,.F.,.F.,(4,1,1,4),(0.E0,3.333333333333E-1,6.666666666667E-1,1.E0),
.UNSPECIFIED.);
#2232=B_SPLINE_CURVE_WITH_KNOTS('',3,(#2226,#2227,#2228,#2229,#2230,#2231),
.UNSPECIFIED.,.F.,.F.,(4,1,1,4),(0.E0,3.333333333333E-1,6.666666666667E-1,1.E0),
.UNSPECIFIED.);
#2243=B_SPLINE_CURVE_WITH_KNOTS('',3,(#2237,#2238,#2239,#2240,#2241,#2242),
.UNSPECIFIED.,.F.,.F.,(4,1,1,4),(0.E0,3.333333333333E-1,6.666666666667E-1,1.E0),
.UNSPECIFIED.);
#2258=B_SPLINE_CURVE_WITH_KNOTS('',3,(#2248,#2249,#2250,#2251,#2252,#2253,#2254,
#2255,#2256,#2257),.UNSPECIFIED.,.F.,.F.,(4,1,1,1,1,1,1,4),(0.E0,
1.428571428571E-1,2.857142857143E-1,4.285714285714E-1,5.714285714286E-1,
7.142857142857E-1,8.571428571429E-1,1.E0),.UNSPECIFIED.);
#2265=B_SPLINE_CURVE_WITH_KNOTS('',3,(#2259,#2260,#2261,#2262,#2263,#2264),
.UNSPECIFIED.,.F.,.F.,(4,1,1,4),(0.E0,3.333333333333E-1,6.666666666667E-1,1.E0),
.UNSPECIFIED.);
#2280=B_SPLINE_CURVE_WITH_KNOTS('',3,(#2274,#2275,#2276,#2277,#2278,#2279),
.UNSPECIFIED.,.F.,.F.,(4,1,1,4),(0.E0,3.333333333333E-1,6.666666666667E-1,1.E0),
.UNSPECIFIED.);
#2287=B_SPLINE_CURVE_WITH_KNOTS('',3,(#2281,#2282,#2283,#2284,#2285,#2286),
.UNSPECIFIED.,.F.,.F.,(4,1,1,4),(0.E0,3.333333333333E-1,6.666666666667E-1,1.E0),
.UNSPECIFIED.);
#2298=B_SPLINE_CURVE_WITH_KNOTS('',3,(#2292,#2293,#2294,#2295,#2296,#2297),
.UNSPECIFIED.,.F.,.F.,(4,1,1,4),(0.E0,3.333333333333E-1,6.666666666667E-1,1.E0),
.UNSPECIFIED.);
#2312=B_SPLINE_CURVE_WITH_KNOTS('',3,(#2299,#2300,#2301,#2302,#2303,#2304,#2305,
#2306,#2307,#2308,#2309,#2310,#2311),.UNSPECIFIED.,.F.,.F.,(4,1,1,1,1,1,1,1,1,1,
4),(0.E0,1.E-1,2.E-1,3.E-1,4.E-1,5.E-1,6.E-1,7.E-1,8.E-1,9.E-1,1.E0),
.UNSPECIFIED.);
#2333=B_SPLINE_CURVE_WITH_KNOTS('',3,(#2321,#2322,#2323,#2324,#2325,#2326,#2327,
#2328,#2329,#2330,#2331,#2332),.UNSPECIFIED.,.F.,.F.,(4,1,1,1,1,1,1,1,1,4),
(0.E0,1.111111111111E-1,2.222222222222E-1,3.333333333333E-1,4.444444444444E-1,
5.555555555556E-1,6.666666666667E-1,7.777777777778E-1,8.888888888889E-1,1.E0),
.UNSPECIFIED.);
#2341=B_SPLINE_CURVE_WITH_KNOTS('',3,(#2334,#2335,#2336,#2337,#2338,#2339,
#2340),.UNSPECIFIED.,.F.,.F.,(4,1,1,1,4),(0.E0,2.5E-1,5.E-1,7.5E-1,1.E0),
.UNSPECIFIED.);
#2348=B_SPLINE_CURVE_WITH_KNOTS('',3,(#2342,#2343,#2344,#2345,#2346,#2347),
.UNSPECIFIED.,.F.,.F.,(4,1,1,4),(0.E0,3.333333333333E-1,6.666666666667E-1,1.E0),
.UNSPECIFIED.);
#2367=B_SPLINE_CURVE_WITH_KNOTS('',3,(#2349,#2350,#2351,#2352,#2353,#2354,#2355,
#2356,#2357,#2358,#2359,#2360,#2361,#2362,#2363,#2364,#2365,#2366),
.UNSPECIFIED.,.F.,.F.,(4,1,1,1,1,1,1,1,1,1,1,1,1,1,1,4),(0.E0,6.666666666667E-2,
1.333333333333E-1,2.E-1,2.666666666667E-1,3.333333333333E-1,4.E-1,
4.666666666667E-1,5.333333333333E-1,6.E-1,6.666666666667E-1,7.333333333333E-1,
8.E-1,8.666666666667E-1,9.333333333333E-1,1.E0),.UNSPECIFIED.);
#2374=B_SPLINE_CURVE_WITH_KNOTS('',3,(#2368,#2369,#2370,#2371,#2372,#2373),
.UNSPECIFIED.,.F.,.F.,(4,1,1,4),(0.E0,3.333333333333E-1,6.666666666667E-1,1.E0),
.UNSPECIFIED.);
#2391=B_SPLINE_CURVE_WITH_KNOTS('',3,(#2375,#2376,#2377,#2378,#2379,#2380,#2381,
#2382,#2383,#2384,#2385,#2386,#2387,#2388,#2389,#2390),.UNSPECIFIED.,.F.,.F.,(4,
1,1,1,1,1,1,1,1,1,1,1,1,4),(0.E0,7.692307692308E-2,1.538461538462E-1,
2.307692307692E-1,3.076923076923E-1,3.846153846154E-1,4.615384615385E-1,
5.384615384615E-1,6.153846153846E-1,6.923076923077E-1,7.692307692308E-1,
8.461538461538E-1,9.230769230769E-1,1.E0),.UNSPECIFIED.);
#2414=B_SPLINE_CURVE_WITH_KNOTS('',3,(#2396,#2397,#2398,#2399,#2400,#2401,#2402,
#2403,#2404,#2405,#2406,#2407,#2408,#2409,#2410,#2411,#2412,#2413),
.UNSPECIFIED.,.F.,.F.,(4,1,1,1,1,1,1,1,1,1,1,1,1,1,1,4),(0.E0,6.666666666667E-2,
1.333333333333E-1,2.E-1,2.666666666667E-1,3.333333333333E-1,4.E-1,
4.666666666667E-1,5.333333333333E-1,6.E-1,6.666666666667E-1,7.333333333333E-1,
8.E-1,8.666666666667E-1,9.333333333333E-1,1.E0),.UNSPECIFIED.);
#2425=B_SPLINE_CURVE_WITH_KNOTS('',3,(#2419,#2420,#2421,#2422,#2423,#2424),
.UNSPECIFIED.,.F.,.F.,(4,1,1,4),(0.E0,3.333333333333E-1,6.666666666667E-1,1.E0),
.UNSPECIFIED.);
#2432=B_SPLINE_CURVE_WITH_KNOTS('',3,(#2426,#2427,#2428,#2429,#2430,#2431),
.UNSPECIFIED.,.F.,.F.,(4,1,1,4),(0.E0,3.333333333333E-1,6.666666666667E-1,1.E0),
.UNSPECIFIED.);
#2457=B_SPLINE_CURVE_WITH_KNOTS('',3,(#2441,#2442,#2443,#2444,#2445,#2446,#2447,
#2448,#2449,#2450,#2451,#2452,#2453,#2454,#2455,#2456),.UNSPECIFIED.,.F.,.F.,(4,
1,1,1,1,1,1,1,1,1,1,1,1,4),(0.E0,7.692307692308E-2,1.538461538462E-1,
2.307692307692E-1,3.076923076923E-1,3.846153846154E-1,4.615384615385E-1,
5.384615384615E-1,6.153846153846E-1,6.923076923077E-1,7.692307692308E-1,
8.461538461538E-1,9.230769230769E-1,1.E0),.UNSPECIFIED.);
#2464=B_SPLINE_CURVE_WITH_KNOTS('',3,(#2458,#2459,#2460,#2461,#2462,#2463),
.UNSPECIFIED.,.F.,.F.,(4,1,1,4),(0.E0,3.333333333333E-1,6.666666666667E-1,1.E0),
.UNSPECIFIED.);
#2483=B_SPLINE_CURVE_WITH_KNOTS('',3,(#2465,#2466,#2467,#2468,#2469,#2470,#2471,
#2472,#2473,#2474,#2475,#2476,#2477,#2478,#2479,#2480,#2481,#2482),
.UNSPECIFIED.,.F.,.F.,(4,1,1,1,1,1,1,1,1,1,1,1,1,1,1,4),(0.E0,6.666666666667E-2,
1.333333333333E-1,2.E-1,2.666666666667E-1,3.333333333333E-1,4.E-1,
4.666666666667E-1,5.333333333333E-1,6.E-1,6.666666666667E-1,7.333333333333E-1,
8.E-1,8.666666666667E-1,9.333333333333E-1,1.E0),.UNSPECIFIED.);
#2490=B_SPLINE_CURVE_WITH_KNOTS('',3,(#2484,#2485,#2486,#2487,#2488,#2489),
.UNSPECIFIED.,.F.,.F.,(4,1,1,4),(0.E0,3.333333333333E-1,6.666666666667E-1,1.E0),
.UNSPECIFIED.);
#2507=B_SPLINE_CURVE_WITH_KNOTS('',3,(#2491,#2492,#2493,#2494,#2495,#2496,#2497,
#2498,#2499,#2500,#2501,#2502,#2503,#2504,#2505,#2506),.UNSPECIFIED.,.F.,.F.,(4,
1,1,1,1,1,1,1,1,1,1,1,1,4),(0.E0,7.692307692308E-2,1.538461538462E-1,
2.307692307692E-1,3.076923076923E-1,3.846153846154E-1,4.615384615385E-1,
5.384615384615E-1,6.153846153846E-1,6.923076923077E-1,7.692307692308E-1,
8.461538461538E-1,9.230769230769E-1,1.E0),.UNSPECIFIED.);
#2530=B_SPLINE_CURVE_WITH_KNOTS('',3,(#2512,#2513,#2514,#2515,#2516,#2517,#2518,
#2519,#2520,#2521,#2522,#2523,#2524,#2525,#2526,#2527,#2528,#2529),
.UNSPECIFIED.,.F.,.F.,(4,1,1,1,1,1,1,1,1,1,1,1,1,1,1,4),(0.E0,6.666666666667E-2,
1.333333333333E-1,2.E-1,2.666666666667E-1,3.333333333333E-1,4.E-1,
4.666666666667E-1,5.333333333333E-1,6.E-1,6.666666666667E-1,7.333333333333E-1,
8.E-1,8.666666666667E-1,9.333333333333E-1,1.E0),.UNSPECIFIED.);
#2541=B_SPLINE_CURVE_WITH_KNOTS('',3,(#2535,#2536,#2537,#2538,#2539,#2540),
.UNSPECIFIED.,.F.,.F.,(4,1,1,4),(0.E0,3.333333333333E-1,6.666666666667E-1,1.E0),
.UNSPECIFIED.);
#2548=B_SPLINE_CURVE_WITH_KNOTS('',3,(#2542,#2543,#2544,#2545,#2546,#2547),
.UNSPECIFIED.,.F.,.F.,(4,1,1,4),(0.E0,3.333333333333E-1,6.666666666667E-1,1.E0),
.UNSPECIFIED.);
#2573=B_SPLINE_CURVE_WITH_KNOTS('',3,(#2557,#2558,#2559,#2560,#2561,#2562,#2563,
#2564,#2565,#2566,#2567,#2568,#2569,#2570,#2571,#2572),.UNSPECIFIED.,.F.,.F.,(4,
1,1,1,1,1,1,1,1,1,1,1,1,4),(0.E0,7.692307692308E-2,1.538461538462E-1,
2.307692307692E-1,3.076923076923E-1,3.846153846154E-1,4.615384615385E-1,
5.384615384615E-1,6.153846153846E-1,6.923076923077E-1,7.692307692308E-1,
8.461538461538E-1,9.230769230769E-1,1.E0),.UNSPECIFIED.);
#2580=B_SPLINE_CURVE_WITH_KNOTS('',3,(#2574,#2575,#2576,#2577,#2578,#2579),
.UNSPECIFIED.,.F.,.F.,(4,1,1,4),(0.E0,3.333333333333E-1,6.666666666667E-1,1.E0),
.UNSPECIFIED.);
#2599=B_SPLINE_CURVE_WITH_KNOTS('',3,(#2581,#2582,#2583,#2584,#2585,#2586,#2587,
#2588,#2589,#2590,#2591,#2592,#2593,#2594,#2595,#2596,#2597,#2598),
.UNSPECIFIED.,.F.,.F.,(4,1,1,1,1,1,1,1,1,1,1,1,1,1,1,4),(0.E0,6.666666666667E-2,
1.333333333333E-1,2.E-1,2.666666666667E-1,3.333333333333E-1,4.E-1,
4.666666666667E-1,5.333333333333E-1,6.E-1,6.666666666667E-1,7.333333333333E-1,
8.E-1,8.666666666667E-1,9.333333333333E-1,1.E0),.UNSPECIFIED.);
#2606=B_SPLINE_CURVE_WITH_KNOTS('',3,(#2600,#2601,#2602,#2603,#2604,#2605),
.UNSPECIFIED.,.F.,.F.,(4,1,1,4),(0.E0,3.333333333333E-1,6.666666666667E-1,1.E0),
.UNSPECIFIED.);
#2623=B_SPLINE_CURVE_WITH_KNOTS('',3,(#2607,#2608,#2609,#2610,#2611,#2612,#2613,
#2614,#2615,#2616,#2617,#2618,#2619,#2620,#2621,#2622),.UNSPECIFIED.,.F.,.F.,(4,
1,1,1,1,1,1,1,1,1,1,1,1,4),(0.E0,7.692307692308E-2,1.538461538462E-1,
2.307692307692E-1,3.076923076923E-1,3.846153846154E-1,4.615384615385E-1,
5.384615384615E-1,6.153846153846E-1,6.923076923077E-1,7.692307692308E-1,
8.461538461538E-1,9.230769230769E-1,1.E0),.UNSPECIFIED.);
#2639=B_SPLINE_CURVE_WITH_KNOTS('',3,(#2632,#2633,#2634,#2635,#2636,#2637,
#2638),.UNSPECIFIED.,.F.,.F.,(4,1,1,1,4),(0.E0,2.5E-1,5.E-1,7.5E-1,1.E0),
.UNSPECIFIED.);
#2650=B_SPLINE_CURVE_WITH_KNOTS('',3,(#2644,#2645,#2646,#2647,#2648,#2649),
.UNSPECIFIED.,.F.,.F.,(4,1,1,4),(0.E0,3.333333333333E-1,6.666666666667E-1,1.E0),
.UNSPECIFIED.);
#2655=CIRCLE('',#2654,6.85E0);
#2662=B_SPLINE_CURVE_WITH_KNOTS('',3,(#2656,#2657,#2658,#2659,#2660,#2661),
.UNSPECIFIED.,.F.,.F.,(4,1,1,4),(0.E0,3.333333333333E-1,6.666666666667E-1,1.E0),
.UNSPECIFIED.);
#2669=B_SPLINE_CURVE_WITH_KNOTS('',3,(#2663,#2664,#2665,#2666,#2667,#2668),
.UNSPECIFIED.,.F.,.F.,(4,1,1,4),(0.E0,3.333333333333E-1,6.666666666667E-1,1.E0),
.UNSPECIFIED.);
#2680=B_SPLINE_CURVE_WITH_KNOTS('',3,(#2674,#2675,#2676,#2677,#2678,#2679),
.UNSPECIFIED.,.F.,.F.,(4,1,1,4),(0.E0,3.333333333333E-1,6.666666666667E-1,1.E0),
.UNSPECIFIED.);
#2688=B_SPLINE_CURVE_WITH_KNOTS('',3,(#2681,#2682,#2683,#2684,#2685,#2686,
#2687),.UNSPECIFIED.,.F.,.F.,(4,1,1,1,4),(0.E0,2.5E-1,5.E-1,7.5E-1,1.E0),
.UNSPECIFIED.);
#2695=B_SPLINE_CURVE_WITH_KNOTS('',3,(#2689,#2690,#2691,#2692,#2693,#2694),
.UNSPECIFIED.,.F.,.F.,(4,1,1,4),(0.E0,3.333333333333E-1,6.666666666667E-1,1.E0),
.UNSPECIFIED.);
#2702=B_SPLINE_CURVE_WITH_KNOTS('',3,(#2696,#2697,#2698,#2699,#2700,#2701),
.UNSPECIFIED.,.F.,.F.,(4,1,1,4),(0.E0,3.333333333333E-1,6.666666666667E-1,1.E0),
.UNSPECIFIED.);
#2709=B_SPLINE_CURVE_WITH_KNOTS('',3,(#2703,#2704,#2705,#2706,#2707,#2708),
.UNSPECIFIED.,.F.,.F.,(4,1,1,4),(0.E0,3.333333333333E-1,6.666666666667E-1,1.E0),
.UNSPECIFIED.);
#2724=B_SPLINE_CURVE_WITH_KNOTS('',3,(#2718,#2719,#2720,#2721,#2722,#2723),
.UNSPECIFIED.,.F.,.F.,(4,1,1,4),(0.E0,3.333333333333E-1,6.666666666667E-1,1.E0),
.UNSPECIFIED.);
#2735=B_SPLINE_CURVE_WITH_KNOTS('',3,(#2729,#2730,#2731,#2732,#2733,#2734),
.UNSPECIFIED.,.F.,.F.,(4,1,1,4),(0.E0,3.333333333333E-1,6.666666666667E-1,1.E0),
.UNSPECIFIED.);
#2744=CIRCLE('',#2743,5.700002712128E0);
#2749=CIRCLE('',#2748,5.700002712128E0);
#2758=CIRCLE('',#2757,5.700002712128E0);
#2763=CIRCLE('',#2762,5.700002712128E0);
#2776=B_SPLINE_CURVE_WITH_KNOTS('',3,(#2768,#2769,#2770,#2771,#2772,#2773,#2774,
#2775),.UNSPECIFIED.,.F.,.F.,(4,1,1,1,1,4),(0.E0,2.E-1,4.E-1,6.E-1,8.E-1,1.E0),
.UNSPECIFIED.);
#2789=CIRCLE('',#2788,5.7E0);
#2794=CIRCLE('',#2793,5.7E0);
#2819=B_SPLINE_CURVE_WITH_KNOTS('',3,(#2811,#2812,#2813,#2814,#2815,#2816,#2817,
#2818),.UNSPECIFIED.,.F.,.F.,(4,1,1,1,1,4),(0.E0,2.E-1,4.E-1,6.E-1,8.E-1,1.E0),
.UNSPECIFIED.);
#2828=CIRCLE('',#2827,5.7E0);
#2837=CIRCLE('',#2836,5.7E0);
#2842=CIRCLE('',#2841,4.2E0);
#2847=CIRCLE('',#2846,4.2E0);
#2852=CIRCLE('',#2851,4.2E0);
#2881=CIRCLE('',#2880,4.E-1);
#2894=CIRCLE('',#2893,4.E-1);
#2931=CIRCLE('',#2930,4.E0);
#2936=CIRCLE('',#2935,4.E0);
#2945=CIRCLE('',#2944,4.2E0);
#2950=CIRCLE('',#2949,4.2E0);
#2967=CIRCLE('',#2966,4.2E0);
#2972=CIRCLE('',#2971,4.2E0);
#2981=CIRCLE('',#2980,4.E0);
#2986=CIRCLE('',#2985,4.E0);
#3003=CIRCLE('',#3002,4.2E0);
#3008=CIRCLE('',#3007,4.2E0);
#3558=EDGE_CURVE('',#3198,#3199,#7,.T.);
#3560=EDGE_CURVE('',#3200,#3199,#206,.T.);
#3562=EDGE_CURVE('',#3200,#3201,#14,.T.);
#3564=EDGE_CURVE('',#3198,#3201,#175,.T.);
#3574=EDGE_CURVE('',#3205,#3206,#18,.T.);
#3576=EDGE_CURVE('',#3208,#3205,#2643,.T.);
#3578=EDGE_CURVE('',#3209,#3208,#2680,.T.);
#3580=EDGE_CURVE('',#3194,#3209,#2673,.T.);
#3582=EDGE_CURVE('',#3193,#3194,#2662,.T.);
#3584=EDGE_CURVE('',#3211,#3193,#2631,.T.);
#3586=EDGE_CURVE('',#3212,#3211,#2580,.T.);
#3588=EDGE_CURVE('',#3190,#3212,#2552,.T.);
#3590=EDGE_CURVE('',#3189,#3190,#2541,.T.);
#3592=EDGE_CURVE('',#3214,#3189,#2511,.T.);
#3594=EDGE_CURVE('',#3215,#3214,#2464,.T.);
#3596=EDGE_CURVE('',#3182,#3215,#2436,.T.);
#3598=EDGE_CURVE('',#3181,#3182,#2425,.T.);
#3600=EDGE_CURVE('',#3217,#3181,#2395,.T.);
#3602=EDGE_CURVE('',#3218,#3217,#2348,.T.);
#3604=EDGE_CURVE('',#3176,#3218,#2316,.T.);
#3606=EDGE_CURVE('',#3174,#3176,#499,.T.);
#3608=EDGE_CURVE('',#3219,#3174,#445,.T.);
#3610=EDGE_CURVE('',#3178,#3219,#415,.T.);
#3612=EDGE_CURVE('',#3177,#3178,#404,.T.);
#3614=EDGE_CURVE('',#3221,#3177,#376,.T.);
#3616=EDGE_CURVE('',#3222,#3221,#329,.T.);
#3618=EDGE_CURVE('',#3186,#3222,#299,.T.);
#3620=EDGE_CURVE('',#3185,#3186,#288,.T.);
#3622=EDGE_CURVE('',#3224,#3185,#260,.T.);
#3624=EDGE_CURVE('',#3225,#3224,#213,.T.);
#3626=EDGE_CURVE('',#3199,#3225,#183,.T.);
#3629=EDGE_CURVE('',#3227,#3198,#158,.T.);
#3631=EDGE_CURVE('',#3228,#3227,#137,.T.);
#3633=EDGE_CURVE('',#3206,#3228,#100,.T.);
#3644=EDGE_CURVE('',#3229,#3206,#36,.T.);
#3646=EDGE_CURVE('',#3229,#3231,#22,.T.);
#3648=EDGE_CURVE('',#3231,#3205,#29,.T.);
#3658=EDGE_CURVE('',#3234,#3235,#61,.T.);
#3660=EDGE_CURVE('',#3229,#3234,#56,.T.);
#3663=EDGE_CURVE('',#3206,#3237,#41,.T.);
#3665=EDGE_CURVE('',#3235,#3237,#92,.T.);
#3675=EDGE_CURVE('',#3239,#3235,#85,.T.);
#3677=EDGE_CURVE('',#3239,#3241,#46,.T.);
#3679=EDGE_CURVE('',#3241,#3231,#51,.T.);
#3686=EDGE_CURVE('',#3247,#3244,#66,.T.);
#3688=EDGE_CURVE('',#3244,#3245,#71,.T.);
#3690=EDGE_CURVE('',#3245,#3249,#76,.T.);
#3692=EDGE_CURVE('',#3249,#3247,#81,.T.);
#3704=EDGE_CURVE('',#3237,#3336,#96,.T.);
#3706=EDGE_CURVE('',#3239,#3336,#2650,.T.);
#3717=EDGE_CURVE('',#3338,#3237,#104,.T.);
#3719=EDGE_CURVE('',#3339,#3338,#111,.T.);
#3721=EDGE_CURVE('',#3201,#3339,#179,.T.);
#3724=EDGE_CURVE('',#3341,#3200,#187,.T.);
#3726=EDGE_CURVE('',#3342,#3341,#237,.T.);
#3728=EDGE_CURVE('',#3188,#3342,#281,.T.);
#3730=EDGE_CURVE('',#3187,#3188,#295,.T.);
#3732=EDGE_CURVE('',#3344,#3187,#303,.T.);
#3734=EDGE_CURVE('',#3345,#3344,#353,.T.);
#3736=EDGE_CURVE('',#3180,#3345,#397,.T.);
#3738=EDGE_CURVE('',#3179,#3180,#411,.T.);
#3740=EDGE_CURVE('',#3171,#3179,#419,.T.);
#3742=EDGE_CURVE('',#3168,#3171,#490,.T.);
#3744=EDGE_CURVE('',#3202,#3168,#2298,.T.);
#3746=EDGE_CURVE('',#3347,#3202,#2320,.T.);
#3748=EDGE_CURVE('',#3348,#3347,#2374,.T.);
#3750=EDGE_CURVE('',#3184,#3348,#2418,.T.);
#3752=EDGE_CURVE('',#3183,#3184,#2432,.T.);
#3754=EDGE_CURVE('',#3350,#3183,#2440,.T.);
#3756=EDGE_CURVE('',#3351,#3350,#2490,.T.);
#3758=EDGE_CURVE('',#3192,#3351,#2534,.T.);
#3760=EDGE_CURVE('',#3191,#3192,#2548,.T.);
#3762=EDGE_CURVE('',#3353,#3191,#2556,.T.);
#3764=EDGE_CURVE('',#3354,#3353,#2606,.T.);
#3766=EDGE_CURVE('',#3336,#3354,#2627,.T.);
#3778=EDGE_CURVE('',#3338,#3228,#130,.T.);
#3824=EDGE_CURVE('',#3227,#3339,#154,.T.);
#3883=EDGE_CURVE('',#3341,#3225,#256,.T.);
#3932=EDGE_CURVE('',#3224,#3342,#230,.T.);
#3981=EDGE_CURVE('',#3185,#3188,#277,.T.);
#4034=EDGE_CURVE('',#3187,#3186,#322,.T.);
#4047=EDGE_CURVE('',#3344,#3222,#372,.T.);
#4096=EDGE_CURVE('',#3221,#3345,#346,.T.);
#4145=EDGE_CURVE('',#3177,#3180,#393,.T.);
#4194=EDGE_CURVE('',#3179,#3178,#438,.T.);
#4207=EDGE_CURVE('',#3173,#3219,#476,.T.);
#4209=EDGE_CURVE('',#3171,#3173,#495,.T.);
#4254=EDGE_CURVE('',#3174,#3173,#460,.T.);
#4265=EDGE_CURVE('',#3161,#3163,#481,.T.);
#4267=EDGE_CURVE('',#3163,#3161,#486,.T.);
#4271=EDGE_CURVE('',#3168,#3169,#2312,.T.);
#4277=EDGE_CURVE('',#3169,#3176,#2341,.T.);
#4287=EDGE_CURVE('',#3165,#3157,#521,.T.);
#4289=EDGE_CURVE('',#3165,#3163,#503,.T.);
#4292=EDGE_CURVE('',#3159,#3161,#697,.T.);
#4294=EDGE_CURVE('',#3167,#3159,#684,.T.);
#4296=EDGE_CURVE('',#3167,#3155,#507,.T.);
#4298=EDGE_CURVE('',#3155,#3157,#511,.T.);
#4308=EDGE_CURVE('',#3165,#3514,#516,.T.);
#4311=EDGE_CURVE('',#3157,#3512,#526,.T.);
#4313=EDGE_CURVE('',#3516,#3512,#531,.T.);
#4315=EDGE_CURVE('',#3516,#3514,#536,.T.);
#4325=EDGE_CURVE('',#3514,#3516,#541,.T.);
#4328=EDGE_CURVE('',#3512,#3165,#546,.T.);
#4339=EDGE_CURVE('',#3123,#3125,#574,.T.);
#4341=EDGE_CURVE('',#3123,#3140,#551,.T.);
#4343=EDGE_CURVE('',#3140,#3141,#556,.T.);
#4345=EDGE_CURVE('',#3137,#3141,#701,.T.);
#4347=EDGE_CURVE('',#3137,#3135,#561,.T.);
#4349=EDGE_CURVE('',#3143,#3135,#648,.T.);
#4351=EDGE_CURVE('',#3143,#3145,#565,.T.);
#4353=EDGE_CURVE('',#3127,#3145,#636,.T.);
#4355=EDGE_CURVE('',#3127,#3125,#570,.T.);
#4369=EDGE_CURVE('',#3112,#3113,#578,.T.);
#4371=EDGE_CURVE('',#3123,#3112,#705,.T.);
#4374=EDGE_CURVE('',#3113,#3125,#616,.T.);
#4385=EDGE_CURVE('',#3113,#3116,#583,.T.);
#4387=EDGE_CURVE('',#3116,#3117,#588,.T.);
#4389=EDGE_CURVE('',#3117,#3119,#592,.T.);
#4391=EDGE_CURVE('',#3119,#3121,#597,.T.);
#4393=EDGE_CURVE('',#3121,#3112,#602,.T.);
#4397=EDGE_CURVE('',#3109,#3107,#607,.T.);
#4399=EDGE_CURVE('',#3107,#3109,#612,.T.);
#4413=EDGE_CURVE('',#3127,#3129,#620,.T.);
#4415=EDGE_CURVE('',#3131,#3129,#675,.T.);
#4417=EDGE_CURVE('',#3133,#3131,#670,.T.);
#4419=EDGE_CURVE('',#3133,#3135,#624,.T.);
#4422=EDGE_CURVE('',#3137,#3117,#628,.T.);
#4432=EDGE_CURVE('',#3154,#3155,#632,.T.);
#4435=EDGE_CURVE('',#3129,#3167,#679,.T.);
#4439=EDGE_CURVE('',#3154,#3145,#656,.T.);
#4449=EDGE_CURVE('',#3148,#3149,#640,.T.);
#4451=EDGE_CURVE('',#3155,#3149,#689,.T.);
#4454=EDGE_CURVE('',#3148,#3154,#652,.T.);
#4465=EDGE_CURVE('',#3148,#3143,#644,.T.);
#4469=EDGE_CURVE('',#3151,#3133,#665,.T.);
#4471=EDGE_CURVE('',#3149,#3151,#693,.T.);
#4493=EDGE_CURVE('',#3159,#3151,#661,.T.);
#4528=EDGE_CURVE('',#3119,#3141,#709,.T.);
#4552=EDGE_CURVE('',#3109,#3105,#714,.T.);
#4554=EDGE_CURVE('',#3105,#3104,#719,.T.);
#4556=EDGE_CURVE('',#3104,#3107,#724,.T.);
#4568=EDGE_CURVE('',#3104,#3105,#729,.T.);
#4581=EDGE_CURVE('',#3099,#3104,#737,.T.);
#4583=EDGE_CURVE('',#3098,#3099,#742,.T.);
#4585=EDGE_CURVE('',#3098,#3105,#733,.T.);
#4597=EDGE_CURVE('',#3099,#3098,#747,.T.);
#4612=EDGE_CURVE('',#3095,#3101,#752,.T.);
#4614=EDGE_CURVE('',#3101,#3086,#756,.T.);
#4616=EDGE_CURVE('',#3086,#3085,#767,.T.);
#4618=EDGE_CURVE('',#3085,#3089,#773,.T.);
#4620=EDGE_CURVE('',#3089,#3093,#780,.T.);
#4622=EDGE_CURVE('',#3093,#3091,#784,.T.);
#4624=EDGE_CURVE('',#3091,#3095,#797,.T.);
#4635=EDGE_CURVE('',#3095,#3094,#806,.T.);
#4637=EDGE_CURVE('',#3094,#3101,#810,.T.);
#4691=EDGE_CURVE('',#3079,#3078,#824,.T.);
#4693=EDGE_CURVE('',#3078,#3094,#831,.T.);
#4697=EDGE_CURVE('',#3091,#3090,#838,.T.);
#4699=EDGE_CURVE('',#3090,#3079,#847,.T.);
#4709=EDGE_CURVE('',#3039,#3037,#851,.T.);
#4711=EDGE_CURVE('',#3037,#3060,#856,.T.);
#4713=EDGE_CURVE('',#3060,#3062,#860,.T.);
#4715=EDGE_CURVE('',#3062,#3064,#865,.T.);
#4717=EDGE_CURVE('',#3064,#3066,#869,.T.);
#4719=EDGE_CURVE('',#3066,#3068,#874,.T.);
#4721=EDGE_CURVE('',#3068,#3070,#878,.T.);
#4723=EDGE_CURVE('',#3070,#3072,#883,.T.);
#4725=EDGE_CURVE('',#3072,#3056,#887,.T.);
#4727=EDGE_CURVE('',#3056,#3054,#892,.T.);
#4729=EDGE_CURVE('',#3054,#3058,#896,.T.);
#4731=EDGE_CURVE('',#3058,#3039,#901,.T.);
#4735=EDGE_CURVE('',#3075,#3076,#906,.T.);
#4737=EDGE_CURVE('',#3078,#3076,#2291,.T.);
#4740=EDGE_CURVE('',#3079,#3080,#912,.T.);
#4742=EDGE_CURVE('',#3080,#3082,#916,.T.);
#4744=EDGE_CURVE('',#3082,#3083,#921,.T.);
#4746=EDGE_CURVE('',#3083,#3075,#937,.T.);
#4756=EDGE_CURVE('',#3033,#3034,#957,.T.);
#4758=EDGE_CURVE('',#3035,#3033,#1097,.T.);
#4760=EDGE_CURVE('',#3037,#3035,#1085,.T.);
#4763=EDGE_CURVE('',#3034,#3039,#961,.T.);
#4773=EDGE_CURVE('',#3034,#3048,#942,.T.);
#4775=EDGE_CURVE('',#3048,#3046,#949,.T.);
#4777=EDGE_CURVE('',#3033,#3046,#1120,.T.);
#4791=EDGE_CURVE('',#3058,#3048,#965,.T.);
#4801=EDGE_CURVE('',#3046,#3042,#985,.T.);
#4806=EDGE_CURVE('',#3042,#3054,#989,.T.);
#4816=EDGE_CURVE('',#3042,#3043,#970,.T.);
#4818=EDGE_CURVE('',#3043,#3044,#977,.T.);
#4820=EDGE_CURVE('',#3046,#3044,#1125,.T.);
#4834=EDGE_CURVE('',#3056,#3043,#993,.T.);
#4844=EDGE_CURVE('',#3044,#3374,#1013,.T.);
#4849=EDGE_CURVE('',#3374,#3072,#1017,.T.);
#4859=EDGE_CURVE('',#3374,#3375,#998,.T.);
#4861=EDGE_CURVE('',#3375,#3371,#1005,.T.);
#4863=EDGE_CURVE('',#3044,#3371,#1130,.T.);
#4877=EDGE_CURVE('',#3070,#3375,#1021,.T.);
#4887=EDGE_CURVE('',#3371,#3368,#1041,.T.);
#4892=EDGE_CURVE('',#3368,#3068,#1045,.T.);
#4902=EDGE_CURVE('',#3368,#3369,#1026,.T.);
#4904=EDGE_CURVE('',#3369,#3365,#1033,.T.);
#4906=EDGE_CURVE('',#3371,#3365,#1135,.T.);
#4920=EDGE_CURVE('',#3066,#3369,#1049,.T.);
#4930=EDGE_CURVE('',#3365,#3363,#1069,.T.);
#4935=EDGE_CURVE('',#3363,#3064,#1073,.T.);
#4945=EDGE_CURVE('',#3363,#3361,#1054,.T.);
#4947=EDGE_CURVE('',#3361,#3052,#1061,.T.);
#4949=EDGE_CURVE('',#3365,#3052,#1110,.T.);
#4963=EDGE_CURVE('',#3062,#3361,#1077,.T.);
#4976=EDGE_CURVE('',#3050,#3060,#1081,.T.);
#4978=EDGE_CURVE('',#3052,#3050,#1105,.T.);
#4988=EDGE_CURVE('',#3050,#3035,#1090,.T.);
#5003=EDGE_CURVE('',#3052,#3033,#1115,.T.);
#5022=EDGE_CURVE('',#3376,#3377,#1165,.T.);
#5024=EDGE_CURVE('',#3376,#3379,#1139,.T.);
#5026=EDGE_CURVE('',#3380,#3379,#1672,.T.);
#5028=EDGE_CURVE('',#3380,#3382,#1144,.T.);
#5030=EDGE_CURVE('',#3383,#3382,#1617,.T.);
#5032=EDGE_CURVE('',#3383,#3385,#1148,.T.);
#5034=EDGE_CURVE('',#3377,#3385,#1593,.T.);
#5072=EDGE_CURVE('',#3393,#3376,#1155,.T.);
#5075=EDGE_CURVE('',#3393,#3377,#1582,.T.);
#5085=EDGE_CURVE('',#3396,#3397,#1173,.T.);
#5087=EDGE_CURVE('',#3396,#3399,#1169,.T.);
#5089=EDGE_CURVE('',#3401,#3399,#2009,.T.);
#5091=EDGE_CURVE('',#3402,#3401,#2182,.T.);
#5093=EDGE_CURVE('',#3404,#3402,#2165,.T.);
#5095=EDGE_CURVE('',#3405,#3404,#2161,.T.);
#5097=EDGE_CURVE('',#3407,#3405,#1981,.T.);
#5099=EDGE_CURVE('',#3408,#3407,#1931,.T.);
#5101=EDGE_CURVE('',#3410,#3408,#1904,.T.);
#5103=EDGE_CURVE('',#3411,#3410,#1893,.T.);
#5105=EDGE_CURVE('',#3413,#3411,#1844,.T.);
#5107=EDGE_CURVE('',#3414,#3413,#1817,.T.);
#5109=EDGE_CURVE('',#3416,#3414,#1790,.T.);
#5111=EDGE_CURVE('',#3417,#3416,#1779,.T.);
#5113=EDGE_CURVE('',#3419,#3417,#1749,.T.);
#5115=EDGE_CURVE('',#3420,#3419,#1703,.T.);
#5117=EDGE_CURVE('',#3386,#3420,#1676,.T.);
#5119=EDGE_CURVE('',#3379,#3386,#1658,.T.);
#5123=EDGE_CURVE('',#3422,#3393,#1572,.T.);
#5125=EDGE_CURVE('',#3423,#3422,#1526,.T.);
#5127=EDGE_CURVE('',#3390,#3423,#1496,.T.);
#5129=EDGE_CURVE('',#3389,#3390,#1485,.T.);
#5131=EDGE_CURVE('',#3425,#3389,#1458,.T.);
#5133=EDGE_CURVE('',#3426,#3425,#1412,.T.);
#5135=EDGE_CURVE('',#3428,#3426,#1382,.T.);
#5137=EDGE_CURVE('',#3429,#3428,#1371,.T.);
#5139=EDGE_CURVE('',#3431,#3429,#1344,.T.);
#5141=EDGE_CURVE('',#3432,#3431,#1317,.T.);
#5143=EDGE_CURVE('',#3434,#3432,#1268,.T.);
#5145=EDGE_CURVE('',#3435,#3434,#1257,.T.);
#5147=EDGE_CURVE('',#3437,#3435,#1230,.T.);
#5149=EDGE_CURVE('',#3397,#3437,#1203,.T.);
#5160=EDGE_CURVE('',#3397,#3438,#1192,.T.);
#5162=EDGE_CURVE('',#3438,#3440,#1196,.T.);
#5164=EDGE_CURVE('',#3396,#3440,#2014,.T.);
#5219=EDGE_CURVE('',#3437,#3455,#1219,.T.);
#5221=EDGE_CURVE('',#3455,#3438,#1226,.T.);
#5273=EDGE_CURVE('',#3435,#3473,#1246,.T.);
#5275=EDGE_CURVE('',#3473,#3455,#1250,.T.);
#5331=EDGE_CURVE('',#3443,#3434,#1310,.T.);
#5333=EDGE_CURVE('',#3443,#3473,#1264,.T.);
#5345=EDGE_CURVE('',#3432,#3441,#1287,.T.);
#5347=EDGE_CURVE('',#3441,#3443,#1291,.T.);
#5403=EDGE_CURVE('',#3431,#3452,#1333,.T.);
#5405=EDGE_CURVE('',#3452,#3441,#1340,.T.);
#5457=EDGE_CURVE('',#3429,#3471,#1360,.T.);
#5459=EDGE_CURVE('',#3471,#3452,#1364,.T.);
#5515=EDGE_CURVE('',#3446,#3428,#1405,.T.);
#5517=EDGE_CURVE('',#3446,#3471,#1378,.T.);
#5529=EDGE_CURVE('',#3444,#3426,#1454,.T.);
#5531=EDGE_CURVE('',#3444,#3446,#1386,.T.);
#5579=EDGE_CURVE('',#3425,#3474,#1428,.T.);
#5581=EDGE_CURVE('',#3474,#3444,#1435,.T.);
#5629=EDGE_CURVE('',#3389,#3392,#1474,.T.);
#5631=EDGE_CURVE('',#3392,#3474,#1478,.T.);
#5687=EDGE_CURVE('',#3391,#3390,#1519,.T.);
#5689=EDGE_CURVE('',#3391,#3392,#1492,.T.);
#5701=EDGE_CURVE('',#3447,#3423,#1568,.T.);
#5703=EDGE_CURVE('',#3447,#3391,#1500,.T.);
#5751=EDGE_CURVE('',#3422,#3475,#1542,.T.);
#5753=EDGE_CURVE('',#3475,#3447,#1549,.T.);
#5803=EDGE_CURVE('',#3385,#3475,#1597,.T.);
#5830=EDGE_CURVE('',#3449,#3383,#1604,.T.);
#5832=EDGE_CURVE('',#3388,#3449,#1635,.T.);
#5834=EDGE_CURVE('',#3387,#3388,#1665,.T.);
#5836=EDGE_CURVE('',#3477,#3387,#1680,.T.);
#5838=EDGE_CURVE('',#3461,#3477,#1729,.T.);
#5840=EDGE_CURVE('',#3459,#3461,#1772,.T.);
#5842=EDGE_CURVE('',#3469,#3459,#1786,.T.);
#5844=EDGE_CURVE('',#3451,#3469,#1794,.T.);
#5846=EDGE_CURVE('',#3450,#3451,#1824,.T.);
#5848=EDGE_CURVE('',#3468,#3450,#1867,.T.);
#5850=EDGE_CURVE('',#3470,#3468,#1900,.T.);
#5852=EDGE_CURVE('',#3454,#3470,#1908,.T.);
#5854=EDGE_CURVE('',#3453,#3454,#1938,.T.);
#5856=EDGE_CURVE('',#3463,#3453,#1958,.T.);
#5858=EDGE_CURVE('',#3440,#3463,#2018,.T.);
#5898=EDGE_CURVE('',#3382,#3449,#1631,.T.);
#5911=EDGE_CURVE('',#3380,#3388,#1651,.T.);
#5966=EDGE_CURVE('',#3387,#3386,#1696,.T.);
#6020=EDGE_CURVE('',#3477,#3420,#1745,.T.);
#6069=EDGE_CURVE('',#3419,#3461,#1722,.T.);
#6082=EDGE_CURVE('',#3417,#3459,#1768,.T.);
#6139=EDGE_CURVE('',#3469,#3416,#1810,.T.);
#6192=EDGE_CURVE('',#3451,#3414,#1840,.T.);
#6249=EDGE_CURVE('',#3450,#3413,#1886,.T.);
#6262=EDGE_CURVE('',#3411,#3468,#1863,.T.);
#6319=EDGE_CURVE('',#3470,#3410,#1924,.T.);
#6372=EDGE_CURVE('',#3454,#3408,#1954,.T.);
#6429=EDGE_CURVE('',#3453,#3407,#1977,.T.);
#6441=EDGE_CURVE('',#3463,#3399,#2023,.T.);
#6446=EDGE_CURVE('',#3405,#3464,#1993,.T.);
#6448=EDGE_CURVE('',#3465,#3464,#2232,.T.);
#6450=EDGE_CURVE('',#3467,#3465,#2214,.T.);
#6452=EDGE_CURVE('',#3456,#3467,#2199,.T.);
#6454=EDGE_CURVE('',#3456,#3401,#2005,.T.);
#6471=EDGE_CURVE('',#3478,#3479,#2052,.T.);
#6473=EDGE_CURVE('',#3478,#3481,#2028,.T.);
#6475=EDGE_CURVE('',#3481,#3483,#2033,.T.);
#6477=EDGE_CURVE('',#3483,#3485,#2038,.T.);
#6479=EDGE_CURVE('',#3479,#3485,#2072,.T.);
#6509=EDGE_CURVE('',#3486,#3478,#2045,.T.);
#6512=EDGE_CURVE('',#3486,#3479,#2067,.T.);
#6523=EDGE_CURVE('',#3485,#3486,#2060,.T.);
#6526=EDGE_CURVE('',#3488,#3483,#2076,.T.);
#6528=EDGE_CURVE('',#3490,#3488,#2131,.T.);
#6530=EDGE_CURVE('',#3492,#3490,#2126,.T.);
#6532=EDGE_CURVE('',#3492,#3481,#2056,.T.);
#6556=EDGE_CURVE('',#3494,#3492,#2086,.T.);
#6558=EDGE_CURVE('',#3488,#3494,#2081,.T.);
#6569=EDGE_CURVE('',#3497,#3498,#2111,.T.);
#6571=EDGE_CURVE('',#3500,#3497,#2106,.T.);
#6573=EDGE_CURVE('',#3488,#3500,#2136,.T.);
#6577=EDGE_CURVE('',#3492,#3498,#2091,.T.);
#6587=EDGE_CURVE('',#3498,#3502,#2096,.T.);
#6589=EDGE_CURVE('',#3502,#3500,#2101,.T.);
#6595=EDGE_CURVE('',#3505,#3506,#2116,.T.);
#6597=EDGE_CURVE('',#3506,#3505,#2121,.T.);
#6621=EDGE_CURVE('',#3509,#3510,#2145,.T.);
#6623=EDGE_CURVE('',#3506,#3509,#2154,.T.);
#6626=EDGE_CURVE('',#3505,#3510,#2140,.T.);
#6637=EDGE_CURVE('',#3510,#3509,#2150,.T.);
#6692=EDGE_CURVE('',#3472,#3404,#2175,.T.);
#6694=EDGE_CURVE('',#3464,#3472,#2236,.T.);
#6738=EDGE_CURVE('',#3458,#3402,#2192,.T.);
#6740=EDGE_CURVE('',#3472,#3458,#2225,.T.);
#6785=EDGE_CURVE('',#3458,#3456,#2210,.T.);
#6817=EDGE_CURVE('',#3467,#3458,#2206,.T.);
#6829=B_SPLINE_CURVE_WITH_KNOTS('',3,(#6823,#6824,#6825,#6826,#6827,#6828),
.UNSPECIFIED.,.F.,.F.,(4,1,1,4),(0.E0,1.229897789352E-2,9.864792966849E-1,1.E0),
.UNSPECIFIED.);
#6834=EDGE_CURVE('',#3465,#3472,#2221,.T.);
#6878=EDGE_CURVE('',#3075,#3084,#2243,.T.);
#6880=EDGE_CURVE('',#3084,#3076,#2247,.T.);
#6923=EDGE_CURVE('',#3083,#3085,#2258,.T.);
#6926=EDGE_CURVE('',#3086,#3084,#2265,.T.);
#6940=B_SPLINE_CURVE_WITH_KNOTS('',3,(#6932,#6933,#6934,#6935,#6936,#6937,#6938,
#6939),.UNSPECIFIED.,.F.,.F.,(4,1,1,1,1,4),(0.E0,9.707207387379E-3,
1.191956912452E-1,5.671200507397E-1,9.805858236395E-1,1.E0),.UNSPECIFIED.);
#6945=EDGE_CURVE('',#3082,#3088,#2269,.T.);
#6947=EDGE_CURVE('',#3089,#3088,#2280,.T.);
#6960=EDGE_CURVE('',#3090,#3080,#2273,.T.);
#6964=EDGE_CURVE('',#3088,#3093,#2287,.T.);
#6977=B_SPLINE_CURVE_WITH_KNOTS('',3,(#6970,#6971,#6972,#6973,#6974,#6975,
#6976),.UNSPECIFIED.,.F.,.F.,(4,1,1,1,4),(0.E0,1.941345357658E-2,
7.223058613761E-1,9.902960784535E-1,1.E0),.UNSPECIFIED.);
#7071=EDGE_CURVE('',#3202,#3169,#2333,.T.);
#7118=EDGE_CURVE('',#3347,#3218,#2391,.T.);
#7168=EDGE_CURVE('',#3217,#3348,#2367,.T.);
#7181=EDGE_CURVE('',#3181,#3184,#2414,.T.);
#7234=EDGE_CURVE('',#3183,#3182,#2457,.T.);
#7283=EDGE_CURVE('',#3350,#3215,#2507,.T.);
#7332=EDGE_CURVE('',#3214,#3351,#2483,.T.);
#7345=EDGE_CURVE('',#3189,#3192,#2530,.T.);
#7398=EDGE_CURVE('',#3191,#3190,#2573,.T.);
#7447=EDGE_CURVE('',#3353,#3212,#2623,.T.);
#7496=EDGE_CURVE('',#3211,#3354,#2599,.T.);
#7508=EDGE_CURVE('',#3336,#3205,#2655,.T.);
#7513=EDGE_CURVE('',#3193,#3197,#2639,.T.);
#7515=EDGE_CURVE('',#3358,#3197,#2735,.T.);
#7517=EDGE_CURVE('',#3360,#3358,#2717,.T.);
#7519=EDGE_CURVE('',#3355,#3360,#2702,.T.);
#7521=EDGE_CURVE('',#3208,#3355,#2688,.T.);
#7570=EDGE_CURVE('',#3194,#3195,#2669,.T.);
#7572=EDGE_CURVE('',#3197,#3195,#2739,.T.);
#7608=EDGE_CURVE('',#3357,#3209,#2695,.T.);
#7610=EDGE_CURVE('',#3195,#3357,#2728,.T.);
#7647=EDGE_CURVE('',#3357,#3355,#2713,.T.);
#7679=EDGE_CURVE('',#3360,#3357,#2709,.T.);
#7691=B_SPLINE_CURVE_WITH_KNOTS('',3,(#7685,#7686,#7687,#7688,#7689,#7690),
.UNSPECIFIED.,.F.,.F.,(4,1,1,4),(0.E0,1.154880429374E-2,9.875507718013E-1,1.E0),
.UNSPECIFIED.);
#7696=EDGE_CURVE('',#3358,#3195,#2724,.T.);
#7741=EDGE_CURVE('',#3251,#3247,#2767,.T.);
#7743=EDGE_CURVE('',#3251,#3254,#2744,.T.);
#7745=EDGE_CURVE('',#3254,#3255,#2749,.T.);
#7747=EDGE_CURVE('',#3255,#3245,#2753,.T.);
#7760=EDGE_CURVE('',#3255,#3257,#2758,.T.);
#7762=EDGE_CURVE('',#3257,#3251,#2763,.T.);
#7773=EDGE_CURVE('',#3260,#3261,#2789,.T.);
#7775=EDGE_CURVE('',#3260,#3262,#2776,.T.);
#7777=EDGE_CURVE('',#3262,#3264,#2780,.T.);
#7779=EDGE_CURVE('',#3266,#3264,#2828,.T.);
#7781=EDGE_CURVE('',#3266,#3251,#2784,.T.);
#7785=EDGE_CURVE('',#3261,#3255,#2823,.T.);
#7795=EDGE_CURVE('',#3269,#3270,#2802,.T.);
#7797=EDGE_CURVE('',#3272,#3269,#2898,.T.);
#7799=EDGE_CURVE('',#3260,#3272,#2876,.T.);
#7802=EDGE_CURVE('',#3261,#3270,#2794,.T.);
#7812=EDGE_CURVE('',#3275,#3276,#2798,.T.);
#7814=EDGE_CURVE('',#3269,#3276,#2881,.T.);
#7817=EDGE_CURVE('',#3275,#3270,#2819,.T.);
#7828=EDGE_CURVE('',#3278,#3275,#2810,.T.);
#7830=EDGE_CURVE('',#3280,#3278,#2832,.T.);
#7832=EDGE_CURVE('',#3280,#3276,#2806,.T.);
#7849=EDGE_CURVE('',#3278,#3266,#2837,.T.);
#7860=EDGE_CURVE('',#3282,#3264,#2868,.T.);
#7862=EDGE_CURVE('',#3280,#3282,#2885,.T.);
#7868=EDGE_CURVE('',#3285,#3286,#2842,.T.);
#7870=EDGE_CURVE('',#3286,#3288,#2847,.T.);
#7872=EDGE_CURVE('',#3288,#3290,#2852,.T.);
#7874=EDGE_CURVE('',#3290,#3292,#2856,.T.);
#7876=EDGE_CURVE('',#3292,#3294,#2860,.T.);
#7878=EDGE_CURVE('',#3294,#3285,#2864,.T.);
#7888=EDGE_CURVE('',#3334,#3262,#2872,.T.);
#7890=EDGE_CURVE('',#3282,#3334,#2889,.T.);
#7902=EDGE_CURVE('',#3334,#3272,#2894,.T.);
#7932=EDGE_CURVE('',#3285,#3308,#2902,.T.);
#7934=EDGE_CURVE('',#3310,#3308,#2950,.T.);
#7936=EDGE_CURVE('',#3312,#3310,#2945,.T.);
#7938=EDGE_CURVE('',#3312,#3290,#2906,.T.);
#7949=EDGE_CURVE('',#3294,#3320,#2910,.T.);
#7951=EDGE_CURVE('',#3320,#3308,#2914,.T.);
#7963=EDGE_CURVE('',#3292,#3328,#2918,.T.);
#7965=EDGE_CURVE('',#3328,#3330,#2922,.T.);
#7967=EDGE_CURVE('',#3330,#3320,#2926,.T.);
#7980=EDGE_CURVE('',#3328,#3312,#2940,.T.);
#7993=EDGE_CURVE('',#3330,#3332,#2931,.T.);
#7995=EDGE_CURVE('',#3332,#3330,#2936,.T.);
#8010=EDGE_CURVE('',#3324,#3330,#2958,.T.);
#8012=EDGE_CURVE('',#3326,#3324,#2986,.T.);
#8014=EDGE_CURVE('',#3326,#3332,#2954,.T.);
#8026=EDGE_CURVE('',#3324,#3326,#2981,.T.);
#8037=EDGE_CURVE('',#3318,#3306,#2962,.T.);
#8039=EDGE_CURVE('',#3306,#3304,#2967,.T.);
#8041=EDGE_CURVE('',#3304,#3302,#2972,.T.);
#8043=EDGE_CURVE('',#3322,#3302,#3024,.T.);
#8045=EDGE_CURVE('',#3322,#3324,#2976,.T.);
#8049=EDGE_CURVE('',#3324,#3318,#2990,.T.);
#8059=EDGE_CURVE('',#3314,#3298,#2994,.T.);
#8061=EDGE_CURVE('',#3306,#3298,#3032,.T.);
#8064=EDGE_CURVE('',#3314,#3318,#3016,.T.);
#8075=EDGE_CURVE('',#3316,#3314,#3012,.T.);
#8077=EDGE_CURVE('',#3316,#3300,#2998,.T.);
#8079=EDGE_CURVE('',#3300,#3297,#3003,.T.);
#8081=EDGE_CURVE('',#3297,#3298,#3008,.T.);
#8095=EDGE_CURVE('',#3316,#3322,#3020,.T.);
#8108=EDGE_CURVE('',#3300,#3302,#3028,.T.);
#8140=CIRCLE('',#8139,4.430541663775E0);
#8161=CIRCLE('',#8160,4.430541663775E0);
#8199=EDGE_CURVE('',#8191,#8193,#8148,.T.);
#8201=EDGE_CURVE('',#8185,#8191,#8177,.T.);
#8203=EDGE_CURVE('',#8185,#8183,#8131,.T.);
#8205=EDGE_CURVE('',#8183,#8193,#8135,.T.);
#8215=EDGE_CURVE('',#8189,#8193,#8152,.T.);
#8217=EDGE_CURVE('',#8189,#8187,#8140,.T.);
#8219=EDGE_CURVE('',#8187,#8191,#8144,.T.);
#8232=EDGE_CURVE('',#8183,#8181,#8156,.T.);
#8234=EDGE_CURVE('',#8189,#8181,#8169,.T.);
#8244=EDGE_CURVE('',#8180,#8181,#8161,.T.);
#8248=EDGE_CURVE('',#8180,#8185,#8173,.T.);
#8259=EDGE_CURVE('',#8180,#8187,#8165,.T.);
#8281=(LENGTH_UNIT()NAMED_UNIT(*)SI_UNIT(.MILLI.,.METRE.));
#8283=(NAMED_UNIT(*)PLANE_ANGLE_UNIT()SI_UNIT($,.RADIAN.));
#8286=(NAMED_UNIT(*)SI_UNIT($,.STERADIAN.)SOLID_ANGLE_UNIT());
#8289=ADVANCED_BREP_SHAPE_REPRESENTATION('',(#8280),#8288);
#8296=PRODUCT_DEFINITION('design','',#8295,#8292);
#8297=PRODUCT_DEFINITION_SHAPE('','SHAPE FOR SP1312.',#8296);
#8298=SHAPE_DEFINITION_REPRESENTATION(#8297,#8289);
ENDSEC;
END-ISO-10303-21;
